pool	block	ident	line	budget	record	text
0x1c767903	0x0	0x65	0	55	0	That area is not part of the mission.
0x1c767903	0x70	0x69	0	55	0	That's outside the scope of this mission.
0x1c767903	0xe0	0x67	0	55	0	Stay focused on the mission, Snake.
0x1c767903	0x150	0x65	0	55	0	Focus! You're on a mission.
0x1c767903	0x1c0	0x5e	0	39	0	Hey, nothing over there.
0x1c767903	0x220	0x82	0	87	0	You won't get up there alone.\\nWith some help, maybe...
0x1c767903	0x2b0	0x91	0	103	0	You could probably climb that if you\\nhad someone to lend you a hand.
0x1c767903	0x350	0x88	0	87	0	Hmm, that's too tall to climb.\\nIf only you had some equipment...
0x1c767903	0x3e0	0x8e	0	87	0	If you had something to stand on,\\nyou could probably reach that...
0x1c767903	0x470	0x84	0	87	0	If you work as a pair, you should be able to climb small cliffs together.
0x1c767903	0x500	0x6c	0	55	0	It'd take two people to\\nget through there.
0x1c767903	0x570	0x7c	0	71	0	You've gotta wait for backup\\nbefore going any farther.
0x1c767903	0x5f0	0x47	0	23	0	Awwright!
0x1c767903	0x640	0x45	0	23	0	Niiice!
0x1c767903	0x690	0x71	0	71	0	Fulton Recovery to helicopter is complete.
0x1c767903	0x710	0x7a	0	71	0	Fulton Recovery subject confirmed onboard helicopter.
0x1c767903	0x790	0x4f	0	23	0	What a haul!
0x1c767903	0x7e0	0x64	0	55	0	Great! You did it again!
0x1c767903	0x850	0x46	0	23	0	Amazing!
0x1c767903	0x8a0	0xb9	0	46	0	The chopper's almost full!
0x1c767903	0x8a0	0xb9	1	68	0	You won't be able to use the Fulton much longer.
0x1c767903	0x960	0xc3	0	52	0	The Fulton recovery chopper's full.
0x1c767903	0x960	0xc3	1	77	0	We'll have to suspend recoveries until it gets back to base.
0x1c767903	0xa30	0xc3	0	57	0	The chopper's bursting at the seams!
0x1c767903	0xa30	0xc3	1	72	0	No more Fulton recoveries until it returns to base.
0x1c767903	0xb00	0xe6	0	92	0	That last Fulton recovery of yours is still twirling around below the chopper
0x1c767903	0xb00	0xe6	1	70	0	- there's no more room. Lay off the recoveries for now.
0x1c767903	0xbf0	0xc4	0	55	0	Mother Base is already jam-packed.
0x1c767903	0xbf0	0xc4	1	75	0	Lay off the Fulton recoveries until there's more room.
0x1c767903	0xcc0	0x107	0	56	0	Mother Base is practically overflowing.
0x1c767903	0xcc0	0x107	1	81	0	Until some of these people leave, further Fulton recoveries are-
0x1c767903	0xcc0	0x107	2	35	0	hey, stop pushing!
0x1c767903	0xdd0	0xff	0	50	0	No more Fulton recoveries for now.
0x1c767903	0xdd0	0xff	1	66	0	Mother Base is so packed, it's standing room only.
0x1c767903	0xdd0	0xff	2	39	0	Damn it! Man overboard!
0x1c767903	0xed0	0xe9	0	74	0	To use Fulton recovery on a downed soldier,
0x1c767903	0xed0	0xe9	1	88	0	get up next to them so the icon appears and push <I=ACT>.
0x1c767903	0xfc0	0xd8	0	87	0	To use the Fulton recovery system on an incapacitated soldier,
0x1c767903	0xfc0	0xd8	1	59	0	get next to him and press <I=ACT>.
0x1c767903	0x10a0	0xaf	0	58	0	We're not seeing any large weapons in that area.
0x1c767903	0x10a0	0xaf	1	39	0	No point in using the EM Net.
0x1c767903	0x1150	0x8d	0	87	0	The EM Net is useless unless you're in the vicinity of a large-scale weapon.
0x1c767903	0x11e0	0x7d	0	71	0	Too big, Snake. Not even the EM Net can pick that thing up.
0x1c767903	0x1260	0x71	0	71	0	The EM Net won't work on flying targets.
0x1c767903	0x12e0	0x5e	0	39	0	The Net's already active, Snake.
0x1c767903	0x1340	0x91	0	103	0	Mother Base is full. We can't take on any more large-scale weapons.
0x1c767903	0x13e0	0xc1	0	56	0	Mother Base is at full capacity.
0x1c767903	0x13e0	0xc1	1	74	0	We can't accommodate any more large-scale weapons.
0x1c767903	0x14b0	0xf5	0	35	0	We just got a report
0x1c767903	0x14b0	0xf5	1	78	0	that an enemy soldier managed to hang on to the Fulton chopper.
0x1c767903	0x14b0	0xf5	2	43	0	What's going on down there?!
0x1c767903	0x15b0	0xbf	0	56	0	The chopper got snagged by another one.
0x1c767903	0x15b0	0xbf	1	58	0	Weird... Wonder how that keeps happening.
0x1c767903	0x1670	0x9a	0	28	0	Wh... Again?!
0x1c767903	0x1670	0x9a	1	53	0	Another enemy got hold of the chopper!
0x1c767903	0x1710	0xb9	0	63	0	They've okayed the request for supporting fire.
0x1c767903	0x1710	0xb9	1	50	0	It should commence any second now.
0x1c767903	0x17d0	0xa6	0	71	0	They're about to commence the requested supporting fire.
0x1c767903	0x17d0	0xa6	1	26	0	Stay clear.
0x1c767903	0x1880	0x76	0	71	0	We can't fire these things at the drop of a hat.
0x1c767903	0x1900	0x5e	0	39	0	Try again later.
0x1c767903	0x1960	0x60	0	39	0	We need time to reload.
0x1c767903	0x19c0	0x58	0	39	0	You'll have to wait a bit.
0x1c767903	0x1a20	0x76	0	71	0	You're asking for the impossible - we need some time!
0x1c767903	0x1aa0	0xb7	0	52	0	They've okayed the request for support.
0x1c767903	0x1aa0	0xb7	1	61	0	They're sending out a cardboard box as we speak.
0x1c767903	0x1b60	0xa4	0	60	0	They've okayed your request for a cardboard box.
0x1c767903	0x1b60	0xa4	1	38	0	It'll be sent out shortly.
0x1c767903	0x1c10	0x8e	0	87	0	There're too many barriers in the way. We can't support you there.
0x1c767903	0x1ca0	0xba	0	58	0	No support available in that location!
0x1c767903	0x1ca0	0xba	1	55	0	Get to a place with fewer barriers!
0x1c767903	0x1d60	0xef	0	91	0	If you need more ammo or items, send us a support request
0x1c767903	0x1d60	0xef	1	70	0	by dropping a support supply marker.
0x1c767903	0x1e50	0x8c	0	87	0	Do you have enough ammo and items? Send us a support request!
0x1c767903	0x1ee0	0xb8	0	49	0	Use a Support Supply Marker
0x1c767903	0x1ee0	0xb8	1	65	0	to indicate the drop zone for the supplies.
0x1c767903	0x1fa0	0x8e	0	87	0	Mother Base support strike preparations are complete!
0x1c767903	0x2030	0x82	0	87	0	Use a Support Strike Marker to indicate the target!
0x1c767903	0x20c0	0x77	0	71	0	We're out of room to store AI weapons parts.
0x1c767903	0x2140	0x80	0	71	0	Sorry, but you're gonna have to forget about capturing that thing.
0x1c767903	0x21c0	0x84	0	87	0	Not enough room, huh? We'll keep it here at the base.
0x1c767903	0x2250	0xac	0	40	0	You haven't got a chance now.
0x1c767903	0x2250	0xac	1	58	0	You need to pull back and stock up on supplies!
0x1c767903	0x2300	0xec	0	86	0	You don't have any supply markers. Are you gonna have enough ammo?
0x1c767903	0x2300	0xec	1	75	0	Maybe you should pull back and reorganize things first?
0x1c767903	0x23f0	0xd1	0	67	0	We're all out of supplies ourselves right now.
0x1c767903	0x23f0	0xd1	1	79	0	Why don't you come back and get Mother Base back in order?
0x1c767903	0x24d0	0x71	0	71	0	They heard you. They're gonna come take a look.
0x1c767903	0x2550	0x8a	0	87	0	They know someone's there. They'll be coming to check it out.
0x1c767903	0x25e0	0x5f	0	39	0	They've spotted you! Get out of there!
0x1c767903	0x2640	0xbb	0	46	0	You've been spotted. Run for it!
0x1c767903	0x2640	0xbb	1	68	0	It's either that or take out every last enemy solider!
0x1c767903	0x2700	0x8a	0	87	0	The enemy's called for backup! You're can't beat them all!
0x1c767903	0x2790	0xc0	0	60	0	The reinforcements are just going to keep on coming.
0x1c767903	0x2790	0xc0	1	54	0	Forget about fighting - focus on getting away.
0x1c767903	0x2850	0x89	0	87	0	Lie low long enough, and you won't have to fight at all!
0x1c767903	0x28e0	0x86	0	87	0	Stay out of sight until the enemy gives up and stops looking.
0x1c767903	0x2970	0xcf	0	80	0	Looks like they're not getting backup. If this is all they've got,
0x1c767903	0x2970	0xcf	1	50	0	you might be able to take them on...
0x1c767903	0x2a40	0xaf	0	35	0	You've been spotted!
0x1c767903	0x2a40	0xaf	1	63	0	Take 'em out before they can call their friends!
0x1c767903	0x2af0	0x9c	0	33	0	Take that guy out,
0x1c767903	0x2af0	0x9c	1	48	0	before more of 'em get called in!
0x1c767903	0x2b90	0xbd	0	49	0	Take out the enemies close to you
0x1c767903	0x2b90	0xbd	1	65	0	and you might buy yourself enough time to escape.
0x1c767903	0x2c50	0x5e	0	39	0	You are not safe there! Hurry!
0x1c767903	0x2cb0	0x70	0	55	0	If you cannot run, you'll have to fight!
0x1c767903	0x2d20	0x56	0	39	0	Quick, hide!
0x1c767903	0x2d80	0x57	0	39	0	You can get through this!
0x1c767903	0x2de0	0x58	0	39	0	Better hide, and fast!
0x1c767903	0x2e40	0x60	0	39	0	Just try to get away for now!
0x1c767903	0x2ea0	0x70	0	55	0	Hurry, Snake! Find a place to hide!
0x1c767903	0x2f10	0x6d	0	55	0	Don't fight them! Remember her sacrifice!
0x1c767903	0x2f80	0x64	0	55	0	Quick! Find somewhere to hide!
0x1c767903	0x2ff0	0x79	0	71	0	Is there no way to avoid a firefight?!
0x1c767903	0x3070	0x5d	0	39	0	Hide Snake, quick!
0x1c767903	0x30d0	0x5c	0	39	0	Please, Snake! Get out of there!
0x1c767903	0x3130	0xbd	0	36	0	Good, you shook 'em.
0x1c767903	0x3130	0xbd	1	77	0	They're still looking, though\\n- don't make it easy for them.
0x1c767903	0x31f0	0xab	0	68	0	You've lost them,\\nbut they're still on the hunt.
0x1c767903	0x31f0	0xab	1	30	0	Stay sharp.
0x1c767903	0x32a0	0x6b	0	55	0	You have to shake them. Hide!
0x1c767903	0x3310	0x61	0	55	0	They're still looking for you. Silencio!
0x1c767903	0x3380	0x77	0	14	0	Phew,
0x1c767903	0x3380	0x77	1	36	0	looks like you shook 'em...
0x1c767903	0x3400	0x61	0	55	0	Don't relax just yet, eh?
0x1c767903	0x3470	0x66	0	55	0	Well done. You should be able to get away.
0x1c767903	0x34e0	0x62	0	55	0	Try not to be seen again.
0x1c767903	0x3550	0x5f	0	39	0	You've got it made! Almost there.
0x1c767903	0x35b0	0x66	0	55	0	Do whatever it takes to shake 'em!
0x1c767903	0x3620	0x63	0	55	0	Keep running! You're almost clear!
0x1c767903	0x3690	0x5f	0	39	0	Find somewhere safe, Snake.
0x1c767903	0x36f0	0xc6	0	95	0	They've called off the search, but\\nsecurity has definitely been tightened.
0x1c767903	0x36f0	0xc6	1	34	0	Tread lightly.
0x1c767903	0x37c0	0xc7	0	94	0	The search is off, but you're still\\ndealing with heightened security.
0x1c767903	0x37c0	0xc7	1	35	0	Be careful.
0x1c767903	0x3890	0x97	0	32	0	Better be careful.
0x1c767903	0x3890	0x97	1	50	0	The enemy's still searching for you.
0x1c767903	0x3930	0x66	0	55	0	Try and throw them off your trail!
0x1c767903	0x39a0	0x7f	0	71	0	No use, Boss. Security's too tight.
0x1c767903	0x3a20	0x92	0	103	0	There's no way you can charge\\nin now. Shake those guys first.
0x1c767903	0x3ac0	0xe4	0	78	0	You can't move on if the enemy knows where you are!
0x1c767903	0x3ac0	0xe4	1	83	0	Lie low for a while and wait for them to lift the alert.
0x1c767903	0x3bb0	0xad	0	43	0	To move into Snake Formation,
0x1c767903	0x3bb0	0xad	1	55	0	press <I=ACT> while next to your partner.
0x1c767903	0x3c60	0xab	0	55	0	Press <I=ACT> when next to your partner
0x1c767903	0x3c60	0xab	1	42	0	to assume Snake Formation.
0x1c767903	0x3d10	0x81	0	87	0	Okay, looks like you've got Snake Formation down pat.
0x1c767903	0x3da0	0x73	0	71	0	Why are you firing on friendlies, Snake?!
0x1c767903	0x3e20	0x98	0	28	0	C'mon, Snake!
0x1c767903	0x3e20	0x98	1	53	0	You're shooting your own team members!
0x1c767903	0x3ec0	0x8d	0	37	0	What's your problem, soldier?!
0x1c767903	0x3ec0	0x8d	1	28	0	Those are friendlies!
0x1c767903	0x3f50	0x94	0	28	0	You idiot!
0x1c767903	0x3f50	0x94	1	54	0	Stop shooting your own team members!
0x1c767903	0x3ff0	0x90	0	87	0	Your partner's down! Quick,\\nuse CPR - bring him back!
0x1c767903	0x4080	0x70	0	55	0	You have to go help him!\\nThere's still time!
0x1c767903	0x40f0	0x7a	0	71	0	Tap <I=ACT> repeatedly to recover faster.
0x1c767903	0x4170	0xa9	0	42	0	Your teammate needs help!
0x1c767903	0x4170	0xa9	1	55	0	Quick, tap <I=ACT> as fast as you can!
0x1c767903	0x4220	0x6d	0	55	0	Someone's on their way to help you now! Hold tight!
0x1c767903	0x4290	0x7a	0	71	0	Don't give up on me! Help's on the way. Hang in there!
0x1c767903	0x4310	0x65	0	55	0	Hurry and give them CPR!
0x1c767903	0x4380	0x76	0	71	0	One of your compas is dying! Help 'em!
0x1c767903	0x4400	0x8f	0	87	0	Your teammate needs first aid! It's not too late to save them with CPR!
0x1c767903	0x4490	0x85	0	87	0	Try giving them CPR. You might be able to save their lives.
0x1c767903	0x4520	0x5c	0	39	0	Please, you have to help them!
0x1c767903	0x4580	0xc4	0	59	0	To communicate with your teammates,
0x1c767903	0x4580	0xc4	1	71	0	use the CO-OPS Comms option in the menu window.
0x1c767903	0x4650	0x104	0	64	0	You can also assign this function to whatever
0x1c767903	0x4650	0x104	1	67	0	button you want by going to CONTROLLER SETTINGS.
0x1c767903	0x4650	0x104	2	42	0	and choosing "OPTIONS."
0x1c767903	0x4760	0xc8	0	72	0	CO-OPS Comms lets you communicate with your teammates
0x1c767903	0x4760	0xc8	1	58	0	without alerting the people around you.
0x1c767903	0x4830	0xcb	0	57	0	To communicate with your teammates,
0x1c767903	0x4830	0xcb	1	72	0	push the <I=COOPS_COMMS> to activate CO-OPS Comms.
0x1c767903	0x4900	0xd0	0	83	0	If you're out of rations, try lying down and resting for a while.
0x1c767903	0x4900	0xd0	1	46	0	Find someplace safe, though.
0x1c767903	0x49d0	0x8d	0	87	0	Keep rations equipped to automatically recover LIFE when it reaches zero.
0x1c767903	0x4a60	0xca	0	69	0	Heal often so that your LIFE never gets too low.
0x1c767903	0x4a60	0xca	1	60	0	It's a good idea to keep rations handy.
0x1c767903	0x4b30	0x88	0	87	0	Heal frequently. It's all over if your LIFE runs out.
0x1c767903	0x4bc0	0x83	0	87	0	You must be hungry, I'm sure. Why don't you eat some rations?
0x1c767903	0x4c50	0x6a	0	55	0	You wanna die or what?! Eat some rations!
0x1c767903	0x4cc0	0x6f	0	55	0	Use a ration! You're almost out of LIFE!
0x1c767903	0x4d30	0x70	0	55	0	Look at your LIFE! Use a ration!
0x1c767903	0x4da0	0xae	0	34	0	Look at your LIFE gauge!
0x1c767903	0x4da0	0xae	1	63	0	Is this really the time to be chatting on the radio?!
0x1c767903	0x4e50	0xba	0	49	0	Even if you do not have rations,
0x1c767903	0x4e50	0xba	1	64	0	you can recover LIFE by lying down for a while.
0x1c767903	0x4f10	0xc3	0	68	0	Staying focused is a matter of life and death.
0x1c767903	0x4f10	0xc3	1	61	0	That means taking a break now and then.
0x1c767903	0x4fe0	0xf0	0	83	0	Snake, I don't have to remind you how dangerous combat is.
0x1c767903	0x4fe0	0xf0	1	79	0	You can't stay focused unless you rest once in awhile.
0x1c767903	0x50d0	0x7e	0	71	0	Take a break now and then. That's an order, soldier!
0x1c767903	0x5150	0x68	0	55	0	Is it not about time for a break?
0x1c767903	0x51c0	0xfe	0	81	0	If there's anything you want to know, just give me a call on the radio.
0x1c767903	0x51c0	0xfe	1	30	0	Open the menu window
0x1c767903	0x51c0	0xfe	2	44	0	then choose the Radio CALL option.
0x1c767903	0x52c0	0x6a	0	55	0	This is Miller. Hearing you loud and clear.
0x1c767903	0x5330	0xba	0	72	0	Press <I=ATK> near the enemy \\nto initiate close-quarters combat.
0x1c767903	0x5330	0xba	1	41	0	to initiate close-quarters combat.
0x1c767903	0x53f0	0x80	0	71	0	To reload, aim your weapon and press <I=RELOAD>.
0x1c767903	0x5470	0x7e	0	71	0	Aim your weapon and press <I=RELOAD> to reload it.
0x1c767903	0x54f0	0xab	0	47	0	You can use <I=RELOAD> to reload
0x1c767903	0x54f0	0xab	1	50	0	even when there's no icon onscreen.
0x1c767903	0x55a0	0x84	0	87	0	You can't use weapons while you're on your belly.
0x1c767903	0x5630	0xb3	0	57	0	You won't have to worry about that one anymore.
0x1c767903	0x5630	0xb3	1	57	0	So long as none of his buddies show up, anyway.
0x1c767903	0x56f0	0x8c	0	87	0	Go ahead and use Fulton recovery to bring the target in.
0x1c767903	0x5780	0x5e	0	39	0	Careful, the enemy's nearby.
0x1c767903	0x57e0	0x6f	0	55	0	Looks like they haven't caught on to you yet.
0x1c767903	0x5850	0x63	0	55	0	Now's your chance to put 'em to sleep.
0x1c767903	0x58c0	0x7d	0	71	0	To pick up a Claymore, approach it from behind.
0x1c767903	0x5940	0x72	0	71	0	Push <I=ACT> to pick up a Claymore!
0x1c767903	0x59c0	0x82	0	87	0	Be careful, if you bump into an enemy, the box comes off.
0x1c767903	0x5a50	0x84	0	87	0	You can use your weapons to attack even when you're in the box.
0x1c767903	0x5ae0	0x78	0	71	0	You, uh, really think the enemy's gonna fall for that?
0x1c767903	0x5b60	0x77	0	71	0	I wonder what that box was used for?
0x1c767903	0x5be0	0x6f	0	55	0	A cardboard box, huh? Pretty neat trick.
0x1c767903	0x5c50	0x57	0	39	0	Aha, a clever move...
0x1c767903	0x5cb0	0x60	0	39	0	What on earth are you doing?
0x1c767903	0x5d10	0x60	0	39	0	Uh, you like being in tight spaces?
0x1c767903	0x5d70	0x78	0	71	0	What, may I ask, are you doing in there...?
0x1c767903	0x5df0	0xdc	0	79	0	The guy in back can use <I=AIM> to control the turret.
0x1c767903	0x5df0	0xdc	1	67	0	Aim at a target and press <I=ATK> to fire.
0x1c767903	0x5ed0	0x67	0	55	0	You're... actually going to use that?
0x1c767903	0x5f40	0x88	0	87	0	Ha ha ha... now there is a tank that looks a bit more environmentally-friendly.
0x1c767903	0x5fd0	0x5e	0	39	0	A cardboard tank? Cool!
0x1c767903	0x6030	0x75	0	71	0	Yes, perhaps idiocy is the best deterrent...
0x1c767903	0x60b0	0x62	0	55	0	Is that some sort of game you're playing?
0x1c767903	0x6120	0xa9	0	71	0	A tank that walks on its own legs instead of treads...
0x1c767903	0x6120	0xa9	1	27	0	I like it!
0x1c767903	0x61d0	0x129	0	51	0	Back in the time of the Crusades,
0x1c767903	0x61d0	0x129	1	96	0	members of the order of Assassins used what is called the Assassin's Straw Box
0x1c767903	0x61d0	0x129	2	57	0	to hide and get close to their enemies.
0x1c767903	0x6300	0x9a	0	38	0	There's some straw below you.
0x1c767903	0x6300	0x9a	1	43	0	You can dive into it with <I=ACT>.
0x1c767903	0x63a0	0x88	0	87	0	You can fit up to two people inside an Assassin's Straw Box.
0x1c767903	0x6430	0x56	0	39	0	Drag 'em inside the box!
0x1c767903	0x6490	0x60	0	39	0	Now THAT'S how an assassin operates...!
0x1c767903	0x64f0	0xc7	0	53	0	You're carrying too much stuff.
0x1c767903	0x64f0	0xc7	1	77	0	You gotta drop something before you pick up a new item.
0x1c767903	0x65c0	0xb0	0	70	0	Open the item window, choose the item you want to drop,
0x1c767903	0x65c0	0xb0	1	28	0	then DROP it.
0x1c767903	0x6670	0x62	0	55	0	Please! Try to spare them if you can.
0x1c767903	0x66e0	0x64	0	55	0	You're going to... kill those people?
0x1c767903	0x6750	0x7f	0	71	0	They may be the enemy, but they are still human beings.
0x1c767903	0x67d0	0x53	0	39	0	You've killed them...
0x1c767903	0x6830	0x65	0	55	0	So this is a warrior's fate...
0x1c767903	0x68a0	0x54	0	39	0	You killed them?
0x1c767903	0x6900	0x5a	0	39	0	You do not have to kill them...
0x1c767903	0x6960	0x5a	0	39	0	Did you really have to kill them?
0x1c767903	0x69c0	0x65	0	55	0	Is that your only way to protect yourself?
0x1c767903	0x6a30	0x72	0	71	0	I suppose you'll say it's self-defense, right?
0x1c767903	0x6ab0	0xa2	0	61	0	Just because they are the enemy, does not mean that...
0x1c767903	0x6ab0	0xa2	1	37	0	That is taking things too far!
0x1c767903	0x6b60	0x7b	0	71	0	I'm finding it hard to believe that you were ever her disciple...
0x1c767903	0x6be0	0x70	0	55	0	You barbarian! Do you really enjoy killing that much?
0x1c767903	0x6c50	0x85	0	87	0	They may be the enemy, but... I cannot believe you...
0x1c767903	0x6ce0	0x68	0	55	0	All those people...they had families...
0x1c767903	0x6d50	0x59	0	39	0	Please... No more killing...
0x1c767903	0x6db0	0xcc	0	51	0	When you're up against a wall,
0x1c767903	0x6db0	0xcc	1	79	0	press <I=ATK> to tap on it and get\\nthe enemy's attention.
0x1c767903	0x6e80	0xcc	0	51	0	When you're up against a wall,
0x1c767903	0x6e80	0xcc	1	79	0	press <I=ATK> to tap on it and get\\nthe enemy's attention.
0x1c767903	0x6f50	0xcd	0	51	0	When you're up against a wall,
0x1c767903	0x6f50	0xcd	1	78	0	press <I=ATK> to tap on it and get the enemy's attention.
0x1c767903	0x7020	0xd3	0	55	0	When you're up against a wall,
0x1c767903	0x7020	0xd3	1	90	0	press <I=KNOCK_WALL> to tap on it and get the\\nenemy's attention.
0x1c767903	0x7100	0xdb	0	69	0	To neutralize an enemy, put him to sleep, knock him out,
0x1c767903	0x7100	0xdb	1	76	0	or leave him in a near-death state - whatever floats your boat.
0x1c767903	0x71e0	0x87	0	87	0	Stay out of the water. That's beyond\\nthe scope of this operation.
0x1c767903	0x7270	0x7f	0	71	0	Bad idea, Snake. Your gear's going to get wet.
0x1c767903	0x72f0	0x6b	0	55	0	If you want to go swimming, do it some other time.
0x1c767903	0x7360	0x69	0	55	0	You want to go for a swim? Now? Ugh...
0x1c767903	0x73d0	0x6e	0	55	0	Why don't you save the swimming for another time?
0x1c767903	0x7440	0xcd	0	57	0	Snipers will get a bead on you from a distance.
0x1c767903	0x7440	0xcd	1	73	0	Just because you can't see them doesn't mean they're not there.
0x1c767903	0x7510	0xbc	0	54	0	Keep your eyes peeled for snipers.
0x1c767903	0x7510	0xbc	1	60	0	A good one can hit you from a mile away.
0x1c767903	0x75d0	0xc6	0	71	0	Rockets can travel a long way to their target.
0x1c767903	0x75d0	0xc6	1	58	0	Never assume you're out of range.
0x1c767903	0x76a0	0xcb	0	47	0	Watch out for faraway enemies, too.
0x1c767903	0x76a0	0xcb	1	83	0	If they've got a rocket launcher, they'll start firing from a distance.
0x1c767903	0x7770	0x56	0	39	0	They've got rocket launchers!
0x1c767903	0x77d0	0x58	0	39	0	Watch out for those rockets!
0x1c767903	0x7830	0x7b	0	71	0	Take out the guys with rocket launchers first!
0x1c767903	0x78b0	0xb5	0	80	0	The guys with helmets will not go down with a single headshot.
0x1c767903	0x78b0	0xb5	1	33	0	Watch yourself.
0x1c767903	0x7970	0x6a	0	55	0	Ah! Taking some fashion cues from me, eh?
0x1c767903	0x79e0	0x51	0	39	0	Nice uniform, Snake.
0x1c767903	0x7a40	0xb2	0	43	0	Sorry about the smell.
0x1c767903	0x7a40	0xb2	1	71	0	I lent you a dirty uniform instead of a clean one.
0x1c767903	0x7b00	0x63	0	55	0	It's like looking in a mirror...
0x1c767903	0x7b70	0x7b	0	71	0	Just don't go causing any trouble while you're dressed like me.
0x1c767903	0x7bf0	0x5b	0	39	0	Hey, same as me!
0x1c767903	0x7c50	0xae	0	39	0	If you're going to dress like me,
0x1c767903	0x7c50	0xae	1	59	0	keep in mind you'll have to live up to my reputation.
0x1c767903	0x7d00	0xe7	0	30	0	What do you think?
0x1c767903	0x7d00	0xe7	1	58	0	Easy to move around in that uniform, isn't it?
0x1c767903	0x7d00	0xe7	2	52	0	It's helped keep me alive all this time.
0x1c767903	0x7df0	0x74	0	71	0	Make sure you wash that before you give it back.
0x1c767903	0x7e70	0x5b	0	39	0	Amanda? No, it can't be.
0x1c767903	0x7ed0	0x54	0	39	0	Whoa! Look out, ladies!
0x1c767903	0x7f30	0x9a	0	36	0	A bandanna with a tuxedo?
0x1c767903	0x7f30	0x9a	1	46	0	..OK, if it's that important to ya.
0x1c767903	0x7fd0	0xe5	0	50	0	That's no way for a lady to dress.
0x1c767903	0x7fd0	0xe5	1	50	0	But if you need a date to a party,
0x1c767903	0x7fd0	0xe5	2	39	0	I'd be happy to oblige.
0x1c767903	0x80c0	0x6c	0	55	0	Oh, my... Are you going to invite me out to dinner?
0x1c767903	0x8130	0x5f	0	39	0	Whoa, what are you all dressed up for?
0x1c767903	0x8190	0x7b	0	71	0	Whoa you look like body guard! Who are you working for?
0x1c767903	0x8210	0x68	0	55	0	What are you dressed like that for?
0x1c767903	0x8280	0xa7	0	32	0	Have you lost your mind?
0x1c767903	0x8280	0xa7	1	65	0	What kind of guerilla goes around in something like that?
0x1c767903	0x8330	0x89	0	87	0	What an irrational choice of clothes. If only she could see you now...
0x1c767903	0x83c0	0x60	0	39	0	That's a rather...extravagant look.
0x1c767903	0x8420	0x87	0	87	0	What are you wearing there... is that... wait... is this some kind of joke?
0x1c767903	0x84b0	0xa6	0	46	0	Hey, that looks good on you.
0x1c767903	0x84b0	0xa6	1	51	0	Maybe if I wore one, she would...
0x1c767903	0x8560	0x9a	0	39	0	You know, that's not a bad look.
0x1c767903	0x8560	0x9a	1	43	0	I think it's classy even on a woman.
0x1c767903	0x8600	0x51	0	39	0	Looking good, Snake...
0x1c767903	0x8660	0x87	0	87	0	Very classy. We should throw a party once this is all over.
0x1c767903	0x86f0	0xaf	0	48	0	What the... Snake, you're our commander.
0x1c767903	0x86f0	0xaf	1	49	0	The least you could do is dress like one.
0x1c767903	0x87a0	0xcf	0	33	0	In case you're wondering,
0x1c767903	0x87a0	0xcf	1	37	0	no, you CAN'T take those off.
0x1c767903	0x87a0	0xcf	2	38	0	So don't even think about it!!
0x1c767903	0x8870	0xc2	0	77	0	OK, I'm sorry. I'll quit teasing you about your code name.
0x1c767903	0x8870	0xc2	1	53	0	Just put some clothes on! PLEASE!!
0x1c767903	0x8940	0xba	0	56	0	Fine. You want me to strip down, too?!
0x1c767903	0x8940	0xba	1	57	0	There! How'dya like THAT!! Huh? Happy?!
0x1c767903	0x8a00	0x9f	0	37	0	All right! No more uniforms!
0x1c767903	0x8a00	0x9f	1	44	0	From now on, we're all going NAKED!
0x1c767903	0x8aa0	0x75	0	71	0	Uh, you know, that's...actually kind of a good look for you.
0x1c767903	0x8b20	0xb7	0	52	0	Will you please not dress in a way
0x1c767903	0x8b20	0xb7	1	61	0	that makes MSF look like a bunch of freaks?
0x1c767903	0x8be0	0xd8	0	70	0	You trying to say something, soldier? OK, I get it.
0x1c767903	0x8be0	0xd8	1	75	0	Next time I get drunk, I'll keep my pants on, all right?
0x1c767903	0x8cc0	0x97	0	24	0	You're a woman.
0x1c767903	0x8cc0	0x97	1	58	0	Shouldn't you be taking better care of your skin?
0x1c767903	0x8d60	0x9d	0	46	0	The mosquitoes are going to love you.
0x1c767903	0x8d60	0x9d	1	36	0	Do you WANT to get malaria?
0x1c767903	0x8e00	0x7e	0	10	0	Ooh,
0x1c767903	0x8e00	0x7e	1	39	0	let me wrap my arms around you...
0x1c767903	0x8e80	0x66	0	13	0	Ooh,
0x1c767903	0x8e80	0x66	1	21	0	sooo sexy...
0x1c767903	0x8ef0	0x4c	0	23	0	Such big muscles...
0x1c767903	0x8f40	0x7f	0	71	0	If I keep training, one day I'll look like that too.
0x1c767903	0x8fc0	0x78	0	71	0	Hey, hey, hey! What are you doing? Are you teasing me?
0x1c767903	0x9040	0xa2	0	119	0	Not to be rude, but naked men are not my cup of tea. Would you mind...?
0x1c767903	0x90f0	0x6c	0	55	0	You know, you don't have to stop there...
0x1c767903	0x9160	0xa4	0	40	0	Mmm, I like the way you think.
0x1c767903	0x9160	0xa4	1	57	0	Perhaps you'd care to join me in my room later?
0x1c767903	0x9210	0x8e	0	87	0	Such a beautiful body...be sure to bring it back in one piece.
0x1c767903	0x92a0	0xc9	0	77	0	Let me guess. You're wearing our prototype stealth camo, right?
0x1c767903	0x92a0	0xc9	1	52	0	...Wait, you're not wearing ANYTHING?!
0x1c767903	0x9370	0x5d	0	39	0	Aaah! Snake! Put some clothes on!
0x1c767903	0x93d0	0x70	0	55	0	Ugh, don't tell me you're still going around like that?
0x1c767903	0x9440	0x54	0	39	0	No! I'm not looking!
0x1c767903	0x94a0	0x56	0	39	0	Aaah! Put some clothes on!
0x1c767903	0x9500	0x70	0	55	0	You should have more respect for yourself than that.
0x1c767903	0x9570	0x5e	0	39	0	You like to show it off, don't you?
0x1c767903	0x95d0	0x6b	0	55	0	Maybe I should do that again sometime.
0x1c767903	0x9640	0x53	0	39	0	Enjoying yourself?
0x1c767903	0x96a0	0x75	0	71	0	The battery's running low. It needs to be recharged.
0x1c767903	0x9720	0xb2	0	57	0	There should be a special charger for it.
0x1c767903	0x9720	0xb2	1	56	0	Have you teammates charge it up for you.
0x1c767903	0x97e0	0x6d	0	55	0	That's a special charger for a rail gun.
0x1c767903	0x9850	0x8f	0	87	0	Not much point in powering it up if you don't have anything to recharge.
0x1c767903	0x98e0	0xb3	0	58	0	To send a charge to your teammate,
0x1c767903	0x98e0	0xb3	1	55	0	use AUTO AIM to lock onto them.
0x1c767903	0x99a0	0x8a	0	87	0	Keep tapping <I=ATK> to send an electric charge.
0x1c767903	0x9a30	0x6e	0	55	0	You need to get closer to lock on.
0x1c767903	0x9aa0	0xaa	0	55	0	Increasing the charge level on the rail gun
0x1c767903	0x9aa0	0xaa	1	42	0	makes it vastly more powerful.
0x1c767903	0x9b50	0x62	0	55	0	That's....not what that thing is for.
0x1c767903	0x9bc0	0x79	0	71	0	What are you gonna do by yourself with a big rubber band?
0x1c767903	0x9c40	0x73	0	71	0	That doesn't look like much of a shield to me.
0x1c767903	0x9cc0	0x89	0	87	0	Everybody needs to be CO-OP In to use the Human Slingshot!
0x1c767903	0x9d50	0xad	0	58	0	Everybody except the guy who's being launched
0x1c767903	0x9d50	0xad	1	39	0	needs to equip their part!
0x1c767903	0x9e00	0x73	0	71	0	When you see the formation icon, press <I=ACT>!
0x1c767903	0x9e80	0xbd	0	55	0	You can use <I=MOVE> to rotate it around.
0x1c767903	0x9e80	0xbd	1	59	0	Work with your teammate to aim at the target.
0x1c767903	0x9f40	0xbd	0	55	0	You can use <I=MOVE> to rotate it around.
0x1c767903	0x9f40	0xbd	1	59	0	Work with your teammate to aim at the target.
0x1c767903	0xa000	0xe0	0	63	0	Pull on the rubber band by rapidly tapping <I=ATK>!
0x1c767903	0xa000	0xe0	1	83	0	The bar at the bottom of the screen shows how much you've stretched it.
0x1c767903	0xa0e0	0xae	0	40	0	YOU are the human bullet!
0x1c767903	0xa0e0	0xae	1	58	0	Use <I=CAMERA> to adjust your launch angle!
0x1c767903	0xa190	0xae	0	40	0	YOU are the human bullet!
0x1c767903	0xa190	0xae	1	58	0	Use <I=CAMERA> to adjust your launch angle!
0x1c767903	0xa240	0xae	0	40	0	YOU are the human bullet!
0x1c767903	0xa240	0xae	1	58	0	Use <I=CAMERA> to adjust your launch angle!
0x1c767903	0xa2f0	0x11e	0	64	0	When the rubber band's stretched far enough back,
0x1c767903	0xa2f0	0x11e	1	37	0	hit <I=ATK> to launch!
0x1c767903	0xa2f0	0x11e	2	86	0	The bar at the bottom of the screen shows how much it's been stretched.
0x1c767903	0xa410	0x76	0	71	0	Make way for the flying human deterrent!!
0x1c767903	0xa490	0x68	0	55	0	Bullseye!! I salute you, sir!!
0x1c767903	0xa500	0xb5	0	62	0	Damn, missed it... Fear not, brave warrior,
0x1c767903	0xa500	0xb5	1	51	0	you will not have died in vain!!
0x1c767903	0xa5c0	0xb5	0	62	0	Damn, missed it... Fear not, brave warrior,
0x1c767903	0xa5c0	0xb5	1	51	0	you will not have died in vain!!
0x1c767903	0xa680	0x73	0	71	0	You'll break formation if you let go of <I=AIM>.
0x1c767903	0xa700	0x88	0	87	0	The stealth gun's beam lets you turn a teammate invisible.
0x1c767903	0xa790	0x8f	0	87	0	Too bad you can't point it at yourself, though. It's too big for that.
0x1c767903	0xa820	0xc6	0	87	0	If you think you're about to die, use a ration or a recovery item.
0x1c767903	0xa820	0xc6	1	42	0	Can't be too careful.
0x1c767903	0xa8f0	0xd8	0	67	0	Keep a ration or another recovery item equipped
0x1c767903	0xa8f0	0xd8	1	79	0	and you'll use it automatically if your LIFE drops to zero.
0x1c767903	0xa9d0	0x111	0	64	0	All your hard work means nothing if you die.
0x1c767903	0xa9d0	0x111	1	54	0	So avoid combat whenever possible,
0x1c767903	0xa9d0	0x111	2	71	0	and get to your destination without being detected.
0x1c767903	0xaaf0	0xf8	0	81	0	If you do end up having to fight, CQC can be your best friend.
0x1c767903	0xaaf0	0xf8	1	97	0	But keep in mind you can only use it when equipping a handgun or the stun rod.
0x1c767903	0xabf0	0x165	0	60	0	If you score a hit with a tranquilizer weapon,
0x1c767903	0xabf0	0x165	1	62	0	the drug will eventually put the enemy to sleep.
0x1c767903	0xabf0	0x165	2	78	0	So one way to get past an enemy is to shoot them from a distance
0x1c767903	0xabf0	0x165	3	45	0	and then wait for them to drop.
0x1c767903	0xad60	0x95	0	103	0	If you're finding it tough to aim your weapon, try turning AUTO AIM on.
0x1c767903	0xae00	0x61	0	55	0	Push the <I=AUTOAIM> to turn it on.
0x1c767903	0xae70	0x74	0	71	0	Open the menu, and turn it on under OPTIONS.
0x1c767903	0xaef0	0x55	0	39	0	We're counting on you Boss.
0x1c767903	0xaf50	0x5f	0	39	0	Our future is in your hands!
0x1c767903	0xafb0	0x5f	0	39	0	I'm counting on you. The Boss is, too.
0x1c767903	0xb010	0x8b	0	87	0	Let me worry about Mother Base. You go do your thing out there.
0x1c767903	0xb0a0	0x77	0	71	0	I know it's not easy, but I have faith in you.
0x1c767903	0xb120	0x62	0	55	0	You're doing great, Snake! Peace!
0x1c767903	0xb190	0x66	0	55	0	Snake, help us reclaim peace.
0x1c767903	0xb200	0x55	0	39	0	I believe in you, Snake...
0x1c767903	0xb260	0x79	0	71	0	I wish there were something I could do... Be strong, Snake.
0x1c767903	0xb2e0	0x97	0	103	0	Some view, huh? It's nice to stop and enjoy the scenery every now and then.
0x1c767903	0xb380	0x15e	0	78	0	Are you familiar with leafcutter ants, Snake? They help mushrooms grow.
0x1c767903	0xb380	0x15e	1	34	0	We have them in Costa Rica.
0x1c767903	0xb380	0x15e	2	57	0	The mushrooms provide the ants with spores to eat,
0x1c767903	0xb380	0x15e	3	60	0	and in exchange the ants protect them from predators.
0x1c767903	0xb4e0	0x56	0	39	0	Kind of like us, huh?
0x1c767903	0xb540	0x70	0	55	0	That's not why I brought it up...
0x1c767903	0xb5b0	0x4f	0	23	0	Head north.
0x1c767903	0xb600	0x4f	0	23	0	Head west.
0x1c767903	0xb650	0x4e	0	23	0	Head east.
0x1c767903	0xb6a0	0x4f	0	23	0	Head south.
0x1c767903	0xb6f0	0x64	0	55	0	Super Co-Op Weapon, Railgun.
0x1c767903	0xb760	0x74	0	71	0	Ultimate Co-Op Weapon, Electromagnetic Wave Gun.
0x1c767903	0xb7e0	0x7e	0	29	0	Ultimate Co-Op Weapon...
0x1c767903	0xb7e0	0x7e	1	21	0	Human Slingshot.
0x1c767903	0xb860	0x79	0	71	0	Super Co-Op Recovery Weapon! Electromagnetic Net!
0x1c767903	0xb8e0	0x73	0	71	0	Super Recovery Weapon! Electromagnetic Net!
0x1c767903	0xb960	0x64	0	55	0	Super Co-Op Weapon, Railgun.
0x1c767903	0xb9d0	0x74	0	71	0	Ultimate Co-Op Weapon, Electromagnetic Wave Gun.
0x1c767903	0xba50	0x80	0	30	0	Ultimate Combined Weapon...
0x1c767903	0xba50	0x80	1	19	0	Human Slingshot.
0x1c767903	0xbad0	0x79	0	71	0	Super Co-Op Recovery Weapon! Electromagnetic Net!
0x1c767903	0xbb50	0x73	0	71	0	Super Recovery Weapon! Electromagnetic Net!
0x1c0fb1c9	0x0	0x85	0	87	0	OK, you're done with that area. Head for the goal.
0x1c0fb1c9	0x90	0x78	0	71	0	Head for the recovery zone. We'll pick you up there.
0x1c0fb1c9	0x110	0x8e	0	87	0	I see you completed your mission. Now hurry to the recovery point.
0x1c0fb1c9	0x1a0	0xa7	0	64	0	Now you just have to make it to the goal point...
0x1c0fb1c9	0x1a0	0xa7	1	34	0	Keep your guard up.
0x1c0fb1c9	0x250	0x6f	0	55	0	Now simply make your way to the recovery zone.
0x1c0fb1c9	0x2c0	0x80	0	71	0	Stay out of sight 'til they've called off\\nthe alert.
0x1c0fb1c9	0x340	0xdb	0	69	0	To neutralize an enemy, put him to sleep, knock him out,
0x1c0fb1c9	0x340	0xdb	1	76	0	or leave him in a near-death state - whatever floats your boat.
0x1c0fb1c9	0x420	0x9c	0	103	0	Still can't find them? Have you tried using a night vision device?
0x1c0fb1c9	0x4c0	0x4f	0	23	0	Bravo! Nice work!
0x1c0fb1c9	0x510	0x64	0	55	0	Now that's what I'm talkin' about! Amazing!
0x1c0fb1c9	0x580	0x5a	0	39	0	That's the way! Keep it up!
0x1c0fb1c9	0x5e0	0x7e	0	71	0	Mission complete! The folks back at Mother Base will be thrilled.
0x1c0fb1c9	0x660	0x5f	0	39	0	You did it! Keep it up!
0x1c0fb1c9	0x6c0	0x77	0	71	0	I knew you could do it. Piece of cake, right?
0x1c0fb1c9	0x740	0x5e	0	39	0	Mission complete! Great job.
0x1c0fb1c9	0x7a0	0x63	0	55	0	Good job! Return to base.
0x1c0fb1c9	0x810	0x8f	0	87	0	Hey, that was great! Can't wait to see what else you can do.
0x1c0fb1c9	0x8a0	0x66	0	55	0	Hello! Come in! Can you hear me?
0x1c0fb1c9	0x910	0x6a	0	55	0	I don't like this... Be careful.
0x1c0fb1c9	0x980	0x5d	0	39	0	What the hell's going on out there?!
0x1c0fb1c9	0xa20	0x59	0	39	0	Come in! Do you copy?
0x1c0fb1c9	0xa80	0x87	0	87	0	Be careful, if my info is correct, you're right next to a...!
0x1c0fb1c9	0xb10	0x65	0	55	0	Oh man, there's something out there!
0x1c0fb1c9	0xb80	0x4b	0	23	0	This is The End.
0x1c0fb1c9	0xbd0	0x61	0	55	0	What's wrong?! I'm right here!
0x1c0fb1c9	0xc40	0x80	0	20	0	I will find you!
0x1c0fb1c9	0xc40	0x80	1	29	0	There's no place to hide.
0x1c0fb1c9	0xcc0	0x65	0	55	0	I can feel it! I can feel your presence!
0x1c0fb1c9	0xd30	0x6e	0	55	0	I am the forest and I am watching over you.
0x1c0fb1c9	0xda0	0x5a	0	39	0	What's up? An enemy?
0x1c0fb1c9	0xe00	0x7c	0	71	0	You see anything? A UMA, maybe?!
0x1c0fb1c9	0xe80	0x7a	0	71	0	You did well. They'll finally be able to rest in peace!
0x1c0fb1c9	0xf00	0xb0	0	35	0	That went well.
0x1c0fb1c9	0xf00	0xb0	1	62	0	Now come on back before you get possessed.
0x1c0fb1c9	0xfb0	0x83	0	87	0	Looks like the wandering spirits heard you somehow.
0x1c0fb1c9	0x1040	0x84	0	20	0	Good job.
0x1c0fb1c9	0x1040	0x84	1	46	0	Rest in peace, wandering spirits...
0x1c0fb1c9	0x10d0	0x9b	0	34	0	Where would a ghost hang out?
0x1c0fb1c9	0x10d0	0x9b	1	47	0	Sorry. I'm clueless at that kind of stuff.
0x1c0fb1c9	0x1170	0x68	0	55	0	Let your sixth sense guide you.
0x1c0fb1c9	0x11e0	0x7a	0	71	0	The Surround Indicator is picking up a ghostly presence.
0x1c0fb1c9	0x1260	0x77	0	71	0	Just out of curiosity...do ghosts have legs or what?
0x1c0fb1c9	0x12e0	0x63	0	55	0	You're not scared or anything...? Wow...
0x1c0fb1c9	0x1350	0x6b	0	55	0	Los fantasmas really exist after all, eh?
0x1c0fb1c9	0x13c0	0x8d	0	87	0	Hurry and get a picture of a fantasma. I'm dying to see one.
0x1c0fb1c9	0x1450	0x73	0	71	0	Wow, you got one? Hurry back!
0x1c0fb1c9	0x14d0	0x7a	0	71	0	A photo of a ghost? It's gotta be some kind of hoax.
0x1c0fb1c9	0x1550	0xd8	0	64	0	Ghosts? I have no inerest in such things.
0x1c0fb1c9	0x1550	0xd8	1	82	0	Harpies, on the other hand, I wouldn't mind encountering...
0x1c0fb1c9	0x1630	0xa3	0	46	0	There are NO such things as ghosts.
0x1c0fb1c9	0x1630	0xa3	1	51	0	Like they'd really show up in a photo...
0x1c0fb1c9	0x16e0	0x6c	0	55	0	The ghost is... gone?! What'd you do?
0x1c0fb1c9	0x1750	0x94	0	103	0	It looks like those ghosts can't stray too far from the dying soldiers.
0x1c0fb1c9	0x17f0	0x7a	0	71	0	Your comrades need first aid! Give 'em CPR!
0x1c0fb1c9	0x1870	0x85	0	87	0	Your fellow MSF members need your help! Give them CPR!
0x1c0fb1c9	0x1900	0x91	0	51	0	Don't just stand there, save them!
0x1c0fb1c9	0x1900	0x91	1	31	0	Give them CPR!
0x1c0fb1c9	0x19a0	0xbe	0	55	0	The ghost was sucked into that soldier's body...?
0x1c0fb1c9	0x19a0	0xbe	1	59	0	Whoa! You think that's what brought him back to life?
0x1c0fb1c9	0x1a60	0xba	0	48	0	So saving the soldier's life
0x1c0fb1c9	0x1a60	0xba	1	66	0	caused his spirit to reunite with his body...?
0x1c0fb1c9	0x1b20	0x85	0	87	0	Damn it, the ghost's been set loose! It's coming after you! RUN!
0x1c0fb1c9	0x1bb0	0xb1	0	48	0	Whoa, this is freaky!
0x1c0fb1c9	0x1bb0	0xb1	1	66	0	What'd you do to make the ghost so mad?
0x1c0fb1c9	0x1c70	0xa0	0	103	0	Night vision devices are good for locating prisoners in the dark. Hurry!
0x1c0fb1c9	0x1d10	0x72	0	71	0	To the cell on the double! Your buddy needs you!
0x1c0fb1c9	0x1d90	0x7e	0	71	0	Your friend's moving fast! Hang in there until he gets there!
0x1c0fb1c9	0x1e10	0x7b	0	71	0	Hurry up - your pal's stamina won't hold out much longer!
0x1c0fb1c9	0x1e90	0x88	0	87	0	Time's up. We... We weren't able to save him. Return to base.
0x1c0fb1c9	0x1f20	0xa7	0	63	0	Never mind, it's too late. Your buddy... He's dead.
0x1c0fb1c9	0x1f20	0xa7	1	35	0	The mission has failed.
0x1c0fb1c9	0x1fd0	0xc1	0	83	0	Look for an enemy soldier who's not acting like the others.
0x1c0fb1c9	0x1fd0	0xc1	1	47	0	That'll be your target.
0x1c0fb1c9	0x20a0	0x69	0	55	0	The one that's acting weird. Got it?
0x1c0fb1c9	0x2110	0x73	0	71	0	Stop the enemy in their tracks! Don't let them through!
0x1c0fb1c9	0x2190	0x5e	0	39	0	Please make it in time...
0x1c0fb1c9	0x21f0	0xd8	0	40	0	It doesn't matter where he's from,
0x1c0fb1c9	0x21f0	0xd8	1	54	0	we cannot allow prisoner abuse to go unanswered.
0x1c0fb1c9	0x21f0	0xd8	2	29	0	You have to rescue him.
0x1c0fb1c9	0x22d0	0xb5	0	86	0	Leaving prisoners out in the open like that smells like a trap to me.
0x1c0fb1c9	0x22d0	0xb5	1	28	0	Be careful.
0x1c0fb1c9	0x2390	0x61	0	55	0	There's no time! Hurry!
0x1c0fb1c9	0x2400	0x6b	0	55	0	Those guys need your help. Get a move on!
0x1c0fb1c9	0x2470	0x7c	0	71	0	Something weird about that soldier, don't you think?
0x1c0fb1c9	0x24f0	0x72	0	71	0	Do whatever it takes to help those prisoners.
0x1c0fb1c9	0x2570	0xb9	0	57	0	That prisoner's a seasoned guerrilla fighter.
0x1c0fb1c9	0x2570	0xb9	1	56	0	Exactly the type we want to bring back here.
0x1c0fb1c9	0x2630	0x82	0	87	0	We're running out of time! If you don't hurry, they'll be...
0x1c0fb1c9	0x26c0	0x7c	0	71	0	I would have treated these prisoners with a bit more courtesy...
0x1c0fb1c9	0x2740	0x86	0	87	0	Watch it! There might be bombs planted next to those prisoners.
0x1c0fb1c9	0x27d0	0x6f	0	55	0	Your current objective is to retrieve the prisoners.
0x1c0fb1c9	0x2840	0x68	0	55	0	Please, rescue the Frente soldiers.
0x1c0fb1c9	0x28b0	0x76	0	71	0	Please, find our compas as fast as possible!
0x1c0fb1c9	0x2930	0x6a	0	55	0	Make sure you bring our compas back.
0x1c0fb1c9	0x29a0	0x87	0	87	0	Please, do whatever it takes to bring our compas back!
0x1c0fb1c9	0x2a30	0x76	0	71	0	Find those prisoners before it's too late!
0x1c0fb1c9	0x2ab0	0x73	0	71	0	Rescue those prisoners before they're taken away!
0x1c0fb1c9	0x2b30	0xf2	0	53	0	Look for an enemy with unusual equipment
0x1c0fb1c9	0x2b30	0xf2	1	44	0	who moves around like a rookie.
0x1c0fb1c9	0x2b30	0xf2	2	60	0	That is the one you want to bring back to base.
0x1c0fb1c9	0x2c30	0x88	0	87	0	Unlike the other soldiers, they are unarmed. Look carefully.
0x1c0fb1c9	0x2cc0	0x6f	0	55	0	Your current objective is to retrieve the researchers.
0x1c0fb1c9	0x2d30	0x7d	0	71	0	You mean you haven't found the captured researchers yet?
0x1c0fb1c9	0x2db0	0xb8	0	74	0	Hurry, secure the researchers with the Fulton recovery system
0x1c0fb1c9	0x2db0	0xb8	1	39	0	before they're taken away.
0x1c0fb1c9	0x2e70	0xb9	0	63	0	Time to stop your pursuer in his tracks.
0x1c0fb1c9	0x2e70	0xb9	1	51	0	Show him your sniper skills!
0x1c0fb1c9	0x2f30	0xbf	0	46	0	We're not leaving behind one of our own.
0x1c0fb1c9	0x2f30	0xbf	1	67	0	They risked their lives for the mission. You do what you can.
0x1c0fb1c9	0x2ff0	0xaa	0	50	0	I could use their help in the lab here.
0x1c0fb1c9	0x2ff0	0xaa	1	47	0	Please get them out of there safely.
0x1c0fb1c9	0x30a0	0x9d	0	103	0	Come on, man...! Shoot the magazine and let's get this show on the road!
0x1c0fb1c9	0x3140	0x6c	0	55	0	Reading time's over. Shoot the magazine!
0x1c0fb1c9	0x31b0	0x79	0	71	0	The target agent is dead - mission failed. Come on back.
0x1c0fb1c9	0x3230	0x101	0	56	0	The place is crawling with bad guys.
0x1c0fb1c9	0x3230	0x101	1	57	0	You can't afford to sneak around them
0x1c0fb1c9	0x3230	0x101	2	59	0	- get in there and just start shooting!
0x1c0fb1c9	0x3340	0x99	0	103	0	That's not gonna cut it - you're way off. Watch your aim!
0x1c0fb1c9	0x33e0	0x7c	0	71	0	Great! Now take those items to the designated location.
0x1c0fb1c9	0x3460	0x8b	0	87	0	Looks like you've the items. Take them to the designated location.
0x1c0fb1c9	0x34f0	0x7e	0	71	0	Not so fast. You haven't finished collecting everything, have you?
0x1c0fb1c9	0x3570	0x74	0	71	0	You're not done collecting targets yet!
0x1c0fb1c9	0x35f0	0x67	0	55	0	You are still not finished with the recovery!
0x1c0fb1c9	0x3660	0x70	0	55	0	You're not finished yet! You have to get everything!
0x1c0fb1c9	0x36d0	0xa9	0	38	0	Are you calling it quits already?
0x1c0fb1c9	0x36d0	0xa9	1	59	0	Finish your mission - collect the rest of the targets!
0x1c0fb1c9	0x3780	0xa7	0	67	0	One of the soldiers may know the location of the target.
0x1c0fb1c9	0x3780	0xa7	1	30	0	Go interrogate 'em.
0x1c0fb1c9	0x3830	0x94	0	103	0	To interrogate someone, grab them with CQC and press <I=INTERROGATE>.
0x1c0fb1c9	0x38d0	0x94	0	103	0	To interrogate someone, grab them with CQC and press <I=INTERROGATE>.
0x1c0fb1c9	0x3970	0xb8	0	48	0	Take down enemies carrying documents.
0x1c0fb1c9	0x3970	0xb8	1	66	0	Otherwise, you'll never get your hands on those papers.
0x1c0fb1c9	0x3a30	0x75	0	71	0	Documents, huh? I wonder where they could be.
0x1c0fb1c9	0x3ab0	0x80	0	71	0	The key to any treasure hunt is persistence!
0x1c0fb1c9	0x3b30	0xb1	0	75	0	Important documents... Gee, I wonder what those could be.
0x1c0fb1c9	0x3b30	0xb1	1	38	0	Love letters, maybe?
0x1c0fb1c9	0x3bf0	0xaf	0	77	0	There are documents in here that could be crucial to our research.
0x1c0fb1c9	0x3bf0	0xaf	1	21	0	Find them.
0x1c0fb1c9	0x3ca0	0xb3	0	77	0	Stay out of the enemy's sight as you recover those supplies.
0x1c0fb1c9	0x3ca0	0xb3	1	36	0	And don't get lost!
0x1c0fb1c9	0x3d60	0x69	0	55	0	Your objective right now is to gather items.
0x1c0fb1c9	0x3dd0	0x51	0	39	0	That's three to go.
0x1c0fb1c9	0x3e30	0x45	0	23	0	Two more.
0x1c0fb1c9	0x3e80	0x4c	0	23	0	Only one left!
0x1c0fb1c9	0x3ed0	0x6d	0	55	0	Keep going till you've got all the items!
0x1c0fb1c9	0x3f40	0x7c	0	71	0	Get the items and return them safely to base.
0x1c0fb1c9	0x3fc0	0x6f	0	55	0	Destroy all enemy supplies with your C4!
0x1c0fb1c9	0x4030	0x65	0	55	0	Destroy the targets with C4 explosives.
0x1c0fb1c9	0x40a0	0x72	0	71	0	Blow up the enemy's supplies with some C4!
0x1c0fb1c9	0x4120	0xc6	0	75	0	Gather up all the Boss's equipment. And hurry!
0x1c0fb1c9	0x4120	0xc6	1	54	0	We gotta get to him ASAP!
0x1c0fb1c9	0x41f0	0xb5	0	66	0	More of the Boss's equipment is still out there.
0x1c0fb1c9	0x41f0	0xb5	1	47	0	Make sure you recover it all.
0x1c0fb1c9	0x42b0	0xa4	0	48	0	That's everything you're looking for.
0x1c0fb1c9	0x42b0	0xa4	1	49	0	Now catch up with us back at the base!
0x1c0fb1c9	0x4360	0x85	0	87	0	Well done. Now we can focus on rescuing the Boss!
0x1c0fb1c9	0x43f0	0x7e	0	71	0	Hit the targets as fast and as accurately as you can.
0x1c0fb1c9	0x4470	0xb9	0	63	0	I don't suppose targets are going to fire back,
0x1c0fb1c9	0x4470	0xb9	1	51	0	but still, watch what you're doing.
0x1c0fb1c9	0x4530	0x6e	0	55	0	At least you get a break from the badguys...
0x1c0fb1c9	0x45a0	0x5a	0	39	0	Doing some target practice, huh?
0x1c0fb1c9	0x4600	0x63	0	55	0	Careful where you shoot, OK?
0x1c0fb1c9	0x4670	0xb3	0	67	0	You should crouch when you shoot whenever you can.
0x1c0fb1c9	0x4670	0xb3	1	46	0	Your aim will be more stable.
0x1c0fb1c9	0x4730	0x6d	0	55	0	This is a target shoot. Don't miss now.
0x1c0fb1c9	0x47a0	0x8d	0	87	0	Shoot the target. Your final objective is to seize those supplies, got it?
0x1c0fb1c9	0x4830	0xbb	0	89	0	The soldier with the supplies you're after looks different from the others.
0x1c0fb1c9	0x4830	0xbb	1	25	0	Stay sharp.
0x1c0fb1c9	0x48f0	0x8a	0	87	0	It's just like identifying birds in the field. Home in on the details.
0x1c0fb1c9	0x4980	0x7d	0	71	0	Nice! Now we've got to recover those supplies - hurry!
0x1c0fb1c9	0x4a00	0x68	0	55	0	Yes! Now get over to the goal!
0x1c0fb1c9	0x4a70	0x65	0	55	0	First take care of all the targets.
0x1c0fb1c9	0x4ae0	0x90	0	87	0	Shoot carefully. Are you... really going to kill people from here on out?
0x1c0fb1c9	0x4b70	0x6b	0	55	0	Great sniping! Now get his items.
0x1c0fb1c9	0x4be0	0xa1	0	26	0	Good job.
0x1c0fb1c9	0x4be0	0xa1	1	71	0	Now you just have to go get the item they left behind.
0x1c0fb1c9	0x4c90	0x6a	0	55	0	Whatever you do, do not hit any agents.
0x1c0fb1c9	0x4d00	0x159	0	14	0	Hey Snake,
0x1c0fb1c9	0x4d00	0x159	1	103	0	did you know, the "Yan" in "Pooyan" means something like "Mister" in the Osaka dialect of Japanese?
0x1c0fb1c9	0x4d00	0x159	2	70	0	You stick it on the end of people's names. So you'd be "Snay-yan."
0x1c0fb1c9	0x4d00	0x159	3	42	0	You can call me "Kaz-yan" if you want.
0x1c0fb1c9	0x4e60	0x74	0	71	0	Suddenly... I have a craving for pork...
0x1c0fb1c9	0x4ee0	0x50	0	23	0	Relax, relax...
0x1c0fb1c9	0x4f30	0x56	0	39	0	Remember to breathe.
0x1c0fb1c9	0x4f90	0x77	0	71	0	Use your brain, Snake. You can figure this out.
0x1c0fb1c9	0x5010	0x81	0	87	0	Stay calm, and aim carefully. That's the only advice I have.
0x1c0fb1c9	0x50a0	0xbc	0	68	0	You can't win just by shooting people at random.
0x1c0fb1c9	0x50a0	0xbc	1	46	0	You need to use your head.
0x1c0fb1c9	0x5160	0x52	0	39	0	Bang! Just like that!
0x1c0fb1c9	0x51c0	0x71	0	71	0	Think logically. The solution will come to you.
0x1c0fb1c9	0x5240	0xb7	0	61	0	Your brain is the only weapon you have left.
0x1c0fb1c9	0x5240	0xb7	1	52	0	Do whatever it takes to keep going.
0x1c0fb1c9	0x5300	0xcb	0	65	0	You must not attack the enemy. It will not be easy,
0x1c0fb1c9	0x5300	0xcb	1	64	0	but steps like this are part of the road to peace.
0x1c0fb1c9	0x53d0	0x67	0	55	0	See if you can't resolve this peacefully.
0x1c0fb1c9	0x5440	0x95	0	103	0	If you make sure they don't see you, you can avoid conflict altogether.
0x1c0fb1c9	0x54e0	0x87	0	87	0	You cannot allow yourself to be seen. Try to become one with nature.
0x1c0fb1c9	0x5570	0xb0	0	46	0	Combat is to be avoided at all costs.
0x1c0fb1c9	0x5570	0xb0	1	51	0	Leave no trace of yourself as you proceed.
0x1c0fb1c9	0x5620	0x4b	0	23	0	Ooh, nice shot!
0x1c0fb1c9	0x5670	0xb9	0	74	0	Mmm, that's some fine photography! I'm thinking Pulitzer...
0x1c0fb1c9	0x5670	0xb9	1	40	0	OK, maybe not, but still.
0x1c0fb1c9	0x5730	0x7f	0	71	0	Get a photo of the enemy commander while he's out scouting.
0x1c0fb1c9	0x57b0	0x6d	0	55	0	If anyone spots you, it's game over.
0x1c0fb1c9	0x5820	0x139	0	66	0	This guy's performance rating will plummet
0x1c0fb1c9	0x5820	0x139	1	67	0	if we release a photo of him looking bored.
0x1c0fb1c9	0x5820	0x139	2	86	0	This is psychological warfare, got it? Just don't tip him off.
0x1c0fb1c9	0x5960	0x8e	0	87	0	Ha, there's one for the scrapbook. Let's get that developed - hurry on back.
0x1c0fb1c9	0x59f0	0x88	0	87	0	What are you trying to take a picture of? That's just wasting film.
0x1c0fb1c9	0x5a80	0x104	0	29	0	No Good,
0x1c0fb1c9	0x5a80	0x104	1	91	0	we need a complete shot of the subject without any objects in the way.
0x1c0fb1c9	0x5a80	0x104	2	52	0	And make it as big as possible.
0x1c0fb1c9	0x5b90	0xa5	0	73	0	Looks like that commander's got plenty of time on his hands...
0x1c0fb1c9	0x5b90	0xa5	1	24	0	Must be nice.
0x1c0fb1c9	0x5c40	0xac	0	30	0	A comandante in el Frente
0x1c0fb1c9	0x5c40	0xac	1	68	0	would never have the time on his hands for something like that.
0x1c0fb1c9	0x5cf0	0xb5	0	61	0	Must be nice, having all that free time to...
0x1c0fb1c9	0x5cf0	0xb5	1	53	0	oh, I wasn't talking about you, Boss!
0x1c0fb1c9	0x5db0	0x79	0	71	0	The prisoner got spooked and ran. After him!
0x1c0fb1c9	0x5e30	0xaf	0	51	0	Those boxes contain important supplies.
0x1c0fb1c9	0x5e30	0xaf	1	46	0	Make sure nothing happens to them!
0x1c0fb1c9	0x5ee0	0x5f	0	39	0	Come on! Protect those boxes!
0x1c0fb1c9	0x5f40	0x60	0	39	0	Destroy all the trucks with your C4!
0x1c0fb1c9	0x5fa0	0xbf	0	59	0	You should be able to see the road from the bridge.
0x1c0fb1c9	0x5fa0	0xbf	1	54	0	Destroy the truck that's driving up that road.
0x1c0fb1c9	0x6060	0x64	0	55	0	Those drums might come in handy...
0x1c0fb1c9	0x60d0	0x6c	0	55	0	Too late, it's gone... Mission failed...
0x1c0fb1c9	0x6140	0x6d	0	55	0	Use C4 to blow up the truck.
0x1c0fb1c9	0x61b0	0x52	0	39	0	Take out that truck!
0x1c0fb1c9	0x6210	0x60	0	39	0	Keep shooting down those tiny UFOs!
0x1c0fb1c9	0x6270	0x7d	0	71	0	Get control of all the enemies by holding them up!
0x1c0fb1c9	0x62f0	0x89	0	87	0	Hold up all enemies! If you're discovered the mission's over.
0x1c0fb1c9	0x6380	0xe0	0	75	0	No one's stupid enough to tempt fate and step on a banana.
0x1c0fb1c9	0x6380	0xe0	1	70	0	I wouldn't bother trying to place them on the ground.
0x1c0fb1c9	0x6460	0x71	0	71	0	Isn't a banana just a tasty snack?
0x1c0fb1c9	0x64e0	0xa5	0	75	0	Pesticides from banana plantations could be killing off Macaws,
0x1c0fb1c9	0x64e0	0xa5	1	23	0	you know...
0x1c0fb1c9	0x6590	0xac	0	56	0	Your objective is to hold up all enemies.
0x1c0fb1c9	0x6590	0xac	1	41	0	Please, don't hurt anyone.
0x1c0fb1c9	0x6640	0x7e	0	71	0	Your objective this time is to hold-up all enemies.
0x1c0fb1c9	0x66c0	0xb9	0	54	0	Don't be reckless and fire off your gun.
0x1c0fb1c9	0x66c0	0xb9	1	60	0	Your objective is to hold all the soldiers up.
0x1c0fb1c9	0x6780	0xc6	0	50	0	You can't just hide there forever.
0x1c0fb1c9	0x6780	0xc6	1	79	0	Look for opportunities to slip by, and head for the goal point.
0x1c0fb1c9	0x6850	0x6c	0	55	0	The enemy's out there looking for you. Use caution.
0x1c0fb1c9	0x68c0	0x6f	0	55	0	Do not let the enemy find out where you are!
0x1c0fb1c9	0x6930	0x64	0	55	0	Listen to the trees and the mountains...
0x1c0fb1c9	0x69a0	0xc1	0	64	0	I know it's tough to find those snipers,
0x1c0fb1c9	0x69a0	0xc1	1	66	0	but keep at it...we need them neutralized.
0x1c0fb1c9	0x6a70	0x60	0	39	0	I'm sweating it, too, Boss...
0x1c0fb1c9	0x6ad0	0xc3	0	90	0	All you need to do is take out the soldiers sitting in the gun turrets.
0x1c0fb1c9	0x6ad0	0xc3	1	40	0	I know you can do it.
0x1c0fb1c9	0x6ba0	0xa7	0	50	0	The only soldiers you need to take down
0x1c0fb1c9	0x6ba0	0xa7	1	48	0	are the ones manning the gun turrets.
0x1c0fb1c9	0x6c50	0x5b	0	39	0	Neutralize all enemies!
0x1c0fb1c9	0x6cb0	0xb5	0	53	0	Stop the enemy reinforcements!
0x1c0fb1c9	0x6cb0	0xb5	1	60	0	Don't let them get in the Boss's way!
0x1c0fb1c9	0x6d70	0x7f	0	71	0	Protect the Boss! Don't let any more enemies get to him!
0x1c0fb1c9	0x6df0	0x49	0	23	0	Venceremos!
0x1c0fb1c9	0x6e40	0x56	0	39	0	Keep our Boss safe!
0x1c0fb1c9	0x6ea0	0x66	0	55	0	Please, we need Boss to stop it...
0x1c0fb1c9	0x6f10	0x80	0	71	0	It is do or die now! It's all up to you!
0x1c0fb1c9	0x6f90	0x57	0	39	0	You doing all right in there?!
0x1c0fb1c9	0x6ff0	0x4e	0	23	0	Keep it up...!
0x1c0fb1c9	0x7040	0x4f	0	23	0	We almost got 'em!
0x1c0fb1c9	0x7090	0x71	0	71	0	Mission complete. See you back at Mother Base.
0x1c0fb1c9	0x7110	0x69	0	55	0	Mission accomplished! Returning to base!
0x1c0fb1c9	0x7180	0x67	0	55	0	That should do it. Nice work, people!
0x1c0fb1c9	0x71f0	0x76	0	71	0	Objective complete. Returning to base. Everybody, pull out!
0x1c0fb1c9	0x7270	0x69	0	55	0	Mission accomplished. Everybody still with me?
0x1c0fb1c9	0x72e0	0x65	0	55	0	Neutralize all enemy attackers!
0x1c0fb1c9	0x7350	0x5f	0	39	0	You have to protect that area!
0x1c0fb1c9	0x73b0	0x66	0	55	0	Make sure you protect that area!
0x1c0fb1c9	0x7420	0x8e	0	87	0	Neutralize all enemy soldiers. Keep them alive if you can.
0x1c0fb1c9	0x74b0	0x8e	0	87	0	Defend your point long enough and the enemy should eventually give up.
0x1c0fb1c9	0x7540	0x6b	0	55	0	The enemy's taken over one of the bases.
0x1c0fb1c9	0x75b0	0x67	0	55	0	Get it back ASAP!
0x1c0fb1c9	0x7620	0xe0	0	62	0	To use Fulton recovery on a soldier,
0x1c0fb1c9	0x7620	0xe0	1	83	0	get up next to them so the icon appears and push <I=ACT>.
0x1c0fb1c9	0x7700	0x8a	0	87	0	Use Fulton recovery to bring back knocked-out soldiers.
0x1c0fb1c9	0x7790	0x97	0	103	0	Your objective is to retrieve the unconscious soldier via Fulton recovery.
0x1c0fb1c9	0x7830	0xbd	0	63	0	Hurry up and send those knocked out soldiers back here.
0x1c0fb1c9	0x7830	0xbd	1	51	0	Don't mess around or they're gonna wake up.
0x1c0fb1c9	0x78f0	0x78	0	71	0	Retrieve those soldiers while they're still unconscious.
0x1c0fb1c9	0x7970	0xc5	0	75	0	You need to use Fulton recovery on all the soldiers.
0x1c0fb1c9	0x7970	0xc5	1	54	0	Be careful not to kill anybody.
0x1c0fb1c9	0x7a40	0xb7	0	61	0	Neutralize all the soldiers without killing them
0x1c0fb1c9	0x7a40	0xb7	1	53	0	and then use the Fulton recovery system.
0x1c0fb1c9	0x7b00	0x66	0	55	0	Looks like that soldier's out cold.
0x1c0fb1c9	0x7b70	0x7a	0	71	0	Try using Fulton recovery on 'em.
0x1c0fb1c9	0x7bf0	0x91	0	103	0	You can't send a soldier with Fulton recovery after he wakes up.
0x1c0fb1c9	0x7c90	0xb5	0	53	0	If you do not hurry they will wake up.
0x1c0fb1c9	0x7c90	0xb5	1	61	0	The sooner you can whisk them away the better.
0x1c0fb1c9	0x7d50	0x77	0	71	0	Defend Mother Base! Shoot those missiles down!
0x1c0fb1c9	0x7dd0	0x7f	0	71	0	Shoot down all incoming missiles! Everyone is counting on you!
0x1c0fb1c9	0x7e50	0xa6	0	64	0	We're going to lose Mother Base unless we do something!
0x1c0fb1c9	0x7e50	0xa6	1	33	0	Shoot the missiles down!
0x1c0fb1c9	0x7f00	0x5e	0	39	0	Neutralize all the thieves!
0x1c0fb1c9	0x7f60	0x90	0	87	0	You have to stop them! We can't let them take what's ours!
0x1c0fb1c9	0x7ff0	0x72	0	71	0	Hey, he took something from you! Go get it back!
0x1c0fb1c9	0x8070	0xb1	0	58	0	Try and send some of the good ones
0x1c0fb1c9	0x8070	0xb1	1	56	0	back to us with Fulton recovery.
0x1c0fb1c9	0x8130	0x63	0	55	0	There's still more of them! Hang in there!
0x1c0fb1c9	0x81a0	0xba	0	86	0	As time goes on, they'll start sending better and better soldiers after you.
0x1c0fb1c9	0x81a0	0xba	1	28	0	Stay on your toes.
0x1c0fb1c9	0x8260	0x7c	0	71	0	Swarm tactics, eh... Not exactly logical, but effective.
0x1c0fb1c9	0x82e0	0x54	0	39	0	Find Zadornov, Snake.
0x1c0fb1c9	0x8340	0x51	0	39	0	Where's Zadornov?
0x1c0fb1c9	0x83a0	0xb2	0	46	0	Check any out-of-the-way spots.
0x1c0fb1c9	0x83a0	0xb2	1	67	0	I have a sneaking suspicion Zadornov's around there.
0x1c0fb1c9	0x8460	0x96	0	103	0	There's only so many places to hide. Search every nook and cranny.
0x1c0fb1c9	0x8500	0x9a	0	103	0	Where the hell'd Zadornov go this time? I'm sick of him and his "walks"!
0x1c0fb1c9	0x85a0	0xcf	0	65	0	Thoroughly search every possible hiding spot.
0x1c0fb1c9	0x85a0	0xcf	1	65	0	We're dealing with a real escape artist here.
0x1c0fb1c9	0x8670	0x77	0	71	0	Does this guy have a Houdini complex or what?
0x1c0fb1c9	0x86f0	0x7f	0	71	0	Good God, the man could swim his way out of Alcatraz.
0x1c0fb1c9	0x8770	0x69	0	55	0	Search every inch of that area.
0x1c0fb1c9	0x87e0	0x7b	0	71	0	I've got a feeling about that area... Keep looking.
0x1c0fb1c9	0x8860	0x7f	0	71	0	If Zadornov's anywhere, it's gotta be there, don't you think?
0x1c0fb1c9	0x88e0	0x7e	0	71	0	Zadornov's nearby! I can smell him!
0x1c0fb1c9	0x8960	0x6e	0	55	0	I have a feeling he's around here somewhere.
0x1c0fb1c9	0x89d0	0x78	0	71	0	Zadornov should be somewhere in that area. Find him.
0x1c0fb1c9	0x8a50	0x67	0	55	0	Zadornov is there. No doubt about it.
0x1c0fb1c9	0x8ac0	0x8c	0	87	0	Find Zadornov and bring him back here with Fulton recovery.
0x1c0fb1c9	0x8b50	0x94	0	103	0	Once you've found Zadornov, send him back here with the Fulton.
0x1c0fb1c9	0x8bf0	0x6c	0	55	0	Find him! Leave no stone unturned!
0x1c0fb1c9	0x8c60	0xc6	0	76	0	Rrrhh! You find that ugly Russian and bring his butt back here!
0x1c0fb1c9	0x8c60	0xc6	1	54	0	I can't believe he tricked Paz like that.
0x1c0fb1c9	0x8d30	0x7f	0	71	0	You should have disposed of him when you had the chance.
0x1c0fb1c9	0x8db0	0x69	0	55	0	Bet you he's looking for adventure, too.
0x1c0fb1c9	0x8e20	0x77	0	71	0	Oh, Snake? Sorry, I'm a little busy right now.
0x1c0fb1c9	0x8ea0	0x89	0	87	0	Any areas you haven't checked yet? Think hard...
0x1c0fb1c9	0x8f30	0xae	0	74	0	Hey, weren't you looking for something around there a while back?
0x1c0fb1c9	0x8f30	0xae	1	23	0	What was it...
0x1c0fb1c9	0x8fe0	0xc9	0	50	0	Oh, right! The truck with the nukes.
0x1c0fb1c9	0x8fe0	0xc9	1	80	0	You were checking the backs of all the conspicuous-looking trucks.
0x1c0fb1c9	0x90b0	0x78	0	71	0	Zadornov's inside one of the trucks. I'm sure of it.
0x1c79f20b	0x0	0xd6	0	45	84	Miller here. Do you copy, Snake?
0x1c79f20b	0x0	0xd6	1	33	84	I see you've landed.
0x1c79f20b	0x0	0xd6	2	46	84	That makes one giant leap for us.
0x1c79f20b	0xe0	0x1b3	0	71	84	I'm sending this from the offshore\\nplant - our Mother Base.
0x1c79f20b	0xe0	0x1b3	1	40	84	The signal is unidirectional.
0x1c79f20b	0xe0	0x1b3	2	72	84	I'll be giving you commands and advice\\nthrough this channel.
0x1c79f20b	0xe0	0x1b3	3	67	84	Keep your headphones on at all times\\nand pay attention.
0x1c79f20b	0xe0	0x1b3	4	54	84	Also, make sure no one else\\ncan listen in.
0x1c79f20b	0x2a0	0xb4	0	57	84	Snake,\\nare you clear on the controls?
0x1c79f20b	0x2a0	0xb4	1	56	84	Take a minute to refresh your memory.
0x1c79f20b	0x360	0x61	0	55	84	Use <I=MOVE> to move.
0x1c79f20b	0x3d0	0x61	0	55	84	Use <I=MOVE> to move.
0x1c79f20b	0x440	0xd8	0	79	84	There's no one around - why not try\\nsome shooting practice?
0x1c79f20b	0x440	0xd8	1	67	84	Select a target and squeeze off\\na round or two.
0x1c79f20b	0x520	0xa6	0	56	84	How about a little shooting practice?
0x1c79f20b	0x520	0xa6	1	41	84	Try hitting a coconut.
0x1c79f20b	0x5d0	0x83	0	87	84	Oil drums, driftwood, buoys... There are\\nplenty of targets around here.
0x1c79f20b	0x660	0x89	0	87	84	That weapon won't help you put\\nthe lime in the coconut, Boss.
0x1c79f20b	0x6f0	0x84	0	87	84	The tranquilizer gun wasn't made\\nto break things.
0x1c79f20b	0x780	0x161	0	40	84	Ah, a perfect target.
0x1c79f20b	0x780	0x161	1	78	84	Looks like you won't be the first to\\nput some holes in it.
0x1c79f20b	0x780	0x161	2	44	84	Some "peaceful paradise."
0x1c79f20b	0x780	0x161	3	83	84	That means you're not alone\\nout there. The enemy could be near.
0x1c79f20b	0x8f0	0x97	0	103	84	Why not sharpen your skills here a bit...\\nbefore you bump into one of them.
0x1c79f20b	0x990	0x107	0	95	84	Using auto-aim enables you to quickly\\ndraw a bead on the target.
0x1c79f20b	0x990	0x107	1	99	84	It's not entirely reliable, though.\\nIf you want accuracy, go manual.
0x1c79f20b	0xaa0	0xe5	0	71	84	Auto-aim only works with live targets.
0x1c79f20b	0xaa0	0xe5	1	90	84	That means it won't snap to\\nsome threats, so be careful.
0x1c79f20b	0xb90	0x8f	0	87	84	The over-the-shoulder view allows you\\nto aim with a high degree of precision.
0x1c79f20b	0xc20	0xde	0	58	84	Body part targeting correction
0x1c79f20b	0xc20	0xde	1	88	84	will automatically shift your aim\\nto hit nearby body parts.
0x1c79f20b	0xd00	0x8c	0	87	84	If you want to change the aim\\nsettings, take a look under "OPTIONS."
0x1c79f20b	0xd90	0x141	0	95	84	Hitting an enemy's vital points can\\nbring them down with a single shot.
0x1c79f20b	0xd90	0x141	1	71	84	You can also intentionally avoid\\nlethal shots -
0x1c79f20b	0xd90	0x141	2	69	84	say if you just want to slow\\nthe target down.
0x1c79f20b	0xee0	0x59	0	39	84	I think you got him, Boss.
0x1c79f20b	0xf40	0x69	0	55	84	That's one tough scarecrow...
0x1c79f20b	0xfb0	0x69	0	55	84	Enough, Boss.\\nYou're wasting ammunition.
0x1c79f20b	0x1020	0x71	0	71	84	Ammo doesn't grow on trees,\\nyou know...
0x1c79f20b	0x10a0	0x70	0	55	84	Use <I=CAMERA> to adjust your view.
0x1c79f20b	0x1110	0x70	0	55	84	Use <I=CAMERA> to adjust your view.
0x1c79f20b	0x1180	0x70	0	55	84	Use <I=CAMERA> to adjust your view.
0x1c79f20b	0x11f0	0x70	0	55	84	Use <I=CAMERA> to adjust your view.
0x1c79f20b	0x1260	0xde	0	76	84	Tilt <I=MOVE> left or right while holding
0x1c79f20b	0x1260	0xde	1	70	84	<I=WEAPONWINDOW> to switch weapons.
0x1c79f20b	0x1340	0xd6	0	66	84	To select a weapon, hold <I=WEAPONWINDOW>,
0x1c79f20b	0x1340	0xd6	1	80	84	then tilt <I=MOVE> left or right to make your selection.
0x1c79f20b	0x1420	0xb6	0	41	84	To choose your weapon,
0x1c79f20b	0x1420	0xb6	1	73	84	hold <I=WEAPONWINDOW> and tilt <I=MOVE> left or right.
0x1c79f20b	0x14e0	0xd3	0	70	84	Press the left or right <I=MOVE> while
0x1c79f20b	0x14e0	0xd3	1	76	84	holding <I=WEAPONWINDOW> to switch\\nweapons.
0x1c79f20b	0x15c0	0x9d	0	43	84	Ready your weapon with <I=AIM>.
0x1c79f20b	0x15c0	0x9d	1	39	84	Then press <I=ATK> to fire.
0x1c79f20b	0x1660	0xa5	0	51	84	Ready your weapon with <I=AIM>.
0x1c79f20b	0x1660	0xa5	1	47	84	Then press <I=ATK> to fire.
0x1c79f20b	0x1710	0xbd	0	50	84	Press <I=ATK> to aim your weapon.
0x1c79f20b	0x1710	0xbd	1	63	84	To use the weapon, press <I=ATK> while aiming.
0x1c79f20b	0x17d0	0x88	0	87	84	To stop aiming your weapon, press <I=QUITAIM>.
0x1c79f20b	0x1860	0x6a	0	55	84	Use <I=AIM> to\\nready throwing weapons.
0x1c79f20b	0x18d0	0x6a	0	55	84	Use <I=AIM> to\\nready throwing weapons.
0x1c79f20b	0x1940	0x6e	0	55	84	To ready a throwing-type weapon, press <I=ATK>.
0x1c79f20b	0x19b0	0x7d	0	71	84	Once you've readied the weapon,\\nthrow with <I=ATK>.
0x1c79f20b	0x1a30	0xc6	0	58	84	When using throwing weapons,
0x1c79f20b	0x1a30	0xc6	1	72	84	hold <I=ATK> down longer to throw farther.
0x1c79f20b	0x1b00	0x7f	0	71	84	You won't throw the weapon until you let go of the button.
0x1c79f20b	0x1b80	0x7d	0	71	84	Once you've readied the weapon,\\nthrow with <I=ATK>.
0x1c79f20b	0x1c00	0xa3	0	45	84	To use a throwing weapon,
0x1c79f20b	0x1c00	0xa3	1	52	84	ready it and then press <I=ATK>.
0x1c79f20b	0x1cb0	0xed	0	82	84	To use the stun rod, first unequip\\nany other weapons.
0x1c79f20b	0x1cb0	0xed	1	79	84	Then ready it with <I=AIM> and strike with <I=ATK>.
0x1c79f20b	0x1da0	0xed	0	78	84	To use the stun rod, unequip\\nany other weapons,
0x1c79f20b	0x1da0	0xed	1	83	84	then ready it with <I=AIM> and strike\\nusing <I=ATK>.
0x1c79f20b	0x1e90	0xef	0	56	84	To use a stun rod after equipping it,
0x1c79f20b	0x1e90	0xef	1	41	84	ready it with <I=ATK>,
0x1c79f20b	0x1e90	0xef	2	44	84	then press <I=ATK> again.
0x1c79f20b	0x1f80	0xd6	0	78	84	Press the BACK button\\nto turn on auto-aim.
0x1c79f20b	0x1f80	0xd6	1	67	84	Press BACK again to turn it off.
0x1c79f20b	0x2060	0xf0	0	81	84	With auto-aim, you'll lock on to\\nenemies automatically.
0x1c79f20b	0x2060	0xf0	1	80	84	Only problem is, you can't target\\nspecific body parts.
0x1c79f20b	0x2150	0x8e	0	87	84	Auto-aim effectiveness will vary from\\nweapon to weapon.
0x1c79f20b	0x21e0	0xe4	0	79	84	The Mk. 22 tranquilizer gun can\\nput enemies to sleep.
0x1c79f20b	0x21e0	0xe4	1	83	84	The closer to the head you hit,\\nthe more effective it is.
0x1c79f20b	0x22d0	0x8e	0	87	84	Tranquilizer rounds are hard to\\ncome by. Don't waste them.
0x1c79f20b	0x2360	0x79	0	71	84	The M16's a standard assault rifle\\ncapable of rapid-fire.
0x1c79f20b	0x23e0	0x6a	0	55	84	Grenades explode.\\nYou throw them, Snake.
0x1c79f20b	0x2450	0x59	0	39	84	That's right. Nicely done, Boss.
0x1c79f20b	0x24b0	0x42	0	23	84	Perfect.
0x1c79f20b	0x2500	0x43	0	23	84	That's it.
0x1c79f20b	0x2550	0xac	0	119	84	Select equipment by tilting <I=MOVE> left\\nor right while holding <I=EQUIPWINDOW>.
0x1c79f20b	0x2600	0xd8	0	66	84	Select equipment by holding <I=EQUIPWINDOW>,
0x1c79f20b	0x2600	0xd8	1	79	84	then tilt <I=MOVE> left or\\nright to make your selection.
0x1c79f20b	0x26e0	0xcd	0	51	84	To choose an item to use,
0x1c79f20b	0x26e0	0xcd	1	79	84	hold <I=EQUIPWINDOW> and tilt <I=MOVE> left or right.
0x1c79f20b	0x27b0	0xad	0	119	84	Select equipment by pressing the left\\nor right while holding <I=EQUIPWINDOW>.
0x1c79f20b	0x2860	0x81	0	87	84	Your binoculars enable you to\\ngather recon from a distance.
0x1c79f20b	0x28f0	0x7b	0	71	84	To change your settings, open the menu.
0x1c79f20b	0x2970	0x76	0	71	84	To check your map, open the menu.
0x1c79f20b	0x29f0	0x150	0	36	84	Be careful, though.
0x1c79f20b	0x29f0	0x150	1	85	84	The bad guys won't sit around waiting\\nwhile you mess with the menu.
0x1c79f20b	0x29f0	0x150	2	47	84	No pausing in real life, Boss.
0x1c79f20b	0x29f0	0x150	3	47	84	Not even in lovely Costa Rica.
0x1c79f20b	0x2b40	0x83	0	87	84	The facility you're headed for is\\npast that fence.
0x1c79f20b	0x2bd0	0x73	0	71	84	A grenade should be able to take\\nout that gate.
0x1c79f20b	0x2c50	0x77	0	71	84	Get rid of that door and keep moving.
0x1c79f20b	0x2cd0	0x51	0	39	84	Use a grenade.
0x1c79f20b	0x2d30	0x79	0	71	84	You're gonna need a grenade to\\nget through that gate.
0x1c79f20b	0x2db0	0x97	0	103	84	Good, you'll reach the objective\\nwhen you clear the jungle. Head east.
0x1c79f20b	0x2e50	0x58	0	39	84	Head east for now.
0x1c79f20b	0x2eb0	0x4e	0	23	84	Make your way east.
0x1c79f20b	0x2f00	0x82	0	87	84	When you clear the jungle,\\nyou'll be there. Head east.
0x1c79f20b	0x2f90	0x8f	0	87	84	Snake, don't you think you could use a little more practice?
0x1c79f20b	0x3020	0x74	0	71	84	Out of ammo?\\nIs there any lying around there?
0x1c79f20b	0x30a0	0x7d	0	71	84	Take a good look around.\\nYou could find some ammo nearby.
0x1c79f20b	0x3120	0x69	0	55	84	See any grenades lying around?
0x1c79f20b	0x3190	0x72	0	71	84	The rotating boxes are items.\\nPick them up.
0x1c79f20b	0x3210	0x75	0	71	84	You see some sorta weird animal over by the pier?
0x1c79f20b	0x3290	0x7c	0	71	84	Hey, a UMA! Look! By the pier!
0x1c79f20b	0x3310	0x76	0	71	84	Man, I don't believe it! A real live UMA!
0x1c79f20b	0x3390	0x62	0	55	84	I... I'm dreaming, right?!
0x1c79f20b	0x3400	0x9b	0	103	84	Oh, he's so cute! I had no idea a creature like that lives in Costa Rica!
0x1c79f20b	0x34a0	0x77	0	71	84	Oh, my word, so darling! Bring it back with you, Snake!
0x1c79f20b	0x3520	0xc0	0	22	84	Let me handle this.
0x1c79f20b	0x3520	0xc0	1	20	84	Meow, meow, meow!
0x1c79f20b	0x3520	0xc0	2	9	84	...Hm?
0x1c79f20b	0x3520	0xc0	3	19	84	Is it not a cat?
0x1c79f20b	0x35e0	0x7b	0	71	84	There's...there's a man inside there, right? ...No?
0x1c79f20b	0x3660	0x78	0	71	84	It's...it's walking on two legs?! I gotta take notes on this...
0x1c79f20b	0x36e0	0xa4	0	34	84	What is this creature...?
0x1c79f20b	0x36e0	0xa4	1	64	84	It's completely beyond the realm of my understanding...
0x1c79f20b	0x3790	0x70	0	55	84	Cut that out! What are you going to do now?
0x1c79f20b	0x3800	0x61	0	55	84	What a terrible thing to do to a lady!
0x1c79f20b	0x3870	0x71	0	71	84	Snake! What do you think you're doing to Paz?!
0x1c79f20b	0x38f0	0x7f	0	71	84	What, may I ask, is your reason for doing such a thing to her?
0x1c79f20b	0x3970	0x6b	0	55	84	What are you planning to do to her?!
0x1c79f20b	0x39e0	0x6b	0	55	84	What exactly do you plan on doing, Boss?
0x1c79f20b	0x3a50	0x79	0	71	84	I guess a little fun and games never hurt anyone.
0x1c79f20b	0x3ad0	0x70	0	55	84	What exactly do you plan to do with Monsieur Miller...?
0x1c79f20b	0x3b40	0x5f	0	39	84	I thought Miller was your friend!
0x1c79f20b	0x3ba0	0x107	0	69	84	What you two choose to do with your time is up to you,
0x1c79f20b	0x3ba0	0x107	1	37	84	but I am not impressed
0x1c79f20b	0x3ba0	0x107	2	67	84	with knocking someone out to take advantage of them.
0x1c79f20b	0x3cb0	0x72	0	71	84	I don't think I'll ever understand you two.
0x1c7a720b	0x0	0x82	0	87	96	When you clear the jungle,\\nyou'll be there. Head east.
0x1c7a720b	0x90	0x4e	0	23	96	Make your way east.
0x1c7a720b	0xe0	0x68	0	55	96	Make sure you're not spotted.
0x1c7a720b	0x150	0x60	0	39	96	This is a Sneaking Mission.
0x1c7a720b	0x1b0	0xc1	0	67	96	Hide behind stuff,\\ntake the long way around,
0x1c7a720b	0x1b0	0xc1	1	62	96	whatever it takes to\\nstay out of sight.
0x1c7a720b	0x280	0x9e	0	103	96	Your gun is a last resort. It could\\njust as easily kill you as save you.
0x1c7a720b	0x320	0x4c	0	23	96	Enemy spotted!
0x1c7a720b	0x370	0x89	0	87	96	Keep your eye on what's left of your\\nLIFE gauge on the left of the screen.
0x1c7a720b	0x400	0xc6	0	71	96	To the right of that,\\nyou'll see your Psyche Gauge.
0x1c7a720b	0x400	0xc6	1	59	96	Exhausting it will inhibit your actions.
0x1c7a720b	0x4d0	0x8d	0	87	96	Your LIFE Gauge will recover with time.\\nThe Psyche Gauge, too.
0x1c7a720b	0x560	0xb4	0	67	96	You'll recover faster crouching than\\nstanding up.
0x1c7a720b	0x560	0xb4	1	46	96	Lying flat works even better.
0x1c7a720b	0x620	0x85	0	87	96	Using a ration\\nwill restore your LIFE Gauge.
0x1c7a720b	0x6b0	0x82	0	87	96	Press down on the D-pad to crouch.
0x1c7a720b	0x740	0x6c	0	55	96	Press the A button to crouch.
0x1c7a720b	0x7b0	0x8b	0	87	96	Hold down on the D-pad to lie flat.
0x1c7a720b	0x840	0x74	0	71	96	Keep holding the A button to lie flat.
0x1c7a720b	0x8c0	0x6c	0	55	96	Unfortunately,\\nyou can't crawl this time around.
0x1c7a720b	0x930	0xee	0	73	96	Tilt <I=MOVE> a little bit to walk slowly.
0x1c7a720b	0x930	0xee	1	88	96	Take it slow and cover ground\\nbit by bit to stay silent.
0x1c7a720b	0xa20	0x6f	0	55	96	Tilt <I=MOVE> a little bit to walk slowly.
0x1c7a720b	0xa90	0x6d	0	55	96	Keep it down, Boss! They'll hear you!
0x1c7a720b	0xb00	0xa8	0	64	96	The indicator in the\\nupper right serves as a compass,
0x1c7a720b	0xb00	0xa8	1	34	96	and shows sound sources.
0x1c7a720b	0xbb0	0x68	0	55	96	Pay attention to your surroundings.
0x1c7a720b	0xc20	0x81	0	87	96	The percentage in the\\nupper right is your camo index.
0x1c7a720b	0xcb0	0x7b	0	71	96	The lower the number,\\nthe more easily you'll be spotted.
0x1c7a720b	0xd30	0x92	0	103	96	Conspicuous movements and loud noises\\nwill compromise your camo index.
0x1c7a720b	0xdd0	0x62	0	55	96	Your fatigues will act as camouflage.
0x1c7a720b	0xe40	0x83	0	87	96	To press up against a wall,\\nface it and hit <I=ACT>.
0x1c7a720b	0xed0	0xd1	0	89	96	From that position, you can do an Enemy Search\\nto detect enemies.
0x1c7a720b	0xed0	0xd1	1	56	96	That also works while lying down.
0x1c7a720b	0xfb0	0x7b	0	71	96	To change your settings, open the menu.
0x1c7a720b	0x1030	0x76	0	71	96	To check your map, open the menu.
0x1c7a720b	0x10b0	0x150	0	36	96	Be careful, though.
0x1c7a720b	0x10b0	0x150	1	85	96	The bad guys won't sit around waiting\\nwhile you mess with the menu.
0x1c7a720b	0x10b0	0x150	2	47	96	No pausing in real life, Boss.
0x1c7a720b	0x10b0	0x150	3	47	96	Not even in lovely Costa Rica.
0x1c7af20b	0x0	0x72	0	71	102	Looks like you're inside the compound.
0x1c7af20b	0x80	0x7a	0	71	102	Security is tight. Stay sharp.
0x1c7af20b	0x100	0x65	0	55	102	Your objective is the\\nbuilding to the east.
0x1c7af20b	0x170	0x8f	0	87	102	Head for the building to the east.\\nWe need intel on that base.
0x1c7af20b	0x200	0x76	0	71	102	Infiltrate the facility on the\\neast side of the compound.
0x1c7af20b	0x280	0x70	0	55	102	You're looking for a two-story\\nbuilding to the east.
0x1c7af20b	0x2f0	0x80	0	71	102	Stay out of sight 'til they've called off\\nthe alert.
0x1c7af20b	0x370	0x6b	0	55	102	A cardboard box?\\nWhat are you gonna use that for?
0x1c7af20b	0x3e0	0xaf	0	36	102	While you're lying down,
0x1c7af20b	0x3e0	0xaf	1	62	102	try doing <I=ESEARCH> to check for enemy presence.
0x1c7af20b	0x490	0x7a	0	71	102	You can do the same thing when you're pressed against a wall.
0x1c7b720b	0x0	0x8a	0	87	108	Head for the FSLN boathouse.\\nIt's northwest of there.
0x1c7b720b	0x90	0xb0	0	59	108	You can use the radio you just picked up
0x1c7b720b	0x90	0xb0	1	39	108	by opening the menu.
0x1c7b720b	0x140	0x7e	0	71	108	Use the radio by going to the Radio tab.
0x1c7b720b	0x1c0	0x8d	0	87	108	A truck from that costal facility. Hmm... But it's not carrying any cargo.
0x1c7b720b	0x250	0x67	0	55	108	It's locked. You can't get inside there.
0x1c7b720b	0x2c0	0x91	0	103	108	That fence seems pretty sturdy...I doubt you could bust through it.
0x1c7b720b	0x360	0x77	0	71	108	Amanda went across that rope bridge. Hurry.
0x1c7b720b	0x3e0	0x91	0	103	108	You might be able to get past the enemy by hanging from the bridge.
0x1c7b720b	0x480	0x85	0	87	108	Press <I=ACT> near the bridge's handrail to hang.
0x1c7b720b	0x510	0x6f	0	55	108	You can't hang down when you're crouching.
0x1c7b720b	0x580	0xed	0	72	108	The yellow butterflies around there are Juno Silverspots.
0x1c7b720b	0x580	0xed	1	89	108	They apparently eat poisonous leaves and store the poison in their bodies.
0x1c7b720b	0x670	0xb9	0	59	108	The river there runs down from the mountains.
0x1c7b720b	0x670	0xb9	1	55	108	It's pretty deep - even big ships use it.
0x1c7b720b	0x730	0x94	0	103	108	Their waste fills the river too... This cannot be allowed to continue.
0x1c7b720b	0x7d0	0x88	0	87	108	Maybe they move cargo from the coast over the waterway...
0x1c7b720b	0x860	0xb1	0	48	108	Whenever I look at the water,
0x1c7b720b	0x860	0xb1	1	66	108	I always get this feeling of dread. Wonder why.
0x1c7b720b	0x920	0x87	0	87	108	Dinosaur footprints? Nah, must be some sort of large bird.
0x1c7b720b	0x9b0	0x6b	0	55	108	A dinosaur footprint... It's that island!
0x1c7b720b	0xa20	0x76	0	71	108	Look at that... A real dinosaur footprint!
0x1c7b720b	0xaa0	0x84	0	87	108	Look, we can talk about it later. Focus on the mission!
0x1c7b720b	0xb30	0x86	0	87	108	That almost looks like a dinosaur's footprint. What could have...?
0x1c7b720b	0xbc0	0x72	0	71	108	The boathouse is to the east. Head eastward.
0x1c7b720b	0xc40	0x63	0	55	108	Head for the FSLN hideout, Snake.
0x1c7b720b	0xcb0	0xc1	0	64	108	Amanda should be over in the supply depot.
0x1c7b720b	0xcb0	0xc1	1	65	108	Check what's left of the banana plantation.
0x1c7b720b	0xd80	0x67	0	55	108	Snake, try to make contact with Amanda.
0x1c7b720b	0xdf0	0x87	0	87	108	Amanda should be at the supply depot on the banana plantation.
0x1c7bf20b	0x0	0xd6	0	55	114	The boathouse should be close by.
0x1c7bf20b	0x0	0xd6	1	91	114	Neutralize the security detail and\\nmake contact with the comandante.
0x1c7bf20b	0xe0	0x69	0	55	114	You'll have to neutralize all of\\nthose guards.
0x1c7bf20b	0x150	0x6d	0	55	114	Neutralize that security detail.\\nAll of them.
0x1c7bf20b	0x1c0	0x8b	0	87	114	Neutralize the soldiers. You might even tranquilize or knock them out.
0x1c7bf20b	0x250	0x6f	0	55	114	Another enemy soldier. Neutralize him.
0x1c7bf20b	0x2c0	0x6c	0	55	114	You've gotta take out those soldiers first!
0x1c7bf20b	0x330	0xa8	0	39	114	They've got prisoners up above.
0x1c7bf20b	0x330	0xa8	1	59	114	But first, you'll have to deal with those soldiers.
0x1c7bf20b	0x3e0	0x8e	0	87	114	Good. Now, meet with the FSLN\\ncomandante. He's inside the boathouse.
0x1c7bf20b	0x470	0x66	0	55	114	Careful. They've got reinforcements coming.
0x1c7bf20b	0x4e0	0xc3	0	44	114	To use a gun turret,
0x1c7bf20b	0x4e0	0xc3	1	85	114	get close enough so that an icon appears, then press <I=ACT>!
0x1c7bf20b	0x5b0	0x67	0	55	114	Use <I=CAMERA> to aim at your target.
0x1c7bf20b	0x620	0x7b	0	71	114	Use <I=AIM> to zoom in and <I=ATK> to fire!
0x1c7bf20b	0x6a0	0x67	0	55	114	Use <I=CAMERA> to aim at your target.
0x1c7bf20b	0x710	0x67	0	55	114	Use <I=CAMERA> to aim at your target.
0x1c7bf20b	0x780	0x88	0	87	114	Use <I=MACHINGUN_ZOOM> to zoom in and <I=ATK> to fire!
0x1c7bf20b	0x810	0x88	0	87	114	Use <I=MACHINGUN_ZOOM> to zoom in and <I=ATK> to fire!
0x1c7bf20b	0x8a0	0x88	0	87	114	Use <I=MACHINGUN_ZOOM> to zoom in and <I=ATK> to fire!
0x1c7bf20b	0x930	0xc1	0	64	114	Amanda should be over in the supply depot.
0x1c7bf20b	0x930	0xc1	1	65	114	Check what's left of the banana plantation.
0x1c7bf20b	0xa00	0x67	0	55	114	Snake, try to make contact with Amanda.
0x1c7bf20b	0xa70	0x87	0	87	114	Amanda should be at the supply depot on the banana plantation.
0x1c7c720b	0x0	0x7e	0	71	120	Careful, now. They might be holding FSLN soldiers prisoner.
0x1c7c720b	0x80	0xd6	0	60	120	Press <I=ACT> in front of a prisoner
0x1c7c720b	0x80	0xd6	1	85	120	to take them to Mother Base using the Fulton recovery system.
0x1c7c720b	0x160	0x96	0	103	120	To send a prisoner to Mother Base, equip the Fulton Recovery System.
0x1c7c720b	0x200	0xac	0	119	120	Select equipment by tilting <I=MOVE> left\\nor right while holding <I=EQUIPWINDOW>.
0x1c7c720b	0x2b0	0xd8	0	66	120	Select equipment by holding <I=EQUIPWINDOW>,
0x1c7c720b	0x2b0	0xd8	1	79	120	then tilt <I=MOVE> left or\\nright to make your selection.
0x1c7c720b	0x390	0xcd	0	51	120	To choose an item to use,
0x1c7c720b	0x390	0xcd	1	79	120	hold <I=EQUIPWINDOW> and tilt <I=MOVE> left or right.
0x1c7c720b	0x460	0x94	0	103	120	You could transport the prisoner to Mother Base - if you had a balloon.
0x1c7c720b	0x500	0x9f	0	27	120	You're gonna have to pass
0x1c7c720b	0x500	0x9f	1	54	120	through the sorting area to get to the other side...
0x1c7c720b	0x5a0	0x126	0	76	120	It looks like there are Zebra Longwing butterflies around there.
0x1c7c720b	0x5a0	0x126	1	63	120	The larvae eat passionflowers, which are poisonous,
0x1c7c720b	0x5a0	0x126	2	64	120	and they retain that poison when they become adults.
0x1c7c720b	0x6d0	0xbe	0	56	120	See any Orange-barred Sulphur butterflies around?
0x1c7c720b	0x6d0	0xbe	1	57	120	You'll find them in parks and even in cities, too.
0x1c7c720b	0x790	0xf8	0	94	120	You often see Idomeneus Giant Owl butterflies around banana plantations.
0x1c7c720b	0x790	0xf8	1	84	120	They're considered a pest, since the larvae eat banana leaves.
0x1c7c720b	0x890	0xc1	0	64	120	Amanda should be over in the supply depot.
0x1c7c720b	0x890	0xc1	1	65	120	Check what's left of the banana plantation.
0x1c7c720b	0x960	0x67	0	55	120	Snake, try to make contact with Amanda.
0x1c7c720b	0x9d0	0x87	0	87	120	Amanda should be at the supply depot on the banana plantation.
0x1cc27647	0x0	0x62	0	55	126	Neutralize the enemy troops.
0x1cc27647	0x70	0x8d	0	87	126	Forget about the chopper for now. Just take out the troops.
0x1cc27647	0x100	0x70	0	55	126	Neutralize that tank unit! You can do it!
0x1cc27647	0x170	0x87	0	87	126	Don't worry about the tank. Just focus on the troops.
0x1cc27647	0x200	0x73	0	71	126	You've got to neutralize that armored vehicle somehow!
0x1cc27647	0x280	0xb7	0	67	126	No need to take out the armored vehicle just yet.
0x1cc27647	0x280	0xb7	1	47	126	Neutralize the troops, first.
0x1cc27647	0x340	0x5b	0	39	126	Eliminate that squadron, Snake!
0x1cc27647	0x3a0	0x78	0	71	126	First you've gotta do something about that chopper!
0x1cc27647	0x420	0x5f	0	39	126	Bring that chopper down!
0x1cc27647	0x480	0x9c	0	58	126	The accompanying soldiers are armed to the teeth!
0x1cc27647	0x480	0x9c	1	24	126	Watch yourself!
0x1cc27647	0x520	0x84	0	87	126	They haven't seen you yet.\\nPerfect. Now's your chance.
0x1cc27647	0x5b0	0x62	0	55	126	Strike before they spot you!
0x1cc27647	0x620	0x80	0	71	126	They're trying to find you.\\nMake sure they don't.
0x1cc27647	0x6a0	0x5f	0	39	126	They're looking for you. Be careful.
0x1cc27647	0x700	0x5e	0	39	126	Target successully neutralized!
0x1cc27647	0x760	0x68	0	55	126	Mission accomplished. Return to base.
0x1cc27647	0x7d0	0x6a	0	55	126	Enemy tank neutralized. Nicely done!
0x1cc27647	0x840	0x70	0	55	126	Yes! The armored\\nvehicle's out of commission!
0x1cc27647	0x8b0	0x7f	0	71	126	You downed the chopper!\\nExcellent work!
0x1cc27647	0x930	0x74	0	71	126	Enemy leader neutralized.\\nMission complete.
0x1cc27647	0x9b0	0x63	0	55	126	The leader's down! It's over.
0x1cc27647	0xa20	0x66	0	55	126	Mission complete. Come on home.
0x1cc27647	0xa90	0x7a	0	71	126	The enemy leader's out cold.\\nBring him in.
0x1cc27647	0xb10	0x97	0	103	126	That takes care of their leader.\\nRecover him, and it's mission complete.
0x1cc27647	0xbb0	0xc1	0	72	126	Keep your ears open for enemy\\ncommunications.
0x1cc27647	0xbb0	0xc1	1	58	126	They may reveal their next move.
0x1cc27647	0xc80	0x94	0	103	126	Listen in on enemy communications for\\nadvanced warning of any attacks.
0x1cc27647	0xd20	0x7c	0	71	126	Aim for the red fuel tank.\\nThat should stop it.
0x1cc27647	0xda0	0x78	0	71	126	Shoot that exposed fuel tank.\\nThe red one!
0x1cc27647	0xe20	0x6f	0	55	126	Antitank mines are effective against tanks.
0x1cc27647	0xe90	0x53	0	39	126	Aim for the treads!
0x1cc27647	0xef0	0x7f	0	71	126	When it readies that main gun, you'll just have to run.
0x1cc27647	0xf70	0x84	0	87	126	Antitank mines are also effective against armored vehicles.
0x1cc27647	0x1000	0x67	0	55	126	Don't forget any soldiers in the area!
0x1cc27647	0x1070	0x56	0	39	126	Shoot out its tires!
0x1cc27647	0x10d0	0x69	0	55	126	For choppers, use aerial mines.
0x1cc27647	0x1140	0x84	0	87	126	Study the chopper's movements before placing any mines.
0x1cc27647	0x11d0	0x91	0	103	126	Armor-piercing rounds and RPGs should be effective in this situation.
0x1cc27647	0x1270	0x82	0	87	126	If you lose sight of it, use your Surround Indicator!
0x1cc27647	0x1300	0x57	0	39	126	Take out its tail rotor!
0x1cc27647	0x1360	0x80	0	71	126	Use your Surround Indicator to locate the chopper!
0x1cc27647	0x13e0	0x63	0	55	126	Use your Surround Indicator!
0x1cc27647	0x1450	0xb0	0	42	126	The Surround Indicator is useless
0x1cc27647	0x1450	0xb0	1	55	126	when there's too much interference around you.
0x1cc27647	0x1500	0x8c	0	87	126	The Surround Indicator won't work when you're close to the waterfall!
0x1cc27647	0x1590	0x73	0	71	126	Use those buildings and containers for cover!
0x1cc27647	0x1610	0x7f	0	71	126	It's a lot harder to hide after you've been spotted.
0x1cc27647	0x1690	0x5b	0	39	126	Use that train as cover!
0x1cc27647	0x16f0	0x65	0	55	126	You should take out the soldiers first.
0x1cc27647	0x1760	0x80	0	71	126	The main gun has enough kick to send that train flying!
0x1cc27647	0x17e0	0x83	0	87	126	Get out of the chopper's line of sight! Use the trees!
0x1cc27647	0x1870	0x87	0	87	126	Remember, silence is as important as staying out of sight!
0x1cc27647	0x1900	0x66	0	55	126	Watch those ground forces, too!
0x1cc27647	0x1970	0x6b	0	55	126	It is too dangerous attacking head-on!
0x1cc27647	0x19e0	0x6d	0	55	126	Hide and then try to catch it off guard!
0x1cc27647	0x1a50	0x75	0	71	126	Think you could bring that tank back in one piece?
0x1cc27647	0x1ad0	0x7f	0	71	126	If possible, try to take that tank without destroying it.
0x1cc27647	0x1b50	0x78	0	71	126	Is there any way you could bring that vehicle back intact?
0x1cc27647	0x1bd0	0x80	0	71	126	If you can, neutralize that armored vehicle without destroying it.
0x1cc27647	0x1c50	0xbe	0	71	126	Could you try and leave that chopper somewhat intact?
0x1cc27647	0x1c50	0xbe	1	43	126	We may be able to use it.
0x1cc27647	0x1d10	0x82	0	87	126	Bring that chopper down in one piece - if that's even possible.
0x1cc27647	0x1da0	0xb2	0	40	126	It's gonna be tough to
0x1cc27647	0x1da0	0xb2	1	74	126	take out an armored vehicle with the weapons you've got.
0x1cc27647	0x1e60	0x92	0	103	126	You'll want to think about taking out the guys in the unit first.
0x1cc27647	0x1f00	0xaa	0	38	126	It's gonna be tough to
0x1cc27647	0x1f00	0xaa	1	60	126	take out a tank with the weapons you've got.
0x1cc27647	0x1fb0	0xad	0	36	126	It's gonna be tough to
0x1cc27647	0x1fb0	0xad	1	61	126	take out a chopper with the weapons you've got.
0x1cc27647	0x2060	0xa3	0	119	126	You might stand a chance if you can take out all the guys in the unit first.
0x1cc27647	0x2110	0xb5	0	31	126	They spotted you!
0x1cc27647	0x2110	0xb5	1	82	126	You won't be able to stay out of sight and neutralize the enemy now!
0x1cc27647	0x21d0	0xba	0	55	126	You're a sitting duck with that equipment.
0x1cc27647	0x21d0	0xba	1	59	126	Get back here and load up with something else!
0x1cc27647	0x2290	0x7c	0	71	126	That's gotta be the leader. Can you take him down?
0x1cc27647	0x2310	0xab	0	45	126	All right, you hit the fuel tank!
0x1cc27647	0x2310	0xab	1	53	126	They won't be going anywhere for a while.
0x1cc27647	0x23c0	0xb1	0	57	126	Nice work! Their fuel tank's gone.
0x1cc27647	0x23c0	0xb1	1	56	126	That should stop 'em for a while.
0x1cc27647	0x2480	0xa7	0	42	126	You got their fuel tank!
0x1cc27647	0x2480	0xa7	1	55	126	Attack now while you've got a chance!
0x1cc27647	0x2530	0x7b	0	71	126	Dammit! Looks like they've got a backup fuel tank.
0x1cc27647	0x25b0	0x98	0	30	126	So much for that tactic.
0x1cc27647	0x25b0	0x98	1	52	126	You'll just have to attack the thing directly.
0x1cc27647	0x2650	0x54	0	39	126	Oh Yeah! Long live MSF!
0x1cc27647	0x26b0	0x7a	0	71	126	You're going it alone...? No way! You're out of your mind!
0x1cc27647	0x2730	0x7c	0	71	126	We don't have any more space to store large-scale weapons.
0x1cc27647	0x27b0	0x80	0	71	126	Sorry, but you're gonna have to forget about capturing that thing.
0x1cc27647	0x2830	0xc2	0	67	126	One gas-guzzling piece of armor after another...
0x1cc27647	0x2830	0xc2	1	62	126	haven't these guys heard of the oil crisis?
0x1cc27647	0x2900	0x13d	0	63	126	THAT'S your gear?! What were you thinking?!
0x1cc27647	0x2900	0x13d	1	90	126	You can't go up against the enemy like that. You won't stand a chance!
0x1cc27647	0x2900	0x13d	2	66	126	Come back and give yourself a fighting chance.
0x1cc27647	0x2a40	0xc0	0	52	126	You think you can beat the enemy with THAT?!
0x1cc27647	0x2a40	0xc0	1	61	126	Go and equip yourself with some decent weapons first!
0x1cc27647	0x2b00	0x11a	0	83	126	You won't even hurt their feelings with the weapons you've got now!
0x1cc27647	0x2b00	0x11a	1	37	126	You need to come back
0x1cc27647	0x2b00	0x11a	2	69	126	and select some gear that'll actually do some damage.
0x1cc27647	0x2c20	0x91	0	103	126	Attack the AI pod to destroy its hatch! It's the cylindrical structure!
0x1cc27647	0x2cc0	0x7f	0	71	126	Shoot the pod already! You haven't stopped it from moving!
0x1cc27647	0x2d40	0x81	0	87	126	Hurry up and get in the AI pod! Otherwise it'll reactivate.
0x1c7cf20b	0x0	0x5e	0	39	126	Destroy that armored vehicle!
0x1c7cf20b	0x60	0x6b	0	55	126	Just junk that armored vehicle.
0x1c7cf20b	0xd0	0x73	0	71	126	Start with the armored vehicle!\\nTake it out!
0x1c79f24b	0x0	0x6f	0	55	144	Chico's in a prison camp north of here.
0x1c79f24b	0x70	0xc9	0	79	144	The basin ahead leaves you completely exposed to sniper fire.
0x1c79f24b	0x70	0xc9	1	50	144	I have a bad feeling about this.
0x1c79f24b	0x140	0xe0	0	62	144	That basin will leave you completely exposed.
0x1c79f24b	0x140	0xe0	1	84	144	If I were the enemy, I'd position snipers there. Better be careful.
0x1c79f24b	0x220	0x88	0	87	144	Sniper! Better be careful if you don't want your head blown off.
0x1c79f24b	0x2b0	0x7a	0	71	144	They're using the scarecrow for sniper training.
0x1c79f24b	0x330	0x71	0	71	144	A scarecrow... Just like that one on the coast.
0x1c79f24b	0x3b0	0xb0	0	54	144	There's a coffee factory to the northeast.
0x1c79f24b	0x3b0	0xb0	1	44	144	Beyond that is a train terminal.
0x1c79f24b	0x460	0x79	0	71	144	Make your way to the coffee plantation northeast of here.
0x1c79f24b	0x4e0	0x70	0	55	144	Those tracks used to transport coffee...
0x1c79f24b	0x550	0x99	0	103	144	Railroads in Costa Rica use 1,067 mm gauge tracks - the same as Japan.
0x1c79f24b	0x5f0	0x71	0	71	144	Wonder if they use steam locomotives.
0x1c79f24b	0x670	0x6d	0	55	144	Head north if you want to find Chico.
0x1c79f24b	0x6e0	0x84	0	87	144	We've gotta save Chico, Snake. It's to our benefit, you know.
0x1c79f24b	0x770	0x6a	0	55	144	They're using that village as a prison now.
0x1c79f24b	0x7e0	0x6a	0	55	144	Boss, please... You have to help Chico.
0x1c79f24b	0x850	0x5e	0	39	144	Please, Snake. Help Chico...
0x1c79f24b	0x8b0	0x73	0	71	144	The train terminal is beyond the coffee plantation.
0x1c79f24b	0x930	0x86	0	87	144	That cargo's bound for the rail terminal in El Cadalso - it has to be.
0x1c79f24b	0x9c0	0x6f	0	55	144	The rail terminal should be in El Cadalso.
0x1c79f24b	0xa30	0x97	0	103	144	Destroy the barricade by the prison. That's the village where I was held.
0x1c79f24b	0xad0	0x95	0	103	144	Head for the prison where I was held. There's a barricade there.
0x1c79f24b	0xb70	0x67	0	55	144	Use C4 to destroy the barricade.
0x1c79f24b	0xbe0	0x8a	0	87	144	Apparently, that aqueduct north of the village also serves as a bridge.
0x1c79f24b	0xc70	0x6d	0	55	144	Head north. Look for the gorge.
0x1c79f24b	0xce0	0x14c	0	83	144	See those really big leaves around you? That's Gunnera Insignis.
0x1c79f24b	0xce0	0x14c	1	82	144	It's also known as Sombrilla de Pobre, or "Poor Man's Parasol".
0x1c79f24b	0xce0	0x14c	2	72	144	You can literally use it as a parasol if you want to.
0x1c79f24b	0xe30	0xfd	0	30	144	Sombrilla de pobre...
0x1c79f24b	0xe30	0xfd	1	57	144	I often use that whenever a champa isn't enough.
0x1c79f24b	0xe30	0xfd	2	68	144	Sometimes the jungle is too wet for just one plastic sheet.
0x1c7a724b	0x0	0x7a	0	71	150	Chico's in one of these houses. You've got to find him, Snake.
0x1c7a724b	0x80	0x87	0	87	150	They've got Chico locked up in one of the houses here. Find him.
0x1c7a724b	0x110	0x90	0	87	150	To check inside a house, press <I=ACT> in front of the door.
0x1c7a724b	0x1a0	0x90	0	87	150	Check inside a house by pressing <I=ACT> in front of the door.
0x1c7a724b	0x230	0xbe	0	65	150	Supposedly the houses being used to hold prisoners
0x1c7a724b	0x230	0xbe	1	48	150	have been fitted with blue doors.
0x1c7a724b	0x2f0	0x72	0	71	150	Looks like the blue doors have peepholes in them.
0x1c7a724b	0x370	0x78	0	71	150	I guess only the blue doors have peepholes in them.
0x1c7a724b	0x3f0	0x5b	0	39	150	Check out the blue doors.
0x1c7a724b	0x450	0x8d	0	87	150	The blue doors have peepholes, you know...Try using them!
0x1c7a724b	0x4e0	0xde	0	39	150	To look through a peephole,
0x1c7a724b	0x4e0	0xde	1	33	150	get close to the door
0x1c7a724b	0x4e0	0xde	2	52	150	and press <I=ACT> when the icon appears.
0x1c7a724b	0x5c0	0x76	0	71	150	Chico's around there somewhere! He's gotta be!
0x1c7a724b	0x640	0xb2	0	39	150	Chico's in that house!
0x1c7a724b	0x640	0xb2	1	75	150	Go up to the door and press <I=ACT> when the icon appears!
0x1c7a724b	0x700	0xcb	0	59	150	The confiscated houses have blue doors,
0x1c7a724b	0x700	0xcb	1	71	150	with peepholes for keeping an eye on the prisoners.
0x1c7a724b	0x7d0	0x7f	0	71	150	The prisoners are being held inside the buildings with the blue doors.
0x1c7a724b	0x850	0x83	0	87	150	Look for the blue doors. Chico is behind one of them.
0x1c7a724b	0x8e0	0x7c	0	71	150	Peek inside the blue doors, Snake.
0x1c7a724b	0x960	0x9a	0	103	150	You can't go peeking into houses with the enemy on elevated alert.
0x1c7a724b	0xa00	0x8e	0	87	150	Forget about the houses for now. Wait for the alert to be lifted first.
0x1c7a724b	0xa90	0xa5	0	44	150	Please, Snake, be careful.
0x1c7a724b	0xa90	0xa5	1	53	150	Remember, Chico's life is at stake.
0x1c7a724b	0xb40	0xba	0	73	150	If they spot you, the enemy'll probably call in reinforcements.
0x1c7a724b	0xb40	0xba	1	40	150	Make sure that doesn't happen.
0x1c7a724b	0xc00	0xfe	0	54	150	Even if you take out the enemy at hand,
0x1c7a724b	0xc00	0xfe	1	49	150	there's more where they came from.
0x1c7a724b	0xc00	0xfe	2	52	150	I'd keep a low profile if I were you.
0x1c7a724b	0xd00	0xa8	0	119	150	Those alleys are a maze. You should be able to use them to sneak past.
0x1c7a724b	0xdb0	0x87	0	87	150	Visibility isn't that good, so try not to bump into any hostiles.
0x1c7a724b	0xe40	0xc5	0	82	150	The train terminal is on the other side of the coffee factory.
0x1c7a724b	0xe40	0xc5	1	47	150	Head for the factory first.
0x1c7a724b	0xf10	0x77	0	71	150	Start by making your way to the coffee factory.
0x1c7a724b	0xf90	0xc2	0	52	150	To get to the coffee factory,
0x1c7a724b	0xf90	0xc2	1	78	150	you'll first need to backtrack to the fork in the road.
0x1c7a724b	0x1060	0xc5	0	58	150	Remember that basin with the locomotive?
0x1c7a724b	0x1060	0xc5	1	72	150	Go through there, then head toward the coffee factory.
0x1c7a724b	0x1130	0xe6	0	76	150	There's a shortcut to the coffee factory nearby.
0x1c7a724b	0x1130	0xe6	1	86	150	You might be able to use it if you work with your partner.
0x1c7a724b	0x1220	0x8c	0	87	150	If you can't find a shortcut, go ahead and backtrack to the fork in the road.
0x1c7a724b	0x12b0	0xaf	0	58	150	The gate's on the northwest side of the prison camp.
0x1c7a724b	0x12b0	0xaf	1	39	150	Cut across the camp to get there.
0x1c7a724b	0x1360	0x8e	0	87	150	If you cut across the prison camp, you'll find a gate leading north.
0x1c7a724b	0x13f0	0xb7	0	64	150	There's a barricade in the northwest corner of the village.
0x1c7a724b	0x13f0	0xb7	1	49	150	You'll have to destroy it to go any further.
0x1c7a724b	0x14b0	0x74	0	71	150	The barricade is at the north end of the village.
0x1c7a724b	0x1530	0xad	0	63	150	To destroy the barricade, you'll need... What is it C4?
0x1c7a724b	0x1530	0xad	1	34	150	Yeah, you'll need some C4.
0x1c7a724b	0x15e0	0x91	0	103	150	Your objective lies beyond the gate. Use C4 to blast through.
0x1c7a724b	0x1680	0xb2	0	75	150	You'll have to destroy the gate if you want to cross the bridge.
0x1c7a724b	0x1680	0xb2	1	39	150	Some C4 should do the trick.
0x1c7a724b	0x1740	0x99	0	103	150	First, equip your C4. You can't plant a charge unless it's equipped.
0x1c7a724b	0x17e0	0xa4	0	41	150	To plant a C4 charge,
0x1c7a724b	0x17e0	0xa4	1	56	150	hold down <I=AIM> and press <I=ATK>.
0x1c7a724b	0x1890	0xaf	0	40	150	Once the charge is planted,
0x1c7a724b	0x1890	0xaf	1	57	150	press <I=ATK> without aiming to detonate it.
0x1c7a724b	0x1940	0x97	0	38	150	To plant a C4 charge,
0x1c7a724b	0x1940	0x97	1	44	150	press <I=ATK> while aiming.
0x1c7a724b	0x19e0	0xdb	0	55	150	To detonate a C4 charge,
0x1c7a724b	0x19e0	0xdb	1	90	150	keep the C4 equipped, then press <I=CQC>. \\nNo need to aim.
0x1c7a724b	0x1ac0	0x8d	0	87	150	Press <I=ATK> while aiming to plant an additional C4 charge.
0x1c7a724b	0x1b50	0x8b	0	87	150	To detonate the C4 charge, press <I=ATK>. No need to aim first.
0x1c7a724b	0x1be0	0x81	0	87	150	C4 charges will detonate in the order that they were planted.
0x1c7a724b	0x1c70	0xd4	0	54	150	After planting a charge,
0x1c7a724b	0x1c70	0xd4	1	91	150	press <I=ATK> again while\\naiming to plant another C4 charge.
0x1c7a724b	0x1d50	0x88	0	87	150	It's not working. You're gonna need something with a little more power...
0x1c7a724b	0x1de0	0x6e	0	55	150	You need C4 to blow up that gate.
0x1c7a724b	0x1e50	0x7b	0	71	150	That thing's not going to do any good. You gotta use C4.
0x1c7a724b	0x1ed0	0x52	0	39	150	Use the C4, Snake.
0x1c7a724b	0x1f30	0x8a	0	87	150	Destroying that gate will draw the enemy's attention. Remember that.
0x1c7a724b	0x1fc0	0xb9	0	37	150	Keep your eyes peeled.
0x1c7a724b	0x1fc0	0xb9	1	76	150	The enemy'll come running as soon as they hear the explosion.
0x1c7a724b	0x2080	0x65	0	55	150	C4 can be detonated remotely.
0x1c7a724b	0x20f0	0x6d	0	55	150	The barricade is located somewhere in that vicinity.
0x1c7a724b	0x2160	0x63	0	55	150	There, blow up that barricade!
0x1c7a724b	0x21d0	0x7f	0	71	150	See the barricade near you? That's what you have to destroy.
0x1c7a724b	0x2250	0x57	0	39	150	That's the barricade, Snake.
0x1c7a724b	0x22b0	0x5d	0	39	150	The barricade is further west.
0x1c7a724b	0x2310	0x5e	0	39	150	The barricade is further north.
0x1c7a724b	0x2370	0x5e	0	39	150	That is not the barricade, Boss...
0x1c7a724b	0x23d0	0xc1	0	62	150	I bet you could make it over that wall.
0x1c7a724b	0x23d0	0xc1	1	67	150	Whether you could get back is another story.
0x1c7a724b	0x24a0	0x6f	0	55	150	I bet you could make it over that wall.
0x1c7a724b	0x2510	0x87	0	87	150	It's too high to make it over yourself. You'll have to go around.
0x1c7a724b	0x25a0	0x78	0	71	150	If only there were something you could stand on...
0x1c7a724b	0x2620	0x93	0	103	150	You could probably make it over the wall if you helped each other.
0x1c7a724b	0x26c0	0x4e	0	23	150	Good work, Snake!
0x1c7a724b	0x2710	0x96	0	103	150	That blast is gonna attract attention - the bad kind. Watch yourself.
0x1c7a724b	0x27b0	0x64	0	55	150	Excellent! Now make your way north.
0x1c7a724b	0x2820	0x56	0	39	150	Head north, Snake.
0x1c7a724b	0x2880	0x7c	0	71	150	Keep going north. There's a road leading up to the bridge.
0x1c7a724b	0x2900	0x57	0	39	150	Get out of there for now.
0x1c7a724b	0x2960	0x84	0	87	150	When I was locked up there, I didn't feel alive at all.
0x1c7a724b	0x29f0	0x80	0	71	150	And when you shot me, I really thought I was done for.
0x1c7a724b	0x2a70	0x8f	0	87	150	Look at them, just taking the village as if it were theirs... Unforgiveable.
0x1c7a724b	0x2b00	0xbc	0	58	150	If you want to use a cardboard box, fine,
0x1c7a724b	0x2b00	0xbc	1	55	150	but that drum won't provide any cover.
0x1c7a724b	0x2bc0	0x88	0	87	150	They'd spot you in a second if you tried to conceal yourself in that thing.
0x1c7a724b	0x2c50	0x6c	0	55	150	C'mon! Give it up, already!
0x1c7a724b	0x2cc0	0xf5	0	105	150	The Giant Swallowtail butterflies in that area are a fairly common species of butterfly.
0x1c7a724b	0x2cc0	0xf5	1	73	150	Did you know their chrysalis stage occurs during winter?
0x1c7a724b	0x2dc0	0x60	0	39	150	Hear anything unusual?
0x1c7a724b	0x2e20	0x87	0	87	150	If any spot looks suspicious, tear it apart from top to bottom!
0x1c7a724b	0x2eb0	0x9f	0	103	150	Enemy security on the outside looks pretty tight. Which means he must be...
0x1c7a724b	0x2f50	0x7a	0	71	150	Did you check the houses? Take a peek inside.
0x1c7a724b	0x2fd0	0xb3	0	43	150	To peek inside a house,
0x1c7a724b	0x2fd0	0xb3	1	71	150	stand in front of the blue doors and press <I=ACT>.
0x1c7a724b	0x3090	0x88	0	87	150	The only other place he could hide would be those houses...
0x1c7a724b	0x3120	0x73	0	71	150	Zadornov's in one of those houses. I just know it!
0x1c7a724b	0x31a0	0x84	0	87	150	We've gotta save Chico, Snake. It's to our benefit, you know.
0x1c7a724b	0x3230	0x6a	0	55	150	They're using that village as a prison now.
0x1c7a724b	0x32a0	0x6a	0	55	150	Boss, please... You have to help Chico.
0x1c7a724b	0x3310	0x5e	0	39	150	Please, Snake. Help Chico...
0x1c7a724b	0x3370	0x73	0	71	150	The train terminal is beyond the coffee plantation.
0x1c7a724b	0x33f0	0x86	0	87	150	That cargo's bound for the rail terminal in El Cadalso - it has to be.
0x1c7a724b	0x3480	0x6f	0	55	150	The rail terminal should be in El Cadalso.
0x1c7a724b	0x34f0	0x67	0	55	150	Use C4 to destroy the barricade.
0x1c7a724b	0x3560	0x8a	0	87	150	Apparently, that aqueduct north of the village also serves as a bridge.
0x1c7a724b	0x35f0	0x6d	0	55	150	Head north. Look for the gorge.
0x1c7a724b	0x3660	0x14c	0	83	150	See those really big leaves around you? That's Gunnera Insignis.
0x1c7a724b	0x3660	0x14c	1	82	150	It's also known as Sombrilla de Pobre, or "Poor Man's Parasol".
0x1c7a724b	0x3660	0x14c	2	72	150	You can literally use it as a parasol if you want to.
0x1c7a724b	0x37b0	0xfd	0	30	150	Sombrilla de pobre...
0x1c7a724b	0x37b0	0xfd	1	57	150	I often use that whenever a champa isn't enough.
0x1c7a724b	0x37b0	0xfd	2	68	150	Sometimes the jungle is too wet for just one plastic sheet.
0x1c7af24b	0x0	0x92	0	103	156	Looks like we're just in time. Neutralize all enemies and secure the train!
0x1c7af24b	0xa0	0x77	0	71	156	Those tracks are from el basilisco. Be careful.
0x1c7af24b	0x120	0x6b	0	55	156	El basilisco is at least 30 vara (80 ft) tall.
0x1c7af24b	0x190	0x80	0	71	156	You saw those tracks. I don't have to tell you it's big.
0x1c7af24b	0x210	0x69	0	55	156	You'll have to neutralize all of\\nthose guards.
0x1c7af24b	0x280	0x6d	0	55	156	Neutralize that security detail.\\nAll of them.
0x1c7af24b	0x2f0	0x8b	0	87	156	Neutralize the soldiers. You might even tranquilize or knock them out.
0x1c7af24b	0x380	0xdb	0	69	156	To neutralize an enemy, put him to sleep, knock him out,
0x1c7af24b	0x380	0xdb	1	76	156	or leave him in a near-death state - whatever floats your boat.
0x1c7af24b	0x460	0x14c	0	83	156	See those really big leaves around you? That's Gunnera Insignis.
0x1c7af24b	0x460	0x14c	1	82	156	It's also known as Sombrilla de Pobre, or "Poor Man's Parasol".
0x1c7af24b	0x460	0x14c	2	72	156	You can literally use it as a parasol if you want to.
0x1c7af24b	0x5b0	0xfd	0	30	156	Sombrilla de pobre...
0x1c7af24b	0x5b0	0xfd	1	57	156	I often use that whenever a champa isn't enough.
0x1c7af24b	0x5b0	0xfd	2	68	156	Sometimes the jungle is too wet for just one plastic sheet.
0x1c7b724b	0x0	0x65	0	55	174	Cross the bridge and head north.
0x1c7b724b	0x70	0xcf	0	43	174	I can see the transport route.
0x1c7b724b	0x70	0xcf	1	87	174	And it seems the truck that we saw at the train terminal used it recently.
0x1c7b724b	0x140	0xbc	0	40	174	See the opposite shore?
0x1c7b724b	0x140	0xbc	1	73	174	That's the route the truck took from the train terminal.
0x1c7b724b	0x200	0x81	0	87	174	You can use the walkway along the water main to cross.
0x1c7b724b	0x290	0x70	0	55	174	It's a two-level walkway, one path on top of the other.
0x1c7b724b	0x300	0x8a	0	87	174	The upper route's falling apart, but the lower one should be fine.
0x1c7b724b	0x390	0x70	0	55	174	You should be able to climb up there with two people.
0x1c7b724b	0x400	0x91	0	103	174	You might be able to get past the enemy by hanging from the bridge.
0x1c7b724b	0x4a0	0x85	0	87	174	Press <I=ACT> near the bridge's handrail to hang.
0x1c7b724b	0x530	0x6f	0	55	174	You can't hang down when you're crouching.
0x1c7b724b	0x5a0	0x83	0	87	174	Quick, while the enemy's not looking, hang down from the handrail.
0x1c7b724b	0x630	0x80	0	71	174	I think I'd wet my pants if I had to cross that...
0x1c7b724b	0x6b0	0x84	0	87	174	Good, you've reached the\\ntransport route. Follow it to their base.
0x1c7b724b	0x740	0x9f	0	103	174	That's a truck route you're on.\\nTheir base is up ahead. Move out.
0x1c7b724b	0x7e0	0x77	0	71	174	Their base should be beyond that transport route.
0x1c7b724b	0x860	0x66	0	55	174	None of us have ever been that far before.
0x1c7b724b	0x8d0	0x7a	0	71	174	They've got the road blocked off.\\nThink you can cut through?
0x1c7b724b	0x950	0xa9	0	66	174	Damn, those guys are just hanging\\naround that stopped truck.
0x1c7b724b	0x950	0xa9	1	31	174	You've got to cut through.
0x1c7b724b	0xa00	0xab	0	47	174	There's a bunker on the mountainside.
0x1c7b724b	0xa00	0xab	1	51	174	Put the odds in your favor by seizing it.
0x1c7b724b	0xab0	0xb6	0	50	174	That bunker's in a perfect position.
0x1c7b724b	0xab0	0xb6	1	63	174	The battle will be much easier if you capture it.
0x1c7b724b	0xb70	0x94	0	103	174	Please, Snake. Make sure they can never use that bunker again.
0x1c7b724b	0xc10	0x91	0	103	174	The enemy base is in the mountains to the north. Keep heading north.
0x1c7b724b	0xcb0	0x85	0	87	174	Looks like the entrance is on the mountainside. Better hurry, Snake.
0x1c7b724b	0xd40	0x71	0	71	174	Even we have never been past there.
0x1c7b724b	0xdc0	0x8b	0	87	174	There should be an entrance about halfway up the mountain. Be careful.
0x1c7b724b	0xe50	0x14c	0	83	174	See those really big leaves around you? That's Gunnera Insignis.
0x1c7b724b	0xe50	0x14c	1	82	174	It's also known as Sombrilla de Pobre, or "Poor Man's Parasol".
0x1c7b724b	0xe50	0x14c	2	72	174	You can literally use it as a parasol if you want to.
0x1c7b724b	0xfa0	0xfd	0	30	174	Sombrilla de pobre...
0x1c7b724b	0xfa0	0xfd	1	57	174	I often use that whenever a champa isn't enough.
0x1c7b724b	0xfa0	0xfd	2	68	174	Sometimes the jungle is too wet for just one plastic sheet.
0x1c7bf24b	0x0	0x82	0	87	180	The base is beyond that fort.\\nYou've got to get past it somehow.
0x1c7bf24b	0x90	0x7b	0	71	180	You have to get through that fort.\\nTheir base is beyond it.
0x1c7bf24b	0x110	0x6a	0	55	180	There may be snipers on the roof.
0x1c7bf24b	0x180	0x55	0	39	180	Look out for those guns!
0x1c7bf24b	0x1e0	0xc0	0	64	180	Looks like there's ladder leading down to the fort.
0x1c7bf24b	0x1e0	0xc0	1	49	180	I'll bet security's extremely tight.
0x1c7bf24b	0x2a0	0x6e	0	55	180	Isn't there some other way besides the ladder?
0x1c7bf24b	0x310	0x67	0	55	180	They will be watching those ladders closely.
0x1c7bf24b	0x380	0xb4	0	79	180	Charging in right through the center is asking for a firefight.
0x1c7bf24b	0x380	0xb4	1	34	180	Way too dangerous.
0x1c7bf24b	0x440	0x65	0	55	180	Isn't there any other way to get in?
0x1c7bf24b	0x4b0	0x97	0	103	180	Can't you get in through there? I don't thinking climbing up's an option...
0x1c7bf24b	0x550	0x6f	0	55	180	Can you get around to the outside from there?
0x1c7bf24b	0x5c0	0x83	0	87	180	Is there a ledge between the basement and first floor levels?
0x1c7bf24b	0x650	0x84	0	87	180	If you can find a handhold somewhere, you might be able to move along it.
0x1c7bf24b	0x6e0	0x67	0	55	180	Looks like you could get in from the side.
0x1c7bf24b	0x750	0x65	0	55	180	Can you make it there by hanging?
0x1c7bf24b	0x7c0	0x6a	0	55	180	Great! It looks like you can get in from there!
0x1c7bf24b	0x830	0x6b	0	55	180	Good, you're in. Keep going, Boss.
0x1c7bf24b	0x8a0	0x90	0	87	180	Once you get through there, you'll be at the enemy base. Keep going, Snake!
0x1c7bf24b	0x930	0x83	0	87	180	You're almost at the enemy base. Just a little bit farther!
0x1c7bf24b	0x9c0	0xb2	0	40	180	That's some camouflage job.
0x1c7bf24b	0x9c0	0xb2	1	73	180	You couldn't even see this place from the satellite shots...
0x1c7bf24b	0xa80	0xc3	0	44	180	To use a gun turret,
0x1c7bf24b	0xa80	0xc3	1	85	180	get close enough so that an icon appears, then press <I=ACT>!
0x1c7bf24b	0xb50	0x67	0	55	180	Use <I=CAMERA> to aim at your target.
0x1c7bf24b	0xbc0	0x7b	0	71	180	Use <I=AIM> to zoom in and <I=ATK> to fire!
0x1c7bf24b	0xc40	0x67	0	55	180	Use <I=CAMERA> to aim at your target.
0x1c7bf24b	0xcb0	0x67	0	55	180	Use <I=CAMERA> to aim at your target.
0x1c7bf24b	0xd20	0x88	0	87	180	Use <I=MACHINGUN_ZOOM> to zoom in and <I=ATK> to fire!
0x1c7bf24b	0xdb0	0x88	0	87	180	Use <I=MACHINGUN_ZOOM> to zoom in and <I=ATK> to fire!
0x1c7bf24b	0xe40	0x88	0	87	180	Use <I=MACHINGUN_ZOOM> to zoom in and <I=ATK> to fire!
0x1c7bf24b	0xed0	0x85	0	87	180	Looks like the entrance is on the mountainside. Better hurry, Snake.
0x1c7bf24b	0xf60	0x71	0	71	180	Even we have never been past there.
0x1c7bf24b	0xfe0	0x8b	0	87	180	There should be an entrance about halfway up the mountain. Be careful.
0x1c7bf24b	0x1070	0x14c	0	83	180	See those really big leaves around you? That's Gunnera Insignis.
0x1c7bf24b	0x1070	0x14c	1	82	180	It's also known as Sombrilla de Pobre, or "Poor Man's Parasol".
0x1c7bf24b	0x1070	0x14c	2	72	180	You can literally use it as a parasol if you want to.
0x1c7bf24b	0x11c0	0xfd	0	30	180	Sombrilla de pobre...
0x1c7bf24b	0x11c0	0xfd	1	57	180	I often use that whenever a champa isn't enough.
0x1c7bf24b	0x11c0	0xfd	2	68	180	Sometimes the jungle is too wet for just one plastic sheet.
0x1c7c724b	0x0	0x88	0	87	186	That's an AI weapon - The Pupa! It's fast, so be careful!
0x1c7c724b	0x90	0x65	0	55	186	Neutralize the Pupa AI weapon!
0x1c7c724b	0x100	0x82	0	87	186	Lie flat to avoid getting hit when it charges!
0x1c7c724b	0x190	0x7c	0	71	186	Destroying that part should stop it from charging!
0x1c7c724b	0x210	0x70	0	55	186	Taking those out will prevent it from punching!
0x1c7c724b	0x280	0x7d	0	71	186	Destroying that will take its electroshock functions offline!
0x1c7c724b	0x300	0x61	0	55	186	You destroyed the machinegun!
0x1c7c724b	0x370	0x55	0	39	186	High voltage incoming!
0x1c7c724b	0x3d0	0x84	0	87	186	Take those lightning rods out! They direct its electroshock attack!
0x1c7c724b	0x460	0x85	0	87	186	The electroshock unit's trying to repair itself! Shoot it!
0x1c7c724b	0x4f0	0x66	0	55	186	Aaagh! Shoot THEM, not ME!
0x1c7c724b	0x560	0xc1	0	52	186	You'll never beat it like that...
0x1c7c724b	0x560	0xc1	1	77	186	You need to hit it with armor piercing rounds or an RPG...
0x1c7c724b	0x630	0xae	0	45	186	Don't waste those parts, Snake!
0x1c7c724b	0x630	0xae	1	52	186	Take it out by climbing in the AI pod!
0x1c7c724b	0x6e0	0x77	0	71	186	Blow the hatch and climb into the AI pod!
0x1c7c724b	0x760	0x6c	0	55	186	You should be able to get in the AI pod!
0x1c7c724b	0x7d0	0x80	0	71	186	You can't get in now... You'll have to stop it again.
0x1c7c724b	0x850	0x65	0	55	186	Now! Get in the AI pod!
0x1c7c724b	0x8c0	0x64	0	55	186	It's too late. Stop it from moving!
0x1c7c724b	0x930	0x5e	0	39	186	There's your chance! Get in!
0x1c7c724b	0x990	0x68	0	55	186	Aim for the cylindrical AI pod!
0x1c7c724b	0xa00	0xab	0	37	186	Get it to stop moving!
0x1c7c724b	0xa00	0xab	1	61	186	You need to buy time to get inside the AI pod!
0x1c7c724b	0xab0	0x76	0	71	186	Use armor piercing rounds or an RPG!
0x1c7c724b	0xb30	0xa9	0	70	186	Try to leave the weaponry and AI parts intact if possible.
0x1c7c724b	0xb30	0xa9	1	28	186	I can use those.
0x1c7c724b	0xbe0	0x79	0	71	186	There'll be some warning signs when it's coming out...
0x1c7c724b	0xc60	0x75	0	71	186	The Pupa's back up and running! Shut it down again!
0x1c7c724b	0xce0	0x63	0	55	186	There it is! That cylindrical pod!
0x1c7c724b	0xd50	0x7d	0	71	186	Too big, Snake. Not even the EM Net can pick that thing up.
0x1c7c724b	0xdd0	0x128	0	62	186	Non-lethal weapons against an AI machine?
0x1c7c724b	0xdd0	0x128	1	84	186	What do you think this is, shootin' squirrels in the backyard?!
0x1c7c724b	0xdd0	0x128	2	58	186	Get back here and get organized, now!
0x1c7c724b	0xf00	0x13d	0	63	186	THAT'S your gear?! What were you thinking?!
0x1c7c724b	0xf00	0x13d	1	90	186	You can't go up against the enemy like that. You won't stand a chance!
0x1c7c724b	0xf00	0x13d	2	66	186	Come back and give yourself a fighting chance.
0x1c7c724b	0x1040	0xc0	0	52	186	You think you can beat the enemy with THAT?!
0x1c7c724b	0x1040	0xc0	1	61	186	Go and equip yourself with some decent weapons first!
0x1c7c724b	0x1100	0x11a	0	83	186	You won't even hurt their feelings with the weapons you've got now!
0x1c7c724b	0x1100	0x11a	1	37	186	You need to come back
0x1c7c724b	0x1100	0x11a	2	69	186	and select some gear that'll actually do some damage.
0x1c7c724b	0x1220	0xb9	0	53	186	Whoo! Look at that thing move!
0x1c7c724b	0x1220	0xb9	1	61	186	I amaze myself sometimes... er, sorry,
0x1c7c724b	0x12e0	0xb4	0	63	186	If you destroy the boosters on the left and right,
0x1c7c724b	0x12e0	0xb4	1	50	186	you can stop it from charging at you!
0x1c7c724b	0x13a0	0x98	0	103	186	Destroy the treads on the left and right to stop it from doing its punch attack!
0x1c7c724b	0x1440	0x9e	0	43	186	Maybe you could buy some time
0x1c7c724b	0x1440	0x9e	1	38	186	by attacking the AI pod!
0x1c7c724b	0x14e0	0xac	0	46	186	Don't attack the AI pod too much
0x1c7c724b	0x14e0	0xac	1	51	186	or you might break the memory boards.
0x1c7c724b	0x1590	0xa8	0	40	186	Get close to the AI pod
0x1c7c724b	0x1590	0xa8	1	58	186	and press <I=ACT> when the icon shows up!
0x1c7c724b	0x1640	0x101	0	110	186	Apparently each part of an AI weapon is connected to a memory board inside the AI pod.
0x1c7c724b	0x1640	0x101	1	84	186	Destroying a part will release the lock on the memory board.
0x1c7c724b	0x1750	0x65	0	55	186	Now! Get inside the AI pod!
0x1c7c724b	0x17c0	0x67	0	55	186	The AI pod is open - get inside!
0x1c79f3cb	0x0	0x65	0	55	186	Now, yank out those memory boards!
0x1c79f3cb	0x70	0x6c	0	55	186	Each memory board has its own purpose.
0x1c79f3cb	0xe0	0xa9	0	119	186	Attacking certain parts should trigger a reaction in the corresponding memory board.
0x1c79f3cb	0x190	0xb4	0	52	186	Too big a shock from the outside
0x1c79f3cb	0x190	0xb4	1	61	186	may make it harder to extract the boards.
0x1c79f3cb	0x250	0x89	0	87	186	Pull out all the AI's memory boards before the pod's ejected!
0x1c79f3cb	0x2e0	0xc2	0	62	186	The black memory boards are locked.
0x1c79f3cb	0x2e0	0xc2	1	68	186	Go after the boards with icons over them.
0x1c79f3cb	0x3b0	0xa7	0	119	186	You can unlock memory boards by destroying the mechanical components that they control.
0x1c79f3cb	0x460	0x9e	0	103	186	Any boards you remove can be used to build our own AI weapon.
0x1c79f3cb	0x500	0xdc	0	93	186	Memory boards have different functions according to the icons displayed over them.
0x1c79f3cb	0x500	0xdc	1	53	186	Go ahead and take whichever ones you want.
0x1c79f3cb	0x5e0	0x6e	0	55	186	Pull out all the unlocked memory boards!
0x1c79f3cb	0x650	0xb9	0	45	186	Pull out the memory boards!
0x1c79f3cb	0x650	0xb9	1	68	186	All the unlocked boards will have icons over them.
0x1c79f3cb	0x710	0xd2	0	69	186	If you attack parts on the exterior of the machine,
0x1c79f3cb	0x710	0xd2	1	77	186	the memory boards that control those parts should light up.
0x1c79f3cb	0x7f0	0x98	0	103	186	You can tell what a memory board does by looking at its color when it lights up.
0x1c79f3cb	0x890	0x62	0	55	186	No good, that one's broken!
0x1c79f3cb	0x900	0x61	0	55	186	Forget about any broken boards.
0x1c79f3cb	0x970	0x67	0	55	186	What? What's a tape doing there?
0x1c79f3cb	0x9e0	0x4e	0	23	186	Another tape?
0x1c79f3cb	0xa30	0x85	0	87	186	Attack different areas of the exterior to disengage the lock.
0x1c79f3cb	0xac0	0x9e	0	43	186	Maybe you could buy some time
0x1c79f3cb	0xac0	0x9e	1	38	186	by attacking the AI pod!
0x1c79f3cb	0xb60	0x8c	0	87	186	Don't attack the AI pod! You'll damage the memory boards!
0x1c79f3cb	0xbf0	0x75	0	71	186	Watch your aim! We'll lose the memory boards!
0x1c79f3cb	0xc70	0xac	0	46	186	Don't attack the AI pod too much
0x1c79f3cb	0xc70	0xac	1	51	186	or you might break the memory boards.
0x1c79f3cb	0xd20	0x89	0	87	186	You can't pull out a broken board. Watch out for any changes in them.
0x1c79f3cb	0xdb0	0x7c	0	71	186	That one's locked. You'll have to unlock it first.
0x1c79f3cb	0xe30	0x5e	0	39	186	So... You found the tape...
0x1c79f3cb	0xe90	0xa2	0	22	186	What is that?
0x1c79f3cb	0xe90	0xa2	1	36	186	You mind if I listen to it?
0x1c79f3cb	0xe90	0xa2	2	17	186	Please?!
0x1c79f3cb	0xf40	0x61	0	55	186	Pull out the AI memory boards!
0x1c79f3cb	0xfb0	0xc4	0	61	186	There are four types of memory boards:
0x1c79f3cb	0xfb0	0xc4	1	68	186	"Attack," "Control," "Mobility," and "Sense."
0x1c79f3cb	0x1080	0x42	0	23	186	Jack...!
0x1c79f3cb	0x10d0	0xa0	0	14	186	Go home!
0x1c79f3cb	0x10d0	0xa0	1	32	186	I'm not your Boss anymore!
0x1c79f3cb	0x10d0	0xa0	2	14	186	Go home!
0x1c79f3cb	0x1170	0xa0	0	14	186	Go home!
0x1c79f3cb	0x1170	0xa0	1	32	186	I'm not your Boss anymore!
0x1c79f3cb	0x1170	0xa0	2	14	186	Go home!
0x1c79f3cb	0x1210	0xa0	0	14	186	Go home!
0x1c79f3cb	0x1210	0xa0	1	32	186	I'm not your Boss anymore!
0x1c79f3cb	0x1210	0xa0	2	14	186	Go home!
0x1c79f3cb	0x12b0	0xae	0	40	186	What is this... this response...
0x1c79f3cb	0x12b0	0xae	1	17	186	Oh god...
0x1c79f3cb	0x12b0	0xae	2	20	186	Discontinue!
0x1c79f3cb	0x1360	0x109	0	52	186	I've been waiting, Snake, for a long time.
0x1c79f3cb	0x1360	0x109	1	46	186	Waiting for your birth, your growth,
0x1c79f3cb	0x1360	0x109	2	36	186	and the finality of today.
0x1c79f3cb	0x1360	0x109	3	17	186	Boss...
0x1c79f3cb	0x1470	0x4d6	0	71	186	I didn't raise you and shape you into the man you are today
0x1c79f3cb	0x1470	0x4d6	1	55	186	just so we could face each other in battle.
0x1c79f3cb	0x1470	0x4d6	2	71	186	A soldier's skills aren't meant to be used to hurt friends.
0x1c79f3cb	0x1470	0x4d6	3	37	186	So then what is an enemy?
0x1c79f3cb	0x1470	0x4d6	4	64	186	Is there such a thing as an absolute timeless enemy?
0x1c79f3cb	0x1470	0x4d6	5	54	186	There is no such thing and never has been.
0x1c79f3cb	0x1470	0x4d6	6	72	186	And the reason is that our enemies are human beings like us.
0x1c79f3cb	0x1470	0x4d6	7	59	186	They can only be our enemies in relative terms.
0x1c79f3cb	0x1470	0x4d6	8	47	186	The world must be made whole again.
0x1c79f3cb	0x1470	0x4d6	9	46	186	The Philosophers must be reunited.
0x1c79f3cb	0x1470	0x4d6	10	52	186	I will devote my skills to that purpose.
0x1c79f3cb	0x1470	0x4d6	11	66	186	And with the Colonel's money, I will achieve that end.
0x1c79f3cb	0x1470	0x4d6	12	46	186	Just as I once created the Cobras.
0x1c79f3cb	0x1470	0x4d6	13	31	186	They are my family.
0x1c79f3cb	0x1470	0x4d6	14	52	186	I may no longer be able to bear children
0x1c79f3cb	0x1470	0x4d6	15	38	186	but I still have a family.
0x1c79f3cb	0x1950	0x363	0	19	186	I raised you.
0x1c79f3cb	0x1950	0x363	1	18	186	I loved you.
0x1c79f3cb	0x1950	0x363	2	52	186	I've given you weapons, taught you techniques,
0x1c79f3cb	0x1950	0x363	3	33	186	endowed you with knowledge.
0x1c79f3cb	0x1950	0x363	4	47	186	There is nothing more for me to give you.
0x1c79f3cb	0x1950	0x363	5	51	186	All that's left for you to take is my life...
0x1c79f3cb	0x1950	0x363	6	26	186	...by your own hand.
0x1c79f3cb	0x1950	0x363	7	37	186	One must die and one must live.
0x1c79f3cb	0x1950	0x363	8	28	186	No victory, no defeat.
0x1c79f3cb	0x1950	0x363	9	43	186	The survivor will carry on the fight.
0x1c79f3cb	0x1950	0x363	10	30	186	\\n\\nIt is our destiny...
0x1c79f3cb	0x1950	0x363	11	58	186	The one who survives will inherit the title of Boss.
0x1c79f3cb	0x1950	0x363	12	48	186	And the one who inherits the title of Boss
0x1c79f3cb	0x1950	0x363	13	47	186	will face an existence of endless battle.
0x1c79f3cb	0x1cc0	0x8e	0	15	186	Kill me...
0x1c79f3cb	0x1cc0	0x8e	1	19	186	Kill me now...
0x1c79f3cb	0x1cc0	0x8e	2	11	186	Do it.
0x1c79f3cb	0x1d50	0x8e	0	41	186	There's only room for one Boss...
0x1c79f3cb	0x1d50	0x8e	1	24	186	And one Snake...
0x1c79f3cb	0x1de0	0x73	0	71	186	The quick brown fox jumps over the lazy dog.
0x1c79f3cb	0x1e60	0x70	0	55	186	The lonely fox chases the one-eyed hound.
0x1c79f3cb	0x1ed0	0x6a	0	55	186	Shall we walk through the rainy plain of Spain?
0x1c79f3cb	0x1f40	0x128	0	36	186	Kawanishi-noseguchi, Kinunobebashi,
0x1c79f3cb	0x1f40	0x128	1	38	186	Takiyama, Uguisunomori, Tsuzumigataki
0x1c79f3cb	0x1f40	0x128	2	27	186	Tada, Hirano, Ichinotorii,
0x1c79f3cb	0x1f40	0x128	3	26	186	Uneno, Yamashita, Sasabe,
0x1c79f3cb	0x1f40	0x128	4	33	186	Kofudai, Tokiwadai, Myokenguchi.
0x1c79f3cb	0x2070	0x85	0	33	186	Pi is equal to 3.141...
0x1c79f3cb	0x2070	0x85	1	33	186	...59265358979323846...
0x1c79f3cb	0x2100	0x64	0	55	186	Pi is equal to 3.254637369888888....
0x1c79f3cb	0x2170	0xdf	0	27	186	Pi is...
0x1c79f3cb	0x2170	0xdf	1	27	186	Pi is...
0x1c79f3cb	0x2170	0xdf	2	30	186	...about 3.
0x1c79f3cb	0x2250	0x259	0	65	186	I gave up my body... and my child... for my country.
0x1c79f3cb	0x2250	0x259	1	49	186	There is nothing left inside me now.
0x1c79f3cb	0x2250	0x259	2	50	186	Thanks... thanks for listening to me.
0x1c79f3cb	0x2250	0x259	3	40	186	I feel... content. Snake...
0x1c79f3cb	0x2250	0x259	4	36	186	Commence the operation.
0x1c79f3cb	0x2250	0x259	5	56	186	All that's left for you to take is my life.
0x1c79f3cb	0x2250	0x259	6	72	186	Let's make this the greatest 10 minutes of our lives, Jack.
0x1c79f3cb	0x2250	0x259	7	30	186	You're a soldier!
0x1c79f3cb	0x24b0	0x146	0	36	186	I hear it's amazing
0x1c79f3cb	0x24b0	0x146	1	91	186	when the famous purple stuffed worm in flap-jaw space with the tuning fork
0x1c79f3cb	0x24b0	0x146	2	52	186	does a raw blink on Hara-kiri Rock.
0x1c79f3cb	0x24b0	0x146	3	37	186	I need scissors! 61!
0x1c79f3cb	0x2600	0x14c	0	63	186	Jack? I can't stop the transmission myself.
0x1c79f3cb	0x2600	0x14c	1	84	186	Receiving that data and deciding how to retaliate is my mission.
0x1c79f3cb	0x2600	0x14c	2	90	186	The data itself originates from a separate device inside the platform.
0x1c79f3cb	0x2750	0x1a4	0	49	186	Retaliation may be my mission,
0x1c79f3cb	0x2750	0x1a4	1	56	186	but I don't want the world destroyed.
0x1c79f3cb	0x2750	0x1a4	2	68	186	Transmission might stop if the power's cut off...
0x1c79f3cb	0x2750	0x1a4	3	48	186	But I can't cut my own power,
0x1c79f3cb	0x2750	0x1a4	4	70	186	any more than you can stop yourself from breathing.
0x1c79f3cb	0x2900	0x17b	0	79	186	Submerging the platform in the lake might cut the power.
0x1c79f3cb	0x2900	0x17b	1	59	186	But my body won't do what it's told.
0x1c79f3cb	0x2900	0x17b	2	71	186	Reptile may have taken over the motion controls.
0x1c79f3cb	0x2900	0x17b	3	54	186	It's acting out of pure reflex.
0x1c79f3cb	0x2a80	0x171	0	62	186	The power should cut off if I cease to function.
0x1c79f3cb	0x2a80	0x171	1	39	186	But I can't guarantee it.
0x1c79f3cb	0x2a80	0x171	2	37	186	Keep going. Destroy me.
0x1c79f3cb	0x2a80	0x171	3	57	186	All that's left for you to take is my life.
0x1c79f3cb	0x2a80	0x171	4	46	186	One must die, and one must live.
0x1c79f3cb	0x2c00	0x42	0	23	186	Jack...!
0x1c79f3cb	0x2c50	0x42	0	23	186	Jack...!
0x1c79f3cb	0x2ca0	0x42	0	23	186	Jack...!
0x1c79f3cb	0x2cf0	0x42	0	23	186	Jack...!
0x1c79f3cb	0x2d40	0x42	0	23	186	Jack...!
0x1c79f3cb	0x2d90	0x64	0	55	186	Pi is equal to 3.254637369888888....
0x1c79f3cb	0x2e00	0xa1	0	24	186	Pi is...
0x1c79f3cb	0x2e00	0xa1	1	24	186	Pi is...
0x1c79f3cb	0x2e00	0xa1	2	27	186	...about 3.
0x1c79f3cb	0x2eb0	0x57	0	39	186	Why'd you come back?
0x1c79f3cb	0x2f10	0x79	0	71	186	You'd better stay in line from now on.
0x1c79f38b	0x0	0x53	0	39	192	Hey, that looks delicious!
0x1c79f38b	0x60	0x7c	0	71	192	Ha ha, don't quit your day job.
0x1c79f38b	0xe0	0xa6	0	41	192	What're you going to do with that?
0x1c79f38b	0xe0	0xa6	1	57	192	You think you're some kind of hunter or something?
0x1c79f38b	0x190	0x5d	0	39	192	Whoa, where'd that thing come from!?
0x1c79f38b	0x1f0	0x62	0	55	192	What the hell? Is this even real?
0x1c79f38b	0x260	0x71	0	71	192	Is this some kind of joke!? What the hell is it?
0x1c79f38b	0x2e0	0x70	0	55	192	There it is. Time for some monster hunting!
0x1c79f38b	0x350	0x69	0	55	192	Careful, now, you're up against a monster!
0x1c79f38b	0x3c0	0x58	0	39	192	Look, that's so cool!
0x1c79f38b	0x420	0x47	0	23	192	A Tigrex...
0x1c79f38b	0x470	0x44	0	23	192	Rathalos!
0x1c79f38b	0x4c0	0x7f	0	71	192	Defend Mother Base! Get Gear REX under control!
0x1c79f38b	0x540	0x83	0	87	192	What a roar! It'll stun you if you're too close when you hear it!
0x1c79f38b	0x5d0	0x8b	0	87	192	You could block out that roar with, with earplugs or something...
0x1c79f38b	0x660	0x72	0	71	192	Pay attention! There is a sign before that charge attack!
0x1c79f38b	0x6e0	0x71	0	71	192	Man, wish I could see a live Tigrex, too...
0x1c79f38b	0x760	0x80	0	71	192	I think its head and arms turn red when it gets mad.
0x1c79f38b	0x7e0	0x71	0	71	192	Concentrate on defense when he gets mad!
0x1c79f38b	0x860	0x66	0	55	192	Aim for the head when he's threatening you.
0x1c79f38b	0x8d0	0x78	0	71	192	If he turns your way all of a sudden, it's about to charge!
0x1c79f38b	0x950	0x8d	0	87	192	When he turns to face you slowly, get ready for it to breathe fire.
0x1c79f38b	0x9e0	0x70	0	55	192	Get too close and it'll attack you with his tail!
0x1c79f38b	0xa50	0x84	0	87	192	If it flaps its legs in the air, it's getting ready to dive bomb you!
0x1c79f38b	0xae0	0x89	0	87	192	It seems to use that big protruding thing to absorb life force.
0x1c79f38b	0xb70	0x7f	0	71	192	Shoot the base of the protrusion to weaken the acid's strength.
0x1c79f38b	0xbf0	0x68	0	55	192	That tail's a real threat. Hack it off!
0x1c79f38b	0xc60	0x92	0	103	192	Get rid of some of those spines by shooting the fin on its back!
0x1c79f38b	0xd00	0x73	0	71	192	Shoot its head to weaken its roar!
0x1c79f38b	0xd80	0x8a	0	87	192	The spines it drops resonate with its roar. Get rid of them!
0x1c79f38b	0xe10	0x65	0	55	192	Watch out, there's a Velociprey nearby!
0x1c79f38b	0xe80	0x68	0	55	192	Perfect - we can feed Somoza to him.
0x1c79f38b	0xef0	0xac	0	29	192	I'll be damned...
0x1c79f38b	0xef0	0xac	1	69	192	Well, I can no longer tell Chico such things don't exist.
0x1c79f38b	0xfa0	0x7e	0	71	192	Unbelievable! How could a human ever defeat such a creature!
0x1c79f38b	0x1020	0x99	0	33	192	Let me try talking to it...
0x1c79f38b	0x1020	0x99	1	14	192	Raawwwr!
0x1c79f38b	0x1020	0x99	2	12	192	Rawwr!
0x1c79f38b	0x10c0	0x7f	0	71	192	Amazing! More beautiful than any bird I have ever seen!
0x1c79f38b	0x1140	0xde	0	21	192	A real reptile!
0x1c79f38b	0x1140	0xde	1	70	192	These creatures must have followed a different evolutionary path
0x1c79f38b	0x1140	0xde	2	33	192	from those on the mainland.
0x1c79f38b	0x1220	0x87	0	87	192	Costa Rica is a veritable treasure trove of life, but... A monster?!
0x1c79f38b	0x12b0	0x70	0	55	192	A monster island... So the legend is true...
0x1c79f38b	0x1320	0x95	0	103	192	Who knew such a beast existed... The world is still a mystery in many ways.
0x1c79f38b	0x13c0	0x85	0	87	192	That's a Felyne, isn't it? Hey, why don't you try talking to it?
0x1c79f38b	0x1450	0xb5	0	31	192	Wow, an actual Felyne!
0x1c79f38b	0x1450	0xb5	1	83	192	Try talking to it! You're an expert in picking up local lingo, aren't you?
0x1c79f38b	0x1510	0xab	0	48	192	Spanish isn't going to work on a Felyne.
0x1c79f38b	0x1510	0xab	1	49	192	You have to try talking like one of them.
0x1c79f38b	0x15c0	0x67	0	55	192	That's not what you're supposed to be huntin'!
0x1c79f38b	0x1630	0x6d	0	55	192	What are you doing?! He's not the enemy!
0x1c79f38b	0x16a0	0xdb	0	72	192	Hey, cut it out! There aren't many UMA kitties around!
0x1c79f38b	0x16a0	0xdb	1	73	192	Are you prepared to tell Capcom you killed one of them?
0x1c79f38b	0x1780	0xa7	0	58	192	How dare you do that to that poor little kitty!
0x1c79f38b	0x1780	0xa7	1	39	192	The barbarism of soldiers...
0x1c79f38b	0x1830	0x7d	0	71	192	What are you doing?! He's not the enemeow!
0x1c79f38b	0x18b0	0xc4	0	69	192	I'm getting some familiar vibes from this one.
0x1c79f38b	0x18b0	0xc4	1	61	192	Like he was born to fight, same as us.
0x1c79f38b	0x1980	0xd5	0	78	192	Fascinating...I can see the logic in the creature's form.
0x1c79f38b	0x1980	0xd5	1	67	192	I might even be able to apply it in my work...
0x1c79f38b	0x1a60	0xb1	0	60	192	Is that a fierce-looking UMA or what?!
0x1c79f38b	0x1a60	0xb1	1	54	192	It's like some fighting machine!
0x1c79f38b	0x1b20	0xb6	0	53	192	Maybe Gear REX is sounding the alarm
0x1c79f38b	0x1b20	0xb6	1	61	192	over man's destruction of the environment...
0x1c79f38b	0x1be0	0xa3	0	55	192	You think you can capture that thing alive?
0x1c79f38b	0x1be0	0xa3	1	42	192	I'd love to take a look at it!
0x1c79f38b	0x1c90	0xa3	0	41	192	This beast is too big!
0x1c79f38b	0x1c90	0xa3	1	56	192	The stun rod's not having any effect!
0x1c79f38b	0x1d40	0xdc	0	83	192	I guess these big monsters get immune to the stun rod pretty quick.
0x1c79f38b	0x1d40	0xdc	1	62	192	You'll have to think of another way to attack.
0x1c79f38b	0x1e20	0xf1	0	41	192	That's a BBQ spit.
0x1c79f38b	0x1e20	0xf1	1	66	192	You can use it to roast food, even rations,
0x1c79f38b	0x1e20	0xf1	2	50	192	simply by pressing <I=ACT>.
0x1c79f38b	0x1f20	0x7a	0	71	192	To stop roasting, press <I=ACT> one more time.
0x1c79f38b	0x1fa0	0x65	0	55	192	Hey, your food it's burning!
0x1c79f38b	0x2010	0x93	0	103	192	Cooking meat is all about timing! Same when it comes to rations.
0x1c79f38b	0x20b0	0x7c	0	71	192	I would love to cook some chicken on that cooker of yours sometime.
0x1c79f38b	0x2130	0xbf	0	73	192	Now, don't overcook it or not only will it taste bad,
0x1c79f38b	0x2130	0xbf	1	41	192	it'll be bad for you.
0x1c79f38b	0x21f0	0xb8	0	59	192	Cold rations aren't very appetizing, are they?
0x1c79f38b	0x21f0	0xb8	1	55	192	I'm sure they'll be much better heated up.
0x1c79f38b	0x22b0	0x8d	0	87	192	That's an awfully crude way to cook - you sure it's going to turn out?
0x1c79f38b	0x2340	0x53	0	39	192	Mmm! Looks tasty!
0x1c79f38b	0x23a0	0x53	0	39	192	Mmm! Looks tasty!
0x1c79f38b	0x2400	0x53	0	39	192	Mmm! Looks tasty!
0x1c79f38b	0x2460	0x53	0	39	192	Mmm! Looks tasty!
0x1c79f38b	0x24c0	0x53	0	39	192	Mmm! Looks tasty!
0x1c79f38b	0x2520	0x53	0	39	192	Mmm! Looks tasty!
0x1c79f38b	0x2580	0x53	0	39	192	Mmm! Looks tasty!
0x1c79f38b	0x25e0	0x51	0	39	192	Target is down!
0x1c79f38b	0x2640	0x4e	0	23	192	Nice huntin', Snake!
0x1c79f38b	0x2690	0x6b	0	55	192	Hunt's over! Return to base.
0x1c79f38b	0x2700	0x93	0	22	192	Got it!
0x1c79f38b	0x2700	0x93	1	59	192	You sure know how to bag the big ones, Boss!
0x1c79f38b	0x27a0	0xb7	0	40	192	Yes! Now that's a prize.
0x1c79f38b	0x27a0	0xb7	1	74	192	Only a master hunter could bring something like that down!
0x1c79f38b	0x2860	0x8f	0	87	192	Look at this guy's skin...might make a decent camo pattern.
0x1c79f38b	0x28f0	0x91	0	103	192	Whoa, nice fangs! Once they sink into something, they don't let go!
0x1c79f38b	0x2990	0x94	0	103	192	This thing's just charging like a bull. Maybe if you acted like a bullfighter...?
0x1c79f38b	0x2a30	0xc7	0	54	192	I don't think this is the last of 'em.
0x1c79f38b	0x2a30	0xc7	1	75	192	There could be a second or even third Gear REX out there...
0x1c79f38b	0x2b00	0xa2	0	66	192	Figures there'd be a giant monster in a volcano.
0x1c79f38b	0x2b00	0xa2	1	31	192	Take it down!
0x1c79f38b	0x2bb0	0x8d	0	87	192	You have to stop Gear REX. It's up to you to protect Mother Base!
0x1c7cf24b	0x0	0x85	0	87	198	There's a break in the fence. Couldn't you sneak in through there?
0x1c7cf24b	0x90	0x7e	0	71	198	Snake, I bet you could get through that break in the fence.
0x1c7cf24b	0x110	0x7b	0	71	198	They may have guards posted up high. Ten cuidado.
0x1c7cf24b	0x190	0x4f	0	23	198	Careful. Guards.
0x1c7cf24b	0x1e0	0x9d	0	103	198	Head west from there and it'll take you straight to the prison camp.
0x1c7cf24b	0x280	0x8e	0	87	198	Pass through the coffee factory to reach the train terminal.
0x1c7cf24b	0x310	0x9d	0	103	198	You'll have to pass through the coffee factory to reach the train terminal.
0x1c7cf24b	0x3b0	0x89	0	87	198	More of my compas might be in there. Please.. please, help them!
0x1c7cf24b	0x440	0x6b	0	55	198	You have to help my compas. Please.
0x1c7cf24b	0x4b0	0x53	0	39	198	Thanks for your help!
0x1c7cf24b	0x510	0x72	0	71	198	There could be more compas still being held.
0x1c7cf24b	0x590	0x65	0	55	198	Looks like that's all of them. Thanks again.
0x1c7cf24b	0x600	0x74	0	71	198	The prison camp is to the south. Head south.
0x1c7cf24b	0x680	0x8b	0	87	198	The only way back to the prison facility is through this factory.
0x1c7cf24b	0x710	0x90	0	87	198	I'll have to make you a cup of coffee next time I see you, Snake.
0x1c7cf24b	0x7a0	0x62	0	55	198	Coffee's kind of bitter, don't you think?
0x1c7cf24b	0x810	0xad	0	37	198	Go back to the prison camp.
0x1c7cf24b	0x810	0xad	1	60	198	It's in the village where they were holding Chico.
0x1c7cf24b	0x8c0	0x63	0	55	198	Make your way back to the prison facility.
0x1c7cf24b	0x930	0x73	0	71	198	The train terminal is beyond the coffee plantation.
0x1c7cf24b	0x9b0	0x86	0	87	198	That cargo's bound for the rail terminal in El Cadalso - it has to be.
0x1c7cf24b	0xa40	0x6f	0	55	198	The rail terminal should be in El Cadalso.
0x1c7cf24b	0xab0	0x97	0	103	198	Destroy the barricade by the prison. That's the village where I was held.
0x1c7cf24b	0xb50	0x95	0	103	198	Head for the prison where I was held. There's a barricade there.
0x1c7cf24b	0xbf0	0x67	0	55	198	Use C4 to destroy the barricade.
0x1c7cf24b	0xc60	0x8a	0	87	198	Apparently, that aqueduct north of the village also serves as a bridge.
0x1c7cf24b	0xcf0	0x6d	0	55	198	Head north. Look for the gorge.
0x1c7cf24b	0xd60	0x14c	0	83	198	See those really big leaves around you? That's Gunnera Insignis.
0x1c7cf24b	0xd60	0x14c	1	82	198	It's also known as Sombrilla de Pobre, or "Poor Man's Parasol".
0x1c7cf24b	0xd60	0x14c	2	72	198	You can literally use it as a parasol if you want to.
0x1c7cf24b	0xeb0	0xfd	0	30	198	Sombrilla de pobre...
0x1c7cf24b	0xeb0	0xfd	1	57	198	I often use that whenever a champa isn't enough.
0x1c7cf24b	0xeb0	0xfd	2	68	198	Sometimes the jungle is too wet for just one plastic sheet.
0x1c677285	0x0	0xb1	0	61	204	Careful. If there's enemy scouts around here,
0x1c677285	0x0	0xb1	1	52	204	they'll be nearly impossible to see.
0x1c677285	0xc0	0x8d	0	87	204	Keep your eyes peeled. Enemy scouts could be hiding almost anywhere.
0x1c677285	0x150	0x8d	0	87	204	Watch out. Enemy Search may not spot enemies that are actively hidden.
0x1c677285	0x1e0	0x8c	0	87	204	The Surround Indicator is also effective for spotting hidden enemies.
0x1c677285	0x270	0x92	0	103	204	A fall from there would be certain death...even for a superman like you.
0x1c677285	0x310	0x7b	0	71	204	Look at that... Mother Nature's paintbrush at work.
0x1c677285	0x390	0xa5	0	45	204	That pile of rubble's in the way,
0x1c677285	0x390	0xa5	1	53	204	but some C4 should make short work of it.
0x1c677285	0x440	0x10c	0	45	204	Some scouts are really hard to spot
0x1c677285	0x440	0x10c	1	66	204	because they use grass or dirt to camouflage themselves.
0x1c677285	0x440	0x10c	2	60	204	They blend right in with the natural surroundings.
0x1c677285	0x550	0xc1	0	86	204	You'll be difficult to spot in the jungle wearing a Ghillie suit.
0x1c677285	0x550	0xc1	1	44	204	Become one with nature.
0x1c677285	0x620	0xd9	0	80	204	That flower that looks like a crab's claw is Heliconia Latispatha.
0x1c677285	0x620	0xd9	1	65	204	Hummingbirds will often come to drink their nectar.
0x1c677285	0x700	0x93	0	103	204	You can't get into the lab without an ID card. Go back and find one.
0x1c677285	0x7a0	0x6e	0	55	204	You need to get yourself an ID card first.
0x1c677285	0x810	0xc2	0	56	204	Find the soldier with the ID card.
0x1c677285	0x810	0xc2	1	73	204	The soldier is in the woods near a singing quetzal.
0x1c677285	0x8e0	0x72	0	71	204	Ruins?! Think there's treasure hidden inside?
0x1c677285	0x960	0xc4	0	90	204	It'd be nice if I could cobble together a high-performance portable radar unit
0x1c677285	0x960	0xc4	1	40	204	for you here at Mother Base.
0x1c677285	0xa30	0x8f	0	87	204	Sighting enemies would be a cinch with a pair of night vision goggles...
0x1c677285	0xac0	0x69	0	55	204	Shame you left them behind.
0x1c677285	0xb30	0x7d	0	71	204	Snipers and laser sights are a deadly combination...
0x1c677285	0xbb0	0x5c	0	39	204	Watch out for the red lasers.
0x1c677285	0xc10	0x59	0	39	204	They've got a bead on you!
0x1c677285	0xc70	0x85	0	87	204	There may be snipers hidden in the jungle. Be careful.
0x1c677285	0xd00	0x6e	0	55	204	If anything looks suspicious out there, check it out.
0x1c677285	0xd70	0x80	0	71	204	A good sniper changes position as soon as he's spotted.
0x1c677285	0xdf0	0x7e	0	71	204	Be ready for an ambush. There's too many hiding places here.
0x1c677285	0xe70	0x75	0	71	204	There could be enemies anywhere. Stay sharp.
0x1c677285	0xef0	0xca	0	55	204	There's supposed to be a quetzal singing
0x1c677285	0xef0	0xca	1	74	204	close to where your target is located. Keep your ears open.
0x1c677285	0xfc0	0xc3	0	60	204	If you forget what a quetzal sounds like,
0x1c677285	0xfc0	0xc3	1	70	204	give Cecile a CALL on the radio. She'll remind you.
0x1c677285	0x1090	0x9c	0	35	204	The soldier carrying the ID card
0x1c677285	0x1090	0x9c	1	46	204	is supposed to be wearing an orange jacket.
0x1c677285	0x1130	0x81	0	87	204	Make sure you don't kill the soldier when you do your body check.
0x1c677285	0x11c0	0x80	0	71	204	Once you know which soldier has the ID card, do a body check.
0x1c677285	0x1240	0xdc	0	91	204	To do a body check, first knock the soldier out or put him to sleep.
0x1c677285	0x1240	0xdc	1	55	204	Or hold him up - that works too.
0x1c677285	0x1320	0x79	0	71	204	Need a reminder of that quetzal call, hmm? Kyohhh kyohhh.
0x1c677285	0x13a0	0x6d	0	55	204	Kyohhh kyohhh... That is what a quetzal sounds like.
0x1c677285	0x1410	0x62	0	55	204	Kyohhh kyohhh. ...Well? Pretty good, hm?
0x1c677285	0x1480	0x8e	0	34	204	Oink, oink! Oink, oink!
0x1c677285	0x1480	0x8e	1	32	204	Oops, that was a pig!
0x1c677285	0x1510	0x79	0	71	204	There he is! That is the man who took my ID card!
0x1c677285	0x1590	0x7e	0	71	204	Yes...that is definitely the quetzal. He must be nearby!
0x1c677285	0x1610	0x77	0	71	204	Now look for a soldier with an orange jacket.
0x1c677285	0x1690	0x78	0	71	204	What you are hearing is the Rufous-collared Sparrow.
0x1c677285	0x1710	0x74	0	71	204	The quetzal sounds like this -- kyoooh, kyoooh!
0x1c677285	0x1790	0x5d	0	39	204	That is the sound of the House Wren.
0x1c677285	0x17f0	0x6d	0	55	204	I believe that is perhaps...the Common Yellowthroat.
0x1c677285	0x1860	0x52	0	39	204	Snake, pick it up!
0x1c677285	0x18c0	0xb2	0	67	204	You'll have to unequip the Fulton recovery device
0x1c677285	0x18c0	0xb2	1	47	204	before you do the body check.
0x1c677285	0x1980	0xc9	0	80	204	You wouldn't want to accidentally do a Fulton recovery
0x1c677285	0x1980	0xc9	1	50	204	instead of a body check.
0x1c677285	0x1a50	0xc7	0	53	204	You're carrying too much stuff.
0x1c677285	0x1a50	0xc7	1	77	204	You gotta drop something before you pick up a new item.
0x1c677285	0x1b20	0xb0	0	70	204	Open the item window, choose the item you want to drop,
0x1c677285	0x1b20	0xb0	1	28	204	then DROP it.
0x1c677285	0x1bd0	0x83	0	87	204	Guess this one didn't have the ID card after all. Keep looking.
0x1c677285	0x1c60	0x8b	0	29	204	He did not have the card?
0x1c677285	0x1c60	0x8b	1	36	204	It couldn't have been him, then.
0x1c677285	0x1cf0	0x87	0	87	204	I could have sworn it was him... Maybe it was somebody else?
0x1c677285	0x1d80	0x8b	0	87	204	Guess that wasn't the one. I'm not hearing the quetzal, either.
0x1c677285	0x1e10	0x8a	0	87	204	I bet you could use that ID card you found to get into the lab.
0x1c677285	0x1ea0	0x6a	0	55	204	That card will get you into the lab.
0x1c677285	0x1f10	0x69	0	55	204	Kyohhh kyohhh. ...Hm? Oh, have you had enough?
0x1c677285	0x1f80	0x67	0	55	204	I got you into the lab! Hee hee, yay.
0x1c677285	0x1ff0	0x94	0	103	204	Head for the ruins. With the ID card, you should be able to access the lab.
0x1c677285	0x2090	0xba	0	63	204	Time's running short. You need to get back to the ruins
0x1c677285	0x2090	0xba	1	51	204	as quickly as possible and destroy that AI.
0x1c677285	0x2150	0xbf	0	49	204	Good thing you found the ID card.
0x1c677285	0x2150	0xbf	1	65	204	Maybe Quetzalcoatl had something to do with it...
0x1c677285	0x2210	0xc3	0	79	204	You got a good ear, being able to pick out a quetzal call like that.
0x1c677285	0x2210	0xc3	1	51	204	It's something like this, right? Kyoooh!
0x1c677285	0x22e0	0xc0	0	68	204	Hey, uh... you mind if I have a look at that ID card later?
0x1c677285	0x22e0	0xc0	1	46	204	Er, for research purposes, of course.
0x1c677285	0x23a0	0x66	0	55	204	Oh... Never thought she hated me that much...
0x1c677285	0x2410	0xab	0	61	204	That American, Huey... can we really trust him?
0x1c677285	0x2410	0xab	1	36	204	That letter bother me.
0x1c677285	0x24c0	0x7a	0	71	204	I wouldn't mind reading Huey's letter myself...
0x1c677285	0x2540	0x83	0	87	204	A letter to Dr. Strangelove... Heh, wonder what that's about.
0x1c677285	0x25d0	0x5f	0	39	204	Did you... read Mr. Huey's letter?
0x1c677285	0x2630	0x93	0	103	204	Come on, Snake! That letter could contain information vital to our mission.
0x1c677285	0x26d0	0xbd	0	22	204	Man,
0x1c677285	0x26d0	0xbd	1	92	204	nice to see someone is relaxed enough these days to compose a love letter.
0x1c677285	0x2790	0x7f	0	71	204	It was a love letter? You'll have to show it to me sometime.
0x1c677285	0x2810	0x96	0	103	204	Ha ha ha! What do you know, a love letter. Never thought he had it in him!
0x1c677285	0x28b0	0xb5	0	45	204	I can't believe you would poke
0x1c677285	0x28b0	0xb5	1	69	204	your nose into someone else's personal life like that.
0x1c677285	0x2970	0xce	0	76	204	Your objective is a research facility disguised as ancient ruins.
0x1c677285	0x2970	0xce	1	54	204	It's on the other side of the cloud forest.
0x1c677285	0x2a40	0x61	0	55	204	Head for Strangelove's lab.
0x1c677285	0x2ab0	0x69	0	55	204	Promise me you won't read that letter.
0x1c677285	0x2b20	0x6d	0	55	204	I wonder what Dr. Strangelove is like...
0x1c677285	0x2b90	0x87	0	87	204	Dr. Strangelove's lab can't be much further. Hurry, Snake.
0x1c677285	0x2c20	0x74	0	71	204	Shouldn't be long before you get to those ruins now.
0x1c677285	0x2ca0	0x74	0	71	204	The lab seems to be located in a vast series of ruins.
0x1c677285	0x2d20	0xb4	0	71	204	Go to the lab and destroy Peace Walker's cerebrum.
0x1c677285	0x2d20	0xb4	1	42	204	You can do it, Snake!
0x1c677285	0x2de0	0x7c	0	71	204	Strangelove's lab is north of there. Head north.
0x1c677285	0x2e60	0x5e	0	39	204	Head for the lab to the north.
0x1c677285	0x2ec0	0x84	0	87	204	First cut over to the east. You'll find the lab north of there.
0x1c677285	0x2f50	0x7f	0	71	204	We had a mule at my house once. He was a real hard worker.
0x1c677285	0x2fd0	0xc1	0	94	204	Sorry, but even just hearing el colibri's song makes me weak in the knees...
0x1c677285	0x2fd0	0xc1	1	36	204	Some soldier, huh?
0x1c677285	0x30a0	0x7c	0	71	204	I wonder if the mule made it home...
0x1c677285	0x3120	0x78	0	71	204	I've never been that far before. Be careful, Snake.
0x1c677285	0x31a0	0xc7	0	60	204	Snake, I'm a sucker for French women, too,
0x1c677285	0x31a0	0xc7	1	70	204	but right now I need you to go meet Dr. Strangelove.
0x1c677285	0x3270	0x56	0	39	204	Ah, une petite Parisenne...
0x1c677285	0x32d0	0x46	0	23	204	Je t'aime...
0x1c677285	0x3320	0x74	0	71	204	Better hope Xochiquetzal's watching over you, Snake...
0x1c677285	0x33a0	0x7f	0	71	204	Bet those butterflies don't have anything to worry about at all, huh?
0x1c677285	0x3420	0xb8	0	77	204	I heard in Japan they have Morpho butterflies almost 6 feet long!
0x1c677285	0x3420	0xb8	1	37	204	I, I wonder if it's true.
0x1c677285	0x34e0	0x65	0	55	204	Morpho butterflies... Pretty, aren't they?
0x1c677285	0x3550	0x80	0	71	204	Look at the structural coloring on these morphos... fascinating!
0x1c7bf28b	0x0	0xa3	0	35	234	Take out the Chrysalis!
0x1c7bf28b	0x0	0xa3	1	63	234	That thing needs to be eliminated once and for all!
0x1c7bf28b	0xb0	0x6a	0	55	234	Neutralize the Chrysalis AI weapon!
0x1c7bf28b	0x120	0x85	0	87	234	Hit the hatch to the AI pod until it opens!
0x1c7bf28b	0x1b0	0x64	0	55	234	Now! Board the AI pod!
0x1c7bf28b	0x220	0x5e	0	39	234	Hit that thing with rockets!
0x1c7bf28b	0x280	0x8f	0	87	234	Those rounds will chew through\\nany wall you try to hide behind!
0x1c7bf28b	0x310	0x7b	0	71	234	You have to shoot open the hatch\\non its AI pod!
0x1c7bf28b	0x390	0x91	0	103	234	Attack the AI pod to destroy its hatch! It's the cylindrical structure!
0x1c7bf28b	0x430	0x7f	0	71	234	Shoot the pod already! You haven't stopped it from moving!
0x1c7bf28b	0x4b0	0x81	0	87	234	Hurry up and get in the AI pod! Otherwise it'll reactivate.
0x1c7bf28b	0x540	0x76	0	71	234	Use this chance to get in\\nthe AI pod!
0x1c7bf28b	0x5c0	0x57	0	39	234	Tear out those AI parts!
0x1c7bf28b	0x620	0x6f	0	55	234	Shake it off, Snake! Don't stop moving!
0x1c7bf28b	0x690	0x65	0	55	234	Use <I=MOVE> to break free!
0x1c7bf28b	0x700	0x65	0	55	234	Use <I=MOVE> to break free!
0x1c7bf28b	0x770	0x5c	0	39	234	Shake it off with <I=MOVE>!
0x1c7bf28b	0x7d0	0x5c	0	39	234	Shake it off with <I=MOVE>!
0x1c7bf28b	0x830	0x7b	0	71	234	Watch out for those little UFOs! They'll try and snatch you!
0x1c7bf28b	0x8b0	0x62	0	55	234	Use the terrain to your advantage!
0x1c7bf28b	0x920	0x83	0	87	234	It would be suicide to attack now - focus on defense.
0x1c7bf28b	0x9b0	0x62	0	55	234	Think defensively for now!
0x1c7bf28b	0xa20	0x5b	0	39	234	Now's your chance! Attack!
0x1c7bf28b	0xa80	0x59	0	39	234	Now is your chance, Go!
0x1c7bf28b	0xae0	0x65	0	55	234	Now's your chance to attack!
0x1c7bf28b	0xb50	0xb1	0	63	234	That thing claimed many of my compas...
0x1c7bf28b	0xb50	0xb1	1	50	234	Pay it back for me, Snake!
0x1c7bf28b	0xc10	0x5f	0	39	234	Get him for me, Snake!
0x1c7bf28b	0xc70	0xa6	0	54	234	That voice is similar to that of the person
0x1c7bf28b	0xc70	0xa6	1	44	234	who took care of me at the lab...
0x1c7bf28b	0xd20	0x84	0	87	234	Fog's getting thick. Careful you don't lose sight of that chopper.
0x1c7bf28b	0xdb0	0xad	0	42	234	The chopper had a red lamp on it.
0x1c7bf28b	0xdb0	0xad	1	56	234	You should be able to see that through the fog.
0x1c7bf28b	0xe60	0x85	0	87	234	If you lose sight of the enemy, look for the red light!
0x1c7bf28b	0xef0	0x9f	0	103	234	The Surround Indicator lets you locate enemies even when you can't see them.
0x1c7bf28b	0xf90	0x92	0	103	234	Use the Surround Indicator to help you get a fix on the enemy's position!
0x1c7bf28b	0x1030	0x71	0	71	234	The EM Net won't work on flying targets.
0x1c7bf28b	0x10b0	0x128	0	62	234	Non-lethal weapons against an AI machine?
0x1c7bf28b	0x10b0	0x128	1	84	234	What do you think this is, shootin' squirrels in the backyard?!
0x1c7bf28b	0x10b0	0x128	2	58	234	Get back here and get organized, now!
0x1c7bf28b	0x11e0	0x13d	0	63	234	THAT'S your gear?! What were you thinking?!
0x1c7bf28b	0x11e0	0x13d	1	90	234	You can't go up against the enemy like that. You won't stand a chance!
0x1c7bf28b	0x11e0	0x13d	2	66	234	Come back and give yourself a fighting chance.
0x1c7bf28b	0x1320	0xc0	0	52	234	You think you can beat the enemy with THAT?!
0x1c7bf28b	0x1320	0xc0	1	61	234	Go and equip yourself with some decent weapons first!
0x1c7bf28b	0x13e0	0x11a	0	83	234	You won't even hurt their feelings with the weapons you've got now!
0x1c7bf28b	0x13e0	0x11a	1	37	234	You need to come back
0x1c7bf28b	0x13e0	0x11a	2	69	234	and select some gear that'll actually do some damage.
0x1c7bf28b	0x1500	0x9e	0	43	234	Maybe you could buy some time
0x1c7bf28b	0x1500	0x9e	1	38	234	by attacking the AI pod!
0x1c7bf28b	0x15a0	0xac	0	46	234	Don't attack the AI pod too much
0x1c7bf28b	0x15a0	0xac	1	51	234	or you might break the memory boards.
0x1c7bf28b	0x1650	0xa8	0	40	234	Get close to the AI pod
0x1c7bf28b	0x1650	0xa8	1	58	234	and press <I=ACT> when the icon shows up!
0x1c7bf28b	0x1700	0x101	0	110	234	Apparently each part of an AI weapon is connected to a memory board inside the AI pod.
0x1c7bf28b	0x1700	0x101	1	84	234	Destroying a part will release the lock on the memory board.
0x1c7bf28b	0x1810	0x65	0	55	234	Now! Get inside the AI pod!
0x1c7bf28b	0x1880	0x67	0	55	234	The AI pod is open - get inside!
0x1c7bf28b	0x18f0	0x73	0	71	234	Boss...you can't change the past.
0x1c7bf28b	0x1970	0x58	0	39	234	That's such a beautiful flower.
0x1c7bf28b	0x19d0	0x69	0	55	234	Stars of Bethlehem... I planted them.
0x1c7bf28b	0x1a40	0x75	0	71	234	There could be enemies anywhere. Stay sharp.
0x1c79f2cb	0x0	0x8c	0	87	240	Peace Walker's in a base due west of your current position. Move out!
0x1c79f2cb	0x90	0x63	0	55	240	Go West, Snake. West.
0x1c79f2cb	0x100	0xb4	0	57	240	Not all enemies will be on the ground.
0x1c79f2cb	0x100	0xb4	1	56	240	Watch for hostiles on the roofs, too.
0x1c79f2cb	0x1c0	0x6e	0	55	240	A ladder. Now you can get up to the roof.
0x1c79f2cb	0x230	0xd1	0	29	240	In certain areas,
0x1c79f2cb	0x230	0xd1	1	46	240	you may be able to get to the roof
0x1c79f2cb	0x230	0xd1	2	48	240	by using wooden boxes as a platform.
0x1c79f2cb	0x310	0xbd	0	61	240	My friends and I used to play on the roof a lot.
0x1c79f2cb	0x310	0xbd	1	52	240	But if mi viejo saw us he would hit us.
0x1c79f2cb	0x3d0	0x78	0	71	240	Why haven't you tried the roof? Afraid of heights?
0x1c79f2cb	0x450	0x62	0	55	240	Couldn't you get over there by hanging?
0x1c79f2cb	0x4c0	0x6a	0	55	240	I bet you could get over there by hanging.
0x1c79f2cb	0x530	0x80	0	71	240	Don't want to try hanging? Scared you'll fall off?
0x1c79f2cb	0x5b0	0xec	0	82	240	I guess the only way to get around on that roof is by rolling...
0x1c79f2cb	0x5b0	0xec	1	79	240	and I bet the enemy doesn't even have a clue you're up there.
0x1c79f2cb	0x6a0	0xcd	0	67	240	What was that thing called...when you do that flip? Rolling?
0x1c79f2cb	0x6a0	0xcd	1	63	240	If you do that, I think you could jump over to the roof!
0x1c79f2cb	0x770	0xb0	0	39	240	You do not need a ladder.
0x1c79f2cb	0x770	0xb0	1	58	240	You could just do a roll to get to the roof.
0x1c79f2cb	0x820	0xd0	0	78	240	That roll was amazing! It was like something out of the circus.
0x1c79f2cb	0x820	0xd0	1	51	240	I wouldn't mind seeing that again...
0x1c79f2cb	0x8f0	0x79	0	71	240	You're headed for a base they've done up as a mine.
0x1c79f2cb	0x970	0xa1	0	21	240	Snake,
0x1c79f2cb	0x970	0xa1	1	77	240	head for the underground base that's been disguised as a mine.
0x1c79f2cb	0xa20	0x7f	0	71	240	Looks like the base you're after has been made to look like a mine.
0x1c79f2cb	0xaa0	0x69	0	55	240	Kyohhh kyohhh. ...Hm? Oh, have you had enough?
0x1c79f2cb	0xb10	0x66	0	55	240	Hey, what's that cardboard box doing there?
0x1c79f2cb	0xb80	0x85	0	87	240	I don't like the looks of that box. Better check it out, Snake.
0x1c7a72cb	0x0	0xb5	0	39	246	Get rid of the Cocoon!
0x1c7a72cb	0x0	0xb5	1	74	246	If anybody can handle something this big, it's you, Boss!
0x1c7a72cb	0xc0	0x67	0	55	246	Neutralize the Cocoon AI weapon!
0x1c7a72cb	0x130	0xad	0	52	246	There's no turning back now, Snake!
0x1c7a72cb	0x130	0xad	1	45	246	Wipe out the enemy! Move on!
0x1c7a72cb	0x1e0	0x83	0	87	246	Wide open areas are a sniper's playground. Be ready.
0x1c7a72cb	0x270	0x7e	0	71	246	Watch out for long-range sniper attacks!
0x1c7a72cb	0x2f0	0x62	0	55	246	You'll just have to neutralize them all!
0x1c7a72cb	0x360	0x58	0	39	246	OK, here comes the last of 'em!
0x1c7a72cb	0x3c0	0x7d	0	71	246	You're nearly there, but do not let your guard down!
0x1c7a72cb	0x440	0x128	0	62	246	Non-lethal weapons against an AI machine?
0x1c7a72cb	0x440	0x128	1	84	246	What do you think this is, shootin' squirrels in the backyard?!
0x1c7a72cb	0x440	0x128	2	58	246	Get back here and get organized, now!
0x1c7a72cb	0x570	0x13d	0	63	246	THAT'S your gear?! What were you thinking?!
0x1c7a72cb	0x570	0x13d	1	90	246	You can't go up against the enemy like that. You won't stand a chance!
0x1c7a72cb	0x570	0x13d	2	66	246	Come back and give yourself a fighting chance.
0x1c7a72cb	0x6b0	0xc0	0	52	246	You think you can beat the enemy with THAT?!
0x1c7a72cb	0x6b0	0xc0	1	61	246	Go and equip yourself with some decent weapons first!
0x1c7a72cb	0x770	0x11a	0	83	246	You won't even hurt their feelings with the weapons you've got now!
0x1c7a72cb	0x770	0x11a	1	37	246	You need to come back
0x1c7a72cb	0x770	0x11a	2	69	246	and select some gear that'll actually do some damage.
0x1c7a72cb	0x890	0x7e	0	71	246	Destroy its weapons and you won't have to worry about getting killed!
0x1c7a72cb	0x910	0xd3	0	71	246	That extra armor wasn't part of my original design.
0x1c7a72cb	0x910	0xd3	1	75	246	They didn't do a very good job of installing it either.
0x1c7a72cb	0x9f0	0x6f	0	55	246	The AI pod is on top of the main cannon.
0x1c7a72cb	0xa60	0x75	0	71	246	You could try taking out its weapons first.
0x1c7a72cb	0xae0	0x8f	0	87	246	Is there no way to strip off the additional armor they've attached to it?
0x1c7a72cb	0xb70	0x83	0	87	246	There's an AI pod on top of the main gun. Aim for that!
0x1c7a72cb	0xc00	0xae	0	67	246	You won’t be able to get onto it when it's moving like that.
0x1c7a72cb	0xc00	0xae	1	31	246	First stop it from moving!
0x1c7a72cb	0xcb0	0xb8	0	47	246	To get inside the AI pod...
0x1c7a72cb	0xcb0	0xb8	1	66	246	I guess the only way is to jump onto the tank.
0x1c7a72cb	0xd70	0xba	0	64	246	Try to get it to overheat - that'd stop it in its tracks!
0x1c7a72cb	0xd70	0xba	1	49	246	Aim for the radiator on the belly section.
0x1c7a72cb	0xe30	0xa8	0	48	246	The steam should tell you exactly
0x1c7a72cb	0xe30	0xa8	1	50	246	where the radiator is on the belly.
0x1c7a72cb	0xee0	0x7a	0	71	246	Now! Jump onto it from the high area in the front!
0x1c7a72cb	0xf60	0x63	0	55	246	You've got to stop that turret!
0x1c7a72cb	0xfd0	0x6b	0	55	246	The AI pod is only lightly armored!
0x1c7a72cb	0x1040	0x8b	0	87	246	It's too dangerous to proceed like that. Take out its firepower first!
0x1c7a72cb	0x10d0	0x5a	0	39	246	Aim for the auxiliary radiator!
0x1c7a72cb	0x1130	0x7f	0	71	246	You see the steam? That's where the auxiliary radiator is!
0x1c7a72cb	0x11b0	0x69	0	55	246	When's that heat gonna start adding up?
0x1c7a72cb	0x1220	0xd1	0	67	246	That thing's covered in armor from head to toe.
0x1c7a72cb	0x1220	0xd1	1	79	246	Why don't you start by taking out its armaments one by one?
0x1c7a72cb	0x1300	0x91	0	103	246	Attack the AI pod to destroy its hatch! It's the cylindrical structure!
0x1c7a72cb	0x13a0	0x7f	0	71	246	Shoot the pod already! You haven't stopped it from moving!
0x1c7a72cb	0x1420	0x81	0	87	246	Hurry up and get in the AI pod! Otherwise it'll reactivate.
0x1c7a72cb	0x14b0	0xa8	0	45	246	Aim for the joints on the turret!
0x1c7a72cb	0x14b0	0xa8	1	52	246	It has to stop moving while it's firing.
0x1c7a72cb	0x1560	0x6d	0	55	246	Now! Somebody get into the AI pod!
0x1c7a72cb	0x15d0	0x5f	0	39	246	See the ladder on the turret?
0x1c7a72cb	0x1630	0xb9	0	70	246	The shock dislodged the ladder on the side of the treads!
0x1c7a72cb	0x1630	0xb9	1	44	246	You can use that to get on top!
0x1c7a72cb	0x16f0	0x8c	0	87	246	Look at the size of that thing! It's like a battleship on treads!
0x1c7a72cb	0x1780	0x95	0	29	246	It is so big...
0x1c7a72cb	0x1780	0x95	1	52	246	I do not know about this one, Snake...
0x1c7a72cb	0x1820	0xb5	0	65	246	Seeing it in action... It, it's nothing like the tests.
0x1c7a72cb	0x1820	0xb5	1	48	246	It's like ten times as wild and crazy.
0x1c7a72cb	0x18e0	0xc2	0	57	246	This is better than the tests!
0x1c7a72cb	0x18e0	0xc2	1	72	246	That thing can MOVE... If I do say so myself.
0x1c7a72cb	0x19b0	0x9b	0	103	246	Look at that thing run amock... Would you believe I made it?
0x1c7a72cb	0x1a50	0x72	0	71	246	Heads up, Snake! The turret's back online!
0x1c7a72cb	0x1ad0	0x85	0	87	246	It's attacking you directly with its arm! Keep an eye on the turret!
0x1c7a72cb	0x1b60	0x7c	0	71	246	You're gonna want to take out that weapon before jumping on.
0x1c7a72cb	0x1be0	0x81	0	87	246	Use <I=ACT>! You don't wanna get crushed!
0x1c7a72cb	0x1c70	0x4f	0	23	246	Bra-VO! Great job!
0x1c7a72cb	0x1cc0	0xb3	0	47	246	Looks like it's cooling down.
0x1c7a72cb	0x1cc0	0xb3	1	67	246	Stop it again - you don't want that thing mobile!
0x1c7a72cb	0x1d80	0x9e	0	43	246	Maybe you could buy some time
0x1c7a72cb	0x1d80	0x9e	1	38	246	by attacking the AI pod!
0x1c7a72cb	0x1e20	0xac	0	46	246	Don't attack the AI pod too much
0x1c7a72cb	0x1e20	0xac	1	51	246	or you might break the memory boards.
0x1c7a72cb	0x1ed0	0xa8	0	40	246	Get close to the AI pod
0x1c7a72cb	0x1ed0	0xa8	1	58	246	and press <I=ACT> when the icon shows up!
0x1c7a72cb	0x1f80	0x101	0	110	246	Apparently each part of an AI weapon is connected to a memory board inside the AI pod.
0x1c7a72cb	0x1f80	0x101	1	84	246	Destroying a part will release the lock on the memory board.
0x1c7a72cb	0x2090	0x61	0	55	246	Use a roll to get in!
0x1c7a72cb	0x2100	0x4f	0	23	246	Use the ladder!
0x1c7a72cb	0x2150	0x86	0	87	246	The arm - it's reactivated! Try and finish it off for good!
0x1c7a72cb	0x21e0	0x9a	0	27	246	Get out of there! Run!
0x1c7a72cb	0x21e0	0x9a	1	54	246	Hiding won't do anything against a gun like that!
0x1c7a72cb	0x2280	0x5c	0	39	246	Guided missile! Shoot it down!
0x1c7a72cb	0x22e0	0x61	0	55	246	They've got a lock on you! Move it!
0x1c7a72cb	0x2350	0x6b	0	55	246	If you could get in the AI pod...
0x1c7a72cb	0x23c0	0x79	0	71	246	That armor looks thick. Try to find a weak spot!
0x1c7a72cb	0x2440	0x76	0	71	246	Aim for the radiators on the lower part of its body.
0x1c7a72cb	0x24c0	0x5a	0	39	246	Now's your chance to get in!
0x1c7a72cb	0x2520	0x86	0	87	246	The armor shielding the turret's radiator unit is relatively thin.
0x1c7a72cb	0x25b0	0x7c	0	71	246	Shoot at the base of the arm to disable it!
0x1c7a72cb	0x2630	0x77	0	71	246	The turret will knock you back. Stop the tank first!
0x1c7a72cb	0x26b0	0x7d	0	71	246	It's trying to shake you off! Stop the tank first!
0x1c7a72cb	0x2730	0x66	0	55	246	You should take out that weapon first.
0x1c7a72cb	0x27a0	0x69	0	55	246	It's reloading missiles. Now's your chance!
0x1c7a72cb	0x2810	0x55	0	39	246	Now, close in on it!
0x1c7a72cb	0x2870	0x74	0	71	246	It's about to eject the AI pod! Hurry!
0x1c7a72cb	0x28f0	0x77	0	71	246	It's going to shake you off! Change your position.
0x1c7a72cb	0x2970	0x69	0	55	246	Good, now get in the AI pod!
0x1c7a72cb	0x29e0	0x65	0	55	246	Now! Get inside the AI pod!
0x1c7a72cb	0x2a50	0x67	0	55	246	The AI pod is open - get inside!
0x1c7a72cb	0x2ac0	0x6c	0	55	246	Aim for the legs. Trip it up!
0x1c7a72cb	0x2b30	0x74	0	71	246	Get too close and it'll use that flamethrower!
0x1c7a72cb	0x2bb0	0x78	0	71	246	Watch out, it can fire those missiles backwards, too.
0x1c7a72cb	0x2c30	0x68	0	55	246	Careful not to let it step on you!
0x1c7a72cb	0x2ca0	0x53	0	39	246	OK, now's your chance!
0x1c7a72cb	0x2d00	0x52	0	39	246	Now! Now!
0x1c7a72cb	0x2d60	0x56	0	39	246	Cluster bombs!
0x1c7a72cb	0x2dc0	0x6a	0	55	246	Shoot it down before it hits!
0x1c7a72cb	0x2e30	0x6f	0	55	246	Quick, tap <I=ACT> as fast as you can!
0x1c7a72cb	0x2ea0	0x80	0	71	246	Help each other get out before you get crushed!
0x1c7a72cb	0x2f20	0x64	0	55	246	Holy...!! What just happened there?!
0x1c7a72cb	0x2f90	0x7e	0	71	246	She telegraphs her flame attack - watch for it.
0x1c7af2cb	0x0	0xc6	0	79	264	The enemy's still on high alert after that last tangle.
0x1c7af2cb	0x0	0xc6	1	50	264	Don't get yourself caught.
0x1c7af2cb	0xd0	0x76	0	71	264	Careful now. Security's pretty tight.
0x1c7af2cb	0x150	0x6c	0	55	264	That elevator should take you underground.
0x1c7af2cb	0x1c0	0x8c	0	87	264	They left the elevator practically unguarded. It's wide open, Snake!
0x1c7af2cb	0x250	0x6f	0	55	264	Peace Walker's down there. Use the elevator.
0x1c7af2cb	0x2c0	0x7a	0	71	264	To use the elevator, press <I=ACT> in front of the switch.
0x1c7af2cb	0x340	0x93	0	103	264	Hide until the elevator arrives. Don't let anyone detect you.
0x1c7af2cb	0x3e0	0xc3	0	76	264	It's too risky to use the elevator during a state of alert!
0x1c7af2cb	0x3e0	0xc3	1	54	264	Wait until things cool down a little.
0x1c7af2cb	0x4b0	0xd3	0	95	264	No it's NOT a good idea to ride the elevator when the enemy's seen you!
0x1c7af2cb	0x4b0	0xd3	1	50	264	Get your ass out of sight!
0x1c7af2cb	0x590	0xc4	0	67	264	It's gonna be tough getting onto that elevator...
0x1c7af2cb	0x590	0xc4	1	62	264	Can you see any other way to get downstairs?
0x1c7af2cb	0x660	0x8e	0	87	264	Looks like the door won't open with the security level so high.
0x1c7af2cb	0x6f0	0xb6	0	42	264	That thing's pretty high up there.
0x1c7af2cb	0x6f0	0xb6	1	72	264	If you were that high, you might be able to spot hidden enemies.
0x1c7af2cb	0x7b0	0xb9	0	47	264	That tank is tall like el basilisco.
0x1c7af2cb	0x7b0	0xb9	1	67	264	I bet if you climbed on top you'd get a real clear view.
0x1c7af2cb	0x870	0xb6	0	68	264	It's going to be tough getting near that elevator.
0x1c7af2cb	0x870	0xb6	1	45	264	Can't you find another way?
0x1c7af2cb	0x930	0x69	0	55	264	Maybe that leads underground...
0x1c7af2cb	0x9a0	0x9f	0	35	264	The elevator's too risky.
0x1c7af2cb	0x9a0	0x9f	1	47	264	Use the stairway to get below ground.
0x1c7af2cb	0xa40	0xa8	0	54	264	Is something wrong? Keep moving forward.
0x1c7af2cb	0xa40	0xa8	1	44	264	And careful not to get caught.
0x1c7af2cb	0xaf0	0x69	0	55	264	Push the door! Use <I=ACT>!
0x1c7af2cb	0xb60	0x66	0	55	264	Push <I=ACT> to open those shutters!
0x1c7af2cb	0xbd0	0x6a	0	55	264	Tap <I=ACT> when the icon appears.
0x1c7af2cb	0xc40	0x97	0	103	264	These are all... I had no idea they made so many AI weapons.
0x1c7af2cb	0xce0	0xc5	0	70	264	That must be the control panel for loading AI pods.
0x1c7af2cb	0xce0	0xc5	1	60	264	I don't see any AI pods around, though...
0x1c7af2cb	0xdb0	0x87	0	87	264	So now your goal's to destroy Peace Walker's AI pod. ...Right?
0x1c7af2cb	0xe40	0x83	0	87	264	Find Peace Walker's hangar and destroy the AI pod.
0x1c7af2cb	0xed0	0x85	0	87	264	The hangar where they're storing Peace Walker must be around here somewhere.
0x1c7af2cb	0xf60	0x94	0	32	264	Time's running short.
0x1c7af2cb	0xf60	0x94	1	49	264	Get over to Peace Walker's hangar now.
0x1c7af2cb	0x1000	0x76	0	71	264	They're prepping Peace Walker for activation. Hurry!
0x1c7b72cb	0x0	0xc2	0	82	270	That door won't open until the state of alert's lifted.
0x1c7b72cb	0x0	0xc2	1	48	270	Hang tight 'til then.
0x1c7b72cb	0xd0	0x8e	0	87	270	Looks like the door won't open with the security level so high.
0x1c7b72cb	0x160	0xc0	0	86	270	Enemies that coordinate their attacks are too much trouble when you're solo.
0x1c7b72cb	0x160	0xc0	1	27	270	Just steer clear.
0x1c7b72cb	0x220	0x83	0	87	270	Find Peace Walker's hangar and destroy the AI pod.
0x1c7b72cb	0x2b0	0x85	0	87	270	The hangar where they're storing Peace Walker must be around here somewhere.
0x1c7b72cb	0x340	0x94	0	32	270	Time's running short.
0x1c7b72cb	0x340	0x94	1	49	270	Get over to Peace Walker's hangar now.
0x1c7b72cb	0x3e0	0x76	0	71	270	They're prepping Peace Walker for activation. Hurry!
0x1c7bf2cb	0x0	0x87	0	87	276	Alright, Peace Walker can't be far! Hurry!
0x1c7bf2cb	0x90	0xce	0	75	276	Maybe a little elbow grease will get those shutters open...
0x1c7bf2cb	0x90	0xce	1	55	276	Try tapping <I=ACT> as fast as you can!
0x1c7bf2cb	0x160	0xbd	0	74	276	Maybe a little elbow grease will open those shutters...
0x1c7bf2cb	0x160	0xbd	1	39	276	Try tapping <I=ACT>!
0x1c7bf2cb	0x220	0x66	0	55	276	Push <I=ACT> to open those shutters!
0x1c7bf2cb	0x290	0x5f	0	39	276	Open the shutter with <I=ACT>!
0x1c7bf2cb	0x2f0	0x6a	0	55	276	Tap <I=ACT> when the icon appears.
0x1c7bf2cb	0x360	0x65	0	55	276	Press <I=ACT> to open the shutters!
0x1c7bf2cb	0x3d0	0xae	0	49	276	Peace Walker's behind those shutters...
0x1c7bf2cb	0x3d0	0xae	1	48	276	This is it. Push <I=ACT> to open them.
0x1c7bf2cb	0x480	0xa6	0	45	276	Peace Walker is just up ahead.
0x1c7bf2cb	0x480	0xa6	1	52	276	Open the shutters and proceed inside.
0x1c7bf2cb	0x530	0xc2	0	61	276	So much for the frontal approach... Wait,
0x1c7bf2cb	0x530	0xc2	1	69	276	what if you got behind them from the upstairs...?
0x1c7bf2cb	0x600	0x97	0	103	276	Nice, Snake! From here it's a straight shot to Peace Walker's hangar!
0x1c7bf2cb	0x6a0	0xd7	0	83	276	That was some crazy button tapping, Snake! I knew you could do it!
0x1c7bf2cb	0x6a0	0xd7	1	63	276	Only a little bit further to Peace Walker now!
0x1c7bf2cb	0x780	0x83	0	87	276	Find Peace Walker's hangar and destroy the AI pod.
0x1c7bf2cb	0x810	0x85	0	87	276	The hangar where they're storing Peace Walker must be around here somewhere.
0x1c7bf2cb	0x8a0	0x94	0	32	276	Time's running short.
0x1c7bf2cb	0x8a0	0x94	1	49	276	Get over to Peace Walker's hangar now.
0x1c7bf2cb	0x940	0x76	0	71	276	They're prepping Peace Walker for activation. Hurry!
0x1c7c72cb	0x0	0x71	0	71	282	Isn't there some way to bust that lock?
0x1c7c72cb	0x80	0x70	0	55	282	The jigsaw, Snake - that'll get you out of there.
0x1c7c72cb	0xf0	0x6f	0	55	282	Couldn't you unlock that door somehow?
0x1c7c72cb	0x160	0x7b	0	71	282	What about the ID card, Snake? Give it a try.
0x1c7c72cb	0x1e0	0x95	0	35	282	They took the jigsaw?
0x1c7c72cb	0x1e0	0x95	1	47	282	There's got to be some other way.
0x1c7c72cb	0x280	0xb1	0	36	282	They took the card?
0x1c7c72cb	0x280	0xb1	1	77	282	We'd better think of some other way to get you out of there.
0x1c7c72cb	0x340	0xb8	0	52	282	You lost both the jigsaw and the ID card?
0x1c7c72cb	0x340	0xb8	1	61	282	I guess we'll have to come up with something else.
0x1c7c72cb	0x400	0x129	0	58	282	Don't just stand there. Try something else.
0x1c7c72cb	0x400	0x129	1	73	282	Good thing there are two of you. It'd be impossible alone.
0x1c7c72cb	0x400	0x129	2	72	282	Work together and you should be able to get out of there.
0x1c7c72cb	0x530	0xd6	0	59	282	Look around. Analyze the situation.
0x1c7c72cb	0x530	0xd6	1	87	282	I bet you can find a way out if you work with your buddy there.
0x1c7c72cb	0x610	0x112	0	73	282	I bet you could extend your reach if you work together.
0x1c7c72cb	0x610	0x112	1	76	282	Isn't there some sort of opening you could escape through?
0x1c7c72cb	0x610	0x112	2	39	282	Look around. Look up.
0x1c7c72cb	0x730	0xc9	0	74	282	Press the icon buttons alternately to use the jigsaw.
0x1c7c72cb	0x730	0xc9	1	56	282	But try not to make too much noise.
0x1c7c72cb	0x800	0xc5	0	77	282	Use the jigsaw by alternating between the icon\\nbuttons.
0x1c7c72cb	0x800	0xc5	1	52	282	Just make sure to keep it down.
0x1c7c72cb	0x8d0	0x7b	0	71	282	Looks like they've finished their little Q&A session.
0x1c7c72cb	0x950	0x92	0	103	282	Guess it's over for now. Let's hope there's no permanent damage.
0x1c7c72cb	0x9f0	0xcb	0	71	282	Looks like your buddy didn't tell them anything.
0x1c7c72cb	0x9f0	0xcb	1	59	282	You sure know how to pick 'em, Boss.
0x1c7c72cb	0xac0	0x60	0	39	282	This is bad, Snake. Hang in there.
0x1c7c72cb	0xb20	0x67	0	55	282	Sure hope you come back in one piece.
0x1c7c72cb	0xb90	0x5f	0	39	282	Don't break! We're counting on you!
0x1c7c72cb	0xbf0	0x65	0	55	282	You plan on leaving your comrades behind?
0x1c7c72cb	0xc60	0x80	0	71	282	Escape with your comrades. Leave no man behind.
0x1c7c72cb	0xce0	0x73	0	71	282	Can't you unlock your comrade's cell?
0x1c7c72cb	0xd60	0x74	0	71	282	Unlock the cell doors from the control room.
0x1c7c72cb	0xde0	0x8a	0	87	282	Find a way to help your comrades, Snake. Don't leave without them.
0x1c7c72cb	0xe70	0xe9	0	84	282	Snake, that door won’t open while the base is on high alert.
0x1c7c72cb	0xe70	0xe9	1	77	282	You'll have to wait until the security level's lowered.
0x1c7c72cb	0xf60	0x94	0	32	282	Time's running short.
0x1c7c72cb	0xf60	0x94	1	49	282	Get over to Peace Walker's hangar now.
0x1c7c72cb	0x1000	0x76	0	71	282	They're prepping Peace Walker for activation. Hurry!
0x1c79f30b	0x0	0x8a	0	87	294	See the communications tower to the west? Head for that, Snake.
0x1c79f30b	0x90	0xc7	0	57	294	Soviet soldiers? On an American base?
0x1c79f30b	0x90	0xc7	1	72	294	Something's wrong here. Keep your eyes peeled, Boss.
0x1c79f30b	0x160	0x86	0	87	294	Head for the communications tower. It's to your west
0x1c79f30b	0x1f0	0x82	0	87	294	If they fire that nuke, it could kill millions of birds...
0x1c79f30b	0x280	0x6b	0	55	294	You can't let them launch that nuke!
0x1c79f30b	0x2f0	0xc5	0	84	294	There's no doubt about it - this place has been taken over by Soviet troops.
0x1c79f30b	0x2f0	0xc5	1	46	294	What the hell's been going on here...?
0x1c79f30b	0x3c0	0xb6	0	35	294	Soviet soldiers...?
0x1c79f30b	0x3c0	0xb6	1	78	294	They certainly look different from the people who captured me.
0x1c7a730b	0x0	0xac	0	53	300	The only way you're getting to that control tower
0x1c7a730b	0x0	0xac	1	45	300	is by crossing over to the opposite bank.
0x1c7a730b	0xb0	0xa5	0	38	300	Looks like a repair dock.
0x1c7a730b	0xb0	0xa5	1	59	300	And it connects to that canal beyond the gate.
0x1c7a730b	0x160	0x5d	0	39	300	Ugh, this place is a mess...
0x1c7a730b	0x1c0	0xba	0	46	300	Those docks are well appointed.
0x1c7a730b	0x1c0	0xba	1	67	300	They'd be great as a base for outfitting AI weapons.
0x1c7a730b	0x280	0xb0	0	31	300	That dock is enormous...
0x1c7a730b	0x280	0xb0	1	67	300	Just imagine if los nicos had access to something like that.
0x1c7a730b	0x330	0xb5	0	38	300	That place is crazy.
0x1c7a730b	0x330	0xb5	1	75	300	I'm fine in the woods, but I'd get lost there in no time.
0x1c7a730b	0x3f0	0xc4	0	71	300	The security is tighter around the central region.
0x1c7a730b	0x3f0	0xc4	1	59	300	Might be best to find another route...
0x1c7a730b	0x4c0	0xbd	0	54	300	Looks like this is the end of the road...
0x1c7a730b	0x4c0	0xbd	1	59	300	Head for the communications tower to the west.
0x1c7a730b	0x580	0x63	0	55	300	Your objective lies beyond the gate.
0x1c7a730b	0x5f0	0xc5	0	62	300	I'm seeing a heavy enemy presence on the other bank.
0x1c7a730b	0x5f0	0xc5	1	67	300	Proceed with caution - you've still got a long way to go.
0x1c7a730b	0x6c0	0x86	0	87	300	Head for the communications tower. It's to your west
0x1c7a730b	0x750	0x82	0	87	300	If they fire that nuke, it could kill millions of birds...
0x1c7a730b	0x7e0	0x6b	0	55	300	You can't let them launch that nuke!
0x1c7a730b	0x850	0x8f	0	87	300	Don't let them launch that nuke! Get to the control tower!
0x1c7a730b	0x8e0	0x7e	0	71	300	Those poor seabirds... Snake, you have to stop the launch!
0x1c7a730b	0x960	0x5b	0	39	300	Head for the control tower!
0x1c7a730b	0x9c0	0xc5	0	84	300	There's no doubt about it - this place has been taken over by Soviet troops.
0x1c7a730b	0x9c0	0xc5	1	46	300	What the hell's been going on here...?
0x1c7a730b	0xa90	0xb6	0	35	300	Soviet soldiers...?
0x1c7a730b	0xa90	0xb6	1	78	300	They certainly look different from the people who captured me.
0x1c7a730b	0xb50	0x9a	0	103	300	Chaff, that's it! Use a chaff grenade to shut that thing down!
0x1c7a730b	0xbf0	0xc0	0	85	300	That thing has to hover in mid-air occasionally to acquire its target.
0x1c7a730b	0xbf0	0xc0	1	29	300	Shoot it then!
0x1c7a730b	0xcb0	0xac	0	57	300	Weapons that cause electronic interference
0x1c7a730b	0xcb0	0xac	1	40	300	should also be effective!
0x1c7af30b	0x0	0xa1	0	59	306	The control tower that's controlling Peace Walker
0x1c7af30b	0x0	0xa1	1	38	306	is located to the northeast.
0x1c7af30b	0xb0	0x8c	0	87	306	Go back east the way you came. Then head north from there.
0x1c7af30b	0x140	0x7a	0	71	306	Careful now. There's almost nowhere to hide here.
0x1c7af30b	0x1c0	0x81	0	87	306	I do not like it, Boss... This place is ripe for an ambush.
0x1c7af30b	0x250	0x7f	0	71	306	You see the control tower, right?! Keep moving! Hurry!
0x1c7af30b	0x2d0	0x5d	0	39	306	The control tower! Hurry!
0x1c7af30b	0x330	0x8c	0	87	306	Watch your step, Snake. You won't survive that fall.
0x1c7af30b	0x3c0	0x70	0	55	306	Be careful. Birds can fly, but we cannot.
0x1c7af30b	0x430	0xbe	0	70	306	Don't fall in... unless of course you have rocket boosters
0x1c7af30b	0x430	0xbe	1	43	306	on your uniform or something...
0x1c7af30b	0x4f0	0x86	0	87	306	Head for the communications tower. It's to your west
0x1c7af30b	0x580	0x82	0	87	306	If they fire that nuke, it could kill millions of birds...
0x1c7af30b	0x610	0x6b	0	55	306	You can't let them launch that nuke!
0x1c7af30b	0x680	0x8f	0	87	306	Don't let them launch that nuke! Get to the control tower!
0x1c7af30b	0x710	0x7e	0	71	306	Those poor seabirds... Snake, you have to stop the launch!
0x1c7af30b	0x790	0x5b	0	39	306	Head for the control tower!
0x1c7af30b	0x7f0	0xc5	0	84	306	There's no doubt about it - this place has been taken over by Soviet troops.
0x1c7af30b	0x7f0	0xc5	1	46	306	What the hell's been going on here...?
0x1c7af30b	0x8c0	0xb6	0	35	306	Soviet soldiers...?
0x1c7af30b	0x8c0	0xb6	1	78	306	They certainly look different from the people who captured me.
0x1c7af30b	0x980	0x9a	0	103	306	Chaff, that's it! Use a chaff grenade to shut that thing down!
0x1c7af30b	0xa20	0xc0	0	85	306	That thing has to hover in mid-air occasionally to acquire its target.
0x1c7af30b	0xa20	0xc0	1	29	306	Shoot it then!
0x1c7af30b	0xae0	0xac	0	57	306	Weapons that cause electronic interference
0x1c7af30b	0xae0	0xac	1	40	306	should also be effective!
0x1c7b730b	0x0	0xb6	0	56	312	This terrain leaves you completely exposed.
0x1c7b730b	0x0	0xb6	1	58	312	Can't you make something to conceal yourself?
0x1c7b730b	0xc0	0x63	0	55	312	RPGs... This could be trouble.
0x1c7b730b	0x130	0x7c	0	71	312	Rocket launchers... Great, just what we need.
0x1c7b730b	0x1b0	0xa0	0	103	312	Bet you could really screw the enemy over by dropping that bridge...
0x1c7b730b	0x250	0x77	0	71	312	Taking down that bridge could be to your advantage...
0x1c7b730b	0x2d0	0xc8	0	60	312	Are you trying to get killed?! Find cover!
0x1c7b730b	0x2d0	0xc8	1	70	312	There's gotta be something around there you can use!
0x1c7b730b	0x3a0	0x8f	0	87	312	Don't let them launch that nuke! Get to the control tower!
0x1c7b730b	0x430	0x7e	0	71	312	Those poor seabirds... Snake, you have to stop the launch!
0x1c7b730b	0x4b0	0x6b	0	55	312	You can't let them launch that nuke!
0x1c7b730b	0x520	0x5b	0	39	312	Head for the control tower!
0x1c7b730b	0x580	0x9a	0	103	312	Chaff, that's it! Use a chaff grenade to shut that thing down!
0x1c7b730b	0x620	0xc0	0	85	312	That thing has to hover in mid-air occasionally to acquire its target.
0x1c7b730b	0x620	0xc0	1	29	312	Shoot it then!
0x1c7b730b	0x6e0	0xac	0	57	312	Weapons that cause electronic interference
0x1c7b730b	0x6e0	0xac	1	40	312	should also be effective!
0x1c7b730b	0x790	0x5e	0	39	312	Hey, nothing over there.
0x1c7b730b	0x7f0	0x72	0	71	312	The control tower! Head for the control tower!
0x1c7b730b	0x870	0x4f	0	23	312	Head north.
0x1c7bf30b	0x0	0x6b	0	55	318	Remember what it does before it charges!
0x1c7bf30b	0x70	0x66	0	55	318	The world is in your hands, Snake!
0x1c7bf30b	0xe0	0x7e	0	71	318	She telegraphs her flame attack - watch for it.
0x1c7bf30b	0x160	0x57	0	39	318	Be careful, Snake!
0x1c7bf30b	0x1c0	0x90	0	87	318	Evade those horizontal jumps by rolling to the side.
0x1c7bf30b	0x250	0x46	0	23	318	Careful...
0x1c7bf30b	0x2a0	0x9a	0	43	318	Looks like she does a sweep attack
0x1c7bf30b	0x2a0	0x9a	1	38	318	right after throwing a punch!
0x1c7bf30b	0x340	0x6a	0	55	318	Move forward or backward to dodge!
0x1c7bf30b	0x3b0	0x76	0	71	318	The basilisk's poison turns its victims to stone.
0x1c7bf30b	0x430	0x6a	0	55	318	El basilisco is truly fearsome...
0x1c7bf30b	0x4a0	0x69	0	55	318	Use <I=MOVE> to resist!
0x1c7bf30b	0x510	0x51	0	39	318	You can do it!
0x1c7bf30b	0x570	0x69	0	55	318	Use <I=MOVE> to resist!
0x1c7bf30b	0x5e0	0x5a	0	39	318	Have your partner shoot!
0x1c7bf30b	0x640	0x7d	0	71	318	Duck behind the warehouse when it's about to charge!
0x1c7bf30b	0x6c0	0x86	0	87	318	Those drill missiles burrow underground to reach their target.
0x1c7bf30b	0x750	0x75	0	71	318	Take out those missiles before they go below ground!
0x1c7bf30b	0x7d0	0x63	0	55	318	Keep an eye on where it's going to land!
0x1c7bf30b	0x840	0x66	0	55	318	It can fire rockets behind itself.
0x1c7bf30b	0x8b0	0x73	0	71	318	Try to get a read on its rockets' firing pattern.
0x1c7bf30b	0x930	0x8d	0	87	318	When that cluster bomb hatch opens, run like hell!
0x1c7bf30b	0x9c0	0x64	0	55	318	Aim for the leg joints!
0x1c7bf30b	0xa30	0x93	0	103	318	It's leaking electromagnetic radiation. The missiles aren't operational.
0x1c7bf30b	0xad0	0xa5	0	43	318	The missiles won't work now.
0x1c7bf30b	0xad0	0xa5	1	54	318	It's leaking electromagnetic radiation.
0x1c7bf30b	0xb80	0x80	0	71	318	Help each other get out before you get crushed!
0x1c7bf30b	0xc00	0x4e	0	23	318	Keep it up, everyone!
0x1c7bf30b	0xc50	0x73	0	71	318	How could anyone possibly throw a monster like that?
0x1c7bf30b	0xcd0	0x4f	0	23	318	It is a miracle...
0x1c7bf30b	0xd20	0x6f	0	55	318	Quick, tap <I=ACT> as fast as you can!
0x1c7bf30b	0xd90	0xa3	0	49	318	You've got to stop Peace Walker
0x1c7bf30b	0xd90	0xa3	1	49	318	before she can launch her nuke!
0x1c7bf30b	0xe40	0xaf	0	62	318	She's going back into nuclear launch mode!
0x1c7bf30b	0xe40	0xaf	1	36	318	Stop her, Snake!
0x1c7bf30b	0xef0	0x98	0	61	318	We're running out of time! It's about to launch!
0x1c7bf30b	0xef0	0x98	1	20	318	Hurry!!
0x1c7bf30b	0xf90	0x6b	0	55	318	It's gonna launch...! Do something!!
0x1c7bf30b	0x1000	0x66	0	55	318	We're too late... oh God...
0x1c7bf30b	0x1070	0x53	0	39	318	OK, now's your chance!
0x1c7bf30b	0x10d0	0x52	0	39	318	Now! Now!
0x1c7bf30b	0x1130	0x13d	0	63	318	THAT'S your gear?! What were you thinking?!
0x1c7bf30b	0x1130	0x13d	1	90	318	You can't go up against the enemy like that. You won't stand a chance!
0x1c7bf30b	0x1130	0x13d	2	66	318	Come back and give yourself a fighting chance.
0x1c7bf30b	0x1270	0xc0	0	52	318	You think you can beat the enemy with THAT?!
0x1c7bf30b	0x1270	0xc0	1	61	318	Go and equip yourself with some decent weapons first!
0x1c7bf30b	0x1330	0x11a	0	83	318	You won't even hurt their feelings with the weapons you've got now!
0x1c7bf30b	0x1330	0x11a	1	37	318	You need to come back
0x1c7bf30b	0x1330	0x11a	2	69	318	and select some gear that'll actually do some damage.
0x1c7bf30b	0x1450	0x79	0	71	318	Snake! You have to stop that data from being sent!
0x1c7bf30b	0x14d0	0x54	0	39	318	Do something, Snake!
0x1c7bf30b	0x1530	0x42	0	23	318	Snake...
0x1c7bf30b	0x1580	0x5c	0	39	318	Is there nothing we can do?!
0x1c7bf30b	0x15e0	0x6a	0	55	318	Oh, this will mean the end of the world...
0x1c7bf30b	0x1650	0x53	0	39	318	I'm scared, Amanda...
0x1c7bf30b	0x16b0	0x5e	0	39	318	Oh God, we're all doomed...!
0x1c7bf30b	0x1710	0x65	0	55	318	Now! Get inside the AI pod!
0x1c7bf30b	0x1780	0x67	0	55	318	The AI pod is open - get inside!
0x1c7c730b	0x0	0x6a	0	55	324	The gate! Get through before it closes!
0x1c7c730b	0x70	0x67	0	55	324	RPGs?! Here?! That's nuts!
0x1c7c730b	0xe0	0x84	0	87	324	Don't hold back. They deserve what they get - and worse!
0x1c7c730b	0x170	0x58	0	39	324	Take the elevator, quick!
0x1c7c730b	0x1d0	0x6a	0	55	324	What's wrong? Afraid of elevators?
0x1c7c730b	0x240	0x6c	0	55	324	Hurry, before the gate closes!
0x1c7c730b	0x2b0	0xae	0	58	324	Don't let them close that gate! <I=ACT>, Snake!
0x1c7c730b	0x2b0	0xae	1	39	324	Use <I=ACT> to prop it open!
0x1c7c730b	0x360	0xd9	0	67	324	You've got to help get your teammates through!
0x1c7c730b	0x360	0xd9	1	79	324	Press <I=ACT> while near the gate to keep it from closing!
0x1c7c730b	0x440	0xc5	0	56	324	Push <I=ACT> when the icon appears.
0x1c7c730b	0x440	0xc5	1	74	324	Hold open the gate so your teammates can get through!
0x1c7c730b	0x510	0xe2	0	77	324	You're going to have to get that gate open to proceed.
0x1c7c730b	0x510	0xe2	1	84	324	When the icon appears, hit <I=ACT> repeatedly to pry it open!
0x1c7c730b	0x600	0xfa	0	60	324	You're just going to have to pry that gate open.
0x1c7c730b	0x600	0xfa	1	48	324	Position yourself so an icon appears
0x1c7c730b	0x600	0xfa	2	47	324	Push <I=ACT> when the icon appears.
0x1c7c730b	0x700	0xc7	0	64	324	You opened the gate with your bare hands...?
0x1c7c730b	0x700	0xc7	1	65	324	You gotta teach me some of these tricks, Boss
0x1c7c730b	0x7d0	0x8f	0	87	324	Don't let them launch that nuke! Get to the control tower!
0x1c7c730b	0x860	0x7e	0	71	324	Those poor seabirds... Snake, you have to stop the launch!
0x1c7c730b	0x8e0	0x6b	0	55	324	You can't let them launch that nuke!
0x1c7c730b	0x950	0x5b	0	39	324	Head for the control tower!
0x1c7c730b	0x9b0	0x9a	0	103	324	Chaff, that's it! Use a chaff grenade to shut that thing down!
0x1c7c730b	0xa50	0xc0	0	85	324	That thing has to hover in mid-air occasionally to acquire its target.
0x1c7c730b	0xa50	0xc0	1	29	324	Shoot it then!
0x1c7c730b	0xb10	0xac	0	57	324	Weapons that cause electronic interference
0x1c7c730b	0xb10	0xac	1	40	324	should also be effective!
0x1c7c730b	0xbc0	0x5e	0	39	324	Hey, nothing over there.
0x1c7c730b	0xc20	0x72	0	71	324	The control tower! Head for the control tower!
0x1c7c730b	0xca0	0x4f	0	23	324	Head north.
0x1c7cf30b	0x0	0x95	0	103	330	You're almost there! Neutralize all enemy soldiers and take the control tower!
0x1c7cf30b	0xa0	0x86	0	87	330	No, not outside! You'll be shot dead in a second!
0x1c7cf30b	0x130	0x62	0	55	330	Watch out! Do not get yourself shot up!
0x1c7cf30b	0x1a0	0x62	0	55	330	Watch out for the gunship!
0x1c7cf30b	0x210	0x82	0	87	330	There's nowhere to run! You've gotta take those guys down!
0x1c7cf30b	0x2a0	0x65	0	55	330	Chopper! Quick, shoot it down!
0x1c7cf30b	0x310	0x55	0	39	330	Take 'em out, Snake!
0x1c7cf30b	0x370	0x81	0	87	330	Keep moving! Don't make yourself a stationary target!!
0x1c7cf30b	0x400	0xa8	0	43	330	We can't help you out with ammo.
0x1c7cf30b	0x400	0xa8	1	55	330	You'll have to procure what you can on site!
0x1c7cf30b	0x4b0	0x67	0	55	330	Hit and run, that's the key!
0x1c7cf30b	0x520	0xd4	0	75	330	Got enough ammo? If not, steal some from the enemy.
0x1c7cf30b	0x520	0xd4	1	71	330	That's what you do in guerrilla warfare, right?
0x1c7cf30b	0x600	0xa3	0	42	330	Well, so much for your cover...
0x1c7cf30b	0x600	0xa3	1	56	330	You'd better do something about that chopper!
0x1c7cf30b	0x6b0	0x63	0	55	330	You're going to run out of cover, Snake!
0x1c7cf30b	0x720	0x6b	0	55	330	You have to ground that chopper, fast!
0x1c7cf30b	0x790	0x62	0	55	330	Oh no, it is crumbling away...!
0x1c7cf30b	0x800	0x4e	0	23	330	Nice shot!
0x1c7cf30b	0x850	0x70	0	55	330	That's it, Snake! The door to the control tower!
0x1c7cf30b	0x8c0	0xb5	0	67	330	Look, Snake, the gate! These must be the last of them...
0x1c7cf30b	0x8c0	0xb5	1	46	330	Finish 'em off and head on through!
0x1c7cf30b	0x980	0x63	0	55	330	I pray you make it through okay, Snake...
0x1c7cf30b	0x9f0	0x71	0	71	330	Good job, now get in there! Head north!
0x1c7cf30b	0xa70	0x65	0	55	330	Get in there! Head to the North!
0x1c7cf30b	0xae0	0x8f	0	87	330	It's locked! You'll have to take out all enemies before you can go up!
0x1c7cf30b	0xb70	0x62	0	55	330	Take out those soldiers!
0x1c7cf30b	0xbe0	0x8f	0	87	330	Don't let them launch that nuke! Get to the control tower!
0x1c7cf30b	0xc70	0x7e	0	71	330	Those poor seabirds... Snake, you have to stop the launch!
0x1c7cf30b	0xcf0	0x6b	0	55	330	You can't let them launch that nuke!
0x1c7cf30b	0xd60	0x5b	0	39	330	Head for the control tower!
0x1c7cf30b	0xdc0	0x9a	0	103	330	Chaff, that's it! Use a chaff grenade to shut that thing down!
0x1c7cf30b	0xe60	0xc0	0	85	330	That thing has to hover in mid-air occasionally to acquire its target.
0x1c7cf30b	0xe60	0xc0	1	29	330	Shoot it then!
0x1c7cf30b	0xf20	0xac	0	57	330	Weapons that cause electronic interference
0x1c7cf30b	0xf20	0xac	1	40	330	should also be effective!
0x1c79f34b	0x0	0x110	0	38	336	This is a kill house.
0x1c79f34b	0x0	0x110	1	60	336	It's a good place to test fire new weapons.
0x1c79f34b	0x0	0x110	2	73	336	You can also try your hand at Time Attack. How about it?
0x1c79f34b	0x110	0x7e	0	71	336	I've prepared some pop-up style targets for you to practice on.
0x1c79f34b	0x190	0x122	0	61	336	The kill house is comprised of several rooms.
0x1c79f34b	0x190	0x122	1	60	336	The distance to your target differs by room.
0x1c79f34b	0x190	0x122	2	82	336	That means you'll have to switch weapons as the situation demands.
0x1c79f34b	0x2c0	0xd2	0	52	336	This is the close-range room.
0x1c79f34b	0x2c0	0xd2	1	94	336	Use it to practice with close-range weapons like handguns and shotguns.
0x1c79f34b	0x3a0	0x11c	0	44	336	This is the medium-range room.
0x1c79f34b	0x3a0	0x11c	1	66	336	It's perfect for training with medium-range weapons.
0x1c79f34b	0x3a0	0x11c	2	77	336	You know, assault rifles, heavy machine guns - stuff like that.
0x1c79f34b	0x4c0	0xd6	0	54	336	This is the long-range room.
0x1c79f34b	0x4c0	0xd6	1	92	336	It's ideal for long-range weapons like sniper rifles and missiles.
0x1c79f34b	0x5a0	0x110	0	28	336	The targets here
0x1c79f34b	0x5a0	0x110	1	70	336	have been positioned so they're out of your line of sight.
0x1c79f34b	0x5a0	0x110	2	74	336	Use this room to train with grenades and other thrown weapons.
0x1c79f34b	0x6b0	0xd6	0	70	336	This is where you can practice CQC with MSF soldiers.
0x1c79f34b	0x6b0	0xd6	1	75	336	It'll give you a taste of what it's really like in battle.
0x1c79f34b	0x790	0x145	0	46	336	This is the general training room
0x1c79f34b	0x790	0x145	1	68	336	where you will encounter targets for all the situations
0x1c79f34b	0x790	0x145	2	40	336	you'll face in real combat.
0x1c79f34b	0x790	0x145	3	61	336	It's time to put all you've learned to the test!
0x1c79f34b	0x8e0	0xd3	0	68	336	Your score varies depending on which part you hit.
0x1c79f34b	0x8e0	0xd3	1	77	336	The head scores the highest, then the torso, then the arms.
0x1c79f34b	0x9c0	0x99	0	103	336	Watch it, Snake. You'll lose points for shooting a target with its hands up.
0x1c79f34b	0xa60	0x85	0	87	336	Don't shoot the targets with their hands up or you'll be penalized!
0x1c79f34b	0xaf0	0xa6	0	18	336	Penalty!
0x1c79f34b	0xaf0	0xa6	1	79	336	Didn't I tell you NOT to shoot the targets with their hands held up?!
0x1c79f34b	0xba0	0xaf	0	59	336	Nice! You hit all the targets in your booth.
0x1c79f34b	0xba0	0xaf	1	39	336	Move on to the next one.
0x1c79f34b	0xc50	0x85	0	87	336	That's all the targets for that booth. Time to move on.
0x1c79f34b	0xce0	0xad	0	75	336	Uh... Earth to Snake. You hit all the targets in that booth.
0x1c79f34b	0xce0	0xad	1	23	336	Move on!
0x1c79f34b	0xd90	0x90	0	87	336	There's still some targets left in the last booth. Go back and have a look.
0x1c79f34b	0xe20	0xbb	0	62	336	Hold it, you're not done with the last booth yet.
0x1c79f34b	0xe20	0xbb	1	52	336	Go back and finish off all the targets.
0x1c79f34b	0xee0	0xfb	0	84	336	This is a time attack. Hit the targets and keep moving.
0x1c79f34b	0xee0	0xfb	1	94	336	Hit the last target before time runs out to complete the mission.
0x1c79f34b	0xfe0	0xa7	0	119	336	Hit the targets and keep moving. Hit the last target to complete the mission.
0x1c79f34b	0x1090	0x51	0	39	336	OK, that's the last one.
0x1c79f34b	0x10f0	0x9c	0	103	336	Now head for the goal. You can check the location in the menu window.
0x1c79f34b	0x1190	0xc1	0	50	336	This is a time attack!
0x1c79f34b	0x1190	0xc1	1	80	336	Hit as many targets as you can before time runs out!
0x1c79f34b	0x1260	0x89	0	87	336	Hit as many targets as you can before time runs out!
0x1c79f34b	0x12f0	0xaa	0	39	336	Welcome to the shooting range.
0x1c79f34b	0x12f0	0xaa	1	58	336	Just the place for a little target practice, huh?
0x1c79f34b	0x13a0	0x6c	0	55	336	When you're done, head over to the exit.
0x1c79f34b	0x1410	0x70	0	55	336	When you're ready to leave, head for the exit.
0x1c79f34b	0x1480	0x99	0	36	336	If you leave through the exit,
0x1c79f34b	0x1480	0x99	1	45	336	your weapons training session will end.
0x1c79f34b	0x1520	0x73	0	71	336	Looks like there's somebody back there. Go check it out.
0x1c79f34b	0x15a0	0x9c	0	9	336	Huh?
0x1c79f34b	0x15a0	0x9c	1	73	336	There's somebody passed out back there. You'd better go have a look.
0x1c79f34b	0x1640	0x54	0	39	336	Find Zadornov, Snake.
0x1c79f34b	0x16a0	0x51	0	39	336	Where's Zadornov?
0x1c79f34b	0x1700	0x6e	0	55	336	I have a feeling he's around here somewhere.
0x1c79f34b	0x1770	0x78	0	71	336	Zadornov should be somewhere in that area. Find him.
0x1c79f34b	0x17f0	0x67	0	55	336	Zadornov is there. No doubt about it.
0x1c7a734b	0x0	0xbd	0	54	342	Put Mother Base's gun platforms to use.
0x1c7a734b	0x0	0xbd	1	60	342	The control panel is on the edge of the deck.
0x1c7a734b	0xc0	0xd3	0	67	342	We've got more than one gun platform, you know.
0x1c7a734b	0xc0	0xd3	1	78	342	They each have different attacks - use 'em your advantage!
0x1c7a734b	0x1a0	0x86	0	87	342	ZEKE's getting distracted by the gun platforms!
0x1c7a734b	0x230	0x61	0	55	342	Now's your chance to attack!
0x1c7a734b	0x2a0	0x9a	0	103	342	The gun platforms won't last long at this rate! Do something!
0x1c7a734b	0x340	0x85	0	87	342	That cannon's taken a beating! It's useless now!
0x1c7a734b	0x3d0	0x8d	0	87	342	ZEKE's armor is thinner in some areas. Aim for the weak spots!
0x1c7a734b	0x460	0x57	0	39	342	Aim for the AI pod!
0x1c7a734b	0x4c0	0x88	0	87	342	The gun platform's back up and running! It's all yours!
0x1c7a734b	0x550	0x73	0	71	342	The rocket launcher's reloaded. Let 'em have it!
0x1c7a734b	0x5d0	0x7e	0	71	342	Supplies are loaded in the transport catapult. Fire away!
0x1c7a734b	0x650	0x74	0	71	342	Anti-ship missile is loaded and ready to launch!
0x1c7a734b	0x6d0	0x7e	0	71	342	Anti-ground missile is armed. Give 'em hell!
0x1c7a734b	0x750	0x9a	0	103	342	The gun platforms are already in use. Hold on a minute.
0x1c7a734b	0x7f0	0x8b	0	87	342	That platform's been badly damaged. We're working on it now.
0x1c7a734b	0x880	0x73	0	71	342	It's out of ammo. Wait for it to reload!
0x1c7a734b	0x900	0x8c	0	87	342	You can't use the support strike marker. The target's too close.
0x1c7a734b	0x990	0x63	0	55	342	Use the control panels on the deck.
0x1c7a734b	0xa00	0xbf	0	32	342	Tag the target first.
0x1c7a734b	0xa00	0xbf	1	81	342	Press up against a wall and press <I=ATK> while doing an Enemy Search.
0x1c7a734b	0xac0	0xc0	0	33	342	Tag the target first.
0x1c7a734b	0xac0	0xc0	1	80	342	Press up against a wall and press <I=ETAG> while doing Enemy Search.
0x1c7a734b	0xb80	0xa9	0	42	342	Strike request acknowledged.
0x1c7a734b	0xb80	0xa9	1	56	342	We'll need you to tag the target directly.
0x1c7a734b	0xc30	0x88	0	87	342	First, make sure you're safe by pressing up against a wall.
0x1c7a734b	0xcc0	0xbb	0	67	342	Then do <I=ESEARCH> to locate the enemy's position
0x1c7a734b	0xcc0	0xbb	1	46	342	and press <I=ATK> to tag 'em.
0x1c7a734b	0xd80	0xbc	0	67	342	Then do <I=ESEARCH> to locate the enemy's position
0x1c7a734b	0xd80	0xbc	1	47	342	and press <I=ETAG> to tag 'em.
0x1c7a734b	0xe40	0x5c	0	39	342	Rocket launcher ready to fire!
0x1c7a734b	0xea0	0x67	0	55	342	Transport catapult ready to launch!
0x1c7a734b	0xf10	0x63	0	55	342	Anti-ship missile ready to fire!
0x1c7a734b	0xf80	0x6c	0	55	342	Surface-to-surface guided missile ready to launch!
0x1c7a734b	0xff0	0x55	0	39	342	Locked on target! FIRE!
0x1c7a734b	0x1050	0x64	0	55	342	Target confirmed! Commence attack!
0x1c7a734b	0x10c0	0x64	0	55	342	Target acknowledged! Bombs away!
0x1c7a734b	0x1130	0x89	0	87	342	We can't fire from that position. Use a different platform.
0x1c7a734b	0x11c0	0x7d	0	71	342	Do you have a target or not? We're aborting the strike for now.
0x1c7a734b	0x1240	0x83	0	87	342	You've gotta give the order to fire from the control panel first.
0x1c7a734b	0x12d0	0xc8	0	59	342	We've activated the hatches up on deck.
0x1c7a734b	0x12d0	0xc8	1	70	342	You can use them as cover so long as they're open.
0x1c7a734b	0x13a0	0x7c	0	71	342	You have to stop Paz before she can launch that nuke!
0x1c7a734b	0x1420	0x91	0	32	342	She was a spy?
0x1c7a734b	0x1420	0x91	1	50	342	How could we have been so blind?
0x1c7a734b	0x14c0	0xbd	0	55	342	This is no AI - that thing has a human pilot!
0x1c7a734b	0x14c0	0xbd	1	58	342	It's gonna be a hell of a lot harder to predict!
0x1c7a734b	0x1580	0xb7	0	52	342	Don't worry about collateral damage!
0x1c7a734b	0x1580	0xb7	1	61	342	You have to destroy ZEKE - it's the only way!
0x1c7a734b	0x1640	0x91	0	103	342	Focus on the battle! If your mind wanders, you're finished.
0x1c7a734b	0x16e0	0xa8	0	119	342	I had a funny feeling about that girl, but to think she was a spy...
0x1c7a734b	0x1790	0x76	0	71	342	Paz... And to think I liked you.
0x1c7a734b	0x1810	0x99	0	103	342	I even told her we should go birdwatching together sometime...
0x1c7a734b	0x18b0	0x77	0	71	342	I always thought it was strange, her having that tape...
0x1c7a734b	0x1930	0xc4	0	53	342	My ZEKE... No, it can't be...
0x1c7a734b	0x1930	0xc4	1	77	342	Are all deterrents destined to be used like this...?!
0x1c7a734b	0x1a00	0x67	0	55	342	Paz...how could you be so foolish...
0x1c7a734b	0x1a70	0x57	0	39	342	Paz, I...no, never mind...
0x1c7a734b	0x1ad0	0x65	0	55	342	Snake! Try not to hurt her!
0x1c7a734b	0x1b40	0x56	0	39	342	Don't let Paz die!
0x1c7a734b	0x1ba0	0x60	0	39	342	Please, make sure Paz is OK!
0x1c7a734b	0x1c00	0x6a	0	55	342	Tranqs won't work on ZEKE!
0x1c7a734b	0x1c70	0x98	0	103	342	Make sure your teammates don't get hit by any support strikes.
0x1c7a734b	0x1d10	0xb5	0	73	342	Going CO-OP In with ZEKE will supplement your LIFE Gauge.
0x1c7a734b	0x1d10	0xb5	1	41	342	Use it to your advantage.
0x1c7a734b	0x1dd0	0x7f	0	71	342	You know you can give ZEKE orders in CO-OPS, as well.
0x1c7a734b	0x1e50	0xeb	0	51	342	To tag a target for ZEKE to attack,
0x1c7a734b	0x1e50	0xeb	1	56	342	do <I=ESEARCH> to zoom in on the target,
0x1c7a734b	0x1e50	0xeb	2	34	342	then push <I=ATK>.
0x1c7a734b	0x1f40	0xb8	0	54	342	To tag a target for ZEKE to attack,
0x1c7a734b	0x1f40	0xb8	1	59	342	do <I=ESEARCH> to zoom in on the target,
0x1c7a734b	0x2000	0xba	0	58	342	ZEKE's actions are controlled by an AI.
0x1c7a734b	0x2000	0xba	1	56	342	So it might not always follow orders.
0x1c7a734b	0x20c0	0xb0	0	41	342	We've got guests in Mother Base!
0x1c7a734b	0x20c0	0xb0	1	57	342	Activate ZEKE and take care of them immediately!
0x1c7a734b	0x2170	0xa3	0	59	342	We've successfully infiltrated the enemy base!
0x1c7a734b	0x2170	0xa3	1	39	342	Neutralize all opposition!
0x1c7a734b	0x2220	0x7b	0	71	342	If you fail, we could all be taken prisoner...
0x1c7a734b	0x22a0	0xdf	0	73	342	This is only a mock battle. Nothing is going to happen to ZEKE.
0x1c7a734b	0x22a0	0xdf	1	72	342	It may appear to become damaged, but that is all in your head.
0x1c7a734b	0x2380	0xcf	0	50	342	This is a mock battle. Don't worry
0x1c7a734b	0x2380	0xcf	1	79	342	- you won't actually be doing any damage to ZEKE. So fire away.
0x1c7a734b	0x2450	0x89	0	87	342	ZEKE's AI pod is sealed tightly. There's no way to get inside.
0x1c7a734b	0x24e0	0xe3	0	77	342	The Pupa head uses a lot of electrical attacks.
0x1c7a734b	0x24e0	0xe3	1	85	342	You can reduce the damage by wearing the Sneaking Suit.
0x1c7a734b	0x25d0	0x102	0	65	342	The Cocoon head is specialized for cannon attacks.
0x1c7a734b	0x25d0	0x102	1	62	342	The Battle Dress uniform might be your best bet
0x1c7a734b	0x25d0	0x102	2	46	342	- it's got the highest defense.
0x1c7a734b	0x26e0	0xd2	0	70	342	The Chrysalis head is especially good at tracking targets!
0x1c7a734b	0x26e0	0xd2	1	76	342	You're going to want to wear something with a high camo index...
0x1c7a734b	0x27c0	0xa9	0	51	342	That gun platform's been destroyed.
0x1c7a734b	0x27c0	0xa9	1	46	342	We're working on repairing it.
