container	entry	off	size	mode	crc	kind	detail
EXLANG\disc0_rel\00b2b475.PDT	0	0x2000	14336	0x100	ok	raw	53506d03
EXLANG\disc0_rel\00b2b475.PDT	1	0x5800	14336	0x100	ok	raw	53506e03
EXLANG\disc0_rel\00b2b475.PDT	2	0x9000	14336	0x100	ok	raw	53506f03
EXLANG\disc0_rel\00b2b475.PDT	3	0xc800	18432	0x100	ok	raw	53507003
EXLANG\disc0_rel\00b2b475.PDT	4	0x11000	18432	0x100	ok	raw	53507103
EXLANG\disc0_rel\00b2b475.PDT	5	0x15800	16384	0x100	ok	raw	53507203
EXLANG\disc0_rel\00b2b475.PDT	6	0x19800	12288	0x100	ok	raw	53507303
EXLANG\disc0_rel\00b2b475.PDT	7	0x1c800	12288	0x100	ok	raw	53507403
EXLANG\disc0_rel\00b2b475.PDT	8	0x1f800	12288	0x100	ok	raw	53507503
EXLANG\disc0_rel\00b2b475.PDT	9	0x22800	12288	0x100	ok	raw	53507603
EXLANG\disc0_rel\00b2b475.PDT	10	0x25800	10240	0x100	ok	raw	53507703
EXLANG\disc0_rel\00b2b475.PDT	11	0x28000	12288	0x100	ok	raw	53507803
EXLANG\disc0_rel\00b2b475.PDT	12	0x2b000	14336	0x100	ok	raw	53507903
EXLANG\disc0_rel\00b2b475.PDT	13	0x2e800	14336	0x100	ok	raw	53507a03
EXLANG\disc0_rel\00b2b475.PDT	14	0x32000	16384	0x100	ok	raw	53507b03
EXLANG\disc0_rel\00b2b475.PDT	15	0x36000	14336	0x100	ok	raw	53507c03
EXLANG\disc0_rel\00b2b475.PDT	16	0x39800	14336	0x100	ok	raw	53507d03
EXLANG\disc0_rel\00b2b475.PDT	17	0x3d000	14336	0x100	ok	raw	53507e03
EXLANG\disc0_rel\00b2b475.PDT	18	0x40800	12288	0x100	ok	raw	53507f03
EXLANG\disc0_rel\00b2b475.PDT	19	0x43800	14336	0x100	ok	raw	53508003
EXLANG\disc0_rel\00b2b475.PDT	20	0x47000	12288	0x100	ok	raw	53508103
EXLANG\disc0_rel\00b2b475.PDT	21	0x4a000	10240	0x100	ok	raw	53508203
EXLANG\disc0_rel\00b2b475.PDT	22	0x4c800	16384	0x100	ok	raw	53508303
EXLANG\disc0_rel\00b2b475.PDT	23	0x50800	16384	0x100	ok	raw	53508403
EXLANG\disc0_rel\00b2b475.PDT	24	0x54800	18432	0x100	ok	raw	53508503
EXLANG\disc0_rel\00b2b475.PDT	25	0x59000	16384	0x100	ok	raw	53508603
EXLANG\disc0_rel\00b2b475.PDT	26	0x5d000	16384	0x100	ok	raw	53508703
EXLANG\disc0_rel\00b2b475.PDT	27	0x61000	16384	0x100	ok	raw	53508803
EXLANG\disc0_rel\00b2b475.PDT	28	0x65000	12288	0x100	ok	raw	53508903
EXLANG\disc0_rel\00b2b475.PDT	29	0x68000	18432	0x100	ok	raw	53508a03
EXLANG\disc0_rel\00b2b475.PDT	30	0x6c800	14336	0x100	ok	raw	53508b03
EXLANG\disc0_rel\00b2b475.PDT	31	0x70000	10240	0x100	ok	raw	53508c03
EXLANG\disc0_rel\00b2b475.PDT	32	0x72800	10240	0x100	ok	raw	53508d03
EXLANG\disc0_rel\00b2b475.PDT	33	0x75000	10240	0x100	ok	raw	53508e03
EXLANG\disc0_rel\00b2b475.PDT	34	0x77800	10240	0x100	ok	raw	53508f03
EXLANG\disc0_rel\00b2b475.PDT	35	0x7a000	12288	0x100	ok	raw	53509003
EXLANG\disc0_rel\00b2b475.PDT	36	0x7d000	12288	0x100	ok	raw	53509103
EXLANG\disc0_rel\00b2b475.PDT	37	0x80000	12288	0x100	ok	raw	53509203
EXLANG\disc0_rel\00b2b475.PDT	38	0x83000	12288	0x100	ok	raw	53509303
EXLANG\disc0_rel\00b2b475.PDT	39	0x86000	14336	0x100	ok	raw	53509403
EXLANG\disc0_rel\00b2b475.PDT	40	0x89800	14336	0x100	ok	raw	53509503
EXLANG\disc0_rel\00b2b475.PDT	41	0x8d000	14336	0x100	ok	raw	53509603
EXLANG\disc0_rel\00b2b475.PDT	42	0x90800	16384	0x100	ok	raw	53509703
EXLANG\disc0_rel\00b2b475.PDT	43	0x94800	14336	0x100	ok	raw	53509803
EXLANG\disc0_rel\00b2b475.PDT	44	0x98000	10240	0x100	ok	raw	53509903
EXLANG\disc0_rel\00b2b475.PDT	45	0x9a800	10240	0x100	ok	raw	53509a03
EXLANG\disc0_rel\00b2b475.PDT	46	0x9d000	10240	0x100	ok	raw	53509b03
EXLANG\disc0_rel\00b2b475.PDT	47	0x9f800	12288	0x100	ok	raw	53509c03
EXLANG\disc0_rel\00b2b475.PDT	48	0xa2800	14336	0x100	ok	raw	53509d03
EXLANG\disc0_rel\00b2b475.PDT	49	0xa6000	16384	0x100	ok	raw	53509e03
EXLANG\disc0_rel\00b2b475.PDT	50	0xaa000	14336	0x100	ok	raw	53509f03
EXLANG\disc0_rel\00b2b475.PDT	51	0xad800	14336	0x100	ok	raw	5350a003
EXLANG\disc0_rel\00b2b475.PDT	52	0xb1000	12288	0x100	ok	raw	5350a103
EXLANG\disc0_rel\00b2b475.PDT	53	0xb4000	12288	0x100	ok	raw	5350a203
EXLANG\disc0_rel\00b2b475.PDT	54	0xb7000	14336	0x100	ok	raw	5350a303
EXLANG\disc0_rel\00b2b475.PDT	55	0xba800	12288	0x100	ok	raw	5350a403
EXLANG\disc0_rel\00b2b475.PDT	56	0xbd800	8192	0x100	ok	raw	5350a503
EXLANG\disc0_rel\00b2b475.PDT	57	0xbf800	10240	0x100	ok	raw	5350a603
EXLANG\disc0_rel\00b2b475.PDT	58	0xc2000	10240	0x100	ok	raw	5350a703
EXLANG\disc0_rel\00b2b475.PDT	59	0xc4800	18432	0x100	ok	raw	5350a803
EXLANG\disc0_rel\00b2b475.PDT	60	0xc9000	18432	0x100	ok	raw	5350a903
EXLANG\disc0_rel\00b2b475.PDT	61	0xcd800	16384	0x100	ok	raw	5350aa03
EXLANG\disc0_rel\00b2b475.PDT	62	0xd1800	26624	0x100	ok	raw	5350ab03
EXLANG\disc0_rel\00b2b475.PDT	63	0xd8000	14336	0x100	ok	raw	5350ac03
EXLANG\disc0_rel\00b2b475.PDT	64	0xdb800	18432	0x100	ok	raw	5350ad03
EXLANG\disc0_rel\00b2b475.PDT	65	0xe0000	18432	0x100	ok	raw	5350ae03
EXLANG\disc0_rel\00b2b475.PDT	66	0xe4800	20480	0x100	ok	raw	5350af03
EXLANG\disc0_rel\00b2b475.PDT	67	0xe9800	10240	0x100	ok	raw	5350b003
EXLANG\disc0_rel\00b2b475.PDT	68	0xec000	10240	0x100	ok	raw	5350b103
EXLANG\disc0_rel\00b2b475.PDT	69	0xee800	10240	0x100	ok	raw	5350b203
EXLANG\disc0_rel\00b2b475.PDT	70	0xf1000	16384	0x100	ok	raw	5350b303
EXLANG\disc0_rel\00b2b475.PDT	71	0xf5000	12288	0x100	ok	raw	5350b403
EXLANG\disc0_rel\00b2b475.PDT	72	0xf8000	12288	0x100	ok	raw	5350b503
EXLANG\disc0_rel\00b2b475.PDT	73	0xfb000	12288	0x100	ok	raw	5350b603
EXLANG\disc0_rel\00b2b475.PDT	74	0xfe000	8192	0x100	ok	raw	5350b703
EXLANG\disc0_rel\00b2b475.PDT	75	0x100000	14336	0x100	ok	raw	5350b803
EXLANG\disc0_rel\00b2b475.PDT	76	0x103800	14336	0x100	ok	raw	5350b903
EXLANG\disc0_rel\00b2b475.PDT	77	0x107000	20480	0x100	ok	raw	5350ba03
EXLANG\disc0_rel\00b2b475.PDT	78	0x10c000	18432	0x100	ok	raw	5350bb03
EXLANG\disc0_rel\00b2b475.PDT	79	0x110800	18432	0x100	ok	raw	5350bc03
EXLANG\disc0_rel\00b2b475.PDT	80	0x115000	12288	0x100	ok	raw	5350bd03
EXLANG\disc0_rel\00b2b475.PDT	81	0x118000	12288	0x100	ok	raw	5350be03
EXLANG\disc0_rel\00b2b475.PDT	82	0x11b000	12288	0x100	ok	raw	5350bf03
EXLANG\disc0_rel\00b2b475.PDT	83	0x11e000	20480	0x100	ok	raw	5350c003
EXLANG\disc0_rel\00b2b475.PDT	84	0x123000	22528	0x100	ok	raw	5350c103
EXLANG\disc0_rel\00b2b475.PDT	85	0x128800	14336	0x100	ok	raw	5350c203
EXLANG\disc0_rel\00b2b475.PDT	86	0x12c000	16384	0x100	ok	raw	53506c07
EXLANG\disc0_rel\00b2b475.PDT	87	0x130000	18432	0x100	ok	raw	53506d07
EXLANG\disc0_rel\00b2b475.PDT	88	0x134800	20480	0x100	ok	raw	53506e07
EXLANG\disc0_rel\00b2b475.PDT	89	0x139800	10240	0x100	ok	raw	53506f07
EXLANG\disc0_rel\00b2b475.PDT	90	0x13c000	14336	0x100	ok	raw	53507007
EXLANG\disc0_rel\00b2b475.PDT	91	0x13f800	12288	0x100	ok	raw	53507107
EXLANG\disc0_rel\00b2b475.PDT	92	0x142800	12288	0x100	ok	raw	53507207
EXLANG\disc0_rel\00b2b475.PDT	93	0x145800	12288	0x100	ok	raw	53507307
EXLANG\disc0_rel\00b2b475.PDT	94	0x148800	18432	0x100	ok	raw	53507407
EXLANG\disc0_rel\00b2b475.PDT	95	0x14d000	14336	0x100	ok	raw	53507507
EXLANG\disc0_rel\00b2b475.PDT	96	0x150800	14336	0x100	ok	raw	53507607
EXLANG\disc0_rel\00b2b475.PDT	97	0x154000	14336	0x100	ok	raw	53507707
EXLANG\disc0_rel\00b2b475.PDT	98	0x157800	12288	0x100	ok	raw	53507807
EXLANG\disc0_rel\00b2b475.PDT	99	0x15a800	14336	0x100	ok	raw	53507907
EXLANG\disc0_rel\00b2b475.PDT	100	0x15e000	10240	0x100	ok	raw	53507d07
EXLANG\disc0_rel\00b2b475.PDT	101	0x160800	8192	0x100	ok	raw	53507e07
EXLANG\disc0_rel\00b2b475.PDT	102	0x162800	8192	0x100	ok	raw	53507f07
EXLANG\disc0_rel\00b2b475.PDT	103	0x164800	10240	0x100	ok	raw	53508007
EXLANG\disc0_rel\00b2b475.PDT	104	0x167000	12288	0x100	ok	raw	53508107
EXLANG\disc0_rel\00b2b475.PDT	105	0x16a000	10240	0x100	ok	raw	53508207
EXLANG\disc0_rel\00b2b475.PDT	106	0x16c800	12288	0x100	ok	raw	53508307
EXLANG\disc0_rel\00b2b475.PDT	107	0x16f800	14336	0x100	ok	raw	53508407
EXLANG\disc0_rel\00b2b475.PDT	108	0x173000	10240	0x100	ok	raw	53508507
EXLANG\disc0_rel\00b2b475.PDT	109	0x175800	10240	0x100	ok	raw	53508607
EXLANG\disc0_rel\00b2b475.PDT	110	0x178000	12288	0x100	ok	raw	53508707
EXLANG\disc0_rel\00b2b475.PDT	111	0x17b000	10240	0x100	ok	raw	53508807
EXLANG\disc0_rel\00b2b475.PDT	112	0x17d800	12288	0x100	ok	raw	53508907
EXLANG\disc0_rel\00b2b475.PDT	113	0x180800	8192	0x100	ok	raw	53508a07
EXLANG\disc0_rel\00b2b475.PDT	114	0x182800	12288	0x100	ok	raw	53508b07
EXLANG\disc0_rel\00b2b475.PDT	115	0x185800	14336	0x100	ok	raw	53508c07
EXLANG\disc0_rel\00b2b475.PDT	116	0x189000	22528	0x100	ok	raw	53508d07
EXLANG\disc0_rel\00b2b475.PDT	117	0x18e800	10240	0x100	ok	raw	53508e07
EXLANG\disc0_rel\00b2b475.PDT	118	0x191000	8192	0x100	ok	raw	53508f07
EXLANG\disc0_rel\00b2b475.PDT	119	0x193000	10240	0x100	ok	raw	53509007
EXLANG\disc0_rel\00b2b475.PDT	120	0x195800	10240	0x100	ok	raw	53509107
EXLANG\disc0_rel\00b2b475.PDT	121	0x198000	8192	0x100	ok	raw	53509207
EXLANG\disc0_rel\00b2b475.PDT	122	0x19a000	8192	0x100	ok	raw	53509307
EXLANG\disc0_rel\00b2b475.PDT	123	0x19c000	8192	0x100	ok	raw	53509407
EXLANG\disc0_rel\00b2b475.PDT	124	0x19e000	10240	0x100	ok	raw	53509507
EXLANG\disc0_rel\00b2b475.PDT	125	0x1a0800	8192	0x100	ok	raw	53509607
EXLANG\disc0_rel\00b2b475.PDT	126	0x1a2800	10240	0x100	ok	raw	53509707
EXLANG\disc0_rel\00b2b475.PDT	127	0x1a5000	10240	0x100	ok	raw	53509807
EXLANG\disc0_rel\00b2b475.PDT	128	0x1a7800	10240	0x100	ok	raw	53509907
EXLANG\disc0_rel\00b2b475.PDT	129	0x1aa000	12288	0x100	ok	raw	53509a07
EXLANG\disc0_rel\00b2b475.PDT	130	0x1ad000	14336	0x100	ok	raw	53509b07
EXLANG\disc0_rel\00b2b475.PDT	131	0x1b0800	12288	0x100	ok	raw	53509c07
EXLANG\disc0_rel\00b2b475.PDT	132	0x1b3800	16384	0x100	ok	raw	53509d07
EXLANG\disc0_rel\00b2b475.PDT	133	0x1b7800	8192	0x100	ok	raw	53509e07
EXLANG\disc0_rel\00b2b475.PDT	134	0x1b9800	12288	0x100	ok	raw	53509f07
EXLANG\disc0_rel\00b2b475.PDT	135	0x1bc800	18432	0x100	ok	raw	5350a007
EXLANG\disc0_rel\00b2b475.PDT	136	0x1c1000	12288	0x100	ok	raw	5350a107
EXLANG\disc0_rel\00b2b475.PDT	137	0x1c4000	10240	0x100	ok	raw	5350a207
EXLANG\disc0_rel\00b2b475.PDT	138	0x1c6800	16384	0x100	ok	raw	5350a307
EXLANG\disc0_rel\00b2b475.PDT	139	0x1ca800	10240	0x100	ok	raw	5350a407
EXLANG\disc0_rel\00b2b475.PDT	140	0x1cd000	12288	0x100	ok	raw	5350a507
EXLANG\disc0_rel\00b2b475.PDT	141	0x1d0000	12288	0x100	ok	raw	5350a607
EXLANG\disc0_rel\00b2b475.PDT	142	0x1d3000	12288	0x100	ok	raw	5350a707
EXLANG\disc0_rel\00b2b475.PDT	143	0x1d6000	14336	0x100	ok	raw	5350a807
EXLANG\disc0_rel\00b2b475.PDT	144	0x1d9800	12288	0x100	ok	raw	5350a907
EXLANG\disc0_rel\00b2b475.PDT	145	0x1dc800	10240	0x100	ok	raw	5350aa07
EXLANG\disc0_rel\00b2b475.PDT	146	0x1df000	12288	0x100	ok	raw	5350ab07
EXLANG\disc0_rel\00b2b475.PDT	147	0x1e2000	10240	0x100	ok	raw	5350ac07
EXLANG\disc0_rel\00b2b475.PDT	148	0x1e4800	8192	0x100	ok	raw	5350ad07
EXLANG\disc0_rel\00b2b475.PDT	149	0x1e6800	10240	0x100	ok	raw	5350ae07
EXLANG\disc0_rel\00b2b475.PDT	150	0x1e9000	8192	0x100	ok	raw	5350af07
EXLANG\disc0_rel\00b2b475.PDT	151	0x1eb000	10240	0x100	ok	raw	5350b007
EXLANG\disc0_rel\00b2b475.PDT	152	0x1ed800	10240	0x100	ok	raw	5350b107
EXLANG\disc0_rel\00b2b475.PDT	153	0x1f0000	10240	0x100	ok	raw	5350b207
EXLANG\disc0_rel\00b2b475.PDT	154	0x1f2800	10240	0x100	ok	raw	5350b307
EXLANG\disc0_rel\00b2b475.PDT	155	0x1f5000	10240	0x100	ok	raw	5350b407
EXLANG\disc0_rel\00b2b475.PDT	156	0x1f7800	12288	0x100	ok	raw	5350b507
EXLANG\disc0_rel\00b2b475.PDT	157	0x1fa800	8192	0x100	ok	raw	5350b607
EXLANG\disc0_rel\00b2b475.PDT	158	0x1fc800	8192	0x100	ok	raw	5350b707
EXLANG\disc0_rel\00b2b475.PDT	159	0x1fe800	10240	0x100	ok	raw	5350b807
EXLANG\disc0_rel\00b2b475.PDT	160	0x201000	12288	0x100	ok	raw	5350b907
EXLANG\disc0_rel\00b2b475.PDT	161	0x204000	8192	0x100	ok	raw	5350ba07
EXLANG\disc0_rel\00b2b475.PDT	162	0x206000	8192	0x100	ok	raw	5350bb07
EXLANG\disc0_rel\00b2b475.PDT	163	0x208000	14336	0x100	ok	raw	5350bc07
EXLANG\disc0_rel\00b2b475.PDT	164	0x20b800	12288	0x100	ok	raw	5350bd07
EXLANG\disc0_rel\00b2b475.PDT	165	0x20e800	10240	0x100	ok	raw	5350be07
EXLANG\disc0_rel\00b2b475.PDT	166	0x211000	16384	0x100	ok	raw	5350bf07
EXLANG\disc0_rel\00b2b475.PDT	167	0x215000	14336	0x100	ok	raw	5350c007
EXLANG\disc0_rel\00b2b475.PDT	168	0x218800	12288	0x100	ok	raw	5350c107
EXLANG\disc0_rel\00b2b475.PDT	169	0x21b800	12288	0x100	ok	raw	5350c207
EXLANG\disc0_rel\00b2b475.PDT	170	0x21e800	10240	0x100	ok	raw	5350c307
EXLANG\disc0_rel\00b2b475.PDT	171	0x221000	10240	0x100	ok	raw	5350c407
EXLANG\disc0_rel\00b2b475.PDT	172	0x223800	14336	0x100	ok	raw	5350c507
EXLANG\disc0_rel\00b2b475.PDT	173	0x227000	8192	0x100	ok	raw	5350c607
EXLANG\disc0_rel\00b2b475.PDT	174	0x229000	14336	0x100	ok	raw	5350c707
EXLANG\disc0_rel\00b2b475.PDT	175	0x22c800	10240	0x100	ok	raw	5350c807
EXLANG\disc0_rel\00b2b475.PDT	176	0x22f000	8192	0x100	ok	raw	5350c907
EXLANG\disc0_rel\00b2b475.PDT	177	0x231000	10240	0x100	ok	raw	5350ca07
EXLANG\disc0_rel\00b2b475.PDT	178	0x233800	14336	0x100	ok	raw	5350cb07
EXLANG\disc0_rel\00b2b475.PDT	179	0x237000	12288	0x100	ok	raw	5350cc07
EXLANG\disc0_rel\00b2b475.PDT	180	0x23a000	8192	0x100	ok	raw	5350cd07
EXLANG\disc0_rel\00b2b475.PDT	181	0x23c000	10240	0x100	ok	raw	5350ce07
EXLANG\disc0_rel\00b2b475.PDT	182	0x23e800	18432	0x100	ok	raw	5350cf07
EXLANG\disc0_rel\00b2b475.PDT	183	0x243000	10240	0x100	ok	raw	5350d007
EXLANG\disc0_rel\00b2b475.PDT	184	0x245800	12288	0x100	ok	raw	5350d107
EXLANG\disc0_rel\00b2b475.PDT	185	0x248800	8192	0x100	ok	raw	5350d207
EXLANG\disc0_rel\00b2b475.PDT	186	0x24a800	10240	0x100	ok	raw	5350d307
EXLANG\disc0_rel\00b2b475.PDT	187	0x24d000	14336	0x100	ok	raw	5350d407
EXLANG\disc0_rel\00b2b475.PDT	188	0x250800	12288	0x100	ok	raw	5350d507
EXLANG\disc0_rel\00b2b475.PDT	189	0x253800	14336	0x100	ok	raw	5350d607
EXLANG\disc0_rel\00b2b475.PDT	190	0x257000	12288	0x100	ok	raw	5350d707
EXLANG\disc0_rel\00b2b475.PDT	191	0x25a000	10240	0x100	ok	raw	5350d807
EXLANG\disc0_rel\00b2b475.PDT	192	0x25c800	8192	0x100	ok	raw	5350d907
EXLANG\disc0_rel\00b2b475.PDT	193	0x25e800	14336	0x100	ok	raw	5350da07
EXLANG\disc0_rel\00b2b475.PDT	194	0x262000	10240	0x100	ok	raw	5350db07
EXLANG\disc0_rel\00b2b475.PDT	195	0x264800	10240	0x100	ok	raw	5350dc07
EXLANG\disc0_rel\00b2b475.PDT	196	0x267000	16384	0x100	ok	raw	5350dd07
EXLANG\disc0_rel\00b2b475.PDT	197	0x26b000	10240	0x100	ok	raw	5350de07
EXLANG\disc0_rel\00b2b475.PDT	198	0x26d800	6144	0x100	ok	raw	5350df07
EXLANG\disc0_rel\00b2b475.PDT	199	0x26f000	12288	0x100	ok	raw	5350e007
EXLANG\disc0_rel\00b2b475.PDT	200	0x272000	10240	0x100	ok	raw	5350e107
EXLANG\disc0_rel\00b2b475.PDT	201	0x274800	14336	0x100	ok	raw	5350e207
EXLANG\disc0_rel\00b2b475.PDT	202	0x278000	12288	0x100	ok	raw	5350e307
EXLANG\disc0_rel\00b2b475.PDT	203	0x27b000	10240	0x100	ok	raw	5350e407
EXLANG\disc0_rel\00b2b475.PDT	204	0x27d800	14336	0x100	ok	raw	5350e507
EXLANG\disc0_rel\00b2b475.PDT	205	0x281000	12288	0x100	ok	raw	5350e607
EXLANG\disc0_rel\00b2b475.PDT	206	0x284000	14336	0x100	ok	raw	5350e707
EXLANG\disc0_rel\00b2b475.PDT	207	0x287800	10240	0x100	ok	raw	5350e807
EXLANG\disc0_rel\00b2b475.PDT	208	0x28a000	14336	0x100	ok	raw	5350e907
EXLANG\disc0_rel\00b2b475.PDT	209	0x28d800	16384	0x100	ok	raw	5350ea07
EXLANG\disc0_rel\00b2b475.PDT	210	0x291800	12288	0x100	ok	raw	5350eb07
EXLANG\disc0_rel\00b2b475.PDT	211	0x294800	14336	0x100	ok	raw	5350ec07
EXLANG\disc0_rel\00b2b475.PDT	212	0x298000	16384	0x100	ok	raw	53507b07
EXLANG\disc0_rel\00b2b475.PDT	213	0x29c000	32768	0x100	ok	raw	53508e0a
EXLANG\disc0_rel\00b2b475.PDT	214	0x2a4000	6144	0x100	ok	raw	5350cb0a
EXLANG\disc0_rel\00b2b475.PDT	215	0x2a5800	6144	0x100	ok	raw	5350cc0a
EXLANG\disc0_rel\00b2b475.PDT	216	0x2a7000	12288	0x100	ok	raw	5350cd0a
EXLANG\disc0_rel\00b2b475.PDT	217	0x2aa000	10240	0x100	ok	raw	5350ce0a
EXLANG\disc0_rel\00b2b475.PDT	218	0x2ac800	22528	0x100	ok	raw	5350cf0a
MLG\disc0_rel\00b2b475.PDT	0	0x2000	14336	0x100	ok	raw	53506d03
MLG\disc0_rel\00b2b475.PDT	1	0x5800	14336	0x100	ok	raw	53506e03
MLG\disc0_rel\00b2b475.PDT	2	0x9000	14336	0x100	ok	raw	53506f03
MLG\disc0_rel\00b2b475.PDT	3	0xc800	18432	0x100	ok	raw	53507003
MLG\disc0_rel\00b2b475.PDT	4	0x11000	18432	0x100	ok	raw	53507103
MLG\disc0_rel\00b2b475.PDT	5	0x15800	16384	0x100	ok	raw	53507203
MLG\disc0_rel\00b2b475.PDT	6	0x19800	12288	0x100	ok	raw	53507303
MLG\disc0_rel\00b2b475.PDT	7	0x1c800	12288	0x100	ok	raw	53507403
MLG\disc0_rel\00b2b475.PDT	8	0x1f800	12288	0x100	ok	raw	53507503
MLG\disc0_rel\00b2b475.PDT	9	0x22800	12288	0x100	ok	raw	53507603
MLG\disc0_rel\00b2b475.PDT	10	0x25800	10240	0x100	ok	raw	53507703
MLG\disc0_rel\00b2b475.PDT	11	0x28000	12288	0x100	ok	raw	53507803
MLG\disc0_rel\00b2b475.PDT	12	0x2b000	14336	0x100	ok	raw	53507903
MLG\disc0_rel\00b2b475.PDT	13	0x2e800	14336	0x100	ok	raw	53507a03
MLG\disc0_rel\00b2b475.PDT	14	0x32000	16384	0x100	ok	raw	53507b03
MLG\disc0_rel\00b2b475.PDT	15	0x36000	14336	0x100	ok	raw	53507c03
MLG\disc0_rel\00b2b475.PDT	16	0x39800	14336	0x100	ok	raw	53507d03
MLG\disc0_rel\00b2b475.PDT	17	0x3d000	14336	0x100	ok	raw	53507e03
MLG\disc0_rel\00b2b475.PDT	18	0x40800	12288	0x100	ok	raw	53507f03
MLG\disc0_rel\00b2b475.PDT	19	0x43800	14336	0x100	ok	raw	53508003
MLG\disc0_rel\00b2b475.PDT	20	0x47000	12288	0x100	ok	raw	53508103
MLG\disc0_rel\00b2b475.PDT	21	0x4a000	10240	0x100	ok	raw	53508203
MLG\disc0_rel\00b2b475.PDT	22	0x4c800	16384	0x100	ok	raw	53508303
MLG\disc0_rel\00b2b475.PDT	23	0x50800	16384	0x100	ok	raw	53508403
MLG\disc0_rel\00b2b475.PDT	24	0x54800	18432	0x100	ok	raw	53508503
MLG\disc0_rel\00b2b475.PDT	25	0x59000	16384	0x100	ok	raw	53508603
MLG\disc0_rel\00b2b475.PDT	26	0x5d000	16384	0x100	ok	raw	53508703
MLG\disc0_rel\00b2b475.PDT	27	0x61000	16384	0x100	ok	raw	53508803
MLG\disc0_rel\00b2b475.PDT	28	0x65000	12288	0x100	ok	raw	53508903
MLG\disc0_rel\00b2b475.PDT	29	0x68000	18432	0x100	ok	raw	53508a03
MLG\disc0_rel\00b2b475.PDT	30	0x6c800	14336	0x100	ok	raw	53508b03
MLG\disc0_rel\00b2b475.PDT	31	0x70000	10240	0x100	ok	raw	53508c03
MLG\disc0_rel\00b2b475.PDT	32	0x72800	10240	0x100	ok	raw	53508d03
MLG\disc0_rel\00b2b475.PDT	33	0x75000	10240	0x100	ok	raw	53508e03
MLG\disc0_rel\00b2b475.PDT	34	0x77800	10240	0x100	ok	raw	53508f03
MLG\disc0_rel\00b2b475.PDT	35	0x7a000	12288	0x100	ok	raw	53509003
MLG\disc0_rel\00b2b475.PDT	36	0x7d000	12288	0x100	ok	raw	53509103
MLG\disc0_rel\00b2b475.PDT	37	0x80000	12288	0x100	ok	raw	53509203
MLG\disc0_rel\00b2b475.PDT	38	0x83000	12288	0x100	ok	raw	53509303
MLG\disc0_rel\00b2b475.PDT	39	0x86000	14336	0x100	ok	raw	53509403
MLG\disc0_rel\00b2b475.PDT	40	0x89800	14336	0x100	ok	raw	53509503
MLG\disc0_rel\00b2b475.PDT	41	0x8d000	14336	0x100	ok	raw	53509603
MLG\disc0_rel\00b2b475.PDT	42	0x90800	16384	0x100	ok	raw	53509703
MLG\disc0_rel\00b2b475.PDT	43	0x94800	14336	0x100	ok	raw	53509803
MLG\disc0_rel\00b2b475.PDT	44	0x98000	10240	0x100	ok	raw	53509903
MLG\disc0_rel\00b2b475.PDT	45	0x9a800	10240	0x100	ok	raw	53509a03
MLG\disc0_rel\00b2b475.PDT	46	0x9d000	10240	0x100	ok	raw	53509b03
MLG\disc0_rel\00b2b475.PDT	47	0x9f800	12288	0x100	ok	raw	53509c03
MLG\disc0_rel\00b2b475.PDT	48	0xa2800	14336	0x100	ok	raw	53509d03
MLG\disc0_rel\00b2b475.PDT	49	0xa6000	16384	0x100	ok	raw	53509e03
MLG\disc0_rel\00b2b475.PDT	50	0xaa000	14336	0x100	ok	raw	53509f03
MLG\disc0_rel\00b2b475.PDT	51	0xad800	14336	0x100	ok	raw	5350a003
MLG\disc0_rel\00b2b475.PDT	52	0xb1000	12288	0x100	ok	raw	5350a103
MLG\disc0_rel\00b2b475.PDT	53	0xb4000	12288	0x100	ok	raw	5350a203
MLG\disc0_rel\00b2b475.PDT	54	0xb7000	14336	0x100	ok	raw	5350a303
MLG\disc0_rel\00b2b475.PDT	55	0xba800	12288	0x100	ok	raw	5350a403
MLG\disc0_rel\00b2b475.PDT	56	0xbd800	8192	0x100	ok	raw	5350a503
MLG\disc0_rel\00b2b475.PDT	57	0xbf800	10240	0x100	ok	raw	5350a603
MLG\disc0_rel\00b2b475.PDT	58	0xc2000	10240	0x100	ok	raw	5350a703
MLG\disc0_rel\00b2b475.PDT	59	0xc4800	18432	0x100	ok	raw	5350a803
MLG\disc0_rel\00b2b475.PDT	60	0xc9000	18432	0x100	ok	raw	5350a903
MLG\disc0_rel\00b2b475.PDT	61	0xcd800	16384	0x100	ok	raw	5350aa03
MLG\disc0_rel\00b2b475.PDT	62	0xd1800	26624	0x100	ok	raw	5350ab03
MLG\disc0_rel\00b2b475.PDT	63	0xd8000	14336	0x100	ok	raw	5350ac03
MLG\disc0_rel\00b2b475.PDT	64	0xdb800	18432	0x100	ok	raw	5350ad03
MLG\disc0_rel\00b2b475.PDT	65	0xe0000	18432	0x100	ok	raw	5350ae03
MLG\disc0_rel\00b2b475.PDT	66	0xe4800	20480	0x100	ok	raw	5350af03
MLG\disc0_rel\00b2b475.PDT	67	0xe9800	10240	0x100	ok	raw	5350b003
MLG\disc0_rel\00b2b475.PDT	68	0xec000	10240	0x100	ok	raw	5350b103
MLG\disc0_rel\00b2b475.PDT	69	0xee800	10240	0x100	ok	raw	5350b203
MLG\disc0_rel\00b2b475.PDT	70	0xf1000	16384	0x100	ok	raw	5350b303
MLG\disc0_rel\00b2b475.PDT	71	0xf5000	12288	0x100	ok	raw	5350b403
MLG\disc0_rel\00b2b475.PDT	72	0xf8000	12288	0x100	ok	raw	5350b503
MLG\disc0_rel\00b2b475.PDT	73	0xfb000	12288	0x100	ok	raw	5350b603
MLG\disc0_rel\00b2b475.PDT	74	0xfe000	8192	0x100	ok	raw	5350b703
MLG\disc0_rel\00b2b475.PDT	75	0x100000	14336	0x100	ok	raw	5350b803
MLG\disc0_rel\00b2b475.PDT	76	0x103800	14336	0x100	ok	raw	5350b903
MLG\disc0_rel\00b2b475.PDT	77	0x107000	20480	0x100	ok	raw	5350ba03
MLG\disc0_rel\00b2b475.PDT	78	0x10c000	18432	0x100	ok	raw	5350bb03
MLG\disc0_rel\00b2b475.PDT	79	0x110800	18432	0x100	ok	raw	5350bc03
MLG\disc0_rel\00b2b475.PDT	80	0x115000	12288	0x100	ok	raw	5350bd03
MLG\disc0_rel\00b2b475.PDT	81	0x118000	12288	0x100	ok	raw	5350be03
MLG\disc0_rel\00b2b475.PDT	82	0x11b000	12288	0x100	ok	raw	5350bf03
MLG\disc0_rel\00b2b475.PDT	83	0x11e000	20480	0x100	ok	raw	5350c003
MLG\disc0_rel\00b2b475.PDT	84	0x123000	22528	0x100	ok	raw	5350c103
MLG\disc0_rel\00b2b475.PDT	85	0x128800	14336	0x100	ok	raw	5350c203
MLG\disc0_rel\00b2b475.PDT	86	0x12c000	16384	0x100	ok	raw	53506c07
MLG\disc0_rel\00b2b475.PDT	87	0x130000	18432	0x100	ok	raw	53506d07
MLG\disc0_rel\00b2b475.PDT	88	0x134800	20480	0x100	ok	raw	53506e07
MLG\disc0_rel\00b2b475.PDT	89	0x139800	10240	0x100	ok	raw	53506f07
MLG\disc0_rel\00b2b475.PDT	90	0x13c000	14336	0x100	ok	raw	53507007
MLG\disc0_rel\00b2b475.PDT	91	0x13f800	12288	0x100	ok	raw	53507107
MLG\disc0_rel\00b2b475.PDT	92	0x142800	12288	0x100	ok	raw	53507207
MLG\disc0_rel\00b2b475.PDT	93	0x145800	12288	0x100	ok	raw	53507307
MLG\disc0_rel\00b2b475.PDT	94	0x148800	18432	0x100	ok	raw	53507407
MLG\disc0_rel\00b2b475.PDT	95	0x14d000	14336	0x100	ok	raw	53507507
MLG\disc0_rel\00b2b475.PDT	96	0x150800	14336	0x100	ok	raw	53507607
MLG\disc0_rel\00b2b475.PDT	97	0x154000	14336	0x100	ok	raw	53507707
MLG\disc0_rel\00b2b475.PDT	98	0x157800	12288	0x100	ok	raw	53507807
MLG\disc0_rel\00b2b475.PDT	99	0x15a800	14336	0x100	ok	raw	53507907
MLG\disc0_rel\00b2b475.PDT	100	0x15e000	10240	0x100	ok	raw	53507d07
MLG\disc0_rel\00b2b475.PDT	101	0x160800	8192	0x100	ok	raw	53507e07
MLG\disc0_rel\00b2b475.PDT	102	0x162800	8192	0x100	ok	raw	53507f07
MLG\disc0_rel\00b2b475.PDT	103	0x164800	10240	0x100	ok	raw	53508007
MLG\disc0_rel\00b2b475.PDT	104	0x167000	12288	0x100	ok	raw	53508107
MLG\disc0_rel\00b2b475.PDT	105	0x16a000	10240	0x100	ok	raw	53508207
MLG\disc0_rel\00b2b475.PDT	106	0x16c800	12288	0x100	ok	raw	53508307
MLG\disc0_rel\00b2b475.PDT	107	0x16f800	14336	0x100	ok	raw	53508407
MLG\disc0_rel\00b2b475.PDT	108	0x173000	10240	0x100	ok	raw	53508507
MLG\disc0_rel\00b2b475.PDT	109	0x175800	10240	0x100	ok	raw	53508607
MLG\disc0_rel\00b2b475.PDT	110	0x178000	12288	0x100	ok	raw	53508707
MLG\disc0_rel\00b2b475.PDT	111	0x17b000	10240	0x100	ok	raw	53508807
MLG\disc0_rel\00b2b475.PDT	112	0x17d800	12288	0x100	ok	raw	53508907
MLG\disc0_rel\00b2b475.PDT	113	0x180800	8192	0x100	ok	raw	53508a07
MLG\disc0_rel\00b2b475.PDT	114	0x182800	12288	0x100	ok	raw	53508b07
MLG\disc0_rel\00b2b475.PDT	115	0x185800	14336	0x100	ok	raw	53508c07
MLG\disc0_rel\00b2b475.PDT	116	0x189000	22528	0x100	ok	raw	53508d07
MLG\disc0_rel\00b2b475.PDT	117	0x18e800	10240	0x100	ok	raw	53508e07
MLG\disc0_rel\00b2b475.PDT	118	0x191000	8192	0x100	ok	raw	53508f07
MLG\disc0_rel\00b2b475.PDT	119	0x193000	10240	0x100	ok	raw	53509007
MLG\disc0_rel\00b2b475.PDT	120	0x195800	10240	0x100	ok	raw	53509107
MLG\disc0_rel\00b2b475.PDT	121	0x198000	8192	0x100	ok	raw	53509207
MLG\disc0_rel\00b2b475.PDT	122	0x19a000	8192	0x100	ok	raw	53509307
MLG\disc0_rel\00b2b475.PDT	123	0x19c000	8192	0x100	ok	raw	53509407
MLG\disc0_rel\00b2b475.PDT	124	0x19e000	10240	0x100	ok	raw	53509507
MLG\disc0_rel\00b2b475.PDT	125	0x1a0800	8192	0x100	ok	raw	53509607
MLG\disc0_rel\00b2b475.PDT	126	0x1a2800	10240	0x100	ok	raw	53509707
MLG\disc0_rel\00b2b475.PDT	127	0x1a5000	10240	0x100	ok	raw	53509807
MLG\disc0_rel\00b2b475.PDT	128	0x1a7800	10240	0x100	ok	raw	53509907
MLG\disc0_rel\00b2b475.PDT	129	0x1aa000	12288	0x100	ok	raw	53509a07
MLG\disc0_rel\00b2b475.PDT	130	0x1ad000	14336	0x100	ok	raw	53509b07
MLG\disc0_rel\00b2b475.PDT	131	0x1b0800	12288	0x100	ok	raw	53509c07
MLG\disc0_rel\00b2b475.PDT	132	0x1b3800	16384	0x100	ok	raw	53509d07
MLG\disc0_rel\00b2b475.PDT	133	0x1b7800	8192	0x100	ok	raw	53509e07
MLG\disc0_rel\00b2b475.PDT	134	0x1b9800	12288	0x100	ok	raw	53509f07
MLG\disc0_rel\00b2b475.PDT	135	0x1bc800	18432	0x100	ok	raw	5350a007
MLG\disc0_rel\00b2b475.PDT	136	0x1c1000	12288	0x100	ok	raw	5350a107
MLG\disc0_rel\00b2b475.PDT	137	0x1c4000	10240	0x100	ok	raw	5350a207
MLG\disc0_rel\00b2b475.PDT	138	0x1c6800	16384	0x100	ok	raw	5350a307
MLG\disc0_rel\00b2b475.PDT	139	0x1ca800	10240	0x100	ok	raw	5350a407
MLG\disc0_rel\00b2b475.PDT	140	0x1cd000	12288	0x100	ok	raw	5350a507
MLG\disc0_rel\00b2b475.PDT	141	0x1d0000	12288	0x100	ok	raw	5350a607
MLG\disc0_rel\00b2b475.PDT	142	0x1d3000	12288	0x100	ok	raw	5350a707
MLG\disc0_rel\00b2b475.PDT	143	0x1d6000	14336	0x100	ok	raw	5350a807
MLG\disc0_rel\00b2b475.PDT	144	0x1d9800	12288	0x100	ok	raw	5350a907
MLG\disc0_rel\00b2b475.PDT	145	0x1dc800	10240	0x100	ok	raw	5350aa07
MLG\disc0_rel\00b2b475.PDT	146	0x1df000	12288	0x100	ok	raw	5350ab07
MLG\disc0_rel\00b2b475.PDT	147	0x1e2000	10240	0x100	ok	raw	5350ac07
MLG\disc0_rel\00b2b475.PDT	148	0x1e4800	8192	0x100	ok	raw	5350ad07
MLG\disc0_rel\00b2b475.PDT	149	0x1e6800	10240	0x100	ok	raw	5350ae07
MLG\disc0_rel\00b2b475.PDT	150	0x1e9000	8192	0x100	ok	raw	5350af07
MLG\disc0_rel\00b2b475.PDT	151	0x1eb000	10240	0x100	ok	raw	5350b007
MLG\disc0_rel\00b2b475.PDT	152	0x1ed800	10240	0x100	ok	raw	5350b107
MLG\disc0_rel\00b2b475.PDT	153	0x1f0000	10240	0x100	ok	raw	5350b207
MLG\disc0_rel\00b2b475.PDT	154	0x1f2800	10240	0x100	ok	raw	5350b307
MLG\disc0_rel\00b2b475.PDT	155	0x1f5000	10240	0x100	ok	raw	5350b407
MLG\disc0_rel\00b2b475.PDT	156	0x1f7800	12288	0x100	ok	raw	5350b507
MLG\disc0_rel\00b2b475.PDT	157	0x1fa800	8192	0x100	ok	raw	5350b607
MLG\disc0_rel\00b2b475.PDT	158	0x1fc800	8192	0x100	ok	raw	5350b707
MLG\disc0_rel\00b2b475.PDT	159	0x1fe800	10240	0x100	ok	raw	5350b807
MLG\disc0_rel\00b2b475.PDT	160	0x201000	12288	0x100	ok	raw	5350b907
MLG\disc0_rel\00b2b475.PDT	161	0x204000	8192	0x100	ok	raw	5350ba07
MLG\disc0_rel\00b2b475.PDT	162	0x206000	8192	0x100	ok	raw	5350bb07
MLG\disc0_rel\00b2b475.PDT	163	0x208000	14336	0x100	ok	raw	5350bc07
MLG\disc0_rel\00b2b475.PDT	164	0x20b800	12288	0x100	ok	raw	5350bd07
MLG\disc0_rel\00b2b475.PDT	165	0x20e800	10240	0x100	ok	raw	5350be07
MLG\disc0_rel\00b2b475.PDT	166	0x211000	16384	0x100	ok	raw	5350bf07
MLG\disc0_rel\00b2b475.PDT	167	0x215000	14336	0x100	ok	raw	5350c007
MLG\disc0_rel\00b2b475.PDT	168	0x218800	12288	0x100	ok	raw	5350c107
MLG\disc0_rel\00b2b475.PDT	169	0x21b800	12288	0x100	ok	raw	5350c207
MLG\disc0_rel\00b2b475.PDT	170	0x21e800	10240	0x100	ok	raw	5350c307
MLG\disc0_rel\00b2b475.PDT	171	0x221000	10240	0x100	ok	raw	5350c407
MLG\disc0_rel\00b2b475.PDT	172	0x223800	14336	0x100	ok	raw	5350c507
MLG\disc0_rel\00b2b475.PDT	173	0x227000	8192	0x100	ok	raw	5350c607
MLG\disc0_rel\00b2b475.PDT	174	0x229000	14336	0x100	ok	raw	5350c707
MLG\disc0_rel\00b2b475.PDT	175	0x22c800	10240	0x100	ok	raw	5350c807
MLG\disc0_rel\00b2b475.PDT	176	0x22f000	8192	0x100	ok	raw	5350c907
MLG\disc0_rel\00b2b475.PDT	177	0x231000	10240	0x100	ok	raw	5350ca07
MLG\disc0_rel\00b2b475.PDT	178	0x233800	14336	0x100	ok	raw	5350cb07
MLG\disc0_rel\00b2b475.PDT	179	0x237000	12288	0x100	ok	raw	5350cc07
MLG\disc0_rel\00b2b475.PDT	180	0x23a000	8192	0x100	ok	raw	5350cd07
MLG\disc0_rel\00b2b475.PDT	181	0x23c000	10240	0x100	ok	raw	5350ce07
MLG\disc0_rel\00b2b475.PDT	182	0x23e800	18432	0x100	ok	raw	5350cf07
MLG\disc0_rel\00b2b475.PDT	183	0x243000	10240	0x100	ok	raw	5350d007
MLG\disc0_rel\00b2b475.PDT	184	0x245800	12288	0x100	ok	raw	5350d107
MLG\disc0_rel\00b2b475.PDT	185	0x248800	8192	0x100	ok	raw	5350d207
MLG\disc0_rel\00b2b475.PDT	186	0x24a800	10240	0x100	ok	raw	5350d307
MLG\disc0_rel\00b2b475.PDT	187	0x24d000	14336	0x100	ok	raw	5350d407
MLG\disc0_rel\00b2b475.PDT	188	0x250800	12288	0x100	ok	raw	5350d507
MLG\disc0_rel\00b2b475.PDT	189	0x253800	14336	0x100	ok	raw	5350d607
MLG\disc0_rel\00b2b475.PDT	190	0x257000	12288	0x100	ok	raw	5350d707
MLG\disc0_rel\00b2b475.PDT	191	0x25a000	10240	0x100	ok	raw	5350d807
MLG\disc0_rel\00b2b475.PDT	192	0x25c800	8192	0x100	ok	raw	5350d907
MLG\disc0_rel\00b2b475.PDT	193	0x25e800	14336	0x100	ok	raw	5350da07
MLG\disc0_rel\00b2b475.PDT	194	0x262000	10240	0x100	ok	raw	5350db07
MLG\disc0_rel\00b2b475.PDT	195	0x264800	10240	0x100	ok	raw	5350dc07
MLG\disc0_rel\00b2b475.PDT	196	0x267000	16384	0x100	ok	raw	5350dd07
MLG\disc0_rel\00b2b475.PDT	197	0x26b000	10240	0x100	ok	raw	5350de07
MLG\disc0_rel\00b2b475.PDT	198	0x26d800	6144	0x100	ok	raw	5350df07
MLG\disc0_rel\00b2b475.PDT	199	0x26f000	12288	0x100	ok	raw	5350e007
MLG\disc0_rel\00b2b475.PDT	200	0x272000	10240	0x100	ok	raw	5350e107
MLG\disc0_rel\00b2b475.PDT	201	0x274800	14336	0x100	ok	raw	5350e207
MLG\disc0_rel\00b2b475.PDT	202	0x278000	12288	0x100	ok	raw	5350e307
MLG\disc0_rel\00b2b475.PDT	203	0x27b000	10240	0x100	ok	raw	5350e407
MLG\disc0_rel\00b2b475.PDT	204	0x27d800	14336	0x100	ok	raw	5350e507
MLG\disc0_rel\00b2b475.PDT	205	0x281000	12288	0x100	ok	raw	5350e607
MLG\disc0_rel\00b2b475.PDT	206	0x284000	14336	0x100	ok	raw	5350e707
MLG\disc0_rel\00b2b475.PDT	207	0x287800	10240	0x100	ok	raw	5350e807
MLG\disc0_rel\00b2b475.PDT	208	0x28a000	14336	0x100	ok	raw	5350e907
MLG\disc0_rel\00b2b475.PDT	209	0x28d800	16384	0x100	ok	raw	5350ea07
MLG\disc0_rel\00b2b475.PDT	210	0x291800	12288	0x100	ok	raw	5350eb07
MLG\disc0_rel\00b2b475.PDT	211	0x294800	14336	0x100	ok	raw	5350ec07
MLG\disc0_rel\00b2b475.PDT	212	0x298000	16384	0x100	ok	raw	53507b07
MLG\disc0_rel\00b2b475.PDT	213	0x29c000	32768	0x100	ok	raw	53508e0a
MLG\disc0_rel\00b2b475.PDT	214	0x2a4000	6144	0x100	ok	raw	5350cb0a
MLG\disc0_rel\00b2b475.PDT	215	0x2a5800	6144	0x100	ok	raw	5350cc0a
MLG\disc0_rel\00b2b475.PDT	216	0x2a7000	12288	0x100	ok	raw	5350cd0a
MLG\disc0_rel\00b2b475.PDT	217	0x2aa000	10240	0x100	ok	raw	5350ce0a
MLG\disc0_rel\00b2b475.PDT	218	0x2ac800	22528	0x100	ok	raw	5350cf0a
EXLANG\disc0_rel\0001112d.PDT	0	0x1000	1087488	0x100	ok	raw	53502400
EXLANG\disc0_rel\0001112d.PDT	1	0x10a800	1746944	0x100	ok	raw	53502600
EXLANG\disc0_rel\0001112d.PDT	2	0x2b5000	1466368	0x100	ok	raw	53502700
EXLANG\disc0_rel\0001112d.PDT	3	0x41b000	753664	0x100	ok	raw	53502900
EXLANG\disc0_rel\0001112d.PDT	4	0x4d3000	1224704	0x100	ok	raw	53502c00
EXLANG\disc0_rel\0001112d.PDT	5	0x5fe000	1492992	0x100	ok	raw	53502b00
EXLANG\disc0_rel\0001112d.PDT	6	0x76a800	1177600	0x100	ok	raw	53503200
EXLANG\disc0_rel\0001112d.PDT	7	0x88a000	892928	0x100	ok	raw	53503400
EXLANG\disc0_rel\0001112d.PDT	8	0x964000	1718272	0x100	ok	raw	53503800
EXLANG\disc0_rel\0001112d.PDT	9	0xb07800	126976	0x100	ok	raw	53506600
EXLANG\disc0_rel\0001112d.PDT	10	0xb26800	1144832	0x100	ok	raw	53508100
EXLANG\disc0_rel\0001112d.PDT	11	0xc3e000	974848	0x100	ok	raw	53505e00
EXLANG\disc0_rel\0001112d.PDT	12	0xd2c000	1003520	0x100	ok	raw	53506000
EXLANG\disc0_rel\0001112d.PDT	13	0xe21000	1167360	0x100	ok	raw	53503b00
EXLANG\disc0_rel\0001112d.PDT	14	0xf3e000	798720	0x100	ok	raw	53503c00
EXLANG\disc0_rel\0001112d.PDT	15	0x1001000	1433600	0x100	ok	raw	53503d00
EXLANG\disc0_rel\0001112d.PDT	16	0x115f000	1009664	0x100	ok	raw	53505500
EXLANG\disc0_rel\0001112d.PDT	17	0x1255800	1775616	0x100	ok	raw	53505700
EXLANG\disc0_rel\0001112d.PDT	18	0x1407000	1413120	0x100	ok	raw	53503e00
EXLANG\disc0_rel\0001112d.PDT	19	0x1560000	1591296	0x100	ok	raw	53504600
EXLANG\disc0_rel\0001112d.PDT	20	0x16e4800	1103872	0x100	ok	raw	53502a00
EXLANG\disc0_rel\0001112d.PDT	21	0x17f2000	968704	0x100	ok	raw	53503500
EXLANG\disc0_rel\0001112d.PDT	22	0x18de800	485376	0x100	ok	raw	53504700
EXLANG\disc0_rel\0001112d.PDT	23	0x1955000	1239040	0x100	ok	raw	53504e00
EXLANG\disc0_rel\0001112d.PDT	24	0x1a83800	1388544	0x100	ok	raw	53503100
EXLANG\disc0_rel\0001112d.PDT	25	0x1bd6800	1067008	0x100	ok	raw	53502800
EXLANG\disc0_rel\0001112d.PDT	26	0x1cdb000	753664	0x100	ok	raw	53502e00
EXLANG\disc0_rel\0001112d.PDT	27	0x1d93000	1519616	0x100	ok	raw	53502f00
EXLANG\disc0_rel\0001112d.PDT	28	0x1f06000	1067008	0x100	ok	raw	53503000
EXLANG\disc0_rel\0001112d.PDT	29	0x200a800	714752	0x100	ok	raw	53503300
EXLANG\disc0_rel\0001112d.PDT	30	0x20b9000	942080	0x100	ok	raw	53503600
EXLANG\disc0_rel\0001112d.PDT	31	0x219f000	1716224	0x100	ok	raw	53503700
EXLANG\disc0_rel\0001112d.PDT	32	0x2342000	714752	0x100	ok	raw	53503900
EXLANG\disc0_rel\0001112d.PDT	33	0x23f0800	942080	0x100	ok	raw	53503a00
EXLANG\disc0_rel\0001112d.PDT	34	0x24d6800	968704	0x100	ok	raw	53505a00
EXLANG\disc0_rel\0001112d.PDT	35	0x25c3000	845824	0x100	ok	raw	53507200
EXLANG\disc0_rel\0001112d.PDT	36	0x2691800	665600	0x100	ok	raw	53504d00
EXLANG\disc0_rel\0001112d.PDT	37	0x2734000	968704	0x100	ok	raw	53502500
EXLANG\disc0_rel\0001112d.PDT	38	0x2820800	968704	0x100	ok	raw	53502d00
EXLANG\disc0_rel\0001112d.PDT	39	0x290d000	714752	0x100	ok	raw	53503f00
EXLANG\disc0_rel\0001112d.PDT	40	0x29bb800	942080	0x100	ok	raw	53504000
EXLANG\disc0_rel\0001112d.PDT	41	0x2aa1800	821248	0x100	ok	raw	53504100
EXLANG\disc0_rel\0001112d.PDT	42	0x2b6a000	821248	0x100	ok	raw	53504200
EXLANG\disc0_rel\0001112d.PDT	43	0x2c32800	821248	0x100	ok	raw	53504300
EXLANG\disc0_rel\0001112d.PDT	44	0x2cfb000	929792	0x100	ok	raw	53504400
EXLANG\disc0_rel\0001112d.PDT	45	0x2dde000	1427456	0x100	ok	raw	53504500
EXLANG\disc0_rel\0001112d.PDT	46	0x2f3a800	1441792	0x100	ok	raw	53504800
EXLANG\disc0_rel\0001112d.PDT	47	0x309a800	1701888	0x100	ok	raw	53504900
EXLANG\disc0_rel\0001112d.PDT	48	0x323a000	2217984	0x100	ok	raw	53504a00
EXLANG\disc0_rel\0001112d.PDT	49	0x3457800	1038336	0x100	ok	raw	53504b00
EXLANG\disc0_rel\0001112d.PDT	50	0x3555000	608256	0x100	ok	raw	53504f00
EXLANG\disc0_rel\0001112d.PDT	51	0x35e9800	1701888	0x100	ok	raw	53505000
EXLANG\disc0_rel\0001112d.PDT	52	0x3789000	1662976	0x100	ok	raw	53505100
EXLANG\disc0_rel\0001112d.PDT	53	0x391f000	720896	0x100	ok	raw	53505200
EXLANG\disc0_rel\0001112d.PDT	54	0x39cf000	657408	0x100	ok	raw	53505300
EXLANG\disc0_rel\0001112d.PDT	55	0x3a6f800	479232	0x100	ok	raw	53505400
EXLANG\disc0_rel\0001112d.PDT	56	0x3ae4800	7491584	0x100	ok	raw	53505600
EXLANG\disc0_rel\0001112d.PDT	57	0x4209800	6217728	0x100	ok	raw	53505800
EXLANG\disc0_rel\0001112d.PDT	58	0x47f7800	1296384	0x100	ok	raw	53506200
EXLANG\disc0_rel\0001112d.PDT	59	0x4934000	2056192	0x100	ok	raw	53506d00
EXLANG\disc0_rel\0001112d.PDT	60	0x4b2a000	1718272	0x100	ok	raw	53506e00
EXLANG\disc0_rel\0001112d.PDT	61	0x4ccd800	1069056	0x100	ok	raw	53507000
EXLANG\disc0_rel\0001112d.PDT	62	0x4dd2800	194560	0x100	ok	raw	53507400
EXLANG\disc0_rel\0001112d.PDT	63	0x4e02000	755712	0x100	ok	raw	53502300
EXLANG\disc0_rel\0001112d.PDT	64	0x4eba800	182272	0x100	ok	raw	53505c00
EXLANG\disc0_rel\0001112d.PDT	65	0x4ee7000	86016	0x100	ok	raw	53506400
EXLANG\disc0_rel\0001112d.PDT	66	0x4efc000	104448	0x100	ok	raw	53506800
EXLANG\disc0_rel\0001112d.PDT	67	0x4f15800	90112	0x100	ok	raw	53506a00
EXLANG\disc0_rel\0001112d.PDT	68	0x4f2b800	67584	0x100	ok	raw	53508200
EXLANG\disc0_rel\0001112d.PDT	69	0x4f3c000	2138112	0x100	ok	raw	53507700
EXLANG\disc0_rel\0001112d.PDT	70	0x5146000	1236992	0x100	ok	raw	53507800
EXLANG\disc0_rel\0001112d.PDT	71	0x5274000	1396736	0x100	ok	raw	53507a00
EXLANG\disc0_rel\0001112d.PDT	72	0x53c9000	1425408	0x100	ok	raw	53507c00
EXLANG\disc0_rel\0001112d.PDT	73	0x5525000	1363968	0x100	ok	raw	53507e00
EXLANG\disc0_rel\0001112d.PDT	74	0x5672000	2066432	0x100	ok	raw	53508000
EXLANG\disc0_rel\0001112d.PDT	75	0x586a800	1159168	0x100	ok	raw	53508400
EXLANG\disc0_rel\0001112d.PDT	76	0x5985800	1175552	0x100	ok	raw	53508600
EXLANG\disc0_rel\0001112d.PDT	77	0x5aa4800	165888	0x100	ok	raw	53508800
EXLANG\disc0_rel\0001112d.PDT	78	0x5acd000	688128	0x100	ok	raw	53508a00
EXLANG\disc0_rel\0001112d.PDT	79	0x5b75000	1075200	0x100	ok	raw	53508c00
EXLANG\disc0_rel\0001112d.PDT	80	0x5c7b800	585728	0x100	ok	raw	53508e00
EXLANG\disc0_rel\0001112d.PDT	81	0x5d0a800	716800	0x100	ok	raw	53509000
EXLANG\disc0_rel\0001112d.PDT	82	0x5db9800	1128448	0x100	ok	raw	53509200
EXLANG\disc0_rel\0001112d.PDT	83	0x5ecd000	954368	0x100	ok	raw	53509400
EXLANG\disc0_rel\0001112d.PDT	84	0x5fb6000	147456	0x100	ok	raw	53509a00
EXLANG\disc0_rel\0001112d.PDT	85	0x5fda000	4974592	0x100	ok	raw	53504c00
MLG\disc0_rel\0001112d.PDT	0	0x1000	1087488	0x100	ok	raw	53502400
MLG\disc0_rel\0001112d.PDT	1	0x10a800	1746944	0x100	ok	raw	53502600
MLG\disc0_rel\0001112d.PDT	2	0x2b5000	1466368	0x100	ok	raw	53502700
MLG\disc0_rel\0001112d.PDT	3	0x41b000	753664	0x100	ok	raw	53502900
MLG\disc0_rel\0001112d.PDT	4	0x4d3000	1224704	0x100	ok	raw	53502c00
MLG\disc0_rel\0001112d.PDT	5	0x5fe000	1492992	0x100	ok	raw	53502b00
MLG\disc0_rel\0001112d.PDT	6	0x76a800	1177600	0x100	ok	raw	53503200
MLG\disc0_rel\0001112d.PDT	7	0x88a000	892928	0x100	ok	raw	53503400
MLG\disc0_rel\0001112d.PDT	8	0x964000	1718272	0x100	ok	raw	53503800
MLG\disc0_rel\0001112d.PDT	9	0xb07800	126976	0x100	ok	raw	53506600
MLG\disc0_rel\0001112d.PDT	10	0xb26800	1144832	0x100	ok	raw	53508100
MLG\disc0_rel\0001112d.PDT	11	0xc3e000	974848	0x100	ok	raw	53505e00
MLG\disc0_rel\0001112d.PDT	12	0xd2c000	1003520	0x100	ok	raw	53506000
MLG\disc0_rel\0001112d.PDT	13	0xe21000	1167360	0x100	ok	raw	53503b00
MLG\disc0_rel\0001112d.PDT	14	0xf3e000	798720	0x100	ok	raw	53503c00
MLG\disc0_rel\0001112d.PDT	15	0x1001000	1433600	0x100	ok	raw	53503d00
MLG\disc0_rel\0001112d.PDT	16	0x115f000	1009664	0x100	ok	raw	53505500
MLG\disc0_rel\0001112d.PDT	17	0x1255800	1775616	0x100	ok	raw	53505700
MLG\disc0_rel\0001112d.PDT	18	0x1407000	1413120	0x100	ok	raw	53503e00
MLG\disc0_rel\0001112d.PDT	19	0x1560000	1591296	0x100	ok	raw	53504600
MLG\disc0_rel\0001112d.PDT	20	0x16e4800	1103872	0x100	ok	raw	53502a00
MLG\disc0_rel\0001112d.PDT	21	0x17f2000	968704	0x100	ok	raw	53503500
MLG\disc0_rel\0001112d.PDT	22	0x18de800	485376	0x100	ok	raw	53504700
MLG\disc0_rel\0001112d.PDT	23	0x1955000	1239040	0x100	ok	raw	53504e00
MLG\disc0_rel\0001112d.PDT	24	0x1a83800	1388544	0x100	ok	raw	53503100
MLG\disc0_rel\0001112d.PDT	25	0x1bd6800	1067008	0x100	ok	raw	53502800
MLG\disc0_rel\0001112d.PDT	26	0x1cdb000	753664	0x100	ok	raw	53502e00
MLG\disc0_rel\0001112d.PDT	27	0x1d93000	1519616	0x100	ok	raw	53502f00
MLG\disc0_rel\0001112d.PDT	28	0x1f06000	1067008	0x100	ok	raw	53503000
MLG\disc0_rel\0001112d.PDT	29	0x200a800	714752	0x100	ok	raw	53503300
MLG\disc0_rel\0001112d.PDT	30	0x20b9000	942080	0x100	ok	raw	53503600
MLG\disc0_rel\0001112d.PDT	31	0x219f000	1716224	0x100	ok	raw	53503700
MLG\disc0_rel\0001112d.PDT	32	0x2342000	714752	0x100	ok	raw	53503900
MLG\disc0_rel\0001112d.PDT	33	0x23f0800	942080	0x100	ok	raw	53503a00
MLG\disc0_rel\0001112d.PDT	34	0x24d6800	968704	0x100	ok	raw	53505a00
MLG\disc0_rel\0001112d.PDT	35	0x25c3000	845824	0x100	ok	raw	53507200
MLG\disc0_rel\0001112d.PDT	36	0x2691800	665600	0x100	ok	raw	53504d00
MLG\disc0_rel\0001112d.PDT	37	0x2734000	968704	0x100	ok	raw	53502500
MLG\disc0_rel\0001112d.PDT	38	0x2820800	968704	0x100	ok	raw	53502d00
MLG\disc0_rel\0001112d.PDT	39	0x290d000	714752	0x100	ok	raw	53503f00
MLG\disc0_rel\0001112d.PDT	40	0x29bb800	942080	0x100	ok	raw	53504000
MLG\disc0_rel\0001112d.PDT	41	0x2aa1800	821248	0x100	ok	raw	53504100
MLG\disc0_rel\0001112d.PDT	42	0x2b6a000	821248	0x100	ok	raw	53504200
MLG\disc0_rel\0001112d.PDT	43	0x2c32800	821248	0x100	ok	raw	53504300
MLG\disc0_rel\0001112d.PDT	44	0x2cfb000	929792	0x100	ok	raw	53504400
MLG\disc0_rel\0001112d.PDT	45	0x2dde000	1427456	0x100	ok	raw	53504500
MLG\disc0_rel\0001112d.PDT	46	0x2f3a800	1441792	0x100	ok	raw	53504800
MLG\disc0_rel\0001112d.PDT	47	0x309a800	1701888	0x100	ok	raw	53504900
MLG\disc0_rel\0001112d.PDT	48	0x323a000	2217984	0x100	ok	raw	53504a00
MLG\disc0_rel\0001112d.PDT	49	0x3457800	1038336	0x100	ok	raw	53504b00
MLG\disc0_rel\0001112d.PDT	50	0x3555000	608256	0x100	ok	raw	53504f00
MLG\disc0_rel\0001112d.PDT	51	0x35e9800	1701888	0x100	ok	raw	53505000
MLG\disc0_rel\0001112d.PDT	52	0x3789000	1662976	0x100	ok	raw	53505100
MLG\disc0_rel\0001112d.PDT	53	0x391f000	720896	0x100	ok	raw	53505200
MLG\disc0_rel\0001112d.PDT	54	0x39cf000	657408	0x100	ok	raw	53505300
MLG\disc0_rel\0001112d.PDT	55	0x3a6f800	479232	0x100	ok	raw	53505400
MLG\disc0_rel\0001112d.PDT	56	0x3ae4800	7491584	0x100	ok	raw	53505600
MLG\disc0_rel\0001112d.PDT	57	0x4209800	6217728	0x100	ok	raw	53505800
MLG\disc0_rel\0001112d.PDT	58	0x47f7800	1296384	0x100	ok	raw	53506200
MLG\disc0_rel\0001112d.PDT	59	0x4934000	2056192	0x100	ok	raw	53506d00
MLG\disc0_rel\0001112d.PDT	60	0x4b2a000	1718272	0x100	ok	raw	53506e00
MLG\disc0_rel\0001112d.PDT	61	0x4ccd800	1069056	0x100	ok	raw	53507000
MLG\disc0_rel\0001112d.PDT	62	0x4dd2800	194560	0x100	ok	raw	53507400
MLG\disc0_rel\0001112d.PDT	63	0x4e02000	755712	0x100	ok	raw	53502300
MLG\disc0_rel\0001112d.PDT	64	0x4eba800	182272	0x100	ok	raw	53505c00
MLG\disc0_rel\0001112d.PDT	65	0x4ee7000	86016	0x100	ok	raw	53506400
MLG\disc0_rel\0001112d.PDT	66	0x4efc000	104448	0x100	ok	raw	53506800
MLG\disc0_rel\0001112d.PDT	67	0x4f15800	90112	0x100	ok	raw	53506a00
MLG\disc0_rel\0001112d.PDT	68	0x4f2b800	67584	0x100	ok	raw	53508200
MLG\disc0_rel\0001112d.PDT	69	0x4f3c000	2138112	0x100	ok	raw	53507700
MLG\disc0_rel\0001112d.PDT	70	0x5146000	1236992	0x100	ok	raw	53507800
MLG\disc0_rel\0001112d.PDT	71	0x5274000	1396736	0x100	ok	raw	53507a00
MLG\disc0_rel\0001112d.PDT	72	0x53c9000	1425408	0x100	ok	raw	53507c00
MLG\disc0_rel\0001112d.PDT	73	0x5525000	1363968	0x100	ok	raw	53507e00
MLG\disc0_rel\0001112d.PDT	74	0x5672000	2066432	0x100	ok	raw	53508000
MLG\disc0_rel\0001112d.PDT	75	0x586a800	1159168	0x100	ok	raw	53508400
MLG\disc0_rel\0001112d.PDT	76	0x5985800	1175552	0x100	ok	raw	53508600
MLG\disc0_rel\0001112d.PDT	77	0x5aa4800	165888	0x100	ok	raw	53508800
MLG\disc0_rel\0001112d.PDT	78	0x5acd000	688128	0x100	ok	raw	53508a00
MLG\disc0_rel\0001112d.PDT	79	0x5b75000	1075200	0x100	ok	raw	53508c00
MLG\disc0_rel\0001112d.PDT	80	0x5c7b800	585728	0x100	ok	raw	53508e00
MLG\disc0_rel\0001112d.PDT	81	0x5d0a800	716800	0x100	ok	raw	53509000
MLG\disc0_rel\0001112d.PDT	82	0x5db9800	1128448	0x100	ok	raw	53509200
MLG\disc0_rel\0001112d.PDT	83	0x5ecd000	954368	0x100	ok	raw	53509400
MLG\disc0_rel\0001112d.PDT	84	0x5fb6000	147456	0x100	ok	raw	53509a00
MLG\disc0_rel\0001112d.PDT	85	0x5fda000	4974592	0x100	ok	raw	53504c00
MLG\disc0_rel\ADEMO\0018ef0c.pdt	0	0x800	118440	0x100	ok	raw	46454c07
MLG\disc0_rel\ADEMO\0018ef0c.pdt	1	0x1d800	197516	0x100	ok	raw	46454c07
MLG\disc0_rel\ADEMO\0018ef0c.pdt	2	0x4e000	1499824	0x100	ok	raw	00000000
MLG\disc0_rel\ADEMO\0018ef0d.pdt	0	0x800	127700	0x100	ok	raw	46454c07
MLG\disc0_rel\ADEMO\0018ef0d.pdt	1	0x20000	650648	0x100	ok	raw	46454c07
MLG\disc0_rel\ADEMO\0018ef0d.pdt	2	0xbf000	213004	0x100	ok	raw	46454c07
MLG\disc0_rel\ADEMO\0018ef0d.pdt	3	0xf3800	155364	0x100	ok	raw	46454c07
MLG\disc0_rel\ADEMO\0018ef0d.pdt	4	0x119800	2531344	0x100	ok	raw	00000000
MLG\disc0_rel\ADEMO\0058c716.pdt	0	0x800	89128	0x100	ok	raw	46454c07
MLG\disc0_rel\ADEMO\0058c716.pdt	1	0x16800	146172	0x100	ok	raw	46454c07
MLG\disc0_rel\ADEMO\0058c716.pdt	2	0x3a800	968416	0x100	ok	raw	00000000
MLG\disc0_rel\ADEMO\0058c6d6.pdt	0	0x800	178592	0x100	ok	raw	46454c07
MLG\disc0_rel\ADEMO\0058c6d6.pdt	1	0x2c800	95104	0x100	ok	raw	46454c07
MLG\disc0_rel\ADEMO\0058c6d6.pdt	2	0x44000	133600	0x100	ok	raw	46454c07
MLG\disc0_rel\ADEMO\0058c6d6.pdt	3	0x65000	124808	0x100	ok	raw	46454c07
MLG\disc0_rel\ADEMO\0058c6d6.pdt	4	0x83800	236332	0x100	ok	raw	46454c07
MLG\disc0_rel\ADEMO\0058c6d6.pdt	5	0xbd800	348516	0x100	ok	raw	46454c07
MLG\disc0_rel\ADEMO\0058c6d6.pdt	6	0x113000	1100344	0x100	ok	raw	46454c07
MLG\disc0_rel\ADEMO\0058c6d6.pdt	7	0x220000	102660	0x100	ok	raw	46454c07
MLG\disc0_rel\ADEMO\0058c6d6.pdt	8	0x239800	44148	0x100	ok	raw	46454c07
MLG\disc0_rel\ADEMO\0058c6d6.pdt	9	0x244800	1952	0x100	ok	raw	46454c07
MLG\disc0_rel\ADEMO\0058c6d6.pdt	10	0x245000	139740	0x100	ok	raw	46454c07
MLG\disc0_rel\ADEMO\0058c6d6.pdt	11	0x267800	6422000	0x100	ok	raw	00000000
MLG\disc0_rel\ADEMO\0058c736.pdt	0	0x800	128968	0x100	ok	raw	46454c07
MLG\disc0_rel\ADEMO\0058c736.pdt	1	0x20000	72116	0x100	ok	raw	46454c07
MLG\disc0_rel\ADEMO\0058c736.pdt	2	0x32000	275248	0x100	ok	raw	46454c07
MLG\disc0_rel\ADEMO\0058c736.pdt	3	0x75800	361572	0x100	ok	raw	46454c07
MLG\disc0_rel\ADEMO\0058c736.pdt	4	0xce000	171696	0x100	ok	raw	46454c07
MLG\disc0_rel\ADEMO\0058c736.pdt	5	0xf8000	2791536	0x100	ok	raw	00000000
MLG\disc0_rel\ADEMO\0058c756.pdt	0	0x800	173056	0x100	ok	raw	46454c07
MLG\disc0_rel\ADEMO\0058c756.pdt	1	0x2b000	331176	0x100	ok	raw	46454c07
MLG\disc0_rel\ADEMO\0058c756.pdt	2	0x7c000	103272	0x100	ok	raw	46454c07
MLG\disc0_rel\ADEMO\0058c756.pdt	3	0x95800	2298096	0x100	ok	raw	00000000
MLG\disc0_rel\ADEMO\0058c796.pdt	0	0x800	248624	0x100	ok	raw	46454c07
MLG\disc0_rel\ADEMO\0058c796.pdt	1	0x3d800	316684	0x100	ok	raw	46454c07
MLG\disc0_rel\ADEMO\0058c796.pdt	2	0x8b000	270388	0x100	ok	raw	46454c07
MLG\disc0_rel\ADEMO\0058c796.pdt	3	0xcd800	270748	0x100	ok	raw	46454c07
MLG\disc0_rel\ADEMO\0058c796.pdt	4	0x110000	323156	0x100	ok	raw	46454c07
MLG\disc0_rel\ADEMO\0058c796.pdt	5	0x15f000	1939744	0x100	ok	raw	00000000
MLG\disc0_rel\ADEMO\0058c7b6.pdt	0	0x800	214272	0x100	ok	raw	46454c07
MLG\disc0_rel\ADEMO\0058c7b6.pdt	1	0x35000	326800	0x100	ok	raw	46454c07
MLG\disc0_rel\ADEMO\0058c7b6.pdt	2	0x85000	2205376	0x100	ok	raw	00000000
MLG\disc0_rel\ADEMO\0058c7d6.pdt	0	0x800	252204	0x100	ok	raw	46454c07
MLG\disc0_rel\ADEMO\0058c7d6.pdt	1	0x3e800	103944	0x100	ok	raw	46454c07
MLG\disc0_rel\ADEMO\0058c7d6.pdt	2	0x58000	150728	0x100	ok	raw	46454c07
MLG\disc0_rel\ADEMO\0058c7d6.pdt	3	0x7d000	202244	0x100	ok	raw	46454c07
MLG\disc0_rel\ADEMO\0058c7d6.pdt	4	0xae800	156752	0x100	ok	raw	46454c07
MLG\disc0_rel\ADEMO\0058c7d6.pdt	5	0xd5000	3133104	0x100	ok	raw	00000000
MLG\disc0_rel\ADEMO\0058cab6.pdt	0	0x800	182744	0x100	ok	raw	46454c07
MLG\disc0_rel\ADEMO\0058cab6.pdt	1	0x2d800	341300	0x100	ok	raw	46454c07
MLG\disc0_rel\ADEMO\0058cab6.pdt	2	0x81000	210408	0x100	ok	raw	46454c07
MLG\disc0_rel\ADEMO\0058cab6.pdt	3	0xb4800	233656	0x100	ok	raw	46454c07
MLG\disc0_rel\ADEMO\0058cab6.pdt	4	0xee000	232920	0x100	ok	raw	46454c07
MLG\disc0_rel\ADEMO\0058cab6.pdt	5	0x127000	141108	0x100	ok	raw	46454c07
MLG\disc0_rel\ADEMO\0058cab6.pdt	6	0x149800	244340	0x100	ok	raw	46454c07
MLG\disc0_rel\ADEMO\0058cab6.pdt	7	0x185800	232920	0x100	ok	raw	46454c07
MLG\disc0_rel\ADEMO\0058cab6.pdt	8	0x1be800	132412	0x100	ok	raw	46454c07
MLG\disc0_rel\ADEMO\0058cab6.pdt	9	0x1df000	180048	0x100	ok	raw	46454c07
MLG\disc0_rel\ADEMO\0058cab6.pdt	10	0x20b000	3960032	0x100	ok	raw	00000000
MLG\disc0_rel\ADEMO\0058cafb.pdt	0	0x800	70576	0x100	ok	raw	46454c07
MLG\disc0_rel\ADEMO\0058cafb.pdt	1	0x12000	179328	0x100	ok	raw	00000000
MLG\disc0_rel\ADEMO\0058cb36.pdt	0	0x800	230360	0x100	ok	raw	46454c07
MLG\disc0_rel\ADEMO\0058cb36.pdt	1	0x39000	6084	0x100	ok	raw	46454c07
MLG\disc0_rel\ADEMO\0058cb36.pdt	2	0x3a800	4360	0x100	ok	raw	46454c07
MLG\disc0_rel\ADEMO\0058cb36.pdt	3	0x3c000	1188	0x100	ok	raw	46454c07
MLG\disc0_rel\ADEMO\0058cb36.pdt	4	0x3c800	221896	0x100	ok	raw	46454c07
MLG\disc0_rel\ADEMO\0058cb36.pdt	5	0x73000	1346288	0x100	ok	raw	00000000
MLG\disc0_rel\ADEMO\0058cad6.pdt	0	0x800	757420	0x100	ok	raw	46454c07
MLG\disc0_rel\ADEMO\0058cad6.pdt	1	0xb9800	488412	0x100	ok	raw	46454c07
MLG\disc0_rel\ADEMO\0058cad6.pdt	2	0x131000	569308	0x100	ok	raw	46454c07
MLG\disc0_rel\ADEMO\0058cad6.pdt	3	0x1bc000	766916	0x100	ok	raw	46454c07
MLG\disc0_rel\ADEMO\0058cad6.pdt	4	0x277800	557220	0x100	ok	raw	46454c07
MLG\disc0_rel\ADEMO\0058cad6.pdt	5	0x300000	809456	0x100	ok	raw	46454c07
MLG\disc0_rel\ADEMO\0058cad6.pdt	6	0x3c6000	76352	0x100	ok	raw	46454c07
MLG\disc0_rel\ADEMO\0058cad6.pdt	7	0x3d9000	5472160	0x100	ok	raw	00000000
MLG\disc0_rel\ADEMO\0058cb3b.pdt	0	0x800	191652	0x100	ok	raw	46454c07
MLG\disc0_rel\ADEMO\0058cb3b.pdt	1	0x2f800	6084	0x100	ok	raw	46454c07
MLG\disc0_rel\ADEMO\0058cb3b.pdt	2	0x31000	4360	0x100	ok	raw	46454c07
MLG\disc0_rel\ADEMO\0058cb3b.pdt	3	0x32800	282968	0x100	ok	raw	46454c07
MLG\disc0_rel\ADEMO\0058cb3b.pdt	4	0x78000	1463808	0x100	ok	raw	00000000
MLG\disc0_rel\ADEMO\0058cb56.pdt	0	0x800	237928	0x100	ok	raw	46454c07
MLG\disc0_rel\ADEMO\0058cb56.pdt	1	0x3b000	60660	0x100	ok	raw	46454c07
MLG\disc0_rel\ADEMO\0058cb56.pdt	2	0x4a000	225464	0x100	ok	raw	46454c07
MLG\disc0_rel\ADEMO\0058cb56.pdt	3	0x81800	367128	0x100	ok	raw	46454c07
MLG\disc0_rel\ADEMO\0058cb56.pdt	4	0xdb800	401500	0x100	ok	raw	46454c07
MLG\disc0_rel\ADEMO\0058cb56.pdt	5	0x13e000	111508	0x100	ok	raw	46454c07
MLG\disc0_rel\ADEMO\0058cb56.pdt	6	0x159800	182044	0x100	ok	raw	46454c07
MLG\disc0_rel\ADEMO\0058cb56.pdt	7	0x186000	185648	0x100	ok	raw	46454c07
MLG\disc0_rel\ADEMO\0058cb56.pdt	8	0x1b3800	141716	0x100	ok	raw	46454c07
MLG\disc0_rel\ADEMO\0058cb56.pdt	9	0x1d6800	6524320	0x100	ok	raw	00000000
MLG\disc0_rel\ADEMO\0058cb76.pdt	0	0x800	488288	0x100	ok	raw	46454c07
MLG\disc0_rel\ADEMO\0058cb76.pdt	1	0x78000	514336	0x100	ok	raw	46454c07
MLG\disc0_rel\ADEMO\0058cb76.pdt	2	0xf6000	198316	0x100	ok	raw	46454c07
MLG\disc0_rel\ADEMO\0058cb76.pdt	3	0x126800	130720	0x100	ok	raw	46454c07
MLG\disc0_rel\ADEMO\0058cb76.pdt	4	0x146800	173396	0x100	ok	raw	46454c07
MLG\disc0_rel\ADEMO\0058cb76.pdt	5	0x171000	288944	0x100	ok	raw	46454c07
MLG\disc0_rel\ADEMO\0058cb76.pdt	6	0x1b8000	548184	0x100	ok	raw	46454c07
MLG\disc0_rel\ADEMO\0058cb76.pdt	7	0x23e000	276996	0x100	ok	raw	46454c07
MLG\disc0_rel\ADEMO\0058cb76.pdt	8	0x282000	214432	0x100	ok	raw	46454c07
MLG\disc0_rel\ADEMO\0058cb76.pdt	9	0x2b6800	227224	0x100	ok	raw	46454c07
MLG\disc0_rel\ADEMO\0058cb76.pdt	10	0x2ee000	870612	0x100	ok	raw	46454c07
MLG\disc0_rel\ADEMO\0058cb76.pdt	11	0x3c3000	8302768	0x100	ok	raw	00000000
MLG\disc0_rel\ADEMO\0058cb96.pdt	0	0x800	810884	0x100	ok	raw	46454c07
MLG\disc0_rel\ADEMO\0058cb96.pdt	1	0xc6800	790460	0x100	ok	raw	46454c07
MLG\disc0_rel\ADEMO\0058cb96.pdt	2	0x187800	345596	0x100	ok	raw	46454c07
MLG\disc0_rel\ADEMO\0058cb96.pdt	3	0x1dc000	5551456	0x100	ok	raw	00000000
MLG\disc0_rel\ADEMO\0058ceb6.pdt	0	0x800	118904	0x100	ok	raw	46454c07
MLG\disc0_rel\ADEMO\0058ceb6.pdt	1	0x1e000	117628	0x100	ok	raw	46454c07
MLG\disc0_rel\ADEMO\0058ceb6.pdt	2	0x3b000	227476	0x100	ok	raw	46454c07
MLG\disc0_rel\ADEMO\0058ceb6.pdt	3	0x73000	94108	0x100	ok	raw	46454c07
MLG\disc0_rel\ADEMO\0058ceb6.pdt	4	0x8a000	149676	0x100	ok	raw	46454c07
MLG\disc0_rel\ADEMO\0058ceb6.pdt	5	0xaf000	309196	0x100	ok	raw	46454c07
MLG\disc0_rel\ADEMO\0058ceb6.pdt	6	0xfa800	392640	0x100	ok	raw	46454c07
MLG\disc0_rel\ADEMO\0058ceb6.pdt	7	0x15a800	265960	0x100	ok	raw	46454c07
MLG\disc0_rel\ADEMO\0058ceb6.pdt	8	0x19b800	135656	0x100	ok	raw	46454c07
MLG\disc0_rel\ADEMO\0058ceb6.pdt	9	0x1bd000	105928	0x100	ok	raw	46454c07
MLG\disc0_rel\ADEMO\0058ceb6.pdt	10	0x1d7000	287020	0x100	ok	raw	46454c07
MLG\disc0_rel\ADEMO\0058ceb6.pdt	11	0x21d800	325452	0x100	ok	raw	46454c07
MLG\disc0_rel\ADEMO\0058ceb6.pdt	12	0x26d000	266744	0x100	ok	raw	46454c07
MLG\disc0_rel\ADEMO\0058ceb6.pdt	13	0x2ae800	421772	0x100	ok	raw	46454c07
MLG\disc0_rel\ADEMO\0058ceb6.pdt	14	0x315800	16932	0x100	ok	raw	46454c07
MLG\disc0_rel\ADEMO\0058ceb6.pdt	15	0x31a000	9414848	0x100	ok	raw	00000000
MLG\disc0_rel\ADEMO\0058ced6.pdt	0	0x800	615524	0x100	ok	raw	46454c07
MLG\disc0_rel\ADEMO\0058ced6.pdt	1	0x97000	356524	0x100	ok	raw	46454c07
MLG\disc0_rel\ADEMO\0058ced6.pdt	2	0xee800	230328	0x100	ok	raw	46454c07
MLG\disc0_rel\ADEMO\0058ced6.pdt	3	0x127000	345916	0x100	ok	raw	46454c07
MLG\disc0_rel\ADEMO\0058ced6.pdt	4	0x17b800	382420	0x100	ok	raw	46454c07
MLG\disc0_rel\ADEMO\0058ced6.pdt	5	0x1d9000	142496	0x100	ok	raw	46454c07
MLG\disc0_rel\ADEMO\0058ced6.pdt	6	0x1fc000	198744	0x100	ok	raw	46454c07
MLG\disc0_rel\ADEMO\0058ced6.pdt	7	0x22d000	196112	0x100	ok	raw	46454c07
MLG\disc0_rel\ADEMO\0058ced6.pdt	8	0x25d000	494184	0x100	ok	raw	46454c07
MLG\disc0_rel\ADEMO\0058ced6.pdt	9	0x2d6000	163608	0x100	ok	raw	46454c07
MLG\disc0_rel\ADEMO\0058ced6.pdt	10	0x2fe000	227944	0x100	ok	raw	46454c07
MLG\disc0_rel\ADEMO\0058ced6.pdt	11	0x336000	141604	0x100	ok	raw	46454c07
MLG\disc0_rel\ADEMO\0058ced6.pdt	12	0x359000	1092396	0x100	ok	raw	46454c07
MLG\disc0_rel\ADEMO\0058ced6.pdt	13	0x464000	714944	0x100	ok	raw	46454c07
MLG\disc0_rel\ADEMO\0058ced6.pdt	14	0x513000	97216	0x100	ok	raw	46454c07
MLG\disc0_rel\ADEMO\0058ced6.pdt	15	0x52b000	115520	0x100	ok	raw	46454c07
MLG\disc0_rel\ADEMO\0058ced6.pdt	16	0x547800	11384496	0x100	ok	raw	00000000
MLG\disc0_rel\ADEMO\0058cf16.pdt	0	0x800	548704	0x100	ok	raw	46454c07
MLG\disc0_rel\ADEMO\0058cf16.pdt	1	0x86800	147868	0x100	ok	raw	46454c07
MLG\disc0_rel\ADEMO\0058cf16.pdt	2	0xab000	1717504	0x100	ok	raw	00000000
MLG\disc0_rel\ADEMO\0058cef6.pdt	0	0x800	495016	0x100	ok	raw	46454c07
MLG\disc0_rel\ADEMO\0058cef6.pdt	1	0x79800	276504	0x100	ok	raw	46454c07
MLG\disc0_rel\ADEMO\0058cef6.pdt	2	0xbd800	127420	0x100	ok	raw	46454c07
MLG\disc0_rel\ADEMO\0058cef6.pdt	3	0xdd000	181212	0x100	ok	raw	46454c07
MLG\disc0_rel\ADEMO\0058cef6.pdt	4	0x109800	157440	0x100	ok	raw	46454c07
MLG\disc0_rel\ADEMO\0058cef6.pdt	5	0x130000	246284	0x100	ok	raw	46454c07
MLG\disc0_rel\ADEMO\0058cef6.pdt	6	0x16c800	299124	0x100	ok	raw	46454c07
MLG\disc0_rel\ADEMO\0058cef6.pdt	7	0x1b6000	110220	0x100	ok	raw	46454c07
MLG\disc0_rel\ADEMO\0058cef6.pdt	8	0x1d1000	193896	0x100	ok	raw	46454c07
MLG\disc0_rel\ADEMO\0058cef6.pdt	9	0x200800	128932	0x100	ok	raw	46454c07
MLG\disc0_rel\ADEMO\0058cef6.pdt	10	0x220000	199596	0x100	ok	raw	46454c07
MLG\disc0_rel\ADEMO\0058cef6.pdt	11	0x251000	375324	0x100	ok	raw	46454c07
MLG\disc0_rel\ADEMO\0058cef6.pdt	12	0x2ad000	8283680	0x100	ok	raw	00000000
MLG\disc0_rel\ADEMO\0058cf96.pdt	0	0x800	163364	0x100	ok	raw	46454c07
MLG\disc0_rel\ADEMO\0058cf96.pdt	1	0x28800	19996	0x100	ok	raw	46454c07
MLG\disc0_rel\ADEMO\0058cf96.pdt	2	0x2d800	665576	0x100	ok	raw	46454c07
MLG\disc0_rel\ADEMO\0058cf96.pdt	3	0xd0000	33796	0x100	ok	raw	46454c07
MLG\disc0_rel\ADEMO\0058cf96.pdt	4	0xd8800	795028	0x100	ok	raw	46454c07
MLG\disc0_rel\ADEMO\0058cf96.pdt	5	0x19b000	48404	0x100	ok	raw	46454c07
MLG\disc0_rel\ADEMO\0058cf96.pdt	6	0x1a7000	376072	0x100	ok	raw	46454c07
MLG\disc0_rel\ADEMO\0058cf96.pdt	7	0x203000	353480	0x100	ok	raw	46454c07
MLG\disc0_rel\ADEMO\0058cf96.pdt	8	0x259800	12356	0x100	ok	raw	46454c07
MLG\disc0_rel\ADEMO\0058cf96.pdt	9	0x25d000	6628992	0x100	ok	raw	00000000
MLG\disc0_rel\ADEMO\0058cfb6.pdt	0	0x800	145012	0x100	ok	raw	46454c07
MLG\disc0_rel\ADEMO\0058cfb6.pdt	1	0x24000	443584	0x100	ok	raw	46454c07
MLG\disc0_rel\ADEMO\0058cfb6.pdt	2	0x90800	322480	0x100	ok	raw	46454c07
MLG\disc0_rel\ADEMO\0058cfb6.pdt	3	0xdf800	298928	0x100	ok	raw	46454c07
MLG\disc0_rel\ADEMO\0058cfb6.pdt	4	0x128800	224980	0x100	ok	raw	46454c07
MLG\disc0_rel\ADEMO\0058cfb6.pdt	5	0x15f800	383940	0x100	ok	raw	46454c07
MLG\disc0_rel\ADEMO\0058cfb6.pdt	6	0x1bd800	191200	0x100	ok	raw	46454c07
MLG\disc0_rel\ADEMO\0058cfb6.pdt	7	0x1ec800	113280	0x100	ok	raw	46454c07
MLG\disc0_rel\ADEMO\0058cfb6.pdt	8	0x208800	7448720	0x100	ok	raw	00000000
MLG\disc0_rel\ADEMO\0058d2b6.pdt	0	0x800	154980	0x100	ok	raw	46454c07
MLG\disc0_rel\ADEMO\0058d2b6.pdt	1	0x26800	682544	0x100	ok	raw	46454c07
MLG\disc0_rel\ADEMO\0058d2b6.pdt	2	0xcd800	224488	0x100	ok	raw	46454c07
MLG\disc0_rel\ADEMO\0058d2b6.pdt	3	0x104800	783440	0x100	ok	raw	46454c07
MLG\disc0_rel\ADEMO\0058d2b6.pdt	4	0x1c4000	132588	0x100	ok	raw	46454c07
MLG\disc0_rel\ADEMO\0058d2b6.pdt	5	0x1e4800	109680	0x100	ok	raw	46454c07
MLG\disc0_rel\ADEMO\0058d2b6.pdt	6	0x1ff800	1135944	0x100	ok	raw	46454c07
MLG\disc0_rel\ADEMO\0058d2b6.pdt	7	0x315000	283864	0x100	ok	raw	46454c07
MLG\disc0_rel\ADEMO\0058d2b6.pdt	8	0x35a800	1436	0x100	ok	raw	46454c07
MLG\disc0_rel\ADEMO\0058d2b6.pdt	9	0x35b000	1520	0x100	ok	raw	46454c07
MLG\disc0_rel\ADEMO\0058d2b6.pdt	10	0x35b800	4081664	0x100	ok	raw	00000000
MLG\disc0_rel\ADEMO\0058cfd6.pdt	0	0x800	688048	0x100	ok	raw	46454c07
MLG\disc0_rel\ADEMO\0058cfd6.pdt	1	0xa8800	1703740	0x100	ok	raw	46454c07
MLG\disc0_rel\ADEMO\0058cfd6.pdt	2	0x248800	854448	0x100	ok	raw	46454c07
MLG\disc0_rel\ADEMO\0058cfd6.pdt	3	0x319800	682544	0x100	ok	raw	46454c07
MLG\disc0_rel\ADEMO\0058cfd6.pdt	4	0x3c0800	831368	0x100	ok	raw	46454c07
MLG\disc0_rel\ADEMO\0058cfd6.pdt	5	0x48b800	183140	0x100	ok	raw	46454c07
MLG\disc0_rel\ADEMO\0058cfd6.pdt	6	0x4b8800	87772	0x100	ok	raw	46454c07
MLG\disc0_rel\ADEMO\0058cfd6.pdt	7	0x4ce000	783312	0x100	ok	raw	46454c07
MLG\disc0_rel\ADEMO\0058cfd6.pdt	8	0x58d800	1035460	0x100	ok	raw	46454c07
MLG\disc0_rel\ADEMO\0058cfd6.pdt	9	0x68a800	39096	0x100	ok	raw	46454c07
MLG\disc0_rel\ADEMO\0058cfd6.pdt	10	0x694800	366224	0x100	ok	raw	46454c07
MLG\disc0_rel\ADEMO\0058cfd6.pdt	11	0x6ee000	1135944	0x100	ok	raw	46454c07
MLG\disc0_rel\ADEMO\0058cfd6.pdt	12	0x803800	299508	0x100	ok	raw	46454c07
MLG\disc0_rel\ADEMO\0058cfd6.pdt	13	0x84d000	1436	0x100	ok	raw	46454c07
MLG\disc0_rel\ADEMO\0058cfd6.pdt	14	0x84d800	1520	0x100	ok	raw	46454c07
MLG\disc0_rel\ADEMO\0058cfd6.pdt	15	0x84e000	7184976	0x100	ok	raw	00000000
MLG\disc0_rel\ADEMO\0058d2bb.pdt	0	0x800	177916	0x100	ok	raw	46454c07
MLG\disc0_rel\ADEMO\0058d2bb.pdt	1	0x2c000	682544	0x100	ok	raw	46454c07
MLG\disc0_rel\ADEMO\0058d2bb.pdt	2	0xd3000	147944	0x100	ok	raw	46454c07
MLG\disc0_rel\ADEMO\0058d2bb.pdt	3	0xf7800	319864	0x100	ok	raw	46454c07
MLG\disc0_rel\ADEMO\0058d2bb.pdt	4	0x146000	783440	0x100	ok	raw	46454c07
MLG\disc0_rel\ADEMO\0058d2bb.pdt	5	0x205800	146592	0x100	ok	raw	46454c07
MLG\disc0_rel\ADEMO\0058d2bb.pdt	6	0x229800	140480	0x100	ok	raw	46454c07
MLG\disc0_rel\ADEMO\0058d2bb.pdt	7	0x24c000	1135944	0x100	ok	raw	46454c07
MLG\disc0_rel\ADEMO\0058d2bb.pdt	8	0x361800	284752	0x100	ok	raw	46454c07
MLG\disc0_rel\ADEMO\0058d2bb.pdt	9	0x3a7800	1436	0x100	ok	raw	46454c07
MLG\disc0_rel\ADEMO\0058d2bb.pdt	10	0x3a8000	1520	0x100	ok	raw	46454c07
MLG\disc0_rel\ADEMO\0058d2bb.pdt	11	0x3a8800	4447296	0x100	ok	raw	00000000
MLG\disc0_rel\ADEMO\0058d336.pdt	0	0x800	80644	0x100	ok	raw	46454c07
MLG\disc0_rel\ADEMO\0058d336.pdt	1	0x14800	342208	0x100	ok	raw	46454c07
MLG\disc0_rel\ADEMO\0058d336.pdt	2	0x68800	68544	0x100	ok	raw	46454c07
MLG\disc0_rel\ADEMO\0058d336.pdt	3	0x79800	111412	0x100	ok	raw	46454c07
MLG\disc0_rel\ADEMO\0058d336.pdt	4	0x95000	39156	0x100	ok	raw	46454c07
MLG\disc0_rel\ADEMO\0058d336.pdt	5	0x9f000	246368	0x100	ok	raw	46454c07
MLG\disc0_rel\ADEMO\0058d336.pdt	6	0xdb800	200976	0x100	ok	raw	46454c07
MLG\disc0_rel\ADEMO\0058d336.pdt	7	0x10d000	97716	0x100	ok	raw	46454c07
MLG\disc0_rel\ADEMO\0058d336.pdt	8	0x125000	6512880	0x100	ok	raw	00000000
MLG\disc0_rel\ADEMO\0058d3b6.pdt	0	0x800	579808	0x100	ok	raw	46454c07
MLG\disc0_rel\ADEMO\0058d3b6.pdt	1	0x8e800	1496112	0x100	ok	raw	00000000
MLG\disc0_rel\ADEMO\0058d376.pdt	0	0x800	57132	0x100	ok	raw	46454c07
MLG\disc0_rel\ADEMO\0058d376.pdt	1	0xe800	22532	0x100	ok	raw	46454c07
MLG\disc0_rel\ADEMO\0058d376.pdt	2	0x14800	671580	0x100	ok	raw	46454c07
MLG\disc0_rel\ADEMO\0058d376.pdt	3	0xb8800	162996	0x100	ok	raw	46454c07
MLG\disc0_rel\ADEMO\0058d376.pdt	4	0xe0800	338292	0x100	ok	raw	46454c07
MLG\disc0_rel\ADEMO\0058d376.pdt	5	0x133800	373444	0x100	ok	raw	46454c07
MLG\disc0_rel\ADEMO\0058d376.pdt	6	0x18f000	41684	0x100	ok	raw	46454c07
MLG\disc0_rel\ADEMO\0058d376.pdt	7	0x199800	67148	0x100	ok	raw	46454c07
MLG\disc0_rel\ADEMO\0058d376.pdt	8	0x1aa000	66612	0x100	ok	raw	46454c07
MLG\disc0_rel\ADEMO\0058d376.pdt	9	0x1ba800	531036	0x100	ok	raw	46454c07
MLG\disc0_rel\ADEMO\0058d376.pdt	10	0x23c800	389992	0x100	ok	raw	46454c07
MLG\disc0_rel\ADEMO\0058d376.pdt	11	0x29c000	2745424	0x100	ok	raw	00000000
MLG\disc0_rel\ADEMO\0058d6b6.pdt	0	0x800	460388	0x100	ok	raw	46454c07
MLG\disc0_rel\ADEMO\0058d6b6.pdt	1	0x71000	47756	0x100	ok	raw	46454c07
MLG\disc0_rel\ADEMO\0058d6b6.pdt	2	0x7d000	49820	0x100	ok	raw	46454c07
MLG\disc0_rel\ADEMO\0058d6b6.pdt	3	0x89800	149516	0x100	ok	raw	46454c07
MLG\disc0_rel\ADEMO\0058d6b6.pdt	4	0xae800	165368	0x100	ok	raw	46454c07
MLG\disc0_rel\ADEMO\0058d6b6.pdt	5	0xd7000	2195712	0x100	ok	raw	00000000
MLG\disc0_rel\ADEMO\0058d3d6.pdt	0	0x800	710152	0x100	ok	raw	46454c07
MLG\disc0_rel\ADEMO\0058d3d6.pdt	1	0xae000	268864	0x100	ok	raw	46454c07
MLG\disc0_rel\ADEMO\0058d3d6.pdt	2	0xf0000	361064	0x100	ok	raw	46454c07
MLG\disc0_rel\ADEMO\0058d3d6.pdt	3	0x148800	530012	0x100	ok	raw	46454c07
MLG\disc0_rel\ADEMO\0058d3d6.pdt	4	0x1ca000	322068	0x100	ok	raw	46454c07
MLG\disc0_rel\ADEMO\0058d3d6.pdt	5	0x219000	249932	0x100	ok	raw	46454c07
MLG\disc0_rel\ADEMO\0058d3d6.pdt	6	0x256800	538920	0x100	ok	raw	46454c07
MLG\disc0_rel\ADEMO\0058d3d6.pdt	7	0x2da800	7188480	0x100	ok	raw	00000000
MLG\disc0_rel\ADEMO\0058d6d6.pdt	0	0x800	154968	0x100	ok	raw	46454c07
MLG\disc0_rel\ADEMO\0058d6d6.pdt	1	0x26800	347640	0x100	ok	raw	46454c07
MLG\disc0_rel\ADEMO\0058d6d6.pdt	2	0x7b800	1287656	0x100	ok	raw	46454c07
MLG\disc0_rel\ADEMO\0058d6d6.pdt	3	0x1b6000	530736	0x100	ok	raw	46454c07
MLG\disc0_rel\ADEMO\0058d6d6.pdt	4	0x238000	3432528	0x100	ok	raw	00000000
MLG\disc0_rel\ADEMO\0058d756.pdt	0	0x800	946236	0x100	ok	raw	46454c07
MLG\disc0_rel\ADEMO\0058d756.pdt	1	0xe8000	298952	0x100	ok	raw	46454c07
MLG\disc0_rel\ADEMO\0058d756.pdt	2	0x131000	475108	0x100	ok	raw	46454c07
MLG\disc0_rel\ADEMO\0058d756.pdt	3	0x1a5000	3028864	0x100	ok	raw	00000000
MLG\disc0_rel\ADEMO\0058dad6.pdt	0	0x800	275904	0x100	ok	raw	46454c07
MLG\disc0_rel\ADEMO\0058dad6.pdt	1	0x44000	1065440	0x100	ok	raw	00000000
MLG\disc0_rel\ADEMO\0058dab6.pdt	0	0x800	878204	0x100	ok	raw	46454c07
MLG\disc0_rel\ADEMO\0058dab6.pdt	1	0xd7000	445288	0x100	ok	raw	46454c07
MLG\disc0_rel\ADEMO\0058dab6.pdt	2	0x144000	317216	0x100	ok	raw	46454c07
MLG\disc0_rel\ADEMO\0058dab6.pdt	3	0x191800	242944	0x100	ok	raw	46454c07
MLG\disc0_rel\ADEMO\0058dab6.pdt	4	0x1cd000	3136784	0x100	ok	raw	00000000
MLG\disc0_rel\ADEMOHQ\0018ef0c.pdt	0	0x800	204108	0x100	ok	raw	46454c07
MLG\disc0_rel\ADEMOHQ\0018ef0c.pdt	1	0x32800	223964	0x100	ok	raw	46454c07
MLG\disc0_rel\ADEMOHQ\0018ef0c.pdt	2	0x69800	75854432	0x100	ok	raw	00000000
MLG\disc0_rel\ADEMOHQ\0058c6d6.pdt	0	0x800	155884	0x100	ok	raw	46454c07
MLG\disc0_rel\ADEMOHQ\0058c6d6.pdt	1	0x27000	228996	0x100	ok	raw	46454c07
MLG\disc0_rel\ADEMOHQ\0058c6d6.pdt	2	0x5f000	96680	0x100	ok	raw	46454c07
MLG\disc0_rel\ADEMOHQ\0058c6d6.pdt	3	0x77000	72588	0x100	ok	raw	46454c07
MLG\disc0_rel\ADEMOHQ\0058c6d6.pdt	4	0x89000	255164	0x100	ok	raw	46454c07
MLG\disc0_rel\ADEMOHQ\0058c6d6.pdt	5	0xc7800	76256	0x100	ok	raw	46454c07
MLG\disc0_rel\ADEMOHQ\0058c6d6.pdt	6	0xda800	558760	0x100	ok	raw	46454c07
MLG\disc0_rel\ADEMOHQ\0058c6d6.pdt	7	0x163000	68572	0x100	ok	raw	46454c07
MLG\disc0_rel\ADEMOHQ\0058c6d6.pdt	8	0x174000	20420	0x100	ok	raw	46454c07
MLG\disc0_rel\ADEMOHQ\0058c6d6.pdt	9	0x179000	2676	0x100	ok	raw	46454c07
MLG\disc0_rel\ADEMOHQ\0058c6d6.pdt	10	0x17a000	232632	0x100	ok	raw	46454c07
MLG\disc0_rel\ADEMOHQ\0018ef0d.pdt	0	0x800	192668	0x100	ok	raw	46454c07
MLG\disc0_rel\ADEMOHQ\0018ef0d.pdt	1	0x30000	356088	0x100	ok	raw	46454c07
MLG\disc0_rel\ADEMOHQ\0018ef0d.pdt	2	0x87000	323248	0x100	ok	raw	46454c07
MLG\disc0_rel\ADEMOHQ\0018ef0d.pdt	3	0xd6000	119772	0x100	ok	raw	46454c07
MLG\disc0_rel\ADEMOHQ\0018ef0d.pdt	4	0xf3800	106226336	0x100	ok	raw	00000000
MLG\disc0_rel\ADEMOHQ\0058c716.pdt	0	0x800	106144	0x100	ok	raw	46454c07
MLG\disc0_rel\ADEMOHQ\0058c716.pdt	1	0x1a800	166852	0x100	ok	raw	46454c07
MLG\disc0_rel\ADEMOHQ\0058c716.pdt	2	0x43800	40005168	0x100	ok	raw	00000000
MLG\disc0_rel\00b2b2a8.PDT	0	0x5800	28672	0x100	ok	raw	5350bb00
MLG\disc0_rel\00b2b2a8.PDT	1	0xc800	34816	0x100	ok	raw	5350bc00
MLG\disc0_rel\00b2b2a8.PDT	2	0x15000	38912	0x100	ok	raw	5350bd00
MLG\disc0_rel\00b2b2a8.PDT	3	0x1e800	36864	0x100	ok	raw	5350be00
MLG\disc0_rel\00b2b2a8.PDT	4	0x27800	57344	0x100	ok	raw	5350bf00
MLG\disc0_rel\00b2b2a8.PDT	5	0x35800	47104	0x100	ok	raw	5350c000
MLG\disc0_rel\00b2b2a8.PDT	6	0x41000	40960	0x100	ok	raw	5350c100
MLG\disc0_rel\00b2b2a8.PDT	7	0x4b000	36864	0x100	ok	raw	5350c200
MLG\disc0_rel\00b2b2a8.PDT	8	0x54000	36864	0x100	ok	raw	5350c300
MLG\disc0_rel\00b2b2a8.PDT	9	0x5d000	45056	0x100	ok	raw	5350c400
MLG\disc0_rel\00b2b2a8.PDT	10	0x68000	38912	0x100	ok	raw	5350c500
MLG\disc0_rel\00b2b2a8.PDT	11	0x71800	45056	0x100	ok	raw	5350c600
MLG\disc0_rel\00b2b2a8.PDT	12	0x7c800	67584	0x100	ok	raw	5350c700
MLG\disc0_rel\00b2b2a8.PDT	13	0x8d000	57344	0x100	ok	raw	5350c800
MLG\disc0_rel\00b2b2a8.PDT	14	0x9b000	36864	0x100	ok	raw	5350c900
MLG\disc0_rel\00b2b2a8.PDT	15	0xa4000	43008	0x100	ok	raw	5350ca00
MLG\disc0_rel\00b2b2a8.PDT	16	0xae800	36864	0x100	ok	raw	5350cb00
MLG\disc0_rel\00b2b2a8.PDT	17	0xb7800	45056	0x100	ok	raw	5350cc00
MLG\disc0_rel\00b2b2a8.PDT	18	0xc2800	36864	0x100	ok	raw	53504901
MLG\disc0_rel\00b2b2a8.PDT	19	0xcb800	36864	0x100	ok	raw	53504a01
MLG\disc0_rel\00b2b2a8.PDT	20	0xd4800	36864	0x100	ok	raw	53504b01
MLG\disc0_rel\00b2b2a8.PDT	21	0xdd800	45056	0x100	ok	raw	53504c01
MLG\disc0_rel\00b2b2a8.PDT	22	0xe8800	40960	0x100	ok	raw	5350c303
MLG\disc0_rel\00b2b2a8.PDT	23	0xf2800	49152	0x100	ok	raw	53501d04
MLG\disc0_rel\00b2b2a8.PDT	24	0xfe800	63488	0x100	ok	raw	53501e04
MLG\disc0_rel\00b2b2a8.PDT	25	0x10e000	51200	0x100	ok	raw	53501f04
MLG\disc0_rel\00b2b2a8.PDT	26	0x11a800	43008	0x100	ok	raw	53502004
MLG\disc0_rel\00b2b2a8.PDT	27	0x125000	34816	0x100	ok	raw	53502104
MLG\disc0_rel\00b2b2a8.PDT	28	0x12d800	55296	0x100	ok	raw	53502204
MLG\disc0_rel\00b2b2a8.PDT	29	0x13b000	45056	0x100	ok	raw	53502304
MLG\disc0_rel\00b2b2a8.PDT	30	0x146000	49152	0x100	ok	raw	53502404
MLG\disc0_rel\00b2b2a8.PDT	31	0x152000	28672	0x100	ok	raw	53502504
MLG\disc0_rel\00b2b2a8.PDT	32	0x159000	47104	0x100	ok	raw	53502604
MLG\disc0_rel\00b2b2a8.PDT	33	0x164800	32768	0x100	ok	raw	53503e04
MLG\disc0_rel\00b2b2a8.PDT	34	0x16c800	59392	0x100	ok	raw	53505404
MLG\disc0_rel\00b2b2a8.PDT	35	0x17b000	49152	0x100	ok	raw	53505504
MLG\disc0_rel\00b2b2a8.PDT	36	0x187000	51200	0x100	ok	raw	53505604
MLG\disc0_rel\00b2b2a8.PDT	37	0x193800	47104	0x100	ok	raw	53505704
MLG\disc0_rel\00b2b2a8.PDT	38	0x19f000	47104	0x100	ok	raw	53505904
MLG\disc0_rel\00b2b2a8.PDT	39	0x1aa800	43008	0x100	ok	raw	53505a04
MLG\disc0_rel\00b2b2a8.PDT	40	0x1b5000	61440	0x100	ok	raw	53505b04
MLG\disc0_rel\00b2b2a8.PDT	41	0x1c4000	43008	0x100	ok	raw	53505c04
MLG\disc0_rel\00b2b2a8.PDT	42	0x1ce800	43008	0x100	ok	raw	53505d04
MLG\disc0_rel\00b2b2a8.PDT	43	0x1d9000	40960	0x100	ok	raw	53505e04
MLG\disc0_rel\00b2b2a8.PDT	44	0x1e3000	61440	0x100	ok	raw	53505f04
MLG\disc0_rel\00b2b2a8.PDT	45	0x1f2000	24576	0x100	ok	raw	53506f04
MLG\disc0_rel\00b2b2a8.PDT	46	0x1f8000	45056	0x100	ok	raw	53507004
MLG\disc0_rel\00b2b2a8.PDT	47	0x203000	45056	0x100	ok	raw	53507104
MLG\disc0_rel\00b2b2a8.PDT	48	0x20e000	34816	0x100	ok	raw	53507204
MLG\disc0_rel\00b2b2a8.PDT	49	0x216800	34816	0x100	ok	raw	53507304
MLG\disc0_rel\00b2b2a8.PDT	50	0x21f000	36864	0x100	ok	raw	53507e04
MLG\disc0_rel\00b2b2a8.PDT	51	0x228000	45056	0x100	ok	raw	53508304
MLG\disc0_rel\00b2b2a8.PDT	52	0x233000	53248	0x100	ok	raw	5350a504
MLG\disc0_rel\00b2b2a8.PDT	53	0x240000	51200	0x100	ok	raw	5350a604
MLG\disc0_rel\00b2b2a8.PDT	54	0x24c800	61440	0x100	ok	raw	53500205
MLG\disc0_rel\00b2b2a8.PDT	55	0x25b800	67584	0x100	ok	raw	53500305
MLG\disc0_rel\00b2b2a8.PDT	56	0x26c000	71680	0x100	ok	raw	53500405
MLG\disc0_rel\00b2b2a8.PDT	57	0x27d800	57344	0x100	ok	raw	53500505
MLG\disc0_rel\00b2b2a8.PDT	58	0x28b800	55296	0x100	ok	raw	53500605
MLG\disc0_rel\00b2b2a8.PDT	59	0x299000	51200	0x100	ok	raw	53500705
MLG\disc0_rel\00b2b2a8.PDT	60	0x2a5800	40960	0x100	ok	raw	53500805
MLG\disc0_rel\00b2b2a8.PDT	61	0x2af800	61440	0x100	ok	raw	53506e05
MLG\disc0_rel\00b2b2a8.PDT	62	0x2be800	63488	0x100	ok	raw	53506f05
MLG\disc0_rel\00b2b2a8.PDT	63	0x2ce000	59392	0x100	ok	raw	53507005
MLG\disc0_rel\00b2b2a8.PDT	64	0x2dc800	26624	0x100	ok	raw	53507105
MLG\disc0_rel\00b2b2a8.PDT	65	0x2e3000	53248	0x100	ok	raw	53507205
MLG\disc0_rel\00b2b2a8.PDT	66	0x2f0000	40960	0x100	ok	raw	53507305
MLG\disc0_rel\00b2b2a8.PDT	67	0x2fa000	57344	0x100	ok	raw	5350d605
MLG\disc0_rel\00b2b2a8.PDT	68	0x308000	61440	0x100	ok	raw	5350d705
MLG\disc0_rel\00b2b2a8.PDT	69	0x317000	59392	0x100	ok	raw	5350d805
MLG\disc0_rel\00b2b2a8.PDT	70	0x325800	86016	0x100	ok	raw	5350d905
MLG\disc0_rel\00b2b2a8.PDT	71	0x33a800	47104	0x100	ok	raw	5350da05
MLG\disc0_rel\00b2b2a8.PDT	72	0x346000	43008	0x100	ok	raw	5350db05
MLG\disc0_rel\00b2b2a8.PDT	73	0x350800	49152	0x100	ok	raw	5350dc05
MLG\disc0_rel\00b2b2a8.PDT	74	0x35c800	51200	0x100	ok	raw	5350dd05
MLG\disc0_rel\00b2b2a8.PDT	75	0x369000	51200	0x100	ok	raw	5350de05
MLG\disc0_rel\00b2b2a8.PDT	76	0x375800	45056	0x100	ok	raw	5350df05
MLG\disc0_rel\00b2b2a8.PDT	77	0x380800	47104	0x100	ok	raw	5350e005
MLG\disc0_rel\00b2b2a8.PDT	78	0x38c000	36864	0x100	ok	raw	53507906
MLG\disc0_rel\00b2b2a8.PDT	79	0x395000	71680	0x100	ok	raw	53507a06
MLG\disc0_rel\00b2b2a8.PDT	80	0x3a6800	65536	0x100	ok	raw	53507b06
MLG\disc0_rel\00b2b2a8.PDT	81	0x3b6800	53248	0x100	ok	raw	53507c06
MLG\disc0_rel\00b2b2a8.PDT	82	0x3c3800	34816	0x100	ok	raw	53507d06
MLG\disc0_rel\00b2b2a8.PDT	83	0x3cc000	38912	0x100	ok	raw	53507e06
MLG\disc0_rel\00b2b2a8.PDT	84	0x3d5800	49152	0x100	ok	raw	53507f06
MLG\disc0_rel\00b2b2a8.PDT	85	0x3e1800	45056	0x100	ok	raw	53508006
MLG\disc0_rel\00b2b2a8.PDT	86	0x3ec800	81920	0x100	ok	raw	53508106
MLG\disc0_rel\00b2b2a8.PDT	87	0x400800	45056	0x100	ok	raw	53508206
MLG\disc0_rel\00b2b2a8.PDT	88	0x40b800	55296	0x100	ok	raw	53508306
MLG\disc0_rel\00b2b2a8.PDT	89	0x419000	69632	0x100	ok	raw	5350cc06
MLG\disc0_rel\00b2b2a8.PDT	90	0x42a000	47104	0x100	ok	raw	5350cd06
MLG\disc0_rel\00b2b2a8.PDT	91	0x435800	47104	0x100	ok	raw	5350ce06
MLG\disc0_rel\00b2b2a8.PDT	92	0x441000	34816	0x100	ok	raw	5350cf06
MLG\disc0_rel\00b2b2a8.PDT	93	0x449800	55296	0x100	ok	raw	5350d006
MLG\disc0_rel\00b2b2a8.PDT	94	0x457000	30720	0x100	ok	raw	5350d106
MLG\disc0_rel\00b2b2a8.PDT	95	0x45e800	49152	0x100	ok	raw	5350d206
MLG\disc0_rel\00b2b2a8.PDT	96	0x46a800	65536	0x100	ok	raw	5350d306
MLG\disc0_rel\00b2b2a8.PDT	97	0x47a800	34816	0x100	ok	raw	5350d406
MLG\disc0_rel\00b2b2a8.PDT	98	0x483000	51200	0x100	ok	raw	5350d506
MLG\disc0_rel\00b2b2a8.PDT	99	0x48f800	36864	0x100	ok	raw	5350ed07
MLG\disc0_rel\00b2b2a8.PDT	100	0x498800	30720	0x100	ok	raw	5350ee07
MLG\disc0_rel\00b2b2a8.PDT	101	0x4a0000	32768	0x100	ok	raw	5350ef07
MLG\disc0_rel\00b2b2a8.PDT	102	0x4a8000	30720	0x100	ok	raw	5350f007
MLG\disc0_rel\00b2b2a8.PDT	103	0x4af800	40960	0x100	ok	raw	5350f107
MLG\disc0_rel\00b2b2a8.PDT	104	0x4b9800	34816	0x100	ok	raw	5350f307
MLG\disc0_rel\00b2b2a8.PDT	105	0x4c2000	30720	0x100	ok	raw	5350f407
MLG\disc0_rel\00b2b2a8.PDT	106	0x4c9800	38912	0x100	ok	raw	5350f507
MLG\disc0_rel\00b2b2a8.PDT	107	0x4d3000	69632	0x100	ok	raw	53506d0a
MLG\disc0_rel\00b2b2a8.PDT	108	0x4e4000	57344	0x100	ok	raw	53506e0a
MLG\disc0_rel\00b2b2a8.PDT	109	0x4f2000	32768	0x100	ok	raw	5350890a
MLG\disc0_rel\00b2b2a8.PDT	110	0x4fa000	40960	0x100	ok	raw	53508a0a
MLG\disc0_rel\00b2b2a8.PDT	111	0x504000	38912	0x100	ok	raw	53508b0a
MLG\disc0_rel\00b2b2a8.PDT	112	0x50d800	49152	0x100	ok	raw	53508c0a
MLG\disc0_rel\00b2b2a8.PDT	113	0x519800	34816	0x100	ok	raw	5350c30a
MLG\disc0_rel\00b2b2a8.PDT	114	0x522000	63488	0x100	ok	raw	5350c40a
MLG\disc0_rel\00b2b2a8.PDT	115	0x531800	28672	0x100	ok	raw	5350c50a
MLG\disc0_rel\00b2b2a8.PDT	116	0x538800	28672	0x100	ok	raw	5350c60a
MLG\disc0_rel\00b2b2a8.PDT	117	0x53f800	28672	0x100	ok	raw	5350c70a
MLG\disc0_rel\00b2b2a8.PDT	118	0x546800	28672	0x100	ok	raw	5350c80a
MLG\disc0_rel\00b2b2a8.PDT	119	0x54d800	28672	0x100	ok	raw	5350c90a
MLG\disc0_rel\00b2b2a8.PDT	120	0x554800	28672	0x100	ok	raw	5350ca0a
MLG\disc0_rel\00b2b2a8.PDT	121	0x55b800	63488	0x100	ok	raw	53506004
MLG\disc0_rel\00b2b2a8.PDT	122	0x56b000	40960	0x100	ok	raw	53503305
MLG\disc0_rel\00b2b2a8.PDT	123	0x575000	32768	0x100	ok	raw	5350d208
MLG\disc0_rel\00b2b2a8.PDT	124	0x57d000	28672	0x100	ok	raw	5350d308
MLG\disc0_rel\00b2b2a8.PDT	125	0x584000	36864	0x100	ok	raw	5350d408
MLG\disc0_rel\00b2b2a8.PDT	126	0x58d000	36864	0x100	ok	raw	5350f207
MLG\disc0_rel\00b2b2a8.PDT	127	0x596000	26624	0x100	ok	raw	5350f50a
MLG\disc0_rel\00b2b2a8.PDT	128	0x59c800	36864	0x100	ok	raw	5350f70a
MLG\disc0_rel\00b2b2a8.PDT	129	0x5a5800	34816	0x100	ok	raw	5350f80a
MLG\disc0_rel\00b2b2a8.PDT	130	0x5ae000	669696	0x100	ok	raw	53503e0b
MLG\disc0_rel\00b2b2a8.PDT	131	0x651800	243712	0x100	ok	raw	53503f0b
MLG\disc0_rel\00b2b2a8.PDT	132	0x68d000	194560	0x100	ok	raw	5350400b
MLG\disc0_rel\00b2b2a8.PDT	133	0x6bc800	333824	0x100	ok	raw	5350410b
MLG\disc0_rel\00b2b2a8.PDT	134	0x70e000	6144	0x100	ok	raw	5350420b
MLG\disc0_rel\00b2b2a8.PDT	135	0x70f800	952320	0x100	ok	raw	5350430b
MLG\disc0_rel\00b2b2a8.PDT	136	0x7f8000	387072	0x100	ok	raw	5350440b
MLG\disc0_rel\00b2b2a8.PDT	137	0x856800	6144	0x100	ok	raw	5350450b
MLG\disc0_rel\00b2b2a8.PDT	138	0x858000	344064	0x100	ok	raw	5350460b
MLG\disc0_rel\00b2b2a8.PDT	139	0x8ac000	522240	0x100	ok	raw	5350470b
MLG\disc0_rel\00b2b2a8.PDT	140	0x92b800	497664	0x100	ok	raw	5350480b
MLG\disc0_rel\00b2b2a8.PDT	141	0x9a5000	489472	0x100	ok	raw	5350490b
MLG\disc0_rel\00b2b2a8.PDT	142	0xa1c800	262144	0x100	ok	raw	53504a0b
MLG\disc0_rel\00b2b2a8.PDT	143	0xa5c800	155648	0x100	ok	raw	53504b0b
MLG\disc0_rel\00b2b2a8.PDT	144	0xa82800	233472	0x100	ok	raw	53504c0b
MLG\disc0_rel\00b2b2a8.PDT	145	0xabb800	458752	0x100	ok	raw	53504d0b
MLG\disc0_rel\00b2b2a8.PDT	146	0xb2b800	630784	0x100	ok	raw	53504e0b
MLG\disc0_rel\00b2b2a8.PDT	147	0xbc5800	548864	0x100	ok	raw	53504f0b
MLG\disc0_rel\00b2b2a8.PDT	148	0xc4b800	436224	0x100	ok	raw	5350500b
MLG\disc0_rel\00b2b2a8.PDT	149	0xcb6000	491520	0x100	ok	raw	5350510b
MLG\disc0_rel\00b2b2a8.PDT	150	0xd2e000	530432	0x100	ok	raw	5350520b
MLG\disc0_rel\00b2b2a8.PDT	151	0xdaf800	593920	0x100	ok	raw	5350530b
MLG\disc0_rel\00b2b2a8.PDT	152	0xe40800	299008	0x100	ok	raw	5350540b
MLG\disc0_rel\00b2b2a8.PDT	153	0xe89800	548864	0x100	ok	raw	5350550b
MLG\disc0_rel\00b2b2a8.PDT	154	0xf0f800	645120	0x100	ok	raw	5350560b
MLG\disc0_rel\00b2b2a8.PDT	155	0xfad000	655360	0x100	ok	raw	5350570b
MLG\disc0_rel\00b2b2a8.PDT	156	0x104d000	614400	0x100	ok	raw	5350580b
MLG\disc0_rel\00b2b2a8.PDT	157	0x10e3000	718848	0x100	ok	raw	5350590b
MLG\disc0_rel\00b2b2a8.PDT	158	0x1192800	493568	0x100	ok	raw	53505a0b
MLG\disc0_rel\00b2b2a8.PDT	159	0x120b000	440320	0x100	ok	raw	53505b0b
MLG\disc0_rel\00b2b2a8.PDT	160	0x1276800	714752	0x100	ok	raw	53505c0b
MLG\disc0_rel\00b2b2a8.PDT	161	0x1325000	307200	0x100	ok	raw	53505d0b
MLG\disc0_rel\00b2b2a8.PDT	162	0x1370000	573440	0x100	ok	raw	53505e0b
MLG\disc0_rel\00b2b2a8.PDT	163	0x13fc000	528384	0x100	ok	raw	53505f0b
MLG\disc0_rel\00b2b2a8.PDT	164	0x147d000	499712	0x100	ok	raw	5350600b
MLG\disc0_rel\00b2b2a8.PDT	165	0x14f7000	653312	0x100	ok	raw	5350610b
MLG\disc0_rel\00b2b2a8.PDT	166	0x1596800	3223552	0x100	ok	raw	5350620b
MLG\disc0_rel\00b2b2a8.PDT	167	0x18a9800	1304576	0x100	ok	raw	5350630b
MLG\disc0_rel\00b2b2a8.PDT	168	0x19e8000	512000	0x100	ok	raw	5350490c
MLG\disc0_rel\00b2b2a8.PDT	169	0x1a65000	591872	0x100	ok	raw	53504a0c
MLG\disc0_rel\00b2b2a8.PDT	170	0x1af5800	1046528	0x100	ok	raw	53504b0c
MLG\disc0_rel\00b2b2a8.PDT	171	0x1bf5000	382976	0x100	ok	raw	5350640b
MLG\disc0_rel\00b2b2a8.PDT	172	0x1c52800	421888	0x100	ok	raw	5350650b
MLG\disc0_rel\00b2b2a8.PDT	173	0x1cb9800	329728	0x100	ok	raw	5350660b
MLG\disc0_rel\00b2b2a8.PDT	174	0x1d0a000	317440	0x100	ok	raw	5350670b
MLG\disc0_rel\00b2b2a8.PDT	175	0x1d57800	473088	0x100	ok	raw	5350680b
MLG\disc0_rel\00b2b2a8.PDT	176	0x1dcb000	436224	0x100	ok	raw	5350690b
MLG\disc0_rel\00b2b2a8.PDT	177	0x1e35800	374784	0x100	ok	raw	53506a0b
MLG\disc0_rel\00b2b2a8.PDT	178	0x1e91000	239616	0x100	ok	raw	53506b0b
MLG\disc0_rel\00b2b2a8.PDT	179	0x1ecb800	645120	0x100	ok	raw	53506c0b
MLG\disc0_rel\00b2b2a8.PDT	180	0x1f69000	364544	0x100	ok	raw	53506d0b
MLG\disc0_rel\00b2b2a8.PDT	181	0x1fc2000	292864	0x100	ok	raw	53506e0b
MLG\disc0_rel\00b2b2a8.PDT	182	0x2009800	704512	0x100	ok	raw	53506f0b
MLG\disc0_rel\00b2b2a8.PDT	183	0x20b5800	280576	0x100	ok	raw	5350700b
MLG\disc0_rel\00b2b2a8.PDT	184	0x20fa000	317440	0x100	ok	raw	5350710b
MLG\disc0_rel\00b2b2a8.PDT	185	0x2147800	274432	0x100	ok	raw	5350720b
MLG\disc0_rel\00b2b2a8.PDT	186	0x218a800	256000	0x100	ok	raw	5350730b
MLG\disc0_rel\00b2b2a8.PDT	187	0x21c9000	561152	0x100	ok	raw	5350740b
MLG\disc0_rel\00b2b2a8.PDT	188	0x2252000	499712	0x100	ok	raw	5350750b
MLG\disc0_rel\00b2b2a8.PDT	189	0x22cc000	339968	0x100	ok	raw	5350760b
MLG\disc0_rel\00b2b2a8.PDT	190	0x231f000	327680	0x100	ok	raw	5350770b
MLG\disc0_rel\00b2b2a8.PDT	191	0x236f000	454656	0x100	ok	raw	5350780b
MLG\disc0_rel\00b2b2a8.PDT	192	0x23de000	294912	0x100	ok	raw	5350790b
MLG\disc0_rel\00b2b2a8.PDT	193	0x2426000	589824	0x100	ok	raw	53507a0b
MLG\disc0_rel\00b2b2a8.PDT	194	0x24b6000	849920	0x100	ok	raw	5350b30b
MLG\disc0_rel\00b2b2a8.PDT	195	0x2585800	997376	0x100	ok	raw	5350b40b
MLG\disc0_rel\00b2b2a8.PDT	196	0x2679000	489472	0x100	ok	raw	5350b50b
MLG\disc0_rel\00b2b2a8.PDT	197	0x26f0800	571392	0x100	ok	raw	5350b60b
MLG\disc0_rel\00b2b2a8.PDT	198	0x277c000	526336	0x100	ok	raw	5350b70b
MLG\disc0_rel\00b2b2a8.PDT	199	0x27fc800	471040	0x100	ok	raw	5350b80b
MLG\disc0_rel\00b2b2a8.PDT	200	0x286f800	22528	0x100	ok	raw	5350b90b
MLG\disc0_rel\00b2b2a8.PDT	201	0x2875000	733184	0x100	ok	raw	5350ba0b
MLG\disc0_rel\00b2b2a8.PDT	202	0x2928000	571392	0x100	ok	raw	5350bb0b
MLG\disc0_rel\00b2b2a8.PDT	203	0x29b3800	913408	0x100	ok	raw	5350bc0b
MLG\disc0_rel\00b2b2a8.PDT	204	0x2a92800	655360	0x100	ok	raw	5350bd0b
MLG\disc0_rel\00b2b2a8.PDT	205	0x2b32800	634880	0x100	ok	raw	5350be0b
MLG\disc0_rel\00b2b2a8.PDT	206	0x2bcd800	532480	0x100	ok	raw	5350bf0b
MLG\disc0_rel\00b2b2a8.PDT	207	0x2c4f800	458752	0x100	ok	raw	5350c00b
MLG\disc0_rel\00b2b2a8.PDT	208	0x2cbf800	557056	0x100	ok	raw	5350c10b
MLG\disc0_rel\00b2b2a8.PDT	209	0x2d47800	690176	0x100	ok	raw	5350120c
MLG\disc0_rel\00b2b2a8.PDT	210	0x2df0000	606208	0x100	ok	raw	5350130c
MLG\disc0_rel\00b2b2a8.PDT	211	0x2e84000	1028096	0x100	ok	raw	5350140c
MLG\disc0_rel\00b2b2a8.PDT	212	0x2f7f000	921600	0x100	ok	raw	5350150c
MLG\disc0_rel\00b2b2a8.PDT	213	0x3060000	1243136	0x100	ok	raw	5350160c
MLG\disc0_rel\00b2b2a8.PDT	214	0x318f800	897024	0x100	ok	raw	5350170c
MLG\disc0_rel\00b2b2a8.PDT	215	0x326a800	1234944	0x100	ok	raw	5350180c
MLG\disc0_rel\00b2b2a8.PDT	216	0x3398000	700416	0x100	ok	raw	5350190c
MLG\disc0_rel\00b2b2a8.PDT	217	0x3443000	385024	0x100	ok	raw	53501a0c
MLG\disc0_rel\00b2b2a8.PDT	218	0x34a1000	405504	0x100	ok	raw	53501b0c
MLG\disc0_rel\00b2b2a8.PDT	219	0x3504000	358400	0x100	ok	raw	5350990b
MLG\disc0_rel\00b2b2a8.PDT	220	0x355b800	540672	0x100	ok	raw	53509a0b
MLG\disc0_rel\00b2b2a8.PDT	221	0x35df800	356352	0x100	ok	raw	53509b0b
MLG\disc0_rel\00b2b2a8.PDT	222	0x3636800	327680	0x100	ok	raw	53509c0b
MLG\disc0_rel\00b2b2a8.PDT	223	0x3686800	294912	0x100	ok	raw	53509d0b
MLG\disc0_rel\00b2b2a8.PDT	224	0x36ce800	491520	0x100	ok	raw	53509e0b
MLG\disc0_rel\00b2b2a8.PDT	225	0x3746800	434176	0x100	ok	raw	53509f0b
MLG\disc0_rel\00b2b2a8.PDT	226	0x37b0800	540672	0x100	ok	raw	5350a00b
MLG\disc0_rel\00b2b2a8.PDT	227	0x3834800	618496	0x100	ok	raw	5350a10b
MLG\disc0_rel\00b2b2a8.PDT	228	0x38cb800	491520	0x100	ok	raw	5350a20b
MLG\disc0_rel\00b2b2a8.PDT	229	0x3943800	483328	0x100	ok	raw	5350a30b
MLG\disc0_rel\00b2b2a8.PDT	230	0x39b9800	395264	0x100	ok	raw	5350a40b
MLG\disc0_rel\00b2b2a8.PDT	231	0x3a1a000	380928	0x100	ok	raw	5350a50b
MLG\disc0_rel\00b2b2a8.PDT	232	0x3a77000	622592	0x100	ok	raw	5350a60b
MLG\disc0_rel\00b2b2a8.PDT	233	0x3b0f000	499712	0x100	ok	raw	5350a70b
MLG\disc0_rel\00b2b2a8.PDT	234	0x3b89000	380928	0x100	ok	raw	5350a80b
MLG\disc0_rel\00b2b2a8.PDT	235	0x3be6000	737280	0x100	ok	raw	5350a90b
MLG\disc0_rel\00b2b2a8.PDT	236	0x3c9a000	327680	0x100	ok	raw	5350aa0b
MLG\disc0_rel\00b2b2a8.PDT	237	0x3cea000	421888	0x100	ok	raw	5350ab0b
MLG\disc0_rel\00b2b2a8.PDT	238	0x3d51000	567296	0x100	ok	raw	5350ac0b
MLG\disc0_rel\00b2b2a8.PDT	239	0x3ddb800	430080	0x100	ok	raw	5350ad0b
MLG\disc0_rel\00b2b2a8.PDT	240	0x3e44800	571392	0x100	ok	raw	5350ae0b
MLG\disc0_rel\00b2b2a8.PDT	241	0x3ed0000	317440	0x100	ok	raw	5350af0b
MLG\disc0_rel\00b2b2a8.PDT	242	0x3f1d800	808960	0x100	ok	raw	5350b00b
MLG\disc0_rel\00b2b2a8.PDT	243	0x3fe3000	651264	0x100	ok	raw	5350b10b
MLG\disc0_rel\00b2b2a8.PDT	244	0x4082000	514048	0x100	ok	raw	5350b20b
MLG\disc0_rel\00b2b2a8.PDT	245	0x40ff800	313344	0x100	ok	raw	53504f0c
MLG\disc0_rel\00b2b2a8.PDT	246	0x414c000	292864	0x100	ok	raw	5350c20b
MLG\disc0_rel\00b2b2a8.PDT	247	0x4193800	651264	0x100	ok	raw	5350c30b
MLG\disc0_rel\00b2b2a8.PDT	248	0x4232800	645120	0x100	ok	raw	5350c40b
MLG\disc0_rel\00b2b2a8.PDT	249	0x42d0000	563200	0x100	ok	raw	5350c50b
MLG\disc0_rel\00b2b2a8.PDT	250	0x4359800	1056768	0x100	ok	raw	5350c60b
MLG\disc0_rel\00b2b2a8.PDT	251	0x445b800	1101824	0x100	ok	raw	5350c70b
MLG\disc0_rel\00b2b2a8.PDT	252	0x4568800	899072	0x100	ok	raw	5350c80b
MLG\disc0_rel\00b2b2a8.PDT	253	0x4644000	489472	0x100	ok	raw	5350c90b
MLG\disc0_rel\00b2b2a8.PDT	254	0x46bb800	518144	0x100	ok	raw	5350ca0b
MLG\disc0_rel\00b2b2a8.PDT	255	0x473a000	374784	0x100	ok	raw	5350cb0b
MLG\disc0_rel\00b2b2a8.PDT	256	0x4795800	581632	0x100	ok	raw	5350cc0b
MLG\disc0_rel\00b2b2a8.PDT	257	0x4823800	731136	0x100	ok	raw	5350cd0b
MLG\disc0_rel\00b2b2a8.PDT	258	0x48d6000	286720	0x100	ok	raw	5350ce0b
MLG\disc0_rel\00b2b2a8.PDT	259	0x491c000	790528	0x100	ok	raw	5350d10b
MLG\disc0_rel\00b2b2a8.PDT	260	0x49dd000	903168	0x100	ok	raw	5350d20b
MLG\disc0_rel\00b2b2a8.PDT	261	0x4ab9800	575488	0x100	ok	raw	5350d30b
MLG\disc0_rel\00b2b2a8.PDT	262	0x4b46000	655360	0x100	ok	raw	5350d40b
MLG\disc0_rel\00b2b2a8.PDT	263	0x4be6000	442368	0x100	ok	raw	5350d50b
MLG\disc0_rel\00b2b2a8.PDT	264	0x4c52000	651264	0x100	ok	raw	5350d60b
MLG\disc0_rel\00b2b2a8.PDT	265	0x4cf1000	800768	0x100	ok	raw	5350d70b
MLG\disc0_rel\00b2b2a8.PDT	266	0x4db4800	604160	0x100	ok	raw	5350d80b
MLG\disc0_rel\00b2b2a8.PDT	267	0x4e48000	1255424	0x100	ok	raw	5350d90b
MLG\disc0_rel\00b2b2a8.PDT	268	0x4f7a800	632832	0x100	ok	raw	5350da0b
MLG\disc0_rel\00b2b2a8.PDT	269	0x5015000	724992	0x100	ok	raw	53507b0b
MLG\disc0_rel\00b2b2a8.PDT	270	0x50c6000	860160	0x100	ok	raw	53507c0b
MLG\disc0_rel\00b2b2a8.PDT	271	0x5198000	776192	0x100	ok	raw	53507d0b
MLG\disc0_rel\00b2b2a8.PDT	272	0x5255800	669696	0x100	ok	raw	53507e0b
MLG\disc0_rel\00b2b2a8.PDT	273	0x52f9000	1052672	0x100	ok	raw	53507f0b
MLG\disc0_rel\00b2b2a8.PDT	274	0x53fa000	536576	0x100	ok	raw	5350800b
MLG\disc0_rel\00b2b2a8.PDT	275	0x547d000	1499136	0x100	ok	raw	5350810b
MLG\disc0_rel\00b2b2a8.PDT	276	0x55eb000	325632	0x100	ok	raw	5350820b
MLG\disc0_rel\00b2b2a8.PDT	277	0x563a800	309248	0x100	ok	raw	5350830b
MLG\disc0_rel\00b2b2a8.PDT	278	0x5686000	473088	0x100	ok	raw	5350840b
MLG\disc0_rel\00b2b2a8.PDT	279	0x56f9800	1282048	0x100	ok	raw	5350850b
MLG\disc0_rel\00b2b2a8.PDT	280	0x5832800	321536	0x100	ok	raw	5350860b
MLG\disc0_rel\00b2b2a8.PDT	281	0x5881000	690176	0x100	ok	raw	5350870b
MLG\disc0_rel\00b2b2a8.PDT	282	0x5929800	286720	0x100	ok	raw	5350880b
MLG\disc0_rel\00b2b2a8.PDT	283	0x596f800	632832	0x100	ok	raw	5350890b
MLG\disc0_rel\00b2b2a8.PDT	284	0x5a0a000	831488	0x100	ok	raw	53508a0b
MLG\disc0_rel\00b2b2a8.PDT	285	0x5ad5000	268288	0x100	ok	raw	53508b0b
MLG\disc0_rel\00b2b2a8.PDT	286	0x5b16800	634880	0x100	ok	raw	53508c0b
MLG\disc0_rel\00b2b2a8.PDT	287	0x5bb1800	317440	0x100	ok	raw	53508d0b
MLG\disc0_rel\00b2b2a8.PDT	288	0x5bff000	313344	0x100	ok	raw	53508e0b
MLG\disc0_rel\00b2b2a8.PDT	289	0x5c4b800	299008	0x100	ok	raw	53508f0b
MLG\disc0_rel\00b2b2a8.PDT	290	0x5c94800	356352	0x100	ok	raw	5350900b
MLG\disc0_rel\00b2b2a8.PDT	291	0x5ceb800	659456	0x100	ok	raw	5350910b
MLG\disc0_rel\00b2b2a8.PDT	292	0x5d8c800	731136	0x100	ok	raw	5350920b
MLG\disc0_rel\00b2b2a8.PDT	293	0x5e3f000	585728	0x100	ok	raw	5350930b
MLG\disc0_rel\00b2b2a8.PDT	294	0x5ece000	524288	0x100	ok	raw	5350940b
MLG\disc0_rel\00b2b2a8.PDT	295	0x5f4e000	708608	0x100	ok	raw	5350950b
MLG\disc0_rel\00b2b2a8.PDT	296	0x5ffb000	225280	0x100	ok	raw	5350960b
MLG\disc0_rel\00b2b2a8.PDT	297	0x6032000	421888	0x100	ok	raw	5350970b
MLG\disc0_rel\00b2b2a8.PDT	298	0x6099000	663552	0x100	ok	raw	5350980b
MLG\disc0_rel\00b2b2a8.PDT	299	0x613b000	483328	0x100	ok	raw	53504c0c
MLG\disc0_rel\00b2b2a8.PDT	300	0x61b1000	686080	0x100	ok	raw	53504d0c
MLG\disc0_rel\00b2b2a8.PDT	301	0x6258800	1052672	0x100	ok	raw	53504e0c
MLG\disc0_rel\00b2b2a8.PDT	302	0x6359800	299008	0x100	ok	raw	5350db0b
MLG\disc0_rel\00b2b2a8.PDT	303	0x63a2800	229376	0x100	ok	raw	5350dc0b
MLG\disc0_rel\00b2b2a8.PDT	304	0x63da800	378880	0x100	ok	raw	5350dd0b
MLG\disc0_rel\00b2b2a8.PDT	305	0x6437000	724992	0x100	ok	raw	5350de0b
MLG\disc0_rel\00b2b2a8.PDT	306	0x64e8000	606208	0x100	ok	raw	5350df0b
MLG\disc0_rel\00b2b2a8.PDT	307	0x657c000	372736	0x100	ok	raw	5350e00b
MLG\disc0_rel\00b2b2a8.PDT	308	0x65d7000	372736	0x100	ok	raw	5350e10b
MLG\disc0_rel\00b2b2a8.PDT	309	0x6632000	401408	0x100	ok	raw	5350e20b
MLG\disc0_rel\00b2b2a8.PDT	310	0x6694000	724992	0x100	ok	raw	5350e30b
MLG\disc0_rel\00b2b2a8.PDT	311	0x6745000	847872	0x100	ok	raw	5350e40b
MLG\disc0_rel\00b2b2a8.PDT	312	0x6814000	346112	0x100	ok	raw	5350e50b
MLG\disc0_rel\00b2b2a8.PDT	313	0x6868800	514048	0x100	ok	raw	5350e60b
MLG\disc0_rel\00b2b2a8.PDT	314	0x68e6000	901120	0x100	ok	raw	5350e70b
MLG\disc0_rel\00b2b2a8.PDT	315	0x69c2000	833536	0x100	ok	raw	5350e80b
MLG\disc0_rel\00b2b2a8.PDT	316	0x6a8d800	425984	0x100	ok	raw	5350e90b
MLG\disc0_rel\00b2b2a8.PDT	317	0x6af5800	403456	0x100	ok	raw	5350ea0b
MLG\disc0_rel\00b2b2a8.PDT	318	0x6b58000	507904	0x100	ok	raw	5350eb0b
MLG\disc0_rel\00b2b2a8.PDT	319	0x6bd4000	591872	0x100	ok	raw	5350ec0b
MLG\disc0_rel\00b2b2a8.PDT	320	0x6c64800	737280	0x100	ok	raw	5350ed0b
MLG\disc0_rel\00b2b2a8.PDT	321	0x6d18800	987136	0x100	ok	raw	5350ee0b
MLG\disc0_rel\00b2b2a8.PDT	322	0x6e09800	561152	0x100	ok	raw	5350ef0b
MLG\disc0_rel\00b2b2a8.PDT	323	0x6e92800	430080	0x100	ok	raw	5350f00b
MLG\disc0_rel\00b2b2a8.PDT	324	0x6efb800	614400	0x100	ok	raw	5350f10b
MLG\disc0_rel\00b2b2a8.PDT	325	0x6f91800	438272	0x100	ok	raw	5350f20b
MLG\disc0_rel\00b2b2a8.PDT	326	0x6ffc800	6144	0x100	ok	raw	5350f30b
MLG\disc0_rel\00b2b2a8.PDT	327	0x6ffe000	204800	0x100	ok	raw	5350f40b
MLG\disc0_rel\00b2b2a8.PDT	328	0x7030000	362496	0x100	ok	raw	5350f50b
MLG\disc0_rel\00b2b2a8.PDT	329	0x7088800	761856	0x100	ok	raw	5350f60b
MLG\disc0_rel\00b2b2a8.PDT	330	0x7142800	253952	0x100	ok	raw	5350f70b
MLG\disc0_rel\00b2b2a8.PDT	331	0x7180800	403456	0x100	ok	raw	5350f80b
MLG\disc0_rel\00b2b2a8.PDT	332	0x71e3000	266240	0x100	ok	raw	5350f90b
MLG\disc0_rel\00b2b2a8.PDT	333	0x7224000	272384	0x100	ok	raw	5350fa0b
MLG\disc0_rel\00b2b2a8.PDT	334	0x7266800	215040	0x100	ok	raw	5350fb0b
MLG\disc0_rel\00b2b2a8.PDT	335	0x729b000	307200	0x100	ok	raw	5350fc0b
MLG\disc0_rel\00b2b2a8.PDT	336	0x72e6000	321536	0x100	ok	raw	5350fd0b
MLG\disc0_rel\00b2b2a8.PDT	337	0x7334800	395264	0x100	ok	raw	5350fe0b
MLG\disc0_rel\00b2b2a8.PDT	338	0x7395000	217088	0x100	ok	raw	5350ff0b
MLG\disc0_rel\00b2b2a8.PDT	339	0x73ca000	331776	0x100	ok	raw	5350000c
MLG\disc0_rel\00b2b2a8.PDT	340	0x741b000	262144	0x100	ok	raw	5350010c
MLG\disc0_rel\00b2b2a8.PDT	341	0x745b000	374784	0x100	ok	raw	5350020c
MLG\disc0_rel\00b2b2a8.PDT	342	0x74b6800	143360	0x100	ok	raw	5350030c
MLG\disc0_rel\00b2b2a8.PDT	343	0x74d9800	229376	0x100	ok	raw	5350040c
MLG\disc0_rel\00b2b2a8.PDT	344	0x7511800	243712	0x100	ok	raw	5350050c
MLG\disc0_rel\00b2b2a8.PDT	345	0x754d000	6144	0x100	ok	raw	5350060c
MLG\disc0_rel\00b2b2a8.PDT	346	0x754e800	350208	0x100	ok	raw	5350070c
MLG\disc0_rel\00b2b2a8.PDT	347	0x75a4000	6144	0x100	ok	raw	5350080c
MLG\disc0_rel\00b2b2a8.PDT	348	0x75a5800	6144	0x100	ok	raw	5350090c
MLG\disc0_rel\00b2b2a8.PDT	349	0x75a7000	225280	0x100	ok	raw	53500a0c
MLG\disc0_rel\00b2b2a8.PDT	350	0x75de000	370688	0x100	ok	raw	53500b0c
MLG\disc0_rel\00b2b2a8.PDT	351	0x7638800	374784	0x100	ok	raw	53500c0c
MLG\disc0_rel\00b2b2a8.PDT	352	0x7694000	190464	0x100	ok	raw	53500d0c
MLG\disc0_rel\00b2b2a8.PDT	353	0x76c2800	311296	0x100	ok	raw	53500e0c
MLG\disc0_rel\00b2b2a8.PDT	354	0x770e800	6144	0x100	ok	raw	53500f0c
MLG\disc0_rel\00b2b2a8.PDT	355	0x7710000	6144	0x100	ok	raw	5350100c
MLG\disc0_rel\00b2b2a8.PDT	356	0x7711800	851968	0x100	ok	raw	5350110c
MLG\disc0_rel\00b2b2a8.PDT	357	0x77e1800	1247232	0x100	ok	raw	53501c0c
MLG\disc0_rel\00b2b2a8.PDT	358	0x7912000	532480	0x100	ok	raw	5350390c
MLG\disc0_rel\00b2b2a8.PDT	359	0x7994000	675840	0x100	ok	raw	53503a0c
MLG\disc0_rel\00b2b2a8.PDT	360	0x7a39000	354304	0x100	ok	raw	53503b0c
MLG\disc0_rel\00b2b2a8.PDT	361	0x7a8f800	321536	0x100	ok	raw	53503c0c
MLG\disc0_rel\00b2b2a8.PDT	362	0x7ade000	356352	0x100	ok	raw	53503d0c
MLG\disc0_rel\00b2b2a8.PDT	363	0x7b35000	729088	0x100	ok	raw	53503e0c
MLG\disc0_rel\00b2b2a8.PDT	364	0x7be7000	389120	0x100	ok	raw	53503f0c
MLG\disc0_rel\00b2b2a8.PDT	365	0x7c46000	339968	0x100	ok	raw	5350400c
MLG\disc0_rel\00b2b2a8.PDT	366	0x7c99000	278528	0x100	ok	raw	5350410c
MLG\disc0_rel\00b2b2a8.PDT	367	0x7cdd000	417792	0x100	ok	raw	5350420c
MLG\disc0_rel\00b2b2a8.PDT	368	0x7d43000	659456	0x100	ok	raw	5350430c
MLG\disc0_rel\00b2b2a8.PDT	369	0x7de4000	538624	0x100	ok	raw	5350440c
MLG\disc0_rel\00b2b2a8.PDT	370	0x7e67800	577536	0x100	ok	raw	5350450c
MLG\disc0_rel\00b2b2a8.PDT	371	0x7ef4800	534528	0x100	ok	raw	5350460c
MLG\disc0_rel\00b2b2a8.PDT	372	0x7f77000	520192	0x100	ok	raw	5350470c
MLG\disc0_rel\00b2b2a8.PDT	373	0x7ff6000	305152	0x100	ok	raw	5350480c
MLG\disc0_rel\00b2b2a8.PDT	374	0x8040800	309248	0x100	ok	raw	53501d0c
MLG\disc0_rel\00b2b2a8.PDT	375	0x808c000	235520	0x100	ok	raw	53501e0c
MLG\disc0_rel\00b2b2a8.PDT	376	0x80c5800	299008	0x100	ok	raw	53501f0c
MLG\disc0_rel\00b2b2a8.PDT	377	0x810e800	251904	0x100	ok	raw	5350200c
MLG\disc0_rel\00b2b2a8.PDT	378	0x814c000	241664	0x100	ok	raw	5350210c
MLG\disc0_rel\00b2b2a8.PDT	379	0x8187000	165888	0x100	ok	raw	5350220c
MLG\disc0_rel\00b2b2a8.PDT	380	0x81af800	393216	0x100	ok	raw	5350230c
MLG\disc0_rel\00b2b2a8.PDT	381	0x820f800	321536	0x100	ok	raw	5350240c
MLG\disc0_rel\00b2b2a8.PDT	382	0x825e000	358400	0x100	ok	raw	5350250c
MLG\disc0_rel\00b2b2a8.PDT	383	0x82b5800	237568	0x100	ok	raw	5350260c
MLG\disc0_rel\00b2b2a8.PDT	384	0x82ef800	235520	0x100	ok	raw	5350270c
MLG\disc0_rel\00b2b2a8.PDT	385	0x8329000	419840	0x100	ok	raw	5350280c
MLG\disc0_rel\00b2b2a8.PDT	386	0x838f800	413696	0x100	ok	raw	5350290c
MLG\disc0_rel\00b2b2a8.PDT	387	0x83f4800	503808	0x100	ok	raw	53502a0c
MLG\disc0_rel\00b2b2a8.PDT	388	0x846f800	278528	0x100	ok	raw	53502b0c
MLG\disc0_rel\00b2b2a8.PDT	389	0x84b3800	290816	0x100	ok	raw	53502c0c
MLG\disc0_rel\00b2b2a8.PDT	390	0x84fa800	382976	0x100	ok	raw	53502d0c
MLG\disc0_rel\00b2b2a8.PDT	391	0x8558000	622592	0x100	ok	raw	53502e0c
MLG\disc0_rel\00b2b2a8.PDT	392	0x85f0000	348160	0x100	ok	raw	53502f0c
MLG\disc0_rel\00b2b2a8.PDT	393	0x8645000	346112	0x100	ok	raw	5350300c
MLG\disc0_rel\00b2b2a8.PDT	394	0x8699800	329728	0x100	ok	raw	5350310c
MLG\disc0_rel\00b2b2a8.PDT	395	0x86ea000	645120	0x100	ok	raw	5350320c
MLG\disc0_rel\00b2b2a8.PDT	396	0x8787800	440320	0x100	ok	raw	5350330c
MLG\disc0_rel\00b2b2a8.PDT	397	0x87f3000	382976	0x100	ok	raw	5350340c
MLG\disc0_rel\00b2b2a8.PDT	398	0x8850800	329728	0x100	ok	raw	5350350c
MLG\disc0_rel\00b2b2a8.PDT	399	0x88a1000	413696	0x100	ok	raw	5350360c
MLG\disc0_rel\00b2b2a8.PDT	400	0x8906000	6144	0x100	ok	raw	5350370c
MLG\disc0_rel\00b2b2a8.PDT	401	0x8907800	8192	0x100	ok	raw	5350380c
MLG\disc0_rel\00b2b2a8.PDT	402	0x8909800	270336	0x100	ok	raw	5350500c
MLG\disc0_rel\00b2b2a8.PDT	403	0x894b800	356352	0x100	ok	raw	5350510c
MLG\disc0_rel\00b2b2a8.PDT	404	0x89a2800	6144	0x100	ok	raw	5350520c
MLG\disc0_rel\00b2b2a8.PDT	405	0x89a4000	6144	0x100	ok	raw	5350530c
MLG\disc0_rel\00b2b2a8.PDT	406	0x89a5800	210944	0x100	ok	raw	5350540c
MLG\disc0_rel\00b2b2a8.PDT	407	0x89d9000	77824	0x100	ok	raw	5350550c
MLG\disc0_rel\00b2b2a8.PDT	408	0x89ec000	286720	0x100	ok	raw	5350560c
MLG\disc0_rel\00b2b2a8.PDT	409	0x8a32000	237568	0x100	ok	raw	5350570c
MLG\disc0_rel\00b2b2a8.PDT	410	0x8a6c000	266240	0x100	ok	raw	5350580c
MLG\disc0_rel\00b2b2a8.PDT	411	0x8aad000	430080	0x100	ok	raw	5350590c
MLG\disc0_rel\00b2b2a8.PDT	412	0x8b16000	405504	0x100	ok	raw	53505a0c
MLG\disc0_rel\00b2b2a8.PDT	413	0x8b79000	542720	0x100	ok	raw	53505b0c
MLG\disc0_rel\00b2b2a8.PDT	414	0x8bfd800	352256	0x100	ok	raw	53505c0c
MLG\disc0_rel\00b2b2a8.PDT	415	0x8c53800	364544	0x100	ok	raw	53505d0c
MLG\disc0_rel\00b2b2a8.PDT	416	0x8cac800	552960	0x100	ok	raw	53505e0c
MLG\disc0_rel\00b2b2a8.PDT	417	0x8d33800	618496	0x100	ok	raw	53505f0c
MLG\disc0_rel\00b2b2a8.PDT	418	0x8dca800	382976	0x100	ok	raw	5350600c
MLG\disc0_rel\00b2b2a8.PDT	419	0x8e28000	479232	0x100	ok	raw	5350610c
MLG\disc0_rel\00b2b2a8.PDT	420	0x8e9d000	253952	0x100	ok	raw	5350620c
MLG\disc0_rel\00b2b2a8.PDT	421	0x8edb000	577536	0x100	ok	raw	5350630c
MLG\disc0_rel\00b2b2a8.PDT	422	0x8f68000	641024	0x100	ok	raw	5350640c
MLG\disc0_rel\00b2b2a8.PDT	423	0x9004800	612352	0x100	ok	raw	5350650c
MLG\disc0_rel\00b2b2a8.PDT	424	0x909a000	311296	0x100	ok	raw	5350660c
MLG\disc0_rel\00b2b2a8.PDT	425	0x90e6000	643072	0x100	ok	raw	5350670c
MLG\disc0_rel\00b2b2a8.PDT	426	0x9183000	782336	0x100	ok	raw	5350680c
MLG\disc0_rel\00b2b2a8.PDT	427	0x9242000	6144	0x100	ok	raw	5350690c
MLG\disc0_rel\00b2b2a8.PDT	428	0x9243800	6144	0x100	ok	raw	53506a0c
MLG\disc0_rel\00b2b2a8.PDT	429	0x9245000	401408	0x100	ok	raw	53506b0c
MLG\disc0_rel\00b2b2a8.PDT	430	0x92a7000	493568	0x100	ok	raw	53506c0c
MLG\disc0_rel\00b2b2a8.PDT	431	0x931f800	221184	0x100	ok	raw	53506d0c
MLG\disc0_rel\00b2b2a8.PDT	432	0x9355800	182272	0x100	ok	raw	53506e0c
MLG\disc0_rel\00b2b2a8.PDT	433	0x9382000	133120	0x100	ok	raw	53506f0c
MLG\disc0_rel\00b2b2a8.PDT	434	0x93a2800	176128	0x100	ok	raw	5350700c
MLG\disc0_rel\00b2b2a8.PDT	435	0x93cd800	194560	0x100	ok	raw	5350710c
MLG\disc0_rel\00b2b2a8.PDT	436	0x93fd000	169984	0x100	ok	raw	5350720c
MLG\disc0_rel\00b2b2a8.PDT	437	0x9426800	6144	0x100	ok	raw	5350730c
MLG\disc0_rel\00b2b2a8.PDT	438	0x9428000	206848	0x100	ok	raw	5350740c
MLG\disc0_rel\00b2b2a8.PDT	439	0x945a800	227328	0x100	ok	raw	5350750c
MLG\disc0_rel\00b2b2a8.PDT	440	0x9492000	6144	0x100	ok	raw	5350760c
MLG\disc0_rel\00b2b2a8.PDT	441	0x9493800	190464	0x100	ok	raw	5350770c
MLG\disc0_rel\00b2b2a8.PDT	442	0x94c2000	399360	0x100	ok	raw	5350780c
MLG\disc0_rel\00b2b2a8.PDT	443	0x9523800	6144	0x100	ok	raw	5350790c
MLG\disc0_rel\00b2b2a8.PDT	444	0x9525000	378880	0x100	ok	raw	53507a0c
MLG\disc0_rel\00b2b2a8.PDT	445	0x9581800	598016	0x100	ok	raw	53507b0c
MLG\disc0_rel\00b2b2a8.PDT	446	0x9613800	180224	0x100	ok	raw	53507c0c
MLG\disc0_rel\00b2b2a8.PDT	447	0x963f800	112640	0x100	ok	raw	53507d0c
MLG\disc0_rel\00b2b2a8.PDT	448	0x965b000	6144	0x100	ok	raw	53507e0c
MLG\disc0_rel\00b2b2a8.PDT	449	0x965c800	6144	0x100	ok	raw	53507f0c
MLG\disc0_rel\00b2b2a8.PDT	450	0x965e000	151552	0x100	ok	raw	5350800c
MLG\disc0_rel\00b2b2a8.PDT	451	0x9683000	204800	0x100	ok	raw	5350810c
MLG\disc0_rel\00b2b2a8.PDT	452	0x96b5000	139264	0x100	ok	raw	5350820c
MLG\disc0_rel\00b2b2a8.PDT	453	0x96d7000	22528	0x100	ok	raw	5350830c
MLG\disc0_rel\00b2b2a8.PDT	454	0x96dc800	278528	0x100	ok	raw	5350840c
MLG\disc0_rel\00b2b2a8.PDT	455	0x9720800	137216	0x100	ok	raw	5350850c
MLG\disc0_rel\00b2b2a8.PDT	456	0x9742000	477184	0x100	ok	raw	5350860c
MLG\disc0_rel\00b2b2a8.PDT	457	0x97b6800	454656	0x100	ok	raw	5350870c
MLG\disc0_rel\00b2b2a8.PDT	458	0x9825800	192512	0x100	ok	raw	5350880c
MLG\disc0_rel\00b2b2a8.PDT	459	0x9854800	307200	0x100	ok	raw	5350890c
MLG\disc0_rel\00b2b2a8.PDT	460	0x989f800	618496	0x100	ok	raw	53508a0c
MLG\disc0_rel\00b2b2a8.PDT	461	0x9936800	198656	0x100	ok	raw	53508b0c
MLG\disc0_rel\00b2b2a8.PDT	462	0x9967000	419840	0x100	ok	raw	53508c0c
MLG\disc0_rel\00b2b2a8.PDT	463	0x99cd800	251904	0x100	ok	raw	53508d0c
MLG\disc0_rel\00b2b2a8.PDT	464	0x9a0b000	124928	0x100	ok	raw	53508e0c
MLG\disc0_rel\00b2b2a8.PDT	465	0x9a29800	133120	0x100	ok	raw	53508f0c
MLG\disc0_rel\00b2b2a8.PDT	466	0x9a4a000	126976	0x100	ok	raw	5350900c
MLG\disc0_rel\00b2b2a8.PDT	467	0x9a69000	217088	0x100	ok	raw	5350910c
MLG\disc0_rel\00b2b2a8.PDT	468	0x9a9e000	288768	0x100	ok	raw	5350920c
MLG\disc0_rel\00b2b2a8.PDT	469	0x9ae4800	356352	0x100	ok	raw	5350930c
MLG\disc0_rel\00b2b2a8.PDT	470	0x9b3b800	6144	0x100	ok	raw	5350940c
MLG\disc0_rel\00b2b2a8.PDT	471	0x9b3d000	6144	0x100	ok	raw	5350950c
MLG\disc0_rel\00b2b2a8.PDT	472	0x9b3e800	6144	0x100	ok	raw	5350960c
MLG\disc0_rel\00b2b2a8.PDT	473	0x9b40000	274432	0x100	ok	raw	5350970c
MLG\disc0_rel\00b2b2a8.PDT	474	0x9b83000	215040	0x100	ok	raw	5350ca0c
MLG\disc0_rel\00b2b2a8.PDT	475	0x9bb7800	1028096	0x100	ok	raw	5350f90a
MLG\disc0_rel\00b2b2a8.PDT	476	0x9cb2800	1636352	0x100	ok	raw	5350fa0a
MLG\disc0_rel\00b2b2a8.PDT	477	0x9e42000	325632	0x100	ok	raw	5350fb0a
MLG\disc0_rel\00b2b2a8.PDT	478	0x9e91800	90112	0x100	ok	raw	5350fc0a
MLG\disc0_rel\00b2b2a8.PDT	479	0x9ea7800	59392	0x100	ok	raw	5350fd0a
MLG\disc0_rel\00b2b2a8.PDT	480	0x9eb6000	489472	0x100	ok	raw	5350fe0a
MLG\disc0_rel\00b2b2a8.PDT	481	0x9f2d800	546816	0x100	ok	raw	5350ff0a
MLG\disc0_rel\00b2b2a8.PDT	482	0x9fb3000	2379776	0x100	ok	raw	5350000b
MLG\disc0_rel\00b2b2a8.PDT	483	0xa1f8000	126976	0x100	ok	raw	5350010b
MLG\disc0_rel\00b2b2a8.PDT	484	0xa217000	59392	0x100	ok	raw	5350020b
MLG\disc0_rel\00b2b2a8.PDT	485	0xa225800	1818624	0x100	ok	raw	5350030b
MLG\disc0_rel\00b2b2a8.PDT	486	0xa3e1800	6144	0x100	ok	raw	5350040b
MLG\disc0_rel\00b2b2a8.PDT	487	0xa3e3000	6144	0x100	ok	raw	5350050b
MLG\disc0_rel\00b2b2a8.PDT	488	0xa3e4800	6144	0x100	ok	raw	5350060b
MLG\disc0_rel\00b2b2a8.PDT	489	0xa3e6000	102400	0x100	ok	raw	5350070b
MLG\disc0_rel\00b2b2a8.PDT	490	0xa3ff000	94208	0x100	ok	raw	5350080b
MLG\disc0_rel\00b2b2a8.PDT	491	0xa416000	548864	0x100	ok	raw	5350090b
MLG\disc0_rel\00b2b2a8.PDT	492	0xa49c000	212992	0x100	ok	raw	53500a0b
MLG\disc0_rel\00b2b2a8.PDT	493	0xa4d0000	73728	0x100	ok	raw	53500b0b
MLG\disc0_rel\00b2b2a8.PDT	494	0xa4e2000	94208	0x100	ok	raw	53500c0b
MLG\disc0_rel\00b2b2a8.PDT	495	0xa4f9000	2455552	0x100	ok	raw	53500d0b
MLG\disc0_rel\00b2b2a8.PDT	496	0xa750800	176128	0x100	ok	raw	53500e0b
MLG\disc0_rel\00b2b2a8.PDT	497	0xa77b800	53248	0x100	ok	raw	53500f0b
MLG\disc0_rel\00b2b2a8.PDT	498	0xa788800	2809856	0x100	ok	raw	5350100b
MLG\disc0_rel\00b2b2a8.PDT	499	0xaa36800	96256	0x100	ok	raw	5350110b
MLG\disc0_rel\00b2b2a8.PDT	500	0xaa4e000	47104	0x100	ok	raw	5350120b
MLG\disc0_rel\00b2b2a8.PDT	501	0xaa59800	47104	0x100	ok	raw	5350130b
MLG\disc0_rel\00b2b2a8.PDT	502	0xaa65000	86016	0x100	ok	raw	5350140b
MLG\disc0_rel\00b2b2a8.PDT	503	0xaa7a000	106496	0x100	ok	raw	5350150b
MLG\disc0_rel\00b2b2a8.PDT	504	0xaa94000	1810432	0x100	ok	raw	5350160b
MLG\disc0_rel\00b2b2a8.PDT	505	0xac4e000	83968	0x100	ok	raw	5350170b
MLG\disc0_rel\00b2b2a8.PDT	506	0xac62800	61440	0x100	ok	raw	5350180b
MLG\disc0_rel\00b2b2a8.PDT	507	0xac71800	6144	0x100	ok	raw	5350190b
MLG\disc0_rel\00b2b2a8.PDT	508	0xac73000	141312	0x100	ok	raw	53501a0b
MLG\disc0_rel\00b2b2a8.PDT	509	0xac95800	8192	0x100	ok	raw	53501b0b
MLG\disc0_rel\00b2b2a8.PDT	510	0xac97800	67584	0x100	ok	raw	53501c0b
MLG\disc0_rel\00b2b2a8.PDT	511	0xaca8000	24576	0x100	ok	raw	53501d0b
MLG\disc0_rel\00b2b2a8.PDT	512	0xacae000	276480	0x100	ok	raw	53501e0b
MLG\disc0_rel\00b2b2a8.PDT	513	0xacf1800	40960	0x100	ok	raw	53501f0b
MLG\disc0_rel\00b2b2a8.PDT	514	0xacfb800	141312	0x100	ok	raw	5350200b
MLG\disc0_rel\00b2b2a8.PDT	515	0xad1e000	155648	0x100	ok	raw	5350210b
MLG\disc0_rel\00b2b2a8.PDT	516	0xad44000	45056	0x100	ok	raw	5350220b
MLG\disc0_rel\00b2b2a8.PDT	517	0xad4f000	81920	0x100	ok	raw	5350230b
MLG\disc0_rel\00b2b2a8.PDT	518	0xad63000	83968	0x100	ok	raw	5350240b
MLG\disc0_rel\00b2b2a8.PDT	519	0xad77800	43008	0x100	ok	raw	5350250b
MLG\disc0_rel\00b2b2a8.PDT	520	0xad82000	67584	0x100	ok	raw	5350260b
MLG\disc0_rel\00b2b2a8.PDT	521	0xad92800	247808	0x100	ok	raw	5350270b
MLG\disc0_rel\00b2b2a8.PDT	522	0xadcf000	47104	0x100	ok	raw	5350280b
MLG\disc0_rel\00b2b2a8.PDT	523	0xadda800	231424	0x100	ok	raw	5350290b
MLG\disc0_rel\00b2b2a8.PDT	524	0xae13000	32768	0x100	ok	raw	53502a0b
MLG\disc0_rel\00b2b2a8.PDT	525	0xae1b000	67584	0x100	ok	raw	53502b0b
MLG\disc0_rel\00b2b2a8.PDT	526	0xae2b800	385024	0x100	ok	raw	53502c0b
MLG\disc0_rel\00b2b2a8.PDT	527	0xae89800	45056	0x100	ok	raw	53502d0b
MLG\disc0_rel\00b2b2a8.PDT	528	0xae94800	69632	0x100	ok	raw	53502e0b
MLG\disc0_rel\00b2b2a8.PDT	529	0xaea5800	526336	0x100	ok	raw	53502f0b
MLG\disc0_rel\00b2b2a8.PDT	530	0xaf26000	2103296	0x100	ok	raw	5350300b
MLG\disc0_rel\00b2b2a8.PDT	531	0xb127800	1523712	0x100	ok	raw	5350310b
MLG\disc0_rel\00b2b2a8.PDT	532	0xb29b800	32768	0x100	ok	raw	5350320b
MLG\disc0_rel\00b2b2a8.PDT	533	0xb2a3800	83968	0x100	ok	raw	5350d50c
MLG\disc0_rel\00b2b2a8.PDT	534	0xb2b8000	198656	0x100	ok	raw	5350330b
MLG\disc0_rel\00b2b2a8.PDT	535	0xb2e8800	217088	0x100	ok	raw	5350340b
MLG\disc0_rel\00b2b2a8.PDT	536	0xb31d800	79872	0x100	ok	raw	5350350b
MLG\disc0_rel\00b2b2a8.PDT	537	0xb331000	81920	0x100	ok	raw	5350360b
MLG\disc0_rel\00b2b2a8.PDT	538	0xb345000	86016	0x100	ok	raw	5350370b
MLG\disc0_rel\00b2b2a8.PDT	539	0xb35a000	59392	0x100	ok	raw	5350380b
MLG\disc0_rel\00b2b2a8.PDT	540	0xb368800	51200	0x100	ok	raw	5350390b
MLG\disc0_rel\00b2b2a8.PDT	541	0xb375000	75776	0x100	ok	raw	53503a0b
MLG\disc0_rel\00b2b2a8.PDT	542	0xb387800	71680	0x100	ok	raw	53503b0b
MLG\disc0_rel\00b2b2a8.PDT	543	0xb399000	129024	0x100	ok	raw	53503c0b
MLG\disc0_rel\00b2b2a8.PDT	544	0xb3b8800	237568	0x100	ok	raw	53503d0b
MLG\disc0_rel\00b2b2a8.PDT	545	0xb3f2800	147456	0x100	ok	raw	5350980c
MLG\disc0_rel\00b2b2a8.PDT	546	0xb416800	116736	0x100	ok	raw	5350990c
MLG\disc0_rel\00b2b2a8.PDT	547	0xb433000	235520	0x100	ok	raw	53509a0c
MLG\disc0_rel\00b2b2a8.PDT	548	0xb46c800	100352	0x100	ok	raw	53509b0c
MLG\disc0_rel\00b2b2a8.PDT	549	0xb485000	118784	0x100	ok	raw	53509c0c
MLG\disc0_rel\00b2b2a8.PDT	550	0xb4a2000	133120	0x100	ok	raw	53509d0c
MLG\disc0_rel\00b2b2a8.PDT	551	0xb4c2800	106496	0x100	ok	raw	5350ce0c
MLG\disc0_rel\00b2b2a8.PDT	552	0xb4dc800	8192	0x100	ok	raw	5350cf0c
MLG\disc0_rel\00b2b2a8.PDT	553	0xb4de800	96256	0x100	ok	raw	5350d00c
MLG\disc0_rel\00b2b2a8.PDT	554	0xb4f6000	75776	0x100	ok	raw	5350d10c
MLG\disc0_rel\00b2b2a8.PDT	555	0xb508800	98304	0x100	ok	raw	5350d20c
MLG\disc0_rel\00b2b2a8.PDT	556	0xb520800	77824	0x100	ok	raw	5350d30c
MLG\disc0_rel\00b2b2a8.PDT	557	0xb533800	247808	0x100	ok	raw	5350d40c
MLG\disc0_rel\00b2b2a8.PDT	558	0xb570000	628736	0x100	ok	raw	53509e0c
MLG\disc0_rel\00b2b2a8.PDT	559	0xb609800	174080	0x100	ok	raw	53509f0c
MLG\disc0_rel\00b2b2a8.PDT	560	0xb634000	243712	0x100	ok	raw	5350a00c
MLG\disc0_rel\00b2b2a8.PDT	561	0xb66f800	598016	0x100	ok	raw	5350a10c
MLG\disc0_rel\00b2b2a8.PDT	562	0xb701800	1048576	0x100	ok	raw	5350a20c
MLG\disc0_rel\00b2b2a8.PDT	563	0xb801800	538624	0x100	ok	raw	5350a30c
MLG\disc0_rel\00b2b2a8.PDT	564	0xb885000	286720	0x100	ok	raw	5350a40c
MLG\disc0_rel\00b2b2a8.PDT	565	0xb8cb000	755712	0x100	ok	raw	5350a50c
MLG\disc0_rel\00b2b2a8.PDT	566	0xb983800	231424	0x100	ok	raw	5350a60c
MLG\disc0_rel\00b2b2a8.PDT	567	0xb9bc000	374784	0x100	ok	raw	5350a70c
MLG\disc0_rel\00b2b2a8.PDT	568	0xba17800	6144	0x100	ok	raw	5350a80c
MLG\disc0_rel\00b2b2a8.PDT	569	0xba19000	292864	0x100	ok	raw	5350a90c
MLG\disc0_rel\00b2b2a8.PDT	570	0xba60800	6144	0x100	ok	raw	5350aa0c
MLG\disc0_rel\00b2b2a8.PDT	571	0xba62000	333824	0x100	ok	raw	5350ab0c
MLG\disc0_rel\00b2b2a8.PDT	572	0xbab3800	385024	0x100	ok	raw	5350ac0c
MLG\disc0_rel\00b2b2a8.PDT	573	0xbb11800	274432	0x100	ok	raw	5350ad0c
MLG\disc0_rel\00b2b2a8.PDT	574	0xbb54800	270336	0x100	ok	raw	5350ae0c
MLG\disc0_rel\00b2b2a8.PDT	575	0xbb96800	229376	0x100	ok	raw	5350af0c
MLG\disc0_rel\00b2b2a8.PDT	576	0xbbce800	145408	0x100	ok	raw	5350b10c
MLG\disc0_rel\00b2b2a8.PDT	577	0xbbf2000	83968	0x100	ok	raw	5350b00c
MLG\disc0_rel\00b2b2a8.PDT	578	0xbc06800	61440	0x100	ok	raw	5350cb0c
MLG\disc0_rel\00b2b2a8.PDT	579	0xbc15800	77824	0x100	ok	raw	5350cc0c
MLG\disc0_rel\00b2b2a8.PDT	580	0xbc28800	57344	0x100	ok	raw	5350cd0c
MLG\disc0_rel\00b2b2a8.PDT	581	0xbc36800	1460224	0x100	ok	raw	5350b60c
MLG\disc0_rel\00b2b2a8.PDT	582	0xbd9b000	1986560	0x100	ok	raw	5350b70c
MLG\disc0_rel\00b2b2a8.PDT	583	0xbf80000	2897920	0x100	ok	raw	5350b80c
MLG\disc0_rel\00b2b2a8.PDT	584	0xc243800	2799616	0x100	ok	raw	5350b90c
MLG\disc0_rel\00b2b2a8.PDT	585	0xc4ef000	3043328	0x100	ok	raw	5350ba0c
MLG\disc0_rel\00b2b2a8.PDT	586	0xc7d6000	2867200	0x100	ok	raw	5350bb0c
MLG\disc0_rel\00b2b2a8.PDT	587	0xca92000	2277376	0x100	ok	raw	5350bc0c
MLG\disc0_rel\00b2b2a8.PDT	588	0xccbe000	2721792	0x100	ok	raw	5350bd0c
MLG\disc0_rel\00b2b2a8.PDT	589	0xcf56800	1765376	0x100	ok	raw	5350be0c
MLG\disc0_rel\00b2b2a8.PDT	590	0xd105800	2574336	0x100	ok	raw	5350bf0c
MLG\disc0_rel\00b2b2a8.PDT	591	0xd37a000	6553600	0x100	ok	raw	5350b20c
MLG\disc0_rel\00b2b2a8.PDT	592	0xd9ba000	6854656	0x100	ok	raw	5350cf0b
MLG\disc0_rel\00b2b2a8.PDT	593	0xe043800	5781504	0x100	ok	raw	5350b30c
MLG\disc0_rel\00b2b2a8.PDT	594	0xe5c7000	3336192	0x100	ok	raw	5350b40c
MLG\disc0_rel\00b2b2a8.PDT	595	0xe8f5800	3815424	0x100	ok	raw	5350c00c
MLG\disc0_rel\00b2b2a8.PDT	596	0xec99000	4507648	0x100	ok	raw	5350c10c
MLG\disc0_rel\00b2b2a8.PDT	597	0xf0e5800	3297280	0x100	ok	raw	5350c20c
MLG\disc0_rel\00b2b2a8.PDT	598	0xf40a800	2740224	0x100	ok	raw	5350c30c
MLG\disc0_rel\00b2b2a8.PDT	599	0xf6a7800	2424832	0x100	ok	raw	5350c40c
MLG\disc0_rel\00b2b2a8.PDT	600	0xf8f7800	4141056	0x100	ok	raw	5350c50c
MLG\disc0_rel\00b2b2a8.PDT	601	0xfcea800	4255744	0x100	ok	raw	5350c60c
MLG\disc0_rel\00b2b2a8.PDT	602	0x100f9800	4405248	0x100	ok	raw	5350d00b
MLG\disc0_rel\00b2b2a8.PDT	603	0x1052d000	18432	0x100	ok	raw	5350b50c
MLG\disc0_rel\00b2b2a8.PDT	604	0x10531800	1630208	0x100	ok	raw	5350c70c
MLG\disc0_rel\00b2b2a8.PDT	605	0x106bf800	1349632	0x100	ok	raw	5350c80c
MLG\disc0_rel\00b2b2a8.PDT	606	0x10809000	1417216	0x100	ok	raw	5350c90c
MLG\disc0_rel\00b2b2a8.PDT	607	0x10963000	1001472	0x100	ok	raw	5350d60c
EXLANG\disc0_rel\00b2b2a8.PDT	0	0x5800	28672	0x100	ok	raw	5350bb00
EXLANG\disc0_rel\00b2b2a8.PDT	1	0xc800	34816	0x100	ok	raw	5350bc00
EXLANG\disc0_rel\00b2b2a8.PDT	2	0x15000	38912	0x100	ok	raw	5350bd00
EXLANG\disc0_rel\00b2b2a8.PDT	3	0x1e800	36864	0x100	ok	raw	5350be00
EXLANG\disc0_rel\00b2b2a8.PDT	4	0x27800	57344	0x100	ok	raw	5350bf00
EXLANG\disc0_rel\00b2b2a8.PDT	5	0x35800	47104	0x100	ok	raw	5350c000
EXLANG\disc0_rel\00b2b2a8.PDT	6	0x41000	40960	0x100	ok	raw	5350c100
EXLANG\disc0_rel\00b2b2a8.PDT	7	0x4b000	36864	0x100	ok	raw	5350c200
EXLANG\disc0_rel\00b2b2a8.PDT	8	0x54000	36864	0x100	ok	raw	5350c300
EXLANG\disc0_rel\00b2b2a8.PDT	9	0x5d000	45056	0x100	ok	raw	5350c400
EXLANG\disc0_rel\00b2b2a8.PDT	10	0x68000	38912	0x100	ok	raw	5350c500
EXLANG\disc0_rel\00b2b2a8.PDT	11	0x71800	45056	0x100	ok	raw	5350c600
EXLANG\disc0_rel\00b2b2a8.PDT	12	0x7c800	67584	0x100	ok	raw	5350c700
EXLANG\disc0_rel\00b2b2a8.PDT	13	0x8d000	57344	0x100	ok	raw	5350c800
EXLANG\disc0_rel\00b2b2a8.PDT	14	0x9b000	36864	0x100	ok	raw	5350c900
EXLANG\disc0_rel\00b2b2a8.PDT	15	0xa4000	43008	0x100	ok	raw	5350ca00
EXLANG\disc0_rel\00b2b2a8.PDT	16	0xae800	36864	0x100	ok	raw	5350cb00
EXLANG\disc0_rel\00b2b2a8.PDT	17	0xb7800	45056	0x100	ok	raw	5350cc00
EXLANG\disc0_rel\00b2b2a8.PDT	18	0xc2800	36864	0x100	ok	raw	53504901
EXLANG\disc0_rel\00b2b2a8.PDT	19	0xcb800	36864	0x100	ok	raw	53504a01
EXLANG\disc0_rel\00b2b2a8.PDT	20	0xd4800	36864	0x100	ok	raw	53504b01
EXLANG\disc0_rel\00b2b2a8.PDT	21	0xdd800	45056	0x100	ok	raw	53504c01
EXLANG\disc0_rel\00b2b2a8.PDT	22	0xe8800	40960	0x100	ok	raw	5350c303
EXLANG\disc0_rel\00b2b2a8.PDT	23	0xf2800	49152	0x100	ok	raw	53501d04
EXLANG\disc0_rel\00b2b2a8.PDT	24	0xfe800	63488	0x100	ok	raw	53501e04
EXLANG\disc0_rel\00b2b2a8.PDT	25	0x10e000	51200	0x100	ok	raw	53501f04
EXLANG\disc0_rel\00b2b2a8.PDT	26	0x11a800	43008	0x100	ok	raw	53502004
EXLANG\disc0_rel\00b2b2a8.PDT	27	0x125000	34816	0x100	ok	raw	53502104
EXLANG\disc0_rel\00b2b2a8.PDT	28	0x12d800	55296	0x100	ok	raw	53502204
EXLANG\disc0_rel\00b2b2a8.PDT	29	0x13b000	45056	0x100	ok	raw	53502304
EXLANG\disc0_rel\00b2b2a8.PDT	30	0x146000	49152	0x100	ok	raw	53502404
EXLANG\disc0_rel\00b2b2a8.PDT	31	0x152000	28672	0x100	ok	raw	53502504
EXLANG\disc0_rel\00b2b2a8.PDT	32	0x159000	47104	0x100	ok	raw	53502604
EXLANG\disc0_rel\00b2b2a8.PDT	33	0x164800	32768	0x100	ok	raw	53503e04
EXLANG\disc0_rel\00b2b2a8.PDT	34	0x16c800	59392	0x100	ok	raw	53505404
EXLANG\disc0_rel\00b2b2a8.PDT	35	0x17b000	49152	0x100	ok	raw	53505504
EXLANG\disc0_rel\00b2b2a8.PDT	36	0x187000	51200	0x100	ok	raw	53505604
EXLANG\disc0_rel\00b2b2a8.PDT	37	0x193800	47104	0x100	ok	raw	53505704
EXLANG\disc0_rel\00b2b2a8.PDT	38	0x19f000	47104	0x100	ok	raw	53505904
EXLANG\disc0_rel\00b2b2a8.PDT	39	0x1aa800	43008	0x100	ok	raw	53505a04
EXLANG\disc0_rel\00b2b2a8.PDT	40	0x1b5000	61440	0x100	ok	raw	53505b04
EXLANG\disc0_rel\00b2b2a8.PDT	41	0x1c4000	43008	0x100	ok	raw	53505c04
EXLANG\disc0_rel\00b2b2a8.PDT	42	0x1ce800	43008	0x100	ok	raw	53505d04
EXLANG\disc0_rel\00b2b2a8.PDT	43	0x1d9000	40960	0x100	ok	raw	53505e04
EXLANG\disc0_rel\00b2b2a8.PDT	44	0x1e3000	61440	0x100	ok	raw	53505f04
EXLANG\disc0_rel\00b2b2a8.PDT	45	0x1f2000	24576	0x100	ok	raw	53506f04
EXLANG\disc0_rel\00b2b2a8.PDT	46	0x1f8000	45056	0x100	ok	raw	53507004
EXLANG\disc0_rel\00b2b2a8.PDT	47	0x203000	45056	0x100	ok	raw	53507104
EXLANG\disc0_rel\00b2b2a8.PDT	48	0x20e000	34816	0x100	ok	raw	53507204
EXLANG\disc0_rel\00b2b2a8.PDT	49	0x216800	34816	0x100	ok	raw	53507304
EXLANG\disc0_rel\00b2b2a8.PDT	50	0x21f000	36864	0x100	ok	raw	53507e04
EXLANG\disc0_rel\00b2b2a8.PDT	51	0x228000	45056	0x100	ok	raw	53508304
EXLANG\disc0_rel\00b2b2a8.PDT	52	0x233000	53248	0x100	ok	raw	5350a504
EXLANG\disc0_rel\00b2b2a8.PDT	53	0x240000	51200	0x100	ok	raw	5350a604
EXLANG\disc0_rel\00b2b2a8.PDT	54	0x24c800	61440	0x100	ok	raw	53500205
EXLANG\disc0_rel\00b2b2a8.PDT	55	0x25b800	67584	0x100	ok	raw	53500305
EXLANG\disc0_rel\00b2b2a8.PDT	56	0x26c000	71680	0x100	ok	raw	53500405
EXLANG\disc0_rel\00b2b2a8.PDT	57	0x27d800	57344	0x100	ok	raw	53500505
EXLANG\disc0_rel\00b2b2a8.PDT	58	0x28b800	55296	0x100	ok	raw	53500605
EXLANG\disc0_rel\00b2b2a8.PDT	59	0x299000	51200	0x100	ok	raw	53500705
EXLANG\disc0_rel\00b2b2a8.PDT	60	0x2a5800	40960	0x100	ok	raw	53500805
EXLANG\disc0_rel\00b2b2a8.PDT	61	0x2af800	61440	0x100	ok	raw	53506e05
EXLANG\disc0_rel\00b2b2a8.PDT	62	0x2be800	63488	0x100	ok	raw	53506f05
EXLANG\disc0_rel\00b2b2a8.PDT	63	0x2ce000	59392	0x100	ok	raw	53507005
EXLANG\disc0_rel\00b2b2a8.PDT	64	0x2dc800	26624	0x100	ok	raw	53507105
EXLANG\disc0_rel\00b2b2a8.PDT	65	0x2e3000	53248	0x100	ok	raw	53507205
EXLANG\disc0_rel\00b2b2a8.PDT	66	0x2f0000	40960	0x100	ok	raw	53507305
EXLANG\disc0_rel\00b2b2a8.PDT	67	0x2fa000	57344	0x100	ok	raw	5350d605
EXLANG\disc0_rel\00b2b2a8.PDT	68	0x308000	61440	0x100	ok	raw	5350d705
EXLANG\disc0_rel\00b2b2a8.PDT	69	0x317000	59392	0x100	ok	raw	5350d805
EXLANG\disc0_rel\00b2b2a8.PDT	70	0x325800	86016	0x100	ok	raw	5350d905
EXLANG\disc0_rel\00b2b2a8.PDT	71	0x33a800	47104	0x100	ok	raw	5350da05
EXLANG\disc0_rel\00b2b2a8.PDT	72	0x346000	43008	0x100	ok	raw	5350db05
EXLANG\disc0_rel\00b2b2a8.PDT	73	0x350800	49152	0x100	ok	raw	5350dc05
EXLANG\disc0_rel\00b2b2a8.PDT	74	0x35c800	51200	0x100	ok	raw	5350dd05
EXLANG\disc0_rel\00b2b2a8.PDT	75	0x369000	51200	0x100	ok	raw	5350de05
EXLANG\disc0_rel\00b2b2a8.PDT	76	0x375800	45056	0x100	ok	raw	5350df05
EXLANG\disc0_rel\00b2b2a8.PDT	77	0x380800	47104	0x100	ok	raw	5350e005
EXLANG\disc0_rel\00b2b2a8.PDT	78	0x38c000	36864	0x100	ok	raw	53507906
EXLANG\disc0_rel\00b2b2a8.PDT	79	0x395000	71680	0x100	ok	raw	53507a06
EXLANG\disc0_rel\00b2b2a8.PDT	80	0x3a6800	65536	0x100	ok	raw	53507b06
EXLANG\disc0_rel\00b2b2a8.PDT	81	0x3b6800	53248	0x100	ok	raw	53507c06
EXLANG\disc0_rel\00b2b2a8.PDT	82	0x3c3800	34816	0x100	ok	raw	53507d06
EXLANG\disc0_rel\00b2b2a8.PDT	83	0x3cc000	38912	0x100	ok	raw	53507e06
EXLANG\disc0_rel\00b2b2a8.PDT	84	0x3d5800	49152	0x100	ok	raw	53507f06
EXLANG\disc0_rel\00b2b2a8.PDT	85	0x3e1800	45056	0x100	ok	raw	53508006
EXLANG\disc0_rel\00b2b2a8.PDT	86	0x3ec800	81920	0x100	ok	raw	53508106
EXLANG\disc0_rel\00b2b2a8.PDT	87	0x400800	45056	0x100	ok	raw	53508206
EXLANG\disc0_rel\00b2b2a8.PDT	88	0x40b800	55296	0x100	ok	raw	53508306
EXLANG\disc0_rel\00b2b2a8.PDT	89	0x419000	69632	0x100	ok	raw	5350cc06
EXLANG\disc0_rel\00b2b2a8.PDT	90	0x42a000	47104	0x100	ok	raw	5350cd06
EXLANG\disc0_rel\00b2b2a8.PDT	91	0x435800	47104	0x100	ok	raw	5350ce06
EXLANG\disc0_rel\00b2b2a8.PDT	92	0x441000	34816	0x100	ok	raw	5350cf06
EXLANG\disc0_rel\00b2b2a8.PDT	93	0x449800	55296	0x100	ok	raw	5350d006
EXLANG\disc0_rel\00b2b2a8.PDT	94	0x457000	30720	0x100	ok	raw	5350d106
EXLANG\disc0_rel\00b2b2a8.PDT	95	0x45e800	49152	0x100	ok	raw	5350d206
EXLANG\disc0_rel\00b2b2a8.PDT	96	0x46a800	65536	0x100	ok	raw	5350d306
EXLANG\disc0_rel\00b2b2a8.PDT	97	0x47a800	34816	0x100	ok	raw	5350d406
EXLANG\disc0_rel\00b2b2a8.PDT	98	0x483000	51200	0x100	ok	raw	5350d506
EXLANG\disc0_rel\00b2b2a8.PDT	99	0x48f800	36864	0x100	ok	raw	5350ed07
EXLANG\disc0_rel\00b2b2a8.PDT	100	0x498800	30720	0x100	ok	raw	5350ee07
EXLANG\disc0_rel\00b2b2a8.PDT	101	0x4a0000	32768	0x100	ok	raw	5350ef07
EXLANG\disc0_rel\00b2b2a8.PDT	102	0x4a8000	30720	0x100	ok	raw	5350f007
EXLANG\disc0_rel\00b2b2a8.PDT	103	0x4af800	40960	0x100	ok	raw	5350f107
EXLANG\disc0_rel\00b2b2a8.PDT	104	0x4b9800	34816	0x100	ok	raw	5350f307
EXLANG\disc0_rel\00b2b2a8.PDT	105	0x4c2000	30720	0x100	ok	raw	5350f407
EXLANG\disc0_rel\00b2b2a8.PDT	106	0x4c9800	38912	0x100	ok	raw	5350f507
EXLANG\disc0_rel\00b2b2a8.PDT	107	0x4d3000	69632	0x100	ok	raw	53506d0a
EXLANG\disc0_rel\00b2b2a8.PDT	108	0x4e4000	57344	0x100	ok	raw	53506e0a
EXLANG\disc0_rel\00b2b2a8.PDT	109	0x4f2000	32768	0x100	ok	raw	5350890a
EXLANG\disc0_rel\00b2b2a8.PDT	110	0x4fa000	40960	0x100	ok	raw	53508a0a
EXLANG\disc0_rel\00b2b2a8.PDT	111	0x504000	38912	0x100	ok	raw	53508b0a
EXLANG\disc0_rel\00b2b2a8.PDT	112	0x50d800	49152	0x100	ok	raw	53508c0a
EXLANG\disc0_rel\00b2b2a8.PDT	113	0x519800	34816	0x100	ok	raw	5350c30a
EXLANG\disc0_rel\00b2b2a8.PDT	114	0x522000	63488	0x100	ok	raw	5350c40a
EXLANG\disc0_rel\00b2b2a8.PDT	115	0x531800	28672	0x100	ok	raw	5350c50a
EXLANG\disc0_rel\00b2b2a8.PDT	116	0x538800	28672	0x100	ok	raw	5350c60a
EXLANG\disc0_rel\00b2b2a8.PDT	117	0x53f800	28672	0x100	ok	raw	5350c70a
EXLANG\disc0_rel\00b2b2a8.PDT	118	0x546800	28672	0x100	ok	raw	5350c80a
EXLANG\disc0_rel\00b2b2a8.PDT	119	0x54d800	28672	0x100	ok	raw	5350c90a
EXLANG\disc0_rel\00b2b2a8.PDT	120	0x554800	28672	0x100	ok	raw	5350ca0a
EXLANG\disc0_rel\00b2b2a8.PDT	121	0x55b800	63488	0x100	ok	raw	53506004
EXLANG\disc0_rel\00b2b2a8.PDT	122	0x56b000	40960	0x100	ok	raw	53503305
EXLANG\disc0_rel\00b2b2a8.PDT	123	0x575000	32768	0x100	ok	raw	5350d208
EXLANG\disc0_rel\00b2b2a8.PDT	124	0x57d000	28672	0x100	ok	raw	5350d308
EXLANG\disc0_rel\00b2b2a8.PDT	125	0x584000	36864	0x100	ok	raw	5350d408
EXLANG\disc0_rel\00b2b2a8.PDT	126	0x58d000	36864	0x100	ok	raw	5350f207
EXLANG\disc0_rel\00b2b2a8.PDT	127	0x596000	26624	0x100	ok	raw	5350f50a
EXLANG\disc0_rel\00b2b2a8.PDT	128	0x59c800	36864	0x100	ok	raw	5350f70a
EXLANG\disc0_rel\00b2b2a8.PDT	129	0x5a5800	34816	0x100	ok	raw	5350f80a
EXLANG\disc0_rel\00b2b2a8.PDT	130	0x5ae000	669696	0x100	ok	raw	53503e0b
EXLANG\disc0_rel\00b2b2a8.PDT	131	0x651800	243712	0x100	ok	raw	53503f0b
EXLANG\disc0_rel\00b2b2a8.PDT	132	0x68d000	194560	0x100	ok	raw	5350400b
EXLANG\disc0_rel\00b2b2a8.PDT	133	0x6bc800	333824	0x100	ok	raw	5350410b
EXLANG\disc0_rel\00b2b2a8.PDT	134	0x70e000	6144	0x100	ok	raw	5350420b
EXLANG\disc0_rel\00b2b2a8.PDT	135	0x70f800	952320	0x100	ok	raw	5350430b
EXLANG\disc0_rel\00b2b2a8.PDT	136	0x7f8000	387072	0x100	ok	raw	5350440b
EXLANG\disc0_rel\00b2b2a8.PDT	137	0x856800	6144	0x100	ok	raw	5350450b
EXLANG\disc0_rel\00b2b2a8.PDT	138	0x858000	344064	0x100	ok	raw	5350460b
EXLANG\disc0_rel\00b2b2a8.PDT	139	0x8ac000	522240	0x100	ok	raw	5350470b
EXLANG\disc0_rel\00b2b2a8.PDT	140	0x92b800	497664	0x100	ok	raw	5350480b
EXLANG\disc0_rel\00b2b2a8.PDT	141	0x9a5000	489472	0x100	ok	raw	5350490b
EXLANG\disc0_rel\00b2b2a8.PDT	142	0xa1c800	262144	0x100	ok	raw	53504a0b
EXLANG\disc0_rel\00b2b2a8.PDT	143	0xa5c800	155648	0x100	ok	raw	53504b0b
EXLANG\disc0_rel\00b2b2a8.PDT	144	0xa82800	233472	0x100	ok	raw	53504c0b
EXLANG\disc0_rel\00b2b2a8.PDT	145	0xabb800	458752	0x100	ok	raw	53504d0b
EXLANG\disc0_rel\00b2b2a8.PDT	146	0xb2b800	630784	0x100	ok	raw	53504e0b
EXLANG\disc0_rel\00b2b2a8.PDT	147	0xbc5800	548864	0x100	ok	raw	53504f0b
EXLANG\disc0_rel\00b2b2a8.PDT	148	0xc4b800	436224	0x100	ok	raw	5350500b
EXLANG\disc0_rel\00b2b2a8.PDT	149	0xcb6000	491520	0x100	ok	raw	5350510b
EXLANG\disc0_rel\00b2b2a8.PDT	150	0xd2e000	530432	0x100	ok	raw	5350520b
EXLANG\disc0_rel\00b2b2a8.PDT	151	0xdaf800	593920	0x100	ok	raw	5350530b
EXLANG\disc0_rel\00b2b2a8.PDT	152	0xe40800	299008	0x100	ok	raw	5350540b
EXLANG\disc0_rel\00b2b2a8.PDT	153	0xe89800	548864	0x100	ok	raw	5350550b
EXLANG\disc0_rel\00b2b2a8.PDT	154	0xf0f800	645120	0x100	ok	raw	5350560b
EXLANG\disc0_rel\00b2b2a8.PDT	155	0xfad000	655360	0x100	ok	raw	5350570b
EXLANG\disc0_rel\00b2b2a8.PDT	156	0x104d000	614400	0x100	ok	raw	5350580b
EXLANG\disc0_rel\00b2b2a8.PDT	157	0x10e3000	718848	0x100	ok	raw	5350590b
EXLANG\disc0_rel\00b2b2a8.PDT	158	0x1192800	493568	0x100	ok	raw	53505a0b
EXLANG\disc0_rel\00b2b2a8.PDT	159	0x120b000	440320	0x100	ok	raw	53505b0b
EXLANG\disc0_rel\00b2b2a8.PDT	160	0x1276800	714752	0x100	ok	raw	53505c0b
EXLANG\disc0_rel\00b2b2a8.PDT	161	0x1325000	307200	0x100	ok	raw	53505d0b
EXLANG\disc0_rel\00b2b2a8.PDT	162	0x1370000	573440	0x100	ok	raw	53505e0b
EXLANG\disc0_rel\00b2b2a8.PDT	163	0x13fc000	528384	0x100	ok	raw	53505f0b
EXLANG\disc0_rel\00b2b2a8.PDT	164	0x147d000	499712	0x100	ok	raw	5350600b
EXLANG\disc0_rel\00b2b2a8.PDT	165	0x14f7000	653312	0x100	ok	raw	5350610b
EXLANG\disc0_rel\00b2b2a8.PDT	166	0x1596800	3223552	0x100	ok	raw	5350620b
EXLANG\disc0_rel\00b2b2a8.PDT	167	0x18a9800	1304576	0x100	ok	raw	5350630b
EXLANG\disc0_rel\00b2b2a8.PDT	168	0x19e8000	512000	0x100	ok	raw	5350490c
EXLANG\disc0_rel\00b2b2a8.PDT	169	0x1a65000	591872	0x100	ok	raw	53504a0c
EXLANG\disc0_rel\00b2b2a8.PDT	170	0x1af5800	1046528	0x100	ok	raw	53504b0c
EXLANG\disc0_rel\00b2b2a8.PDT	171	0x1bf5000	382976	0x100	ok	raw	5350640b
EXLANG\disc0_rel\00b2b2a8.PDT	172	0x1c52800	421888	0x100	ok	raw	5350650b
EXLANG\disc0_rel\00b2b2a8.PDT	173	0x1cb9800	329728	0x100	ok	raw	5350660b
EXLANG\disc0_rel\00b2b2a8.PDT	174	0x1d0a000	317440	0x100	ok	raw	5350670b
EXLANG\disc0_rel\00b2b2a8.PDT	175	0x1d57800	473088	0x100	ok	raw	5350680b
EXLANG\disc0_rel\00b2b2a8.PDT	176	0x1dcb000	436224	0x100	ok	raw	5350690b
EXLANG\disc0_rel\00b2b2a8.PDT	177	0x1e35800	374784	0x100	ok	raw	53506a0b
EXLANG\disc0_rel\00b2b2a8.PDT	178	0x1e91000	239616	0x100	ok	raw	53506b0b
EXLANG\disc0_rel\00b2b2a8.PDT	179	0x1ecb800	645120	0x100	ok	raw	53506c0b
EXLANG\disc0_rel\00b2b2a8.PDT	180	0x1f69000	364544	0x100	ok	raw	53506d0b
EXLANG\disc0_rel\00b2b2a8.PDT	181	0x1fc2000	292864	0x100	ok	raw	53506e0b
EXLANG\disc0_rel\00b2b2a8.PDT	182	0x2009800	704512	0x100	ok	raw	53506f0b
EXLANG\disc0_rel\00b2b2a8.PDT	183	0x20b5800	280576	0x100	ok	raw	5350700b
EXLANG\disc0_rel\00b2b2a8.PDT	184	0x20fa000	317440	0x100	ok	raw	5350710b
EXLANG\disc0_rel\00b2b2a8.PDT	185	0x2147800	274432	0x100	ok	raw	5350720b
EXLANG\disc0_rel\00b2b2a8.PDT	186	0x218a800	256000	0x100	ok	raw	5350730b
EXLANG\disc0_rel\00b2b2a8.PDT	187	0x21c9000	561152	0x100	ok	raw	5350740b
EXLANG\disc0_rel\00b2b2a8.PDT	188	0x2252000	499712	0x100	ok	raw	5350750b
EXLANG\disc0_rel\00b2b2a8.PDT	189	0x22cc000	339968	0x100	ok	raw	5350760b
EXLANG\disc0_rel\00b2b2a8.PDT	190	0x231f000	327680	0x100	ok	raw	5350770b
EXLANG\disc0_rel\00b2b2a8.PDT	191	0x236f000	454656	0x100	ok	raw	5350780b
EXLANG\disc0_rel\00b2b2a8.PDT	192	0x23de000	294912	0x100	ok	raw	5350790b
EXLANG\disc0_rel\00b2b2a8.PDT	193	0x2426000	589824	0x100	ok	raw	53507a0b
EXLANG\disc0_rel\00b2b2a8.PDT	194	0x24b6000	849920	0x100	ok	raw	5350b30b
EXLANG\disc0_rel\00b2b2a8.PDT	195	0x2585800	997376	0x100	ok	raw	5350b40b
EXLANG\disc0_rel\00b2b2a8.PDT	196	0x2679000	489472	0x100	ok	raw	5350b50b
EXLANG\disc0_rel\00b2b2a8.PDT	197	0x26f0800	571392	0x100	ok	raw	5350b60b
EXLANG\disc0_rel\00b2b2a8.PDT	198	0x277c000	526336	0x100	ok	raw	5350b70b
EXLANG\disc0_rel\00b2b2a8.PDT	199	0x27fc800	471040	0x100	ok	raw	5350b80b
EXLANG\disc0_rel\00b2b2a8.PDT	200	0x286f800	22528	0x100	ok	raw	5350b90b
EXLANG\disc0_rel\00b2b2a8.PDT	201	0x2875000	733184	0x100	ok	raw	5350ba0b
EXLANG\disc0_rel\00b2b2a8.PDT	202	0x2928000	571392	0x100	ok	raw	5350bb0b
EXLANG\disc0_rel\00b2b2a8.PDT	203	0x29b3800	913408	0x100	ok	raw	5350bc0b
EXLANG\disc0_rel\00b2b2a8.PDT	204	0x2a92800	655360	0x100	ok	raw	5350bd0b
EXLANG\disc0_rel\00b2b2a8.PDT	205	0x2b32800	634880	0x100	ok	raw	5350be0b
EXLANG\disc0_rel\00b2b2a8.PDT	206	0x2bcd800	532480	0x100	ok	raw	5350bf0b
EXLANG\disc0_rel\00b2b2a8.PDT	207	0x2c4f800	458752	0x100	ok	raw	5350c00b
EXLANG\disc0_rel\00b2b2a8.PDT	208	0x2cbf800	557056	0x100	ok	raw	5350c10b
EXLANG\disc0_rel\00b2b2a8.PDT	209	0x2d47800	690176	0x100	ok	raw	5350120c
EXLANG\disc0_rel\00b2b2a8.PDT	210	0x2df0000	606208	0x100	ok	raw	5350130c
EXLANG\disc0_rel\00b2b2a8.PDT	211	0x2e84000	1028096	0x100	ok	raw	5350140c
EXLANG\disc0_rel\00b2b2a8.PDT	212	0x2f7f000	921600	0x100	ok	raw	5350150c
EXLANG\disc0_rel\00b2b2a8.PDT	213	0x3060000	1243136	0x100	ok	raw	5350160c
EXLANG\disc0_rel\00b2b2a8.PDT	214	0x318f800	897024	0x100	ok	raw	5350170c
EXLANG\disc0_rel\00b2b2a8.PDT	215	0x326a800	1234944	0x100	ok	raw	5350180c
EXLANG\disc0_rel\00b2b2a8.PDT	216	0x3398000	700416	0x100	ok	raw	5350190c
EXLANG\disc0_rel\00b2b2a8.PDT	217	0x3443000	385024	0x100	ok	raw	53501a0c
EXLANG\disc0_rel\00b2b2a8.PDT	218	0x34a1000	405504	0x100	ok	raw	53501b0c
EXLANG\disc0_rel\00b2b2a8.PDT	219	0x3504000	358400	0x100	ok	raw	5350990b
EXLANG\disc0_rel\00b2b2a8.PDT	220	0x355b800	540672	0x100	ok	raw	53509a0b
EXLANG\disc0_rel\00b2b2a8.PDT	221	0x35df800	356352	0x100	ok	raw	53509b0b
EXLANG\disc0_rel\00b2b2a8.PDT	222	0x3636800	327680	0x100	ok	raw	53509c0b
EXLANG\disc0_rel\00b2b2a8.PDT	223	0x3686800	294912	0x100	ok	raw	53509d0b
EXLANG\disc0_rel\00b2b2a8.PDT	224	0x36ce800	491520	0x100	ok	raw	53509e0b
EXLANG\disc0_rel\00b2b2a8.PDT	225	0x3746800	434176	0x100	ok	raw	53509f0b
EXLANG\disc0_rel\00b2b2a8.PDT	226	0x37b0800	540672	0x100	ok	raw	5350a00b
EXLANG\disc0_rel\00b2b2a8.PDT	227	0x3834800	618496	0x100	ok	raw	5350a10b
EXLANG\disc0_rel\00b2b2a8.PDT	228	0x38cb800	491520	0x100	ok	raw	5350a20b
EXLANG\disc0_rel\00b2b2a8.PDT	229	0x3943800	483328	0x100	ok	raw	5350a30b
EXLANG\disc0_rel\00b2b2a8.PDT	230	0x39b9800	395264	0x100	ok	raw	5350a40b
EXLANG\disc0_rel\00b2b2a8.PDT	231	0x3a1a000	380928	0x100	ok	raw	5350a50b
EXLANG\disc0_rel\00b2b2a8.PDT	232	0x3a77000	622592	0x100	ok	raw	5350a60b
EXLANG\disc0_rel\00b2b2a8.PDT	233	0x3b0f000	499712	0x100	ok	raw	5350a70b
EXLANG\disc0_rel\00b2b2a8.PDT	234	0x3b89000	380928	0x100	ok	raw	5350a80b
EXLANG\disc0_rel\00b2b2a8.PDT	235	0x3be6000	737280	0x100	ok	raw	5350a90b
EXLANG\disc0_rel\00b2b2a8.PDT	236	0x3c9a000	327680	0x100	ok	raw	5350aa0b
EXLANG\disc0_rel\00b2b2a8.PDT	237	0x3cea000	421888	0x100	ok	raw	5350ab0b
EXLANG\disc0_rel\00b2b2a8.PDT	238	0x3d51000	567296	0x100	ok	raw	5350ac0b
EXLANG\disc0_rel\00b2b2a8.PDT	239	0x3ddb800	430080	0x100	ok	raw	5350ad0b
EXLANG\disc0_rel\00b2b2a8.PDT	240	0x3e44800	571392	0x100	ok	raw	5350ae0b
EXLANG\disc0_rel\00b2b2a8.PDT	241	0x3ed0000	317440	0x100	ok	raw	5350af0b
EXLANG\disc0_rel\00b2b2a8.PDT	242	0x3f1d800	808960	0x100	ok	raw	5350b00b
EXLANG\disc0_rel\00b2b2a8.PDT	243	0x3fe3000	651264	0x100	ok	raw	5350b10b
EXLANG\disc0_rel\00b2b2a8.PDT	244	0x4082000	514048	0x100	ok	raw	5350b20b
EXLANG\disc0_rel\00b2b2a8.PDT	245	0x40ff800	313344	0x100	ok	raw	53504f0c
EXLANG\disc0_rel\00b2b2a8.PDT	246	0x414c000	292864	0x100	ok	raw	5350c20b
EXLANG\disc0_rel\00b2b2a8.PDT	247	0x4193800	651264	0x100	ok	raw	5350c30b
EXLANG\disc0_rel\00b2b2a8.PDT	248	0x4232800	645120	0x100	ok	raw	5350c40b
EXLANG\disc0_rel\00b2b2a8.PDT	249	0x42d0000	563200	0x100	ok	raw	5350c50b
EXLANG\disc0_rel\00b2b2a8.PDT	250	0x4359800	1056768	0x100	ok	raw	5350c60b
EXLANG\disc0_rel\00b2b2a8.PDT	251	0x445b800	1101824	0x100	ok	raw	5350c70b
EXLANG\disc0_rel\00b2b2a8.PDT	252	0x4568800	899072	0x100	ok	raw	5350c80b
EXLANG\disc0_rel\00b2b2a8.PDT	253	0x4644000	489472	0x100	ok	raw	5350c90b
EXLANG\disc0_rel\00b2b2a8.PDT	254	0x46bb800	518144	0x100	ok	raw	5350ca0b
EXLANG\disc0_rel\00b2b2a8.PDT	255	0x473a000	374784	0x100	ok	raw	5350cb0b
EXLANG\disc0_rel\00b2b2a8.PDT	256	0x4795800	581632	0x100	ok	raw	5350cc0b
EXLANG\disc0_rel\00b2b2a8.PDT	257	0x4823800	731136	0x100	ok	raw	5350cd0b
EXLANG\disc0_rel\00b2b2a8.PDT	258	0x48d6000	286720	0x100	ok	raw	5350ce0b
EXLANG\disc0_rel\00b2b2a8.PDT	259	0x491c000	790528	0x100	ok	raw	5350d10b
EXLANG\disc0_rel\00b2b2a8.PDT	260	0x49dd000	903168	0x100	ok	raw	5350d20b
EXLANG\disc0_rel\00b2b2a8.PDT	261	0x4ab9800	575488	0x100	ok	raw	5350d30b
EXLANG\disc0_rel\00b2b2a8.PDT	262	0x4b46000	655360	0x100	ok	raw	5350d40b
EXLANG\disc0_rel\00b2b2a8.PDT	263	0x4be6000	442368	0x100	ok	raw	5350d50b
EXLANG\disc0_rel\00b2b2a8.PDT	264	0x4c52000	651264	0x100	ok	raw	5350d60b
EXLANG\disc0_rel\00b2b2a8.PDT	265	0x4cf1000	800768	0x100	ok	raw	5350d70b
EXLANG\disc0_rel\00b2b2a8.PDT	266	0x4db4800	604160	0x100	ok	raw	5350d80b
EXLANG\disc0_rel\00b2b2a8.PDT	267	0x4e48000	1255424	0x100	ok	raw	5350d90b
EXLANG\disc0_rel\00b2b2a8.PDT	268	0x4f7a800	632832	0x100	ok	raw	5350da0b
EXLANG\disc0_rel\00b2b2a8.PDT	269	0x5015000	724992	0x100	ok	raw	53507b0b
EXLANG\disc0_rel\00b2b2a8.PDT	270	0x50c6000	860160	0x100	ok	raw	53507c0b
EXLANG\disc0_rel\00b2b2a8.PDT	271	0x5198000	776192	0x100	ok	raw	53507d0b
EXLANG\disc0_rel\00b2b2a8.PDT	272	0x5255800	669696	0x100	ok	raw	53507e0b
EXLANG\disc0_rel\00b2b2a8.PDT	273	0x52f9000	1052672	0x100	ok	raw	53507f0b
EXLANG\disc0_rel\00b2b2a8.PDT	274	0x53fa000	536576	0x100	ok	raw	5350800b
EXLANG\disc0_rel\00b2b2a8.PDT	275	0x547d000	1499136	0x100	ok	raw	5350810b
EXLANG\disc0_rel\00b2b2a8.PDT	276	0x55eb000	325632	0x100	ok	raw	5350820b
EXLANG\disc0_rel\00b2b2a8.PDT	277	0x563a800	309248	0x100	ok	raw	5350830b
EXLANG\disc0_rel\00b2b2a8.PDT	278	0x5686000	473088	0x100	ok	raw	5350840b
EXLANG\disc0_rel\00b2b2a8.PDT	279	0x56f9800	1282048	0x100	ok	raw	5350850b
EXLANG\disc0_rel\00b2b2a8.PDT	280	0x5832800	321536	0x100	ok	raw	5350860b
EXLANG\disc0_rel\00b2b2a8.PDT	281	0x5881000	690176	0x100	ok	raw	5350870b
EXLANG\disc0_rel\00b2b2a8.PDT	282	0x5929800	286720	0x100	ok	raw	5350880b
EXLANG\disc0_rel\00b2b2a8.PDT	283	0x596f800	632832	0x100	ok	raw	5350890b
EXLANG\disc0_rel\00b2b2a8.PDT	284	0x5a0a000	831488	0x100	ok	raw	53508a0b
EXLANG\disc0_rel\00b2b2a8.PDT	285	0x5ad5000	268288	0x100	ok	raw	53508b0b
EXLANG\disc0_rel\00b2b2a8.PDT	286	0x5b16800	634880	0x100	ok	raw	53508c0b
EXLANG\disc0_rel\00b2b2a8.PDT	287	0x5bb1800	317440	0x100	ok	raw	53508d0b
EXLANG\disc0_rel\00b2b2a8.PDT	288	0x5bff000	313344	0x100	ok	raw	53508e0b
EXLANG\disc0_rel\00b2b2a8.PDT	289	0x5c4b800	299008	0x100	ok	raw	53508f0b
EXLANG\disc0_rel\00b2b2a8.PDT	290	0x5c94800	356352	0x100	ok	raw	5350900b
EXLANG\disc0_rel\00b2b2a8.PDT	291	0x5ceb800	659456	0x100	ok	raw	5350910b
EXLANG\disc0_rel\00b2b2a8.PDT	292	0x5d8c800	731136	0x100	ok	raw	5350920b
EXLANG\disc0_rel\00b2b2a8.PDT	293	0x5e3f000	585728	0x100	ok	raw	5350930b
EXLANG\disc0_rel\00b2b2a8.PDT	294	0x5ece000	524288	0x100	ok	raw	5350940b
EXLANG\disc0_rel\00b2b2a8.PDT	295	0x5f4e000	708608	0x100	ok	raw	5350950b
EXLANG\disc0_rel\00b2b2a8.PDT	296	0x5ffb000	225280	0x100	ok	raw	5350960b
EXLANG\disc0_rel\00b2b2a8.PDT	297	0x6032000	421888	0x100	ok	raw	5350970b
EXLANG\disc0_rel\00b2b2a8.PDT	298	0x6099000	663552	0x100	ok	raw	5350980b
EXLANG\disc0_rel\00b2b2a8.PDT	299	0x613b000	483328	0x100	ok	raw	53504c0c
EXLANG\disc0_rel\00b2b2a8.PDT	300	0x61b1000	686080	0x100	ok	raw	53504d0c
EXLANG\disc0_rel\00b2b2a8.PDT	301	0x6258800	1052672	0x100	ok	raw	53504e0c
EXLANG\disc0_rel\00b2b2a8.PDT	302	0x6359800	299008	0x100	ok	raw	5350db0b
EXLANG\disc0_rel\00b2b2a8.PDT	303	0x63a2800	229376	0x100	ok	raw	5350dc0b
EXLANG\disc0_rel\00b2b2a8.PDT	304	0x63da800	378880	0x100	ok	raw	5350dd0b
EXLANG\disc0_rel\00b2b2a8.PDT	305	0x6437000	724992	0x100	ok	raw	5350de0b
EXLANG\disc0_rel\00b2b2a8.PDT	306	0x64e8000	606208	0x100	ok	raw	5350df0b
EXLANG\disc0_rel\00b2b2a8.PDT	307	0x657c000	372736	0x100	ok	raw	5350e00b
EXLANG\disc0_rel\00b2b2a8.PDT	308	0x65d7000	372736	0x100	ok	raw	5350e10b
EXLANG\disc0_rel\00b2b2a8.PDT	309	0x6632000	401408	0x100	ok	raw	5350e20b
EXLANG\disc0_rel\00b2b2a8.PDT	310	0x6694000	724992	0x100	ok	raw	5350e30b
EXLANG\disc0_rel\00b2b2a8.PDT	311	0x6745000	847872	0x100	ok	raw	5350e40b
EXLANG\disc0_rel\00b2b2a8.PDT	312	0x6814000	346112	0x100	ok	raw	5350e50b
EXLANG\disc0_rel\00b2b2a8.PDT	313	0x6868800	514048	0x100	ok	raw	5350e60b
EXLANG\disc0_rel\00b2b2a8.PDT	314	0x68e6000	901120	0x100	ok	raw	5350e70b
EXLANG\disc0_rel\00b2b2a8.PDT	315	0x69c2000	833536	0x100	ok	raw	5350e80b
EXLANG\disc0_rel\00b2b2a8.PDT	316	0x6a8d800	425984	0x100	ok	raw	5350e90b
EXLANG\disc0_rel\00b2b2a8.PDT	317	0x6af5800	403456	0x100	ok	raw	5350ea0b
EXLANG\disc0_rel\00b2b2a8.PDT	318	0x6b58000	507904	0x100	ok	raw	5350eb0b
EXLANG\disc0_rel\00b2b2a8.PDT	319	0x6bd4000	591872	0x100	ok	raw	5350ec0b
EXLANG\disc0_rel\00b2b2a8.PDT	320	0x6c64800	737280	0x100	ok	raw	5350ed0b
EXLANG\disc0_rel\00b2b2a8.PDT	321	0x6d18800	987136	0x100	ok	raw	5350ee0b
EXLANG\disc0_rel\00b2b2a8.PDT	322	0x6e09800	561152	0x100	ok	raw	5350ef0b
EXLANG\disc0_rel\00b2b2a8.PDT	323	0x6e92800	430080	0x100	ok	raw	5350f00b
EXLANG\disc0_rel\00b2b2a8.PDT	324	0x6efb800	614400	0x100	ok	raw	5350f10b
EXLANG\disc0_rel\00b2b2a8.PDT	325	0x6f91800	438272	0x100	ok	raw	5350f20b
EXLANG\disc0_rel\00b2b2a8.PDT	326	0x6ffc800	6144	0x100	ok	raw	5350f30b
EXLANG\disc0_rel\00b2b2a8.PDT	327	0x6ffe000	204800	0x100	ok	raw	5350f40b
EXLANG\disc0_rel\00b2b2a8.PDT	328	0x7030000	362496	0x100	ok	raw	5350f50b
EXLANG\disc0_rel\00b2b2a8.PDT	329	0x7088800	761856	0x100	ok	raw	5350f60b
EXLANG\disc0_rel\00b2b2a8.PDT	330	0x7142800	253952	0x100	ok	raw	5350f70b
EXLANG\disc0_rel\00b2b2a8.PDT	331	0x7180800	403456	0x100	ok	raw	5350f80b
EXLANG\disc0_rel\00b2b2a8.PDT	332	0x71e3000	266240	0x100	ok	raw	5350f90b
EXLANG\disc0_rel\00b2b2a8.PDT	333	0x7224000	272384	0x100	ok	raw	5350fa0b
EXLANG\disc0_rel\00b2b2a8.PDT	334	0x7266800	215040	0x100	ok	raw	5350fb0b
EXLANG\disc0_rel\00b2b2a8.PDT	335	0x729b000	307200	0x100	ok	raw	5350fc0b
EXLANG\disc0_rel\00b2b2a8.PDT	336	0x72e6000	321536	0x100	ok	raw	5350fd0b
EXLANG\disc0_rel\00b2b2a8.PDT	337	0x7334800	395264	0x100	ok	raw	5350fe0b
EXLANG\disc0_rel\00b2b2a8.PDT	338	0x7395000	217088	0x100	ok	raw	5350ff0b
EXLANG\disc0_rel\00b2b2a8.PDT	339	0x73ca000	331776	0x100	ok	raw	5350000c
EXLANG\disc0_rel\00b2b2a8.PDT	340	0x741b000	262144	0x100	ok	raw	5350010c
EXLANG\disc0_rel\00b2b2a8.PDT	341	0x745b000	374784	0x100	ok	raw	5350020c
EXLANG\disc0_rel\00b2b2a8.PDT	342	0x74b6800	143360	0x100	ok	raw	5350030c
EXLANG\disc0_rel\00b2b2a8.PDT	343	0x74d9800	229376	0x100	ok	raw	5350040c
EXLANG\disc0_rel\00b2b2a8.PDT	344	0x7511800	243712	0x100	ok	raw	5350050c
EXLANG\disc0_rel\00b2b2a8.PDT	345	0x754d000	6144	0x100	ok	raw	5350060c
EXLANG\disc0_rel\00b2b2a8.PDT	346	0x754e800	350208	0x100	ok	raw	5350070c
EXLANG\disc0_rel\00b2b2a8.PDT	347	0x75a4000	6144	0x100	ok	raw	5350080c
EXLANG\disc0_rel\00b2b2a8.PDT	348	0x75a5800	6144	0x100	ok	raw	5350090c
EXLANG\disc0_rel\00b2b2a8.PDT	349	0x75a7000	225280	0x100	ok	raw	53500a0c
EXLANG\disc0_rel\00b2b2a8.PDT	350	0x75de000	370688	0x100	ok	raw	53500b0c
EXLANG\disc0_rel\00b2b2a8.PDT	351	0x7638800	374784	0x100	ok	raw	53500c0c
EXLANG\disc0_rel\00b2b2a8.PDT	352	0x7694000	190464	0x100	ok	raw	53500d0c
EXLANG\disc0_rel\00b2b2a8.PDT	353	0x76c2800	311296	0x100	ok	raw	53500e0c
EXLANG\disc0_rel\00b2b2a8.PDT	354	0x770e800	6144	0x100	ok	raw	53500f0c
EXLANG\disc0_rel\00b2b2a8.PDT	355	0x7710000	6144	0x100	ok	raw	5350100c
EXLANG\disc0_rel\00b2b2a8.PDT	356	0x7711800	851968	0x100	ok	raw	5350110c
EXLANG\disc0_rel\00b2b2a8.PDT	357	0x77e1800	1247232	0x100	ok	raw	53501c0c
EXLANG\disc0_rel\00b2b2a8.PDT	358	0x7912000	532480	0x100	ok	raw	5350390c
EXLANG\disc0_rel\00b2b2a8.PDT	359	0x7994000	675840	0x100	ok	raw	53503a0c
EXLANG\disc0_rel\00b2b2a8.PDT	360	0x7a39000	354304	0x100	ok	raw	53503b0c
EXLANG\disc0_rel\00b2b2a8.PDT	361	0x7a8f800	321536	0x100	ok	raw	53503c0c
EXLANG\disc0_rel\00b2b2a8.PDT	362	0x7ade000	356352	0x100	ok	raw	53503d0c
EXLANG\disc0_rel\00b2b2a8.PDT	363	0x7b35000	729088	0x100	ok	raw	53503e0c
EXLANG\disc0_rel\00b2b2a8.PDT	364	0x7be7000	389120	0x100	ok	raw	53503f0c
EXLANG\disc0_rel\00b2b2a8.PDT	365	0x7c46000	339968	0x100	ok	raw	5350400c
EXLANG\disc0_rel\00b2b2a8.PDT	366	0x7c99000	278528	0x100	ok	raw	5350410c
EXLANG\disc0_rel\00b2b2a8.PDT	367	0x7cdd000	417792	0x100	ok	raw	5350420c
EXLANG\disc0_rel\00b2b2a8.PDT	368	0x7d43000	659456	0x100	ok	raw	5350430c
EXLANG\disc0_rel\00b2b2a8.PDT	369	0x7de4000	538624	0x100	ok	raw	5350440c
EXLANG\disc0_rel\00b2b2a8.PDT	370	0x7e67800	577536	0x100	ok	raw	5350450c
EXLANG\disc0_rel\00b2b2a8.PDT	371	0x7ef4800	534528	0x100	ok	raw	5350460c
EXLANG\disc0_rel\00b2b2a8.PDT	372	0x7f77000	520192	0x100	ok	raw	5350470c
EXLANG\disc0_rel\00b2b2a8.PDT	373	0x7ff6000	305152	0x100	ok	raw	5350480c
EXLANG\disc0_rel\00b2b2a8.PDT	374	0x8040800	309248	0x100	ok	raw	53501d0c
EXLANG\disc0_rel\00b2b2a8.PDT	375	0x808c000	235520	0x100	ok	raw	53501e0c
EXLANG\disc0_rel\00b2b2a8.PDT	376	0x80c5800	299008	0x100	ok	raw	53501f0c
EXLANG\disc0_rel\00b2b2a8.PDT	377	0x810e800	251904	0x100	ok	raw	5350200c
EXLANG\disc0_rel\00b2b2a8.PDT	378	0x814c000	241664	0x100	ok	raw	5350210c
EXLANG\disc0_rel\00b2b2a8.PDT	379	0x8187000	165888	0x100	ok	raw	5350220c
EXLANG\disc0_rel\00b2b2a8.PDT	380	0x81af800	393216	0x100	ok	raw	5350230c
EXLANG\disc0_rel\00b2b2a8.PDT	381	0x820f800	321536	0x100	ok	raw	5350240c
EXLANG\disc0_rel\00b2b2a8.PDT	382	0x825e000	358400	0x100	ok	raw	5350250c
EXLANG\disc0_rel\00b2b2a8.PDT	383	0x82b5800	237568	0x100	ok	raw	5350260c
EXLANG\disc0_rel\00b2b2a8.PDT	384	0x82ef800	235520	0x100	ok	raw	5350270c
EXLANG\disc0_rel\00b2b2a8.PDT	385	0x8329000	419840	0x100	ok	raw	5350280c
EXLANG\disc0_rel\00b2b2a8.PDT	386	0x838f800	413696	0x100	ok	raw	5350290c
EXLANG\disc0_rel\00b2b2a8.PDT	387	0x83f4800	503808	0x100	ok	raw	53502a0c
EXLANG\disc0_rel\00b2b2a8.PDT	388	0x846f800	278528	0x100	ok	raw	53502b0c
EXLANG\disc0_rel\00b2b2a8.PDT	389	0x84b3800	290816	0x100	ok	raw	53502c0c
EXLANG\disc0_rel\00b2b2a8.PDT	390	0x84fa800	382976	0x100	ok	raw	53502d0c
EXLANG\disc0_rel\00b2b2a8.PDT	391	0x8558000	622592	0x100	ok	raw	53502e0c
EXLANG\disc0_rel\00b2b2a8.PDT	392	0x85f0000	348160	0x100	ok	raw	53502f0c
EXLANG\disc0_rel\00b2b2a8.PDT	393	0x8645000	346112	0x100	ok	raw	5350300c
EXLANG\disc0_rel\00b2b2a8.PDT	394	0x8699800	329728	0x100	ok	raw	5350310c
EXLANG\disc0_rel\00b2b2a8.PDT	395	0x86ea000	645120	0x100	ok	raw	5350320c
EXLANG\disc0_rel\00b2b2a8.PDT	396	0x8787800	440320	0x100	ok	raw	5350330c
EXLANG\disc0_rel\00b2b2a8.PDT	397	0x87f3000	382976	0x100	ok	raw	5350340c
EXLANG\disc0_rel\00b2b2a8.PDT	398	0x8850800	329728	0x100	ok	raw	5350350c
EXLANG\disc0_rel\00b2b2a8.PDT	399	0x88a1000	413696	0x100	ok	raw	5350360c
EXLANG\disc0_rel\00b2b2a8.PDT	400	0x8906000	6144	0x100	ok	raw	5350370c
EXLANG\disc0_rel\00b2b2a8.PDT	401	0x8907800	8192	0x100	ok	raw	5350380c
EXLANG\disc0_rel\00b2b2a8.PDT	402	0x8909800	270336	0x100	ok	raw	5350500c
EXLANG\disc0_rel\00b2b2a8.PDT	403	0x894b800	356352	0x100	ok	raw	5350510c
EXLANG\disc0_rel\00b2b2a8.PDT	404	0x89a2800	6144	0x100	ok	raw	5350520c
EXLANG\disc0_rel\00b2b2a8.PDT	405	0x89a4000	6144	0x100	ok	raw	5350530c
EXLANG\disc0_rel\00b2b2a8.PDT	406	0x89a5800	210944	0x100	ok	raw	5350540c
EXLANG\disc0_rel\00b2b2a8.PDT	407	0x89d9000	77824	0x100	ok	raw	5350550c
EXLANG\disc0_rel\00b2b2a8.PDT	408	0x89ec000	286720	0x100	ok	raw	5350560c
EXLANG\disc0_rel\00b2b2a8.PDT	409	0x8a32000	237568	0x100	ok	raw	5350570c
EXLANG\disc0_rel\00b2b2a8.PDT	410	0x8a6c000	266240	0x100	ok	raw	5350580c
EXLANG\disc0_rel\00b2b2a8.PDT	411	0x8aad000	430080	0x100	ok	raw	5350590c
EXLANG\disc0_rel\00b2b2a8.PDT	412	0x8b16000	405504	0x100	ok	raw	53505a0c
EXLANG\disc0_rel\00b2b2a8.PDT	413	0x8b79000	542720	0x100	ok	raw	53505b0c
EXLANG\disc0_rel\00b2b2a8.PDT	414	0x8bfd800	352256	0x100	ok	raw	53505c0c
EXLANG\disc0_rel\00b2b2a8.PDT	415	0x8c53800	364544	0x100	ok	raw	53505d0c
EXLANG\disc0_rel\00b2b2a8.PDT	416	0x8cac800	552960	0x100	ok	raw	53505e0c
EXLANG\disc0_rel\00b2b2a8.PDT	417	0x8d33800	618496	0x100	ok	raw	53505f0c
EXLANG\disc0_rel\00b2b2a8.PDT	418	0x8dca800	382976	0x100	ok	raw	5350600c
EXLANG\disc0_rel\00b2b2a8.PDT	419	0x8e28000	479232	0x100	ok	raw	5350610c
EXLANG\disc0_rel\00b2b2a8.PDT	420	0x8e9d000	253952	0x100	ok	raw	5350620c
EXLANG\disc0_rel\00b2b2a8.PDT	421	0x8edb000	577536	0x100	ok	raw	5350630c
EXLANG\disc0_rel\00b2b2a8.PDT	422	0x8f68000	641024	0x100	ok	raw	5350640c
EXLANG\disc0_rel\00b2b2a8.PDT	423	0x9004800	612352	0x100	ok	raw	5350650c
EXLANG\disc0_rel\00b2b2a8.PDT	424	0x909a000	311296	0x100	ok	raw	5350660c
EXLANG\disc0_rel\00b2b2a8.PDT	425	0x90e6000	643072	0x100	ok	raw	5350670c
EXLANG\disc0_rel\00b2b2a8.PDT	426	0x9183000	782336	0x100	ok	raw	5350680c
EXLANG\disc0_rel\00b2b2a8.PDT	427	0x9242000	6144	0x100	ok	raw	5350690c
EXLANG\disc0_rel\00b2b2a8.PDT	428	0x9243800	6144	0x100	ok	raw	53506a0c
EXLANG\disc0_rel\00b2b2a8.PDT	429	0x9245000	401408	0x100	ok	raw	53506b0c
EXLANG\disc0_rel\00b2b2a8.PDT	430	0x92a7000	493568	0x100	ok	raw	53506c0c
EXLANG\disc0_rel\00b2b2a8.PDT	431	0x931f800	221184	0x100	ok	raw	53506d0c
EXLANG\disc0_rel\00b2b2a8.PDT	432	0x9355800	182272	0x100	ok	raw	53506e0c
EXLANG\disc0_rel\00b2b2a8.PDT	433	0x9382000	133120	0x100	ok	raw	53506f0c
EXLANG\disc0_rel\00b2b2a8.PDT	434	0x93a2800	176128	0x100	ok	raw	5350700c
EXLANG\disc0_rel\00b2b2a8.PDT	435	0x93cd800	194560	0x100	ok	raw	5350710c
EXLANG\disc0_rel\00b2b2a8.PDT	436	0x93fd000	169984	0x100	ok	raw	5350720c
EXLANG\disc0_rel\00b2b2a8.PDT	437	0x9426800	6144	0x100	ok	raw	5350730c
EXLANG\disc0_rel\00b2b2a8.PDT	438	0x9428000	206848	0x100	ok	raw	5350740c
EXLANG\disc0_rel\00b2b2a8.PDT	439	0x945a800	227328	0x100	ok	raw	5350750c
EXLANG\disc0_rel\00b2b2a8.PDT	440	0x9492000	6144	0x100	ok	raw	5350760c
EXLANG\disc0_rel\00b2b2a8.PDT	441	0x9493800	190464	0x100	ok	raw	5350770c
EXLANG\disc0_rel\00b2b2a8.PDT	442	0x94c2000	399360	0x100	ok	raw	5350780c
EXLANG\disc0_rel\00b2b2a8.PDT	443	0x9523800	6144	0x100	ok	raw	5350790c
EXLANG\disc0_rel\00b2b2a8.PDT	444	0x9525000	378880	0x100	ok	raw	53507a0c
EXLANG\disc0_rel\00b2b2a8.PDT	445	0x9581800	598016	0x100	ok	raw	53507b0c
EXLANG\disc0_rel\00b2b2a8.PDT	446	0x9613800	180224	0x100	ok	raw	53507c0c
EXLANG\disc0_rel\00b2b2a8.PDT	447	0x963f800	112640	0x100	ok	raw	53507d0c
EXLANG\disc0_rel\00b2b2a8.PDT	448	0x965b000	6144	0x100	ok	raw	53507e0c
EXLANG\disc0_rel\00b2b2a8.PDT	449	0x965c800	6144	0x100	ok	raw	53507f0c
EXLANG\disc0_rel\00b2b2a8.PDT	450	0x965e000	151552	0x100	ok	raw	5350800c
EXLANG\disc0_rel\00b2b2a8.PDT	451	0x9683000	204800	0x100	ok	raw	5350810c
EXLANG\disc0_rel\00b2b2a8.PDT	452	0x96b5000	139264	0x100	ok	raw	5350820c
EXLANG\disc0_rel\00b2b2a8.PDT	453	0x96d7000	22528	0x100	ok	raw	5350830c
EXLANG\disc0_rel\00b2b2a8.PDT	454	0x96dc800	278528	0x100	ok	raw	5350840c
EXLANG\disc0_rel\00b2b2a8.PDT	455	0x9720800	137216	0x100	ok	raw	5350850c
EXLANG\disc0_rel\00b2b2a8.PDT	456	0x9742000	477184	0x100	ok	raw	5350860c
EXLANG\disc0_rel\00b2b2a8.PDT	457	0x97b6800	454656	0x100	ok	raw	5350870c
EXLANG\disc0_rel\00b2b2a8.PDT	458	0x9825800	192512	0x100	ok	raw	5350880c
EXLANG\disc0_rel\00b2b2a8.PDT	459	0x9854800	307200	0x100	ok	raw	5350890c
EXLANG\disc0_rel\00b2b2a8.PDT	460	0x989f800	618496	0x100	ok	raw	53508a0c
EXLANG\disc0_rel\00b2b2a8.PDT	461	0x9936800	198656	0x100	ok	raw	53508b0c
EXLANG\disc0_rel\00b2b2a8.PDT	462	0x9967000	419840	0x100	ok	raw	53508c0c
EXLANG\disc0_rel\00b2b2a8.PDT	463	0x99cd800	251904	0x100	ok	raw	53508d0c
EXLANG\disc0_rel\00b2b2a8.PDT	464	0x9a0b000	124928	0x100	ok	raw	53508e0c
EXLANG\disc0_rel\00b2b2a8.PDT	465	0x9a29800	133120	0x100	ok	raw	53508f0c
EXLANG\disc0_rel\00b2b2a8.PDT	466	0x9a4a000	126976	0x100	ok	raw	5350900c
EXLANG\disc0_rel\00b2b2a8.PDT	467	0x9a69000	217088	0x100	ok	raw	5350910c
EXLANG\disc0_rel\00b2b2a8.PDT	468	0x9a9e000	288768	0x100	ok	raw	5350920c
EXLANG\disc0_rel\00b2b2a8.PDT	469	0x9ae4800	356352	0x100	ok	raw	5350930c
EXLANG\disc0_rel\00b2b2a8.PDT	470	0x9b3b800	6144	0x100	ok	raw	5350940c
EXLANG\disc0_rel\00b2b2a8.PDT	471	0x9b3d000	6144	0x100	ok	raw	5350950c
EXLANG\disc0_rel\00b2b2a8.PDT	472	0x9b3e800	6144	0x100	ok	raw	5350960c
EXLANG\disc0_rel\00b2b2a8.PDT	473	0x9b40000	274432	0x100	ok	raw	5350970c
EXLANG\disc0_rel\00b2b2a8.PDT	474	0x9b83000	215040	0x100	ok	raw	5350ca0c
EXLANG\disc0_rel\00b2b2a8.PDT	475	0x9bb7800	1028096	0x100	ok	raw	5350f90a
EXLANG\disc0_rel\00b2b2a8.PDT	476	0x9cb2800	1636352	0x100	ok	raw	5350fa0a
EXLANG\disc0_rel\00b2b2a8.PDT	477	0x9e42000	325632	0x100	ok	raw	5350fb0a
EXLANG\disc0_rel\00b2b2a8.PDT	478	0x9e91800	90112	0x100	ok	raw	5350fc0a
EXLANG\disc0_rel\00b2b2a8.PDT	479	0x9ea7800	59392	0x100	ok	raw	5350fd0a
EXLANG\disc0_rel\00b2b2a8.PDT	480	0x9eb6000	489472	0x100	ok	raw	5350fe0a
EXLANG\disc0_rel\00b2b2a8.PDT	481	0x9f2d800	546816	0x100	ok	raw	5350ff0a
EXLANG\disc0_rel\00b2b2a8.PDT	482	0x9fb3000	2379776	0x100	ok	raw	5350000b
EXLANG\disc0_rel\00b2b2a8.PDT	483	0xa1f8000	126976	0x100	ok	raw	5350010b
EXLANG\disc0_rel\00b2b2a8.PDT	484	0xa217000	59392	0x100	ok	raw	5350020b
EXLANG\disc0_rel\00b2b2a8.PDT	485	0xa225800	1818624	0x100	ok	raw	5350030b
EXLANG\disc0_rel\00b2b2a8.PDT	486	0xa3e1800	6144	0x100	ok	raw	5350040b
EXLANG\disc0_rel\00b2b2a8.PDT	487	0xa3e3000	6144	0x100	ok	raw	5350050b
EXLANG\disc0_rel\00b2b2a8.PDT	488	0xa3e4800	6144	0x100	ok	raw	5350060b
EXLANG\disc0_rel\00b2b2a8.PDT	489	0xa3e6000	102400	0x100	ok	raw	5350070b
EXLANG\disc0_rel\00b2b2a8.PDT	490	0xa3ff000	94208	0x100	ok	raw	5350080b
EXLANG\disc0_rel\00b2b2a8.PDT	491	0xa416000	548864	0x100	ok	raw	5350090b
EXLANG\disc0_rel\00b2b2a8.PDT	492	0xa49c000	212992	0x100	ok	raw	53500a0b
EXLANG\disc0_rel\00b2b2a8.PDT	493	0xa4d0000	73728	0x100	ok	raw	53500b0b
EXLANG\disc0_rel\00b2b2a8.PDT	494	0xa4e2000	94208	0x100	ok	raw	53500c0b
EXLANG\disc0_rel\00b2b2a8.PDT	495	0xa4f9000	2455552	0x100	ok	raw	53500d0b
EXLANG\disc0_rel\00b2b2a8.PDT	496	0xa750800	176128	0x100	ok	raw	53500e0b
EXLANG\disc0_rel\00b2b2a8.PDT	497	0xa77b800	53248	0x100	ok	raw	53500f0b
EXLANG\disc0_rel\00b2b2a8.PDT	498	0xa788800	2809856	0x100	ok	raw	5350100b
EXLANG\disc0_rel\00b2b2a8.PDT	499	0xaa36800	96256	0x100	ok	raw	5350110b
EXLANG\disc0_rel\00b2b2a8.PDT	500	0xaa4e000	47104	0x100	ok	raw	5350120b
EXLANG\disc0_rel\00b2b2a8.PDT	501	0xaa59800	47104	0x100	ok	raw	5350130b
EXLANG\disc0_rel\00b2b2a8.PDT	502	0xaa65000	86016	0x100	ok	raw	5350140b
EXLANG\disc0_rel\00b2b2a8.PDT	503	0xaa7a000	106496	0x100	ok	raw	5350150b
EXLANG\disc0_rel\00b2b2a8.PDT	504	0xaa94000	1810432	0x100	ok	raw	5350160b
EXLANG\disc0_rel\00b2b2a8.PDT	505	0xac4e000	83968	0x100	ok	raw	5350170b
EXLANG\disc0_rel\00b2b2a8.PDT	506	0xac62800	61440	0x100	ok	raw	5350180b
EXLANG\disc0_rel\00b2b2a8.PDT	507	0xac71800	6144	0x100	ok	raw	5350190b
EXLANG\disc0_rel\00b2b2a8.PDT	508	0xac73000	141312	0x100	ok	raw	53501a0b
EXLANG\disc0_rel\00b2b2a8.PDT	509	0xac95800	8192	0x100	ok	raw	53501b0b
EXLANG\disc0_rel\00b2b2a8.PDT	510	0xac97800	67584	0x100	ok	raw	53501c0b
EXLANG\disc0_rel\00b2b2a8.PDT	511	0xaca8000	24576	0x100	ok	raw	53501d0b
EXLANG\disc0_rel\00b2b2a8.PDT	512	0xacae000	276480	0x100	ok	raw	53501e0b
EXLANG\disc0_rel\00b2b2a8.PDT	513	0xacf1800	40960	0x100	ok	raw	53501f0b
EXLANG\disc0_rel\00b2b2a8.PDT	514	0xacfb800	141312	0x100	ok	raw	5350200b
EXLANG\disc0_rel\00b2b2a8.PDT	515	0xad1e000	155648	0x100	ok	raw	5350210b
EXLANG\disc0_rel\00b2b2a8.PDT	516	0xad44000	45056	0x100	ok	raw	5350220b
EXLANG\disc0_rel\00b2b2a8.PDT	517	0xad4f000	81920	0x100	ok	raw	5350230b
EXLANG\disc0_rel\00b2b2a8.PDT	518	0xad63000	83968	0x100	ok	raw	5350240b
EXLANG\disc0_rel\00b2b2a8.PDT	519	0xad77800	43008	0x100	ok	raw	5350250b
EXLANG\disc0_rel\00b2b2a8.PDT	520	0xad82000	67584	0x100	ok	raw	5350260b
EXLANG\disc0_rel\00b2b2a8.PDT	521	0xad92800	247808	0x100	ok	raw	5350270b
EXLANG\disc0_rel\00b2b2a8.PDT	522	0xadcf000	47104	0x100	ok	raw	5350280b
EXLANG\disc0_rel\00b2b2a8.PDT	523	0xadda800	231424	0x100	ok	raw	5350290b
EXLANG\disc0_rel\00b2b2a8.PDT	524	0xae13000	32768	0x100	ok	raw	53502a0b
EXLANG\disc0_rel\00b2b2a8.PDT	525	0xae1b000	67584	0x100	ok	raw	53502b0b
EXLANG\disc0_rel\00b2b2a8.PDT	526	0xae2b800	385024	0x100	ok	raw	53502c0b
EXLANG\disc0_rel\00b2b2a8.PDT	527	0xae89800	45056	0x100	ok	raw	53502d0b
EXLANG\disc0_rel\00b2b2a8.PDT	528	0xae94800	69632	0x100	ok	raw	53502e0b
EXLANG\disc0_rel\00b2b2a8.PDT	529	0xaea5800	526336	0x100	ok	raw	53502f0b
EXLANG\disc0_rel\00b2b2a8.PDT	530	0xaf26000	2103296	0x100	ok	raw	5350300b
EXLANG\disc0_rel\00b2b2a8.PDT	531	0xb127800	1523712	0x100	ok	raw	5350310b
EXLANG\disc0_rel\00b2b2a8.PDT	532	0xb29b800	32768	0x100	ok	raw	5350320b
EXLANG\disc0_rel\00b2b2a8.PDT	533	0xb2a3800	83968	0x100	ok	raw	5350d50c
EXLANG\disc0_rel\00b2b2a8.PDT	534	0xb2b8000	198656	0x100	ok	raw	5350330b
EXLANG\disc0_rel\00b2b2a8.PDT	535	0xb2e8800	217088	0x100	ok	raw	5350340b
EXLANG\disc0_rel\00b2b2a8.PDT	536	0xb31d800	79872	0x100	ok	raw	5350350b
EXLANG\disc0_rel\00b2b2a8.PDT	537	0xb331000	81920	0x100	ok	raw	5350360b
EXLANG\disc0_rel\00b2b2a8.PDT	538	0xb345000	86016	0x100	ok	raw	5350370b
EXLANG\disc0_rel\00b2b2a8.PDT	539	0xb35a000	59392	0x100	ok	raw	5350380b
EXLANG\disc0_rel\00b2b2a8.PDT	540	0xb368800	51200	0x100	ok	raw	5350390b
EXLANG\disc0_rel\00b2b2a8.PDT	541	0xb375000	75776	0x100	ok	raw	53503a0b
EXLANG\disc0_rel\00b2b2a8.PDT	542	0xb387800	71680	0x100	ok	raw	53503b0b
EXLANG\disc0_rel\00b2b2a8.PDT	543	0xb399000	129024	0x100	ok	raw	53503c0b
EXLANG\disc0_rel\00b2b2a8.PDT	544	0xb3b8800	237568	0x100	ok	raw	53503d0b
EXLANG\disc0_rel\00b2b2a8.PDT	545	0xb3f2800	147456	0x100	ok	raw	5350980c
EXLANG\disc0_rel\00b2b2a8.PDT	546	0xb416800	116736	0x100	ok	raw	5350990c
EXLANG\disc0_rel\00b2b2a8.PDT	547	0xb433000	235520	0x100	ok	raw	53509a0c
EXLANG\disc0_rel\00b2b2a8.PDT	548	0xb46c800	100352	0x100	ok	raw	53509b0c
EXLANG\disc0_rel\00b2b2a8.PDT	549	0xb485000	118784	0x100	ok	raw	53509c0c
EXLANG\disc0_rel\00b2b2a8.PDT	550	0xb4a2000	133120	0x100	ok	raw	53509d0c
EXLANG\disc0_rel\00b2b2a8.PDT	551	0xb4c2800	106496	0x100	ok	raw	5350ce0c
EXLANG\disc0_rel\00b2b2a8.PDT	552	0xb4dc800	8192	0x100	ok	raw	5350cf0c
EXLANG\disc0_rel\00b2b2a8.PDT	553	0xb4de800	96256	0x100	ok	raw	5350d00c
EXLANG\disc0_rel\00b2b2a8.PDT	554	0xb4f6000	75776	0x100	ok	raw	5350d10c
EXLANG\disc0_rel\00b2b2a8.PDT	555	0xb508800	98304	0x100	ok	raw	5350d20c
EXLANG\disc0_rel\00b2b2a8.PDT	556	0xb520800	77824	0x100	ok	raw	5350d30c
EXLANG\disc0_rel\00b2b2a8.PDT	557	0xb533800	247808	0x100	ok	raw	5350d40c
EXLANG\disc0_rel\00b2b2a8.PDT	558	0xb570000	628736	0x100	ok	raw	53509e0c
EXLANG\disc0_rel\00b2b2a8.PDT	559	0xb609800	174080	0x100	ok	raw	53509f0c
EXLANG\disc0_rel\00b2b2a8.PDT	560	0xb634000	243712	0x100	ok	raw	5350a00c
EXLANG\disc0_rel\00b2b2a8.PDT	561	0xb66f800	598016	0x100	ok	raw	5350a10c
EXLANG\disc0_rel\00b2b2a8.PDT	562	0xb701800	1048576	0x100	ok	raw	5350a20c
EXLANG\disc0_rel\00b2b2a8.PDT	563	0xb801800	538624	0x100	ok	raw	5350a30c
EXLANG\disc0_rel\00b2b2a8.PDT	564	0xb885000	286720	0x100	ok	raw	5350a40c
EXLANG\disc0_rel\00b2b2a8.PDT	565	0xb8cb000	755712	0x100	ok	raw	5350a50c
EXLANG\disc0_rel\00b2b2a8.PDT	566	0xb983800	231424	0x100	ok	raw	5350a60c
EXLANG\disc0_rel\00b2b2a8.PDT	567	0xb9bc000	374784	0x100	ok	raw	5350a70c
EXLANG\disc0_rel\00b2b2a8.PDT	568	0xba17800	6144	0x100	ok	raw	5350a80c
EXLANG\disc0_rel\00b2b2a8.PDT	569	0xba19000	292864	0x100	ok	raw	5350a90c
EXLANG\disc0_rel\00b2b2a8.PDT	570	0xba60800	6144	0x100	ok	raw	5350aa0c
EXLANG\disc0_rel\00b2b2a8.PDT	571	0xba62000	333824	0x100	ok	raw	5350ab0c
EXLANG\disc0_rel\00b2b2a8.PDT	572	0xbab3800	385024	0x100	ok	raw	5350ac0c
EXLANG\disc0_rel\00b2b2a8.PDT	573	0xbb11800	274432	0x100	ok	raw	5350ad0c
EXLANG\disc0_rel\00b2b2a8.PDT	574	0xbb54800	270336	0x100	ok	raw	5350ae0c
EXLANG\disc0_rel\00b2b2a8.PDT	575	0xbb96800	229376	0x100	ok	raw	5350af0c
EXLANG\disc0_rel\00b2b2a8.PDT	576	0xbbce800	145408	0x100	ok	raw	5350b10c
EXLANG\disc0_rel\00b2b2a8.PDT	577	0xbbf2000	83968	0x100	ok	raw	5350b00c
EXLANG\disc0_rel\00b2b2a8.PDT	578	0xbc06800	61440	0x100	ok	raw	5350cb0c
EXLANG\disc0_rel\00b2b2a8.PDT	579	0xbc15800	77824	0x100	ok	raw	5350cc0c
EXLANG\disc0_rel\00b2b2a8.PDT	580	0xbc28800	57344	0x100	ok	raw	5350cd0c
EXLANG\disc0_rel\00b2b2a8.PDT	581	0xbc36800	1460224	0x100	ok	raw	5350b60c
EXLANG\disc0_rel\00b2b2a8.PDT	582	0xbd9b000	1986560	0x100	ok	raw	5350b70c
EXLANG\disc0_rel\00b2b2a8.PDT	583	0xbf80000	2897920	0x100	ok	raw	5350b80c
EXLANG\disc0_rel\00b2b2a8.PDT	584	0xc243800	2799616	0x100	ok	raw	5350b90c
EXLANG\disc0_rel\00b2b2a8.PDT	585	0xc4ef000	3043328	0x100	ok	raw	5350ba0c
EXLANG\disc0_rel\00b2b2a8.PDT	586	0xc7d6000	2867200	0x100	ok	raw	5350bb0c
EXLANG\disc0_rel\00b2b2a8.PDT	587	0xca92000	2277376	0x100	ok	raw	5350bc0c
EXLANG\disc0_rel\00b2b2a8.PDT	588	0xccbe000	2721792	0x100	ok	raw	5350bd0c
EXLANG\disc0_rel\00b2b2a8.PDT	589	0xcf56800	1765376	0x100	ok	raw	5350be0c
EXLANG\disc0_rel\00b2b2a8.PDT	590	0xd105800	2574336	0x100	ok	raw	5350bf0c
EXLANG\disc0_rel\00b2b2a8.PDT	591	0xd37a000	6553600	0x100	ok	raw	5350b20c
EXLANG\disc0_rel\00b2b2a8.PDT	592	0xd9ba000	6854656	0x100	ok	raw	5350cf0b
EXLANG\disc0_rel\00b2b2a8.PDT	593	0xe043800	5781504	0x100	ok	raw	5350b30c
EXLANG\disc0_rel\00b2b2a8.PDT	594	0xe5c7000	3336192	0x100	ok	raw	5350b40c
EXLANG\disc0_rel\00b2b2a8.PDT	595	0xe8f5800	3815424	0x100	ok	raw	5350c00c
EXLANG\disc0_rel\00b2b2a8.PDT	596	0xec99000	4507648	0x100	ok	raw	5350c10c
EXLANG\disc0_rel\00b2b2a8.PDT	597	0xf0e5800	3297280	0x100	ok	raw	5350c20c
EXLANG\disc0_rel\00b2b2a8.PDT	598	0xf40a800	2740224	0x100	ok	raw	5350c30c
EXLANG\disc0_rel\00b2b2a8.PDT	599	0xf6a7800	2424832	0x100	ok	raw	5350c40c
EXLANG\disc0_rel\00b2b2a8.PDT	600	0xf8f7800	4141056	0x100	ok	raw	5350c50c
EXLANG\disc0_rel\00b2b2a8.PDT	601	0xfcea800	4255744	0x100	ok	raw	5350c60c
EXLANG\disc0_rel\00b2b2a8.PDT	602	0x100f9800	4405248	0x100	ok	raw	5350d00b
EXLANG\disc0_rel\00b2b2a8.PDT	603	0x1052d000	18432	0x100	ok	raw	5350b50c
EXLANG\disc0_rel\00b2b2a8.PDT	604	0x10531800	1630208	0x100	ok	raw	5350c70c
EXLANG\disc0_rel\00b2b2a8.PDT	605	0x106bf800	1349632	0x100	ok	raw	5350c80c
EXLANG\disc0_rel\00b2b2a8.PDT	606	0x10809000	1417216	0x100	ok	raw	5350c90c
EXLANG\disc0_rel\00b2b2a8.PDT	607	0x10963000	1001472	0x100	ok	raw	5350d60c
MLG\disc0_rel\ADEMOHQ\0058c756.pdt	0	0x800	237080	0x100	ok	raw	46454c07
MLG\disc0_rel\ADEMOHQ\0058c756.pdt	1	0x3a800	434932	0x100	ok	raw	46454c07
MLG\disc0_rel\ADEMOHQ\0058c756.pdt	2	0xa5000	71140	0x100	ok	raw	46454c07
MLG\disc0_rel\ADEMOHQ\0058c756.pdt	3	0xb6800	115994240	0x100	ok	raw	00000000
MLG\disc0_rel\ADEMOHQ\0058c736.pdt	0	0x800	165604	0x100	ok	raw	46454c07
MLG\disc0_rel\ADEMOHQ\0058c736.pdt	1	0x29000	110392	0x100	ok	raw	46454c07
MLG\disc0_rel\ADEMOHQ\0058c736.pdt	2	0x44000	312132	0x100	ok	raw	46454c07
MLG\disc0_rel\ADEMOHQ\0058c736.pdt	3	0x90800	458572	0x100	ok	raw	46454c07
MLG\disc0_rel\ADEMOHQ\0058c736.pdt	4	0x100800	294532	0x100	ok	raw	46454c07
MLG\disc0_rel\ADEMOHQ\0058c736.pdt	5	0x148800	135714400	0x100	ok	raw	00000000
MLG\disc0_rel\ADEMOHQ\0058c796.pdt	0	0x800	454792	0x100	ok	raw	46454c07
MLG\disc0_rel\ADEMOHQ\0058c796.pdt	1	0x70000	454200	0x100	ok	raw	46454c07
MLG\disc0_rel\ADEMOHQ\0058c796.pdt	2	0xdf000	473752	0x100	ok	raw	46454c07
MLG\disc0_rel\ADEMOHQ\0058c796.pdt	3	0x153000	471592	0x100	ok	raw	46454c07
MLG\disc0_rel\ADEMOHQ\0058c796.pdt	4	0x1c6800	359712	0x100	ok	raw	46454c07
MLG\disc0_rel\ADEMOHQ\0058c796.pdt	5	0x21e800	100701280	0x100	ok	raw	00000000
MLG\disc0_rel\ADEMOHQ\0058c7b6.pdt	0	0x800	329680	0x100	ok	raw	46454c07
MLG\disc0_rel\ADEMOHQ\0058c7b6.pdt	1	0x51000	492744	0x100	ok	raw	46454c07
MLG\disc0_rel\ADEMOHQ\0058c7b6.pdt	2	0xc9800	93518032	0x100	ok	raw	00000000
MLG\disc0_rel\ADEMOHQ\0058cad6.pdt	0	0x800	902252	0x100	ok	raw	46454c07
MLG\disc0_rel\ADEMOHQ\0058cad6.pdt	1	0xdd000	315616	0x100	ok	raw	46454c07
MLG\disc0_rel\ADEMOHQ\0058cad6.pdt	2	0x12a800	607520	0x100	ok	raw	46454c07
MLG\disc0_rel\ADEMOHQ\0058cad6.pdt	3	0x1bf000	805692	0x100	ok	raw	46454c07
MLG\disc0_rel\ADEMOHQ\0058cad6.pdt	4	0x284000	313628	0x100	ok	raw	46454c07
MLG\disc0_rel\ADEMOHQ\0058cad6.pdt	5	0x2d1000	1180088	0x100	ok	raw	46454c07
MLG\disc0_rel\ADEMOHQ\0058cad6.pdt	6	0x3f1800	59396	0x100	ok	raw	46454c07
MLG\disc0_rel\ADEMOHQ\0058cafb.pdt	0	0x800	51600	0x100	ok	raw	46454c07
MLG\disc0_rel\ADEMOHQ\0058cafb.pdt	1	0xd800	10374912	0x100	ok	raw	00000000
MLG\disc0_rel\ADEMOHQ\0058cb36.pdt	0	0x800	95628	0x100	ok	raw	46454c07
MLG\disc0_rel\ADEMOHQ\0058cb36.pdt	1	0x18000	4840	0x100	ok	raw	46454c07
MLG\disc0_rel\ADEMOHQ\0058cb36.pdt	2	0x19800	4588	0x100	ok	raw	46454c07
MLG\disc0_rel\ADEMOHQ\0058cb36.pdt	3	0x1b000	1272	0x100	ok	raw	46454c07
MLG\disc0_rel\ADEMOHQ\0058cb36.pdt	4	0x1b800	157680	0x100	ok	raw	46454c07
MLG\disc0_rel\ADEMOHQ\0058cb36.pdt	5	0x42000	52511792	0x100	ok	raw	00000000
MLG\disc0_rel\ADEMOHQ\0058cb56.pdt	0	0x800	504428	0x100	ok	raw	46454c07
MLG\disc0_rel\ADEMOHQ\0058cb56.pdt	1	0x7c000	143108	0x100	ok	raw	46454c07
MLG\disc0_rel\ADEMOHQ\0058cb56.pdt	2	0x9f000	328436	0x100	ok	raw	46454c07
MLG\disc0_rel\ADEMOHQ\0058cb56.pdt	3	0xef800	258752	0x100	ok	raw	46454c07
MLG\disc0_rel\ADEMOHQ\0058cb56.pdt	4	0x12f000	642772	0x100	ok	raw	46454c07
MLG\disc0_rel\ADEMOHQ\0058cb56.pdt	5	0x1cc000	146772	0x100	ok	raw	46454c07
MLG\disc0_rel\ADEMOHQ\0058cb56.pdt	6	0x1f0000	276084	0x100	ok	raw	46454c07
MLG\disc0_rel\ADEMOHQ\0058cb56.pdt	7	0x233800	309416	0x100	ok	raw	46454c07
MLG\disc0_rel\ADEMOHQ\0058cb56.pdt	8	0x27f800	315484	0x100	ok	raw	46454c07
MLG\disc0_rel\ADEMOHQ\0058cb76.pdt	0	0x800	758580	0x100	ok	raw	46454c07
MLG\disc0_rel\ADEMOHQ\0058cb76.pdt	1	0xba000	161580	0x100	ok	raw	46454c07
MLG\disc0_rel\ADEMOHQ\0058cb76.pdt	2	0xe1800	172260	0x100	ok	raw	46454c07
MLG\disc0_rel\ADEMOHQ\0058cb76.pdt	3	0x10c000	126232	0x100	ok	raw	46454c07
MLG\disc0_rel\ADEMOHQ\0058cb76.pdt	4	0x12b000	129696	0x100	ok	raw	46454c07
MLG\disc0_rel\ADEMOHQ\0058cb76.pdt	5	0x14b000	281184	0x100	ok	raw	46454c07
MLG\disc0_rel\ADEMOHQ\0058cb76.pdt	6	0x190000	681220	0x100	ok	raw	46454c07
MLG\disc0_rel\ADEMOHQ\0058cb76.pdt	7	0x236800	172504	0x100	ok	raw	46454c07
MLG\disc0_rel\ADEMOHQ\0058cb76.pdt	8	0x261000	197776	0x100	ok	raw	46454c07
MLG\disc0_rel\ADEMOHQ\0058cb76.pdt	9	0x291800	231032	0x100	ok	raw	46454c07
MLG\disc0_rel\ADEMOHQ\0058cb76.pdt	10	0x2ca000	358124	0x100	ok	raw	46454c07
MLG\disc0_rel\ADEMOHQ\0058cb3b.pdt	0	0x800	95476	0x100	ok	raw	46454c07
MLG\disc0_rel\ADEMOHQ\0058cb3b.pdt	1	0x18000	4840	0x100	ok	raw	46454c07
MLG\disc0_rel\ADEMOHQ\0058cb3b.pdt	2	0x19800	4808	0x100	ok	raw	46454c07
MLG\disc0_rel\ADEMOHQ\0058cb3b.pdt	3	0x1b000	212900	0x100	ok	raw	46454c07
MLG\disc0_rel\ADEMOHQ\0058cb3b.pdt	4	0x4f000	60147888	0x100	ok	raw	00000000
MLG\disc0_rel\ADEMOHQ\0058ceb6.pdt	0	0x800	299564	0x100	ok	raw	46454c07
MLG\disc0_rel\ADEMOHQ\0058ceb6.pdt	1	0x4a000	282328	0x100	ok	raw	46454c07
MLG\disc0_rel\ADEMOHQ\0058ceb6.pdt	2	0x8f000	223800	0x100	ok	raw	46454c07
MLG\disc0_rel\ADEMOHQ\0058ceb6.pdt	3	0xc6000	151080	0x100	ok	raw	46454c07
MLG\disc0_rel\ADEMOHQ\0058ceb6.pdt	4	0xeb000	178208	0x100	ok	raw	46454c07
MLG\disc0_rel\ADEMOHQ\0058ceb6.pdt	5	0x117000	223100	0x100	ok	raw	46454c07
MLG\disc0_rel\ADEMOHQ\0058ceb6.pdt	6	0x14d800	131200	0x100	ok	raw	46454c07
MLG\disc0_rel\ADEMOHQ\0058ceb6.pdt	7	0x16e000	680368	0x100	ok	raw	46454c07
MLG\disc0_rel\ADEMOHQ\0058ceb6.pdt	8	0x214800	79616	0x100	ok	raw	46454c07
MLG\disc0_rel\ADEMOHQ\0058ceb6.pdt	9	0x228000	29704	0x100	ok	raw	46454c07
MLG\disc0_rel\ADEMOHQ\0058ceb6.pdt	10	0x22f800	309312	0x100	ok	raw	46454c07
MLG\disc0_rel\ADEMOHQ\0058ceb6.pdt	11	0x27b800	164884	0x100	ok	raw	46454c07
MLG\disc0_rel\ADEMOHQ\0058ceb6.pdt	12	0x2a4000	67560	0x100	ok	raw	46454c07
MLG\disc0_rel\ADEMOHQ\0058ceb6.pdt	13	0x2b4800	119100	0x100	ok	raw	46454c07
MLG\disc0_rel\ADEMOHQ\0058ceb6.pdt	14	0x2d2000	19064	0x100	ok	raw	46454c07
MLG\disc0_rel\ADEMOHQ\0058ced6.pdt	0	0x800	747836	0x100	ok	raw	46454c07
MLG\disc0_rel\ADEMOHQ\0058ced6.pdt	1	0xb7800	313616	0x100	ok	raw	46454c07
MLG\disc0_rel\ADEMOHQ\0058ced6.pdt	2	0x104800	279472	0x100	ok	raw	46454c07
MLG\disc0_rel\ADEMOHQ\0058ced6.pdt	3	0x149000	191688	0x100	ok	raw	46454c07
MLG\disc0_rel\ADEMOHQ\0058ced6.pdt	4	0x178000	273552	0x100	ok	raw	46454c07
MLG\disc0_rel\ADEMOHQ\0058ced6.pdt	5	0x1bb000	185132	0x100	ok	raw	46454c07
MLG\disc0_rel\ADEMOHQ\0058ced6.pdt	6	0x1e8800	296704	0x100	ok	raw	46454c07
MLG\disc0_rel\ADEMOHQ\0058ced6.pdt	7	0x231000	150048	0x100	ok	raw	46454c07
MLG\disc0_rel\ADEMOHQ\0058ced6.pdt	8	0x256000	196384	0x100	ok	raw	46454c07
MLG\disc0_rel\ADEMOHQ\0058ced6.pdt	9	0x286000	157788	0x100	ok	raw	46454c07
MLG\disc0_rel\ADEMOHQ\0058ced6.pdt	10	0x2ad000	501192	0x100	ok	raw	46454c07
MLG\disc0_rel\ADEMOHQ\0058ced6.pdt	11	0x327800	127624	0x100	ok	raw	46454c07
MLG\disc0_rel\ADEMOHQ\0058ced6.pdt	12	0x347000	107572	0x100	ok	raw	46454c07
MLG\disc0_rel\ADEMOHQ\0058ced6.pdt	13	0x361800	212636	0x100	ok	raw	46454c07
MLG\disc0_rel\ADEMOHQ\0058ced6.pdt	14	0x395800	107940	0x100	ok	raw	46454c07
MLG\disc0_rel\ADEMOHQ\0058ced6.pdt	15	0x3b0000	100148	0x100	ok	raw	46454c07
MLG\disc0_rel\ADEMOHQ\0058cef6.pdt	0	0x800	776068	0x100	ok	raw	46454c07
MLG\disc0_rel\ADEMOHQ\0058cef6.pdt	1	0xbe000	369396	0x100	ok	raw	46454c07
MLG\disc0_rel\ADEMOHQ\0058cef6.pdt	2	0x118800	205092	0x100	ok	raw	46454c07
MLG\disc0_rel\ADEMOHQ\0058cef6.pdt	3	0x14b000	321708	0x100	ok	raw	46454c07
MLG\disc0_rel\ADEMOHQ\0058cef6.pdt	4	0x19a000	299100	0x100	ok	raw	46454c07
MLG\disc0_rel\ADEMOHQ\0058cef6.pdt	5	0x1e3800	406676	0x100	ok	raw	46454c07
MLG\disc0_rel\ADEMOHQ\0058cef6.pdt	6	0x247000	484748	0x100	ok	raw	46454c07
MLG\disc0_rel\ADEMOHQ\0058cef6.pdt	7	0x2bd800	139392	0x100	ok	raw	46454c07
MLG\disc0_rel\ADEMOHQ\0058cef6.pdt	8	0x2e0000	309400	0x100	ok	raw	46454c07
MLG\disc0_rel\ADEMOHQ\0058cef6.pdt	9	0x32c000	89020	0x100	ok	raw	46454c07
MLG\disc0_rel\ADEMOHQ\0058cef6.pdt	10	0x342000	252096	0x100	ok	raw	46454c07
MLG\disc0_rel\ADEMOHQ\0058cef6.pdt	11	0x380000	487540	0x100	ok	raw	46454c07
MLG\disc0_rel\ADEMOHQ\0058c7d6.pdt	0	0x800	512000	0x100	ok	raw	46454c07
MLG\disc0_rel\ADEMOHQ\0058c7d6.pdt	1	0x7d800	199908	0x100	ok	raw	46454c07
MLG\disc0_rel\ADEMOHQ\0058c7d6.pdt	2	0xae800	320768	0x100	ok	raw	46454c07
MLG\disc0_rel\ADEMOHQ\0058c7d6.pdt	3	0xfd000	411272	0x100	ok	raw	46454c07
MLG\disc0_rel\ADEMOHQ\0058c7d6.pdt	4	0x161800	228864	0x100	ok	raw	46454c07
MLG\disc0_rel\ADEMOHQ\0058c7d6.pdt	5	0x199800	147903168	0x100	ok	raw	00000000
MLG\disc0_rel\ADEMOHQ\0058cf96.pdt	0	0x800	364324	0x100	ok	raw	46454c07
MLG\disc0_rel\ADEMOHQ\0058cf96.pdt	1	0x59800	38276	0x100	ok	raw	46454c07
MLG\disc0_rel\ADEMOHQ\0058cf96.pdt	2	0x63000	215948	0x100	ok	raw	46454c07
MLG\disc0_rel\ADEMOHQ\0058cf96.pdt	3	0x98000	73012	0x100	ok	raw	46454c07
MLG\disc0_rel\ADEMOHQ\0058cf96.pdt	4	0xaa000	1087120	0x100	ok	raw	46454c07
MLG\disc0_rel\ADEMOHQ\0058cf96.pdt	5	0x1b3800	35812	0x100	ok	raw	46454c07
MLG\disc0_rel\ADEMOHQ\0058cf96.pdt	6	0x1bc800	371972	0x100	ok	raw	46454c07
MLG\disc0_rel\ADEMOHQ\0058cf96.pdt	7	0x217800	56088	0x100	ok	raw	46454c07
MLG\disc0_rel\ADEMOHQ\0058cf96.pdt	8	0x225800	22240	0x100	ok	raw	46454c07
MLG\disc0_rel\ADEMOHQ\0058cfb6.pdt	0	0x800	253080	0x100	ok	raw	46454c07
MLG\disc0_rel\ADEMOHQ\0058cfb6.pdt	1	0x3e800	779000	0x100	ok	raw	46454c07
MLG\disc0_rel\ADEMOHQ\0058cfb6.pdt	2	0xfd000	546552	0x100	ok	raw	46454c07
MLG\disc0_rel\ADEMOHQ\0058cfb6.pdt	3	0x182800	463152	0x100	ok	raw	46454c07
MLG\disc0_rel\ADEMOHQ\0058cfb6.pdt	4	0x1f4000	380200	0x100	ok	raw	46454c07
MLG\disc0_rel\ADEMOHQ\0058cfb6.pdt	5	0x251000	574340	0x100	ok	raw	46454c07
MLG\disc0_rel\ADEMOHQ\0058cfb6.pdt	6	0x2dd800	263252	0x100	ok	raw	46454c07
MLG\disc0_rel\ADEMOHQ\0058cfb6.pdt	7	0x31e000	153556	0x100	ok	raw	46454c07
MLG\disc0_rel\ADEMOHQ\0058cfd6.pdt	0	0x800	1002732	0x100	ok	raw	46454c07
MLG\disc0_rel\ADEMOHQ\0058cfd6.pdt	1	0xf5800	1075540	0x100	ok	raw	46454c07
MLG\disc0_rel\ADEMOHQ\0058cfd6.pdt	2	0x1fc800	839620	0x100	ok	raw	46454c07
MLG\disc0_rel\ADEMOHQ\0058cfd6.pdt	3	0x2c9800	1261212	0x100	ok	raw	46454c07
MLG\disc0_rel\ADEMOHQ\0058cfd6.pdt	4	0x3fd800	717620	0x100	ok	raw	46454c07
MLG\disc0_rel\ADEMOHQ\0058cfd6.pdt	5	0x4ad000	156432	0x100	ok	raw	46454c07
MLG\disc0_rel\ADEMOHQ\0058cfd6.pdt	6	0x4d3800	78796	0x100	ok	raw	46454c07
MLG\disc0_rel\ADEMOHQ\0058cfd6.pdt	7	0x4e7000	1400272	0x100	ok	raw	46454c07
MLG\disc0_rel\ADEMOHQ\0058cfd6.pdt	8	0x63d000	860776	0x100	ok	raw	46454c07
MLG\disc0_rel\ADEMOHQ\0058cfd6.pdt	9	0x70f800	60896	0x100	ok	raw	46454c07
MLG\disc0_rel\ADEMOHQ\0058cfd6.pdt	10	0x71e800	430664	0x100	ok	raw	46454c07
MLG\disc0_rel\ADEMOHQ\0058cfd6.pdt	11	0x788000	2061316	0x100	ok	raw	46454c07
MLG\disc0_rel\ADEMOHQ\0058cfd6.pdt	12	0x97f800	403696	0x100	ok	raw	46454c07
MLG\disc0_rel\ADEMOHQ\0058cfd6.pdt	13	0x9e2800	1444	0x100	ok	raw	46454c07
MLG\disc0_rel\ADEMOHQ\0058cfd6.pdt	14	0x9e3000	1660	0x100	ok	raw	46454c07
MLG\disc0_rel\ADEMOHQ\0058cf16.pdt	0	0x800	1048368	0x100	ok	raw	46454c07
MLG\disc0_rel\ADEMOHQ\0058cf16.pdt	1	0x100800	424800	0x100	ok	raw	46454c07
MLG\disc0_rel\ADEMOHQ\0058cf16.pdt	2	0x168800	71749664	0x100	ok	raw	00000000
MLG\disc0_rel\009645fa.PDT	0	0x5000	55	0x40	ok	zlib	zlib@4 51B
MLG\disc0_rel\009645fa.PDT	1	0x5800	17921	0x40	ok	inner_archive	zlib@4 files=30
MLG\disc0_rel\009645fa.PDT	2	0xa000	17003	0x40	ok	zlib	zlib@4 57215B
MLG\disc0_rel\009645fa.PDT	3	0xe800	69	0x40	ok	zlib	zlib@4 87B
MLG\disc0_rel\009645fa.PDT	4	0xf000	111395	0x40	ok	zlib	zlib@4 118816B
MLG\disc0_rel\009645fa.PDT	5	0x2a800	1908221	0x40	ok	zlib	zlib@4 11505696B
MLG\disc0_rel\009645fa.PDT	6	0x1fc800	1072003	0x40	ok	zlib	zlib@4 5243056B
MLG\disc0_rel\009645fa.PDT	7	0x302800	253175	0x40	ok	inner_archive	zlib@4 files=99
MLG\disc0_rel\009645fa.PDT	8	0x340800	40883	0x40	ok	zlib	zlib@4 124508B
MLG\disc0_rel\009645fa.PDT	9	0x34a800	66	0x40	ok	zlib	zlib@4 67B
MLG\disc0_rel\009645fa.PDT	10	0x34b000	188558	0x40	ok	zlib	zlib@4 3588176B
MLG\disc0_rel\009645fa.PDT	11	0x379800	48967	0x40	ok	inner_archive	zlib@4 files=55
MLG\disc0_rel\009645fa.PDT	12	0x385800	39040	0x40	ok	zlib	zlib@4 118630B
MLG\disc0_rel\009645fa.PDT	13	0x38f800	62	0x40	ok	zlib	zlib@4 63B
MLG\disc0_rel\009645fa.PDT	14	0x390000	210414	0x40	ok	zlib	zlib@4 2625760B
MLG\disc0_rel\009645fa.PDT	15	0x3c3800	557148	0x40	ok	inner_archive	zlib@4 files=114
MLG\disc0_rel\009645fa.PDT	16	0x44c000	51090	0x40	ok	zlib	zlib@4 166785B
MLG\disc0_rel\009645fa.PDT	17	0x458800	73	0x40	ok	zlib	zlib@4 109B
MLG\disc0_rel\009645fa.PDT	18	0x459000	127726	0x40	ok	zlib	zlib@4 434228B
MLG\disc0_rel\009645fa.PDT	19	0x478800	635586	0x40	ok	zlib	zlib@4 10895392B
MLG\disc0_rel\009645fa.PDT	20	0x514000	73112	0x40	ok	zlib	zlib@4 2052128B
MLG\disc0_rel\009645fa.PDT	21	0x526000	1969183	0x40	ok	zlib	zlib@4 25002016B
MLG\disc0_rel\009645fa.PDT	22	0x707000	470494	0x40	ok	zlib	zlib@4 1212568B
MLG\disc0_rel\009645fa.PDT	23	0x77a000	2007406	0x40	ok	inner_archive	zlib@4 files=180
MLG\disc0_rel\009645fa.PDT	24	0x964800	19600	0x40	ok	zlib	zlib@4 62673B
MLG\disc0_rel\009645fa.PDT	25	0x969800	64	0x40	ok	zlib	zlib@4 65B
MLG\disc0_rel\009645fa.PDT	26	0x96a000	354031	0x40	ok	zlib	zlib@4 3498064B
MLG\disc0_rel\009645fa.PDT	27	0x9c0800	137399	0x40	ok	inner_archive	zlib@4 files=67
MLG\disc0_rel\009645fa.PDT	28	0x9e2800	52642	0x40	ok	zlib	zlib@4 153419B
MLG\disc0_rel\009645fa.PDT	29	0x9ef800	59	0x40	ok	zlib	zlib@4 60B
MLG\disc0_rel\009645fa.PDT	30	0x9f0000	490767	0x40	ok	zlib	zlib@4 1847428B
MLG\disc0_rel\009645fa.PDT	31	0xa68000	308301	0x40	ok	inner_archive	zlib@4 files=45
MLG\disc0_rel\009645fa.PDT	32	0xab3800	6597	0x40	ok	zlib	zlib@4 18635B
MLG\disc0_rel\009645fa.PDT	33	0xab5800	160	0x40	ok	zlib	zlib@4 271B
MLG\disc0_rel\009645fa.PDT	34	0xab6000	486335	0x40	ok	zlib	zlib@4 1233044B
MLG\disc0_rel\009645fa.PDT	35	0xb2d000	1907145	0x40	ok	zlib	zlib@4 11431972B
MLG\disc0_rel\009645fa.PDT	36	0xcff000	1024261	0x40	ok	zlib	zlib@4 4329508B
MLG\disc0_rel\009645fa.PDT	37	0xdf9800	2272231	0x40	ok	zlib	zlib@4 36438052B
MLG\disc0_rel\009645fa.PDT	38	0x1024800	58881	0x40	ok	zlib	zlib@4 94308B
MLG\disc0_rel\009645fa.PDT	39	0x1033000	1991403	0x40	ok	inner_archive	zlib@4 files=59
MLG\disc0_rel\009645fa.PDT	40	0x1219800	72522	0x40	ok	zlib	zlib@4 246916B
MLG\disc0_rel\009645fa.PDT	41	0x122b800	146	0x40	ok	zlib	zlib@4 242B
MLG\disc0_rel\009645fa.PDT	42	0x122c000	5695	0x40	ok	zlib	zlib@4 34008B
MLG\disc0_rel\009645fa.PDT	43	0x122d800	342719	0x40	ok	zlib	zlib@4 1008432B
MLG\disc0_rel\009645fa.PDT	44	0x1281800	495220	0x40	ok	zlib	zlib@4 1261780B
MLG\disc0_rel\009645fa.PDT	45	0x12fa800	943504	0x40	ok	zlib	zlib@4 16719908B
MLG\disc0_rel\009645fa.PDT	46	0x13e1000	23276	0x40	ok	zlib	zlib@4 651332B
MLG\disc0_rel\009645fa.PDT	47	0x13e7000	1990495	0x40	ok	inner_archive	zlib@4 files=131
MLG\disc0_rel\009645fa.PDT	48	0x15cd000	32531	0x40	ok	zlib	zlib@4 110813B
MLG\disc0_rel\009645fa.PDT	49	0x15d5000	104	0x40	ok	zlib	zlib@4 135B
MLG\disc0_rel\009645fa.PDT	50	0x15d5800	470199	0x40	ok	zlib	zlib@4 1261616B
MLG\disc0_rel\009645fa.PDT	51	0x1648800	1907148	0x40	ok	zlib	zlib@4 11431972B
MLG\disc0_rel\009645fa.PDT	52	0x181a800	1024265	0x40	ok	zlib	zlib@4 4329508B
MLG\disc0_rel\009645fa.PDT	53	0x1915000	1340766	0x40	ok	inner_archive	zlib@4 files=29
MLG\disc0_rel\009645fa.PDT	54	0x1a5c800	59633	0x40	ok	zlib	zlib@4 207254B
MLG\disc0_rel\009645fa.PDT	55	0x1a6b800	106	0x40	ok	zlib	zlib@4 140B
MLG\disc0_rel\009645fa.PDT	56	0x1a6c000	506145	0x40	ok	zlib	zlib@4 2596972B
MLG\disc0_rel\009645fa.PDT	57	0x1ae8000	2118584	0x40	ok	zlib	zlib@4 19509288B
MLG\disc0_rel\009645fa.PDT	58	0x1ced800	2940	0x40	ok	zlib	zlib@4 73760B
MLG\disc0_rel\009645fa.PDT	59	0x1cee800	1335333	0x40	ok	inner_archive	zlib@4 files=28
MLG\disc0_rel\009645fa.PDT	60	0x1e35000	19220	0x40	ok	zlib	zlib@4 61654B
MLG\disc0_rel\009645fa.PDT	61	0x1e3a000	121	0x40	ok	zlib	zlib@4 153B
MLG\disc0_rel\009645fa.PDT	62	0x1e3a800	90354	0x40	ok	zlib	zlib@4 1626452B
MLG\disc0_rel\009645fa.PDT	63	0x1e51000	1464617	0x40	ok	inner_archive	zlib@4 files=27
MLG\disc0_rel\009645fa.PDT	64	0x1fb7000	80379	0x40	ok	zlib	zlib@4 747168B
MLG\disc0_rel\009645fa.PDT	65	0x1fcb000	36015	0x40	ok	zlib	zlib@4 128219B
MLG\disc0_rel\009645fa.PDT	66	0x1fd4000	122	0x40	ok	zlib	zlib@4 153B
MLG\disc0_rel\009645fa.PDT	67	0x1fd4800	75334	0x40	ok	zlib	zlib@4 1605996B
MLG\disc0_rel\009645fa.PDT	68	0x1fe7000	1441903	0x40	ok	inner_archive	zlib@4 files=27
MLG\disc0_rel\009645fa.PDT	69	0x2147800	79990	0x40	ok	zlib	zlib@4 662848B
MLG\disc0_rel\009645fa.PDT	70	0x215b800	35960	0x40	ok	zlib	zlib@4 127781B
MLG\disc0_rel\009645fa.PDT	71	0x2164800	122	0x40	ok	zlib	zlib@4 153B
MLG\disc0_rel\009645fa.PDT	72	0x2165000	56150	0x40	ok	zlib	zlib@4 1577244B
MLG\disc0_rel\009645fa.PDT	73	0x2173000	1206759	0x40	ok	inner_archive	zlib@4 files=23
MLG\disc0_rel\009645fa.PDT	74	0x229a000	165023	0x40	ok	zlib	zlib@4 1629456B
MLG\disc0_rel\009645fa.PDT	75	0x22c2800	35339	0x40	ok	zlib	zlib@4 126476B
MLG\disc0_rel\009645fa.PDT	76	0x22cb800	69	0x40	ok	zlib	zlib@4 70B
MLG\disc0_rel\009645fa.PDT	77	0x22cc000	1835	0x40	ok	zlib	zlib@4 159836B
MLG\disc0_rel\009645fa.PDT	79	0x127bb800	20459	0x40	ok	zlib	zlib@4 61231B
MLG\disc0_rel\009645fa.PDT	80	0x127c0800	64	0x40	ok	zlib	zlib@4 65B
MLG\disc0_rel\009645fa.PDT	81	0x127c1000	678262	0x40	ok	zlib	zlib@4 3813624B
MLG\disc0_rel\009645fa.PDT	82	0x12867000	121178	0x40	ok	inner_archive	zlib@4 files=48
MLG\disc0_rel\009645fa.PDT	83	0x12885000	18040	0x40	ok	zlib	zlib@4 59270B
MLG\disc0_rel\009645fa.PDT	84	0x12889800	71	0x40	ok	zlib	zlib@4 89B
MLG\disc0_rel\009645fa.PDT	85	0x1288a000	598572	0x40	ok	zlib	zlib@4 1646788B
MLG\disc0_rel\009645fa.PDT	86	0x1291c800	290161	0x40	ok	zlib	zlib@4 6819876B
MLG\disc0_rel\009645fa.PDT	87	0x12963800	431022	0x40	ok	zlib	zlib@4 6750244B
MLG\disc0_rel\009645fa.PDT	88	0x129cd000	1676397	0x40	ok	inner_archive	zlib@4 files=109
MLG\disc0_rel\009645fa.PDT	89	0x12b66800	17473	0x40	ok	zlib	zlib@4 58100B
MLG\disc0_rel\009645fa.PDT	90	0x12b6b000	155	0x40	ok	zlib	zlib@4 265B
MLG\disc0_rel\009645fa.PDT	91	0x12b6b800	18680	0x40	ok	zlib	zlib@4 192628B
MLG\disc0_rel\009645fa.PDT	92	0x12b70800	331447	0x40	ok	zlib	zlib@4 9302052B
MLG\disc0_rel\009645fa.PDT	93	0x12bc1800	77147	0x40	ok	zlib	zlib@4 245876B
MLG\disc0_rel\009645fa.PDT	94	0x12bd4800	1069708	0x40	ok	inner_archive	zlib@4 files=51
MLG\disc0_rel\009645fa.PDT	95	0x12cda000	135	0x40	ok	zlib	zlib@4 171B
MLG\disc0_rel\009645fa.PDT	96	0x12cda800	171	0x40	ok	zlib	zlib@4 319B
MLG\disc0_rel\009645fa.PDT	97	0x12cdb000	53330	0x40	ok	zlib	zlib@4 930168B
MLG\disc0_rel\009645fa.PDT	98	0x12ce8800	398533	0x40	ok	zlib	zlib@4 16171048B
MLG\disc0_rel\009645fa.PDT	99	0x12d4a000	159351	0x40	ok	zlib	zlib@4 377120B
MLG\disc0_rel\009645fa.PDT	100	0x12d71000	5946525	0x40	ok	inner_archive	zlib@4 files=121
MLG\disc0_rel\009645fa.PDT	101	0x1331d000	162	0x40	ok	zlib	zlib@4 194B
MLG\disc0_rel\009645fa.PDT	102	0x1331d800	101	0x40	ok	zlib	zlib@4 123B
MLG\disc0_rel\009645fa.PDT	103	0x1331e000	220967	0x40	ok	zlib	zlib@4 2830604B
MLG\disc0_rel\009645fa.PDT	104	0x13354000	4885261	0x40	ok	inner_archive	zlib@4 files=40
MLG\disc0_rel\009645fa.PDT	105	0x137fd000	158	0x40	ok	zlib	zlib@4 190B
MLG\disc0_rel\009645fa.PDT	106	0x137fd800	168	0x40	ok	zlib	zlib@4 313B
MLG\disc0_rel\009645fa.PDT	107	0x137fe000	86038	0x40	ok	zlib	zlib@4 1225688B
MLG\disc0_rel\009645fa.PDT	108	0x13813800	396003	0x40	ok	zlib	zlib@4 15650852B
MLG\disc0_rel\009645fa.PDT	109	0x13874800	204684	0x40	ok	zlib	zlib@4 303608B
MLG\disc0_rel\009645fa.PDT	110	0x138a6800	8011333	0x40	ok	inner_archive	zlib@4 files=172
MLG\disc0_rel\009645fa.PDT	111	0x1404a800	178	0x40	ok	zlib	zlib@4 210B
MLG\disc0_rel\009645fa.PDT	112	0x1404b000	74	0x40	ok	zlib	zlib@4 80B
MLG\disc0_rel\009645fa.PDT	113	0x1404b800	10003	0x40	ok	zlib	zlib@4 167988B
MLG\disc0_rel\009645fa.PDT	114	0x1404e000	1722361	0x40	ok	inner_archive	zlib@4 files=1
MLG\disc0_rel\009645fa.PDT	115	0x141f2800	153	0x40	ok	zlib	zlib@4 191B
MLG\disc0_rel\009645fa.PDT	116	0x141f3000	177	0x40	ok	zlib	zlib@4 331B
MLG\disc0_rel\009645fa.PDT	117	0x141f3800	123063	0x40	ok	zlib	zlib@4 1217628B
MLG\disc0_rel\009645fa.PDT	118	0x14212000	422036	0x40	ok	zlib	zlib@4 16359456B
MLG\disc0_rel\009645fa.PDT	119	0x14279800	227266	0x40	ok	zlib	zlib@4 356900B
MLG\disc0_rel\009645fa.PDT	120	0x142b1000	8453918	0x40	ok	inner_archive	zlib@4 files=203
MLG\disc0_rel\009645fa.PDT	121	0x14ac1000	178	0x40	ok	zlib	zlib@4 210B
MLG\disc0_rel\009645fa.PDT	122	0x14ac1800	182	0x40	ok	zlib	zlib@4 351B
MLG\disc0_rel\009645fa.PDT	123	0x14ac2000	84672	0x40	ok	zlib	zlib@4 1217448B
MLG\disc0_rel\009645fa.PDT	124	0x14ad7000	399958	0x40	ok	zlib	zlib@4 16134180B
MLG\disc0_rel\009645fa.PDT	125	0x14b39000	227266	0x40	ok	zlib	zlib@4 356900B
MLG\disc0_rel\009645fa.PDT	126	0x14b70800	8018237	0x40	ok	inner_archive	zlib@4 files=188
MLG\disc0_rel\009645fa.PDT	127	0x15316800	178	0x40	ok	zlib	zlib@4 210B
MLG\disc0_rel\009645fa.PDT	128	0x15317000	186	0x40	ok	zlib	zlib@4 358B
MLG\disc0_rel\009645fa.PDT	129	0x15317800	84672	0x40	ok	zlib	zlib@4 1217456B
MLG\disc0_rel\009645fa.PDT	130	0x1532c800	399968	0x40	ok	zlib	zlib@4 16134188B
MLG\disc0_rel\009645fa.PDT	131	0x1538e800	227266	0x40	ok	zlib	zlib@4 356900B
MLG\disc0_rel\009645fa.PDT	132	0x153c6000	8018232	0x40	ok	inner_archive	zlib@4 files=188
MLG\disc0_rel\009645fa.PDT	133	0x15b6c000	178	0x40	ok	zlib	zlib@4 210B
MLG\disc0_rel\009645fa.PDT	134	0x15b6c800	198	0x40	ok	zlib	zlib@4 394B
MLG\disc0_rel\009645fa.PDT	135	0x15b6d000	84671	0x40	ok	zlib	zlib@4 1217448B
MLG\disc0_rel\009645fa.PDT	136	0x15b82000	396006	0x40	ok	zlib	zlib@4 15650852B
MLG\disc0_rel\009645fa.PDT	137	0x15be3000	227266	0x40	ok	zlib	zlib@4 356900B
MLG\disc0_rel\009645fa.PDT	138	0x15c1a800	7907445	0x40	ok	inner_archive	zlib@4 files=185
MLG\disc0_rel\009645fa.PDT	139	0x163a5800	178	0x40	ok	zlib	zlib@4 210B
MLG\disc0_rel\009645fa.PDT	140	0x163a6000	188	0x40	ok	zlib	zlib@4 363B
MLG\disc0_rel\009645fa.PDT	141	0x163a6800	84673	0x40	ok	zlib	zlib@4 1217452B
MLG\disc0_rel\009645fa.PDT	142	0x163bb800	396012	0x40	ok	zlib	zlib@4 15650856B
MLG\disc0_rel\009645fa.PDT	143	0x1641c800	227266	0x40	ok	zlib	zlib@4 356900B
MLG\disc0_rel\009645fa.PDT	144	0x16454000	7721269	0x40	ok	inner_archive	zlib@4 files=184
MLG\disc0_rel\009645fa.PDT	145	0x16bb1800	174	0x40	ok	zlib	zlib@4 206B
MLG\disc0_rel\009645fa.PDT	146	0x16bb2000	187	0x40	ok	zlib	zlib@4 352B
MLG\disc0_rel\009645fa.PDT	147	0x16bb2800	84672	0x40	ok	zlib	zlib@4 1217448B
MLG\disc0_rel\009645fa.PDT	148	0x16bc7800	396007	0x40	ok	zlib	zlib@4 15650856B
MLG\disc0_rel\009645fa.PDT	149	0x16c28800	227266	0x40	ok	zlib	zlib@4 356900B
MLG\disc0_rel\009645fa.PDT	150	0x16c60000	7907435	0x40	ok	inner_archive	zlib@4 files=185
MLG\disc0_rel\009645fa.PDT	151	0x173eb000	178	0x40	ok	zlib	zlib@4 210B
MLG\disc0_rel\009645fa.PDT	152	0x173eb800	79	0x40	ok	zlib	zlib@4 109B
MLG\disc0_rel\009645fa.PDT	153	0x173ec000	46748	0x40	ok	zlib	zlib@4 1311004B
MLG\disc0_rel\009645fa.PDT	154	0x173f7800	435429	0x40	ok	zlib	zlib@4 13770784B
MLG\disc0_rel\009645fa.PDT	155	0x17462000	159048	0x40	ok	zlib	zlib@4 180260B
MLG\disc0_rel\009645fa.PDT	156	0x17489000	6866416	0x40	ok	inner_archive	zlib@4 files=139
MLG\disc0_rel\009645fa.PDT	157	0x17b15800	178	0x40	ok	zlib	zlib@4 210B
MLG\disc0_rel\009645fa.PDT	158	0x17b16000	154	0x40	ok	zlib	zlib@4 263B
MLG\disc0_rel\009645fa.PDT	159	0x17b16800	42389	0x40	ok	zlib	zlib@4 966940B
MLG\disc0_rel\009645fa.PDT	160	0x17b21000	202115	0x40	ok	zlib	zlib@4 12042276B
MLG\disc0_rel\009645fa.PDT	161	0x17b52800	125767	0x40	ok	zlib	zlib@4 147576B
MLG\disc0_rel\009645fa.PDT	162	0x17b71800	5342423	0x40	ok	inner_archive	zlib@4 files=43
MLG\disc0_rel\009645fa.PDT	163	0x1808a000	158	0x40	ok	zlib	zlib@4 190B
MLG\disc0_rel\009645fa.PDT	164	0x1808a800	127	0x40	ok	zlib	zlib@4 180B
MLG\disc0_rel\009645fa.PDT	165	0x1808b000	42957	0x40	ok	zlib	zlib@4 1040648B
MLG\disc0_rel\009645fa.PDT	166	0x18095800	363018	0x40	ok	zlib	zlib@4 11304992B
MLG\disc0_rel\009645fa.PDT	167	0x180ee800	159048	0x40	ok	zlib	zlib@4 180260B
MLG\disc0_rel\009645fa.PDT	168	0x18115800	6666807	0x40	ok	inner_archive	zlib@4 files=129
MLG\disc0_rel\009645fa.PDT	169	0x18771800	178	0x40	ok	zlib	zlib@4 210B
MLG\disc0_rel\009645fa.PDT	170	0x18772000	68	0x40	ok	zlib	zlib@4 86B
MLG\disc0_rel\009645fa.PDT	171	0x18772800	598573	0x40	ok	zlib	zlib@4 1650884B
MLG\disc0_rel\009645fa.PDT	172	0x18805000	204034	0x40	ok	zlib	zlib@4 11501600B
MLG\disc0_rel\009645fa.PDT	173	0x18837000	1172779	0x40	ok	zlib	zlib@4 8359992B
MLG\disc0_rel\009645fa.PDT	174	0x18955800	1361496	0x40	ok	inner_archive	zlib@4 files=197
MLG\disc0_rel\009645fa.PDT	175	0x18aa2000	53787	0x40	ok	zlib	zlib@4 204140B
MLG\disc0_rel\009645fa.PDT	176	0x18aaf800	67	0x40	ok	zlib	zlib@4 85B
MLG\disc0_rel\009645fa.PDT	177	0x18ab0000	466969	0x40	ok	zlib	zlib@4 1187868B
MLG\disc0_rel\009645fa.PDT	178	0x18b22800	1906348	0x40	ok	zlib	zlib@4 21938208B
MLG\disc0_rel\009645fa.PDT	179	0x18cf4000	357198	0x40	ok	zlib	zlib@4 5476384B
MLG\disc0_rel\009645fa.PDT	180	0x18d4b800	1812113	0x40	ok	inner_archive	zlib@4 files=91
MLG\disc0_rel\009645fa.PDT	181	0x18f06000	31713	0x40	ok	zlib	zlib@4 108617B
MLG\disc0_rel\009645fa.PDT	182	0x18f0e000	155	0x40	ok	zlib	zlib@4 258B
MLG\disc0_rel\009645fa.PDT	183	0x18f0e800	545794	0x40	ok	zlib	zlib@4 1327340B
MLG\disc0_rel\009645fa.PDT	184	0x18f94000	352307	0x40	ok	zlib	zlib@4 10006564B
MLG\disc0_rel\009645fa.PDT	185	0x18fea800	14254	0x40	ok	zlib	zlib@4 630820B
MLG\disc0_rel\009645fa.PDT	186	0x18fee000	2272231	0x40	ok	zlib	zlib@4 36438052B
MLG\disc0_rel\009645fa.PDT	187	0x19219000	1688146	0x40	ok	inner_archive	zlib@4 files=66
MLG\disc0_rel\009645fa.PDT	188	0x193b5800	24166	0x40	ok	zlib	zlib@4 72907B
MLG\disc0_rel\009645fa.PDT	189	0x193bb800	102	0x40	ok	zlib	zlib@4 131B
MLG\disc0_rel\009645fa.PDT	190	0x193bc000	466969	0x40	ok	zlib	zlib@4 1187868B
MLG\disc0_rel\009645fa.PDT	191	0x1942e800	203540	0x40	ok	zlib	zlib@4 11464740B
MLG\disc0_rel\009645fa.PDT	192	0x19460800	14258	0x40	ok	zlib	zlib@4 630820B
MLG\disc0_rel\009645fa.PDT	193	0x19464000	430607	0x40	ok	inner_archive	zlib@4 files=32
MLG\disc0_rel\009645fa.PDT	194	0x194cd800	23263	0x40	ok	zlib	zlib@4 84346B
MLG\disc0_rel\009645fa.PDT	195	0x194d3800	133	0x40	ok	zlib	zlib@4 203B
MLG\disc0_rel\009645fa.PDT	196	0x194d4000	627	0x40	ok	zlib	zlib@4 2544B
MLG\disc0_rel\009645fa.PDT	197	0x194d4800	143657	0x40	ok	zlib	zlib@4 251858B
MLG\disc0_rel\009645fa.PDT	198	0x194f8000	289272	0x40	ok	zlib	zlib@4 1724736B
MLG\disc0_rel\009645fa.PDT	199	0x1953f000	7962239	0x40	ok	inner_archive	zlib@4 files=269
MLG\disc0_rel\009645fa.PDT	200	0x19cd7000	26097	0x40	ok	zlib	zlib@4 130224B
MLG\disc0_rel\009645fa.PDT	201	0x19cdd800	447	0x40	ok	zlib	zlib@4 1216B
MLG\disc0_rel\009645fa.PDT	202	0x19cde000	93743	0x40	ok	zlib	zlib@4 330144B
MLG\disc0_rel\009645fa.PDT	203	0x19cf5000	129	0x40	ok	zlib	zlib@4 192B
MLG\disc0_rel\009645fa.PDT	204	0x19cf5800	329797	0x40	ok	zlib	zlib@4 2142520B
MLG\disc0_rel\009645fa.PDT	205	0x19d46800	3445521	0x40	ok	inner_archive	zlib@4 files=114
MLG\disc0_rel\009645fa.PDT	206	0x1a090000	26698	0x40	ok	zlib	zlib@4 136256B
MLG\disc0_rel\009645fa.PDT	207	0x1a097000	434	0x40	ok	zlib	zlib@4 1216B
MLG\disc0_rel\009645fa.PDT	208	0x1a097800	87739	0x40	ok	zlib	zlib@4 329630B
MLG\disc0_rel\009645fa.PDT	209	0x1a0ad000	125	0x40	ok	zlib	zlib@4 174B
MLG\disc0_rel\009645fa.PDT	210	0x1a0ad800	450505	0x40	ok	zlib	zlib@4 2769820B
MLG\disc0_rel\009645fa.PDT	211	0x1a11b800	3282750	0x40	ok	inner_archive	zlib@4 files=137
MLG\disc0_rel\009645fa.PDT	212	0x1a43d000	219803	0x40	ok	zlib	zlib@4 889376B
MLG\disc0_rel\009645fa.PDT	213	0x1a473000	22468	0x40	ok	zlib	zlib@4 50336B
MLG\disc0_rel\009645fa.PDT	214	0x1a478800	108300	0x40	ok	zlib	zlib@4 378426B
MLG\disc0_rel\009645fa.PDT	215	0x1a493000	124	0x40	ok	zlib	zlib@4 172B
MLG\disc0_rel\009645fa.PDT	216	0x1a493800	185112	0x40	ok	zlib	zlib@4 2236892B
MLG\disc0_rel\009645fa.PDT	217	0x1a4c1000	6420957	0x40	ok	inner_archive	zlib@4 files=122
MLG\disc0_rel\009645fa.PDT	218	0x1aae1000	206451	0x40	ok	zlib	zlib@4 820752B
MLG\disc0_rel\009645fa.PDT	219	0x1ab13800	30350	0x40	ok	zlib	zlib@4 76464B
MLG\disc0_rel\009645fa.PDT	220	0x1ab1b000	100412	0x40	ok	zlib	zlib@4 360054B
MLG\disc0_rel\009645fa.PDT	221	0x1ab34000	142	0x40	ok	zlib	zlib@4 221B
MLG\disc0_rel\009645fa.PDT	222	0x1ab34800	96133	0x40	ok	zlib	zlib@4 2089200B
MLG\disc0_rel\009645fa.PDT	223	0x1ab4c000	1066036	0x40	ok	inner_archive	zlib@4 files=101
MLG\disc0_rel\009645fa.PDT	224	0x1ac50800	224072	0x40	ok	zlib	zlib@4 854656B
MLG\disc0_rel\009645fa.PDT	225	0x1ac87800	44795	0x40	ok	zlib	zlib@4 101072B
MLG\disc0_rel\009645fa.PDT	226	0x1ac92800	103	0x40	ok	zlib	zlib@4 344B
MLG\disc0_rel\009645fa.PDT	227	0x1ac93000	115685	0x40	ok	zlib	zlib@4 441846B
MLG\disc0_rel\009645fa.PDT	228	0x1acaf800	122	0x40	ok	zlib	zlib@4 159B
MLG\disc0_rel\009645fa.PDT	229	0x1acb0000	57948	0x40	ok	zlib	zlib@4 1552736B
MLG\disc0_rel\009645fa.PDT	230	0x1acbe800	1019839	0x40	ok	inner_archive	zlib@4 files=25
MLG\disc0_rel\009645fa.PDT	231	0x1adb7800	204400	0x40	ok	zlib	zlib@4 672192B
MLG\disc0_rel\009645fa.PDT	232	0x1ade9800	34997	0x40	ok	zlib	zlib@4 126011B
MLG\disc0_rel\009645fa.PDT	233	0x1adf2800	143	0x40	ok	zlib	zlib@4 221B
MLG\disc0_rel\009645fa.PDT	234	0x1adf3000	106860	0x40	ok	zlib	zlib@4 2179368B
MLG\disc0_rel\009645fa.PDT	235	0x1ae0d800	959098	0x40	ok	inner_archive	zlib@4 files=104
MLG\disc0_rel\009645fa.PDT	236	0x1aef8000	85412	0x40	ok	zlib	zlib@4 665632B
MLG\disc0_rel\009645fa.PDT	237	0x1af0d000	45031	0x40	ok	zlib	zlib@4 125072B
MLG\disc0_rel\009645fa.PDT	238	0x1af18000	800	0x40	ok	zlib	zlib@4 4368B
MLG\disc0_rel\009645fa.PDT	239	0x1af18800	114524	0x40	ok	zlib	zlib@4 441131B
MLG\disc0_rel\009645fa.PDT	240	0x1af34800	125	0x40	ok	zlib	zlib@4 184B
MLG\disc0_rel\009645fa.PDT	241	0x1af35000	110667	0x40	ok	zlib	zlib@4 2138572B
MLG\disc0_rel\009645fa.PDT	242	0x1af50800	1237170	0x40	ok	inner_archive	zlib@4 files=136
MLG\disc0_rel\009645fa.PDT	243	0x1b07f000	314598	0x40	ok	zlib	zlib@4 1126032B
MLG\disc0_rel\009645fa.PDT	244	0x1b0cc000	80880	0x40	ok	zlib	zlib@4 191536B
MLG\disc0_rel\009645fa.PDT	245	0x1b0e0000	1034	0x40	ok	zlib	zlib@4 3720B
MLG\disc0_rel\009645fa.PDT	246	0x1b0e0800	120649	0x40	ok	zlib	zlib@4 457970B
MLG\disc0_rel\009645fa.PDT	247	0x1b0fe000	126	0x40	ok	zlib	zlib@4 184B
MLG\disc0_rel\009645fa.PDT	248	0x1b0fe800	132887	0x40	ok	zlib	zlib@4 2347484B
MLG\disc0_rel\009645fa.PDT	249	0x1b11f000	1380424	0x40	ok	inner_archive	zlib@4 files=124
MLG\disc0_rel\009645fa.PDT	250	0x1b270800	161789	0x40	ok	zlib	zlib@4 1027008B
MLG\disc0_rel\009645fa.PDT	251	0x1b298000	37363	0x40	ok	zlib	zlib@4 97296B
MLG\disc0_rel\009645fa.PDT	252	0x1b2a1800	502	0x40	ok	zlib	zlib@4 1760B
MLG\disc0_rel\009645fa.PDT	253	0x1b2a2000	123884	0x40	ok	zlib	zlib@4 461886B
MLG\disc0_rel\009645fa.PDT	254	0x1b2c0800	126	0x40	ok	zlib	zlib@4 184B
MLG\disc0_rel\009645fa.PDT	255	0x1b2c1000	102458	0x40	ok	zlib	zlib@4 2101548B
MLG\disc0_rel\009645fa.PDT	256	0x1b2da800	965943	0x40	ok	inner_archive	zlib@4 files=108
MLG\disc0_rel\009645fa.PDT	257	0x1b3c6800	102707	0x40	ok	zlib	zlib@4 627456B
MLG\disc0_rel\009645fa.PDT	258	0x1b3e0000	34516	0x40	ok	zlib	zlib@4 91760B
MLG\disc0_rel\009645fa.PDT	259	0x1b3e8800	253	0x40	ok	zlib	zlib@4 1248B
MLG\disc0_rel\009645fa.PDT	260	0x1b3e9000	116056	0x40	ok	zlib	zlib@4 442587B
MLG\disc0_rel\009645fa.PDT	261	0x1b405800	143	0x40	ok	zlib	zlib@4 211B
MLG\disc0_rel\009645fa.PDT	262	0x1b406000	85365	0x40	ok	zlib	zlib@4 2048276B
MLG\disc0_rel\009645fa.PDT	263	0x1b41b000	287055	0x40	ok	inner_archive	zlib@4 files=94
MLG\disc0_rel\009645fa.PDT	264	0x1b461800	81736	0x40	ok	zlib	zlib@4 598064B
MLG\disc0_rel\009645fa.PDT	265	0x1b475800	24999	0x40	ok	zlib	zlib@4 68592B
MLG\disc0_rel\009645fa.PDT	266	0x1b47c000	432	0x40	ok	zlib	zlib@4 1672B
MLG\disc0_rel\009645fa.PDT	267	0x1b47c800	134432	0x40	ok	zlib	zlib@4 534602B
MLG\disc0_rel\009645fa.PDT	268	0x1b49d800	146	0x40	ok	zlib	zlib@4 211B
MLG\disc0_rel\009645fa.PDT	269	0x1b49e000	90237	0x40	ok	zlib	zlib@4 2060604B
MLG\disc0_rel\009645fa.PDT	270	0x1b4b4800	344452	0x40	ok	inner_archive	zlib@4 files=96
MLG\disc0_rel\009645fa.PDT	271	0x1b509000	81233	0x40	ok	zlib	zlib@4 601152B
MLG\disc0_rel\009645fa.PDT	272	0x1b51d000	25960	0x40	ok	zlib	zlib@4 70064B
MLG\disc0_rel\009645fa.PDT	273	0x1b523800	432	0x40	ok	zlib	zlib@4 1672B
MLG\disc0_rel\009645fa.PDT	274	0x1b524000	119147	0x40	ok	zlib	zlib@4 450030B
MLG\disc0_rel\009645fa.PDT	275	0x1b541800	145	0x40	ok	zlib	zlib@4 211B
MLG\disc0_rel\009645fa.PDT	276	0x1b542000	82546	0x40	ok	zlib	zlib@4 1994980B
MLG\disc0_rel\009645fa.PDT	277	0x1b556800	285348	0x40	ok	inner_archive	zlib@4 files=92
MLG\disc0_rel\009645fa.PDT	278	0x1b59c800	78007	0x40	ok	zlib	zlib@4 566496B
MLG\disc0_rel\009645fa.PDT	279	0x1b5b0000	24371	0x40	ok	zlib	zlib@4 67408B
MLG\disc0_rel\009645fa.PDT	280	0x1b5b6000	432	0x40	ok	zlib	zlib@4 1672B
MLG\disc0_rel\009645fa.PDT	281	0x1b5b6800	121873	0x40	ok	zlib	zlib@4 465199B
MLG\disc0_rel\009645fa.PDT	282	0x1b5d4800	123	0x40	ok	zlib	zlib@4 159B
MLG\disc0_rel\009645fa.PDT	283	0x1b5d5000	58210	0x40	ok	zlib	zlib@4 1548596B
MLG\disc0_rel\009645fa.PDT	284	0x1b5e3800	1006694	0x40	ok	inner_archive	zlib@4 files=23
MLG\disc0_rel\009645fa.PDT	285	0x1b6d9800	87887	0x40	ok	zlib	zlib@4 482272B
MLG\disc0_rel\009645fa.PDT	286	0x1b6ef000	35589	0x40	ok	zlib	zlib@4 128054B
MLG\disc0_rel\009645fa.PDT	287	0x1b6f8000	127	0x40	ok	zlib	zlib@4 184B
MLG\disc0_rel\009645fa.PDT	288	0x1b6f8800	111524	0x40	ok	zlib	zlib@4 2113820B
MLG\disc0_rel\009645fa.PDT	289	0x1b714000	742991	0x40	ok	inner_archive	zlib@4 files=107
MLG\disc0_rel\009645fa.PDT	290	0x1b7c9800	307971	0x40	ok	zlib	zlib@4 1074528B
MLG\disc0_rel\009645fa.PDT	291	0x1b815000	87263	0x40	ok	zlib	zlib@4 197168B
MLG\disc0_rel\009645fa.PDT	292	0x1b82a800	393	0x40	ok	zlib	zlib@4 1488B
MLG\disc0_rel\009645fa.PDT	293	0x1b82b000	115932	0x40	ok	zlib	zlib@4 449638B
MLG\disc0_rel\009645fa.PDT	294	0x1b847800	125	0x40	ok	zlib	zlib@4 184B
MLG\disc0_rel\009645fa.PDT	295	0x1b848000	141492	0x40	ok	zlib	zlib@4 2732488B
MLG\disc0_rel\009645fa.PDT	296	0x1b86b000	1337780	0x40	ok	inner_archive	zlib@4 files=122
MLG\disc0_rel\009645fa.PDT	297	0x1b9b2000	215676	0x40	ok	zlib	zlib@4 999376B
MLG\disc0_rel\009645fa.PDT	298	0x1b9e7000	27474	0x40	ok	zlib	zlib@4 71184B
MLG\disc0_rel\009645fa.PDT	299	0x1b9ee000	95	0x40	ok	zlib	zlib@4 316B
MLG\disc0_rel\009645fa.PDT	300	0x1b9ee800	123840	0x40	ok	zlib	zlib@4 483751B
MLG\disc0_rel\009645fa.PDT	301	0x1ba0d000	122	0x40	ok	zlib	zlib@4 159B
MLG\disc0_rel\009645fa.PDT	302	0x1ba0d800	55156	0x40	ok	zlib	zlib@4 1290548B
MLG\disc0_rel\009645fa.PDT	303	0x1ba1b000	590192	0x40	ok	inner_archive	zlib@4 files=22
MLG\disc0_rel\009645fa.PDT	304	0x1baab800	206307	0x40	ok	zlib	zlib@4 916160B
MLG\disc0_rel\009645fa.PDT	305	0x1bade000	34767	0x40	ok	zlib	zlib@4 125650B
MLG\disc0_rel\009645fa.PDT	306	0x1bae6800	142	0x40	ok	zlib	zlib@4 210B
MLG\disc0_rel\009645fa.PDT	307	0x1bae7000	101821	0x40	ok	zlib	zlib@4 2584892B
MLG\disc0_rel\009645fa.PDT	308	0x1bb00000	459725	0x40	ok	inner_archive	zlib@4 files=99
MLG\disc0_rel\009645fa.PDT	309	0x1bb70800	57914	0x40	ok	zlib	zlib@4 291744B
MLG\disc0_rel\009645fa.PDT	310	0x1bb7f000	30277	0x40	ok	zlib	zlib@4 74224B
MLG\disc0_rel\009645fa.PDT	311	0x1bb86800	659	0x40	ok	zlib	zlib@4 3048B
MLG\disc0_rel\009645fa.PDT	312	0x1bb87000	121840	0x40	ok	zlib	zlib@4 465744B
MLG\disc0_rel\009645fa.PDT	313	0x1bba5000	145	0x40	ok	zlib	zlib@4 210B
MLG\disc0_rel\009645fa.PDT	314	0x1bba5800	81285	0x40	ok	zlib	zlib@4 2109688B
MLG\disc0_rel\009645fa.PDT	315	0x1bbb9800	401089	0x40	ok	inner_archive	zlib@4 files=94
MLG\disc0_rel\009645fa.PDT	316	0x1bc1b800	50024	0x40	ok	zlib	zlib@4 258480B
MLG\disc0_rel\009645fa.PDT	317	0x1bc28000	17529	0x40	ok	zlib	zlib@4 43376B
MLG\disc0_rel\009645fa.PDT	318	0x1bc2c800	651	0x40	ok	zlib	zlib@4 3048B
MLG\disc0_rel\009645fa.PDT	319	0x1bc2d000	120795	0x40	ok	zlib	zlib@4 456509B
MLG\disc0_rel\009645fa.PDT	320	0x1bc4a800	143	0x40	ok	zlib	zlib@4 210B
MLG\disc0_rel\009645fa.PDT	321	0x1bc4b000	86045	0x40	ok	zlib	zlib@4 2134188B
MLG\disc0_rel\009645fa.PDT	322	0x1bc60800	280273	0x40	ok	inner_archive	zlib@4 files=84
MLG\disc0_rel\009645fa.PDT	323	0x1bca5000	43557	0x40	ok	zlib	zlib@4 228480B
MLG\disc0_rel\009645fa.PDT	324	0x1bcb0000	8726	0x40	ok	zlib	zlib@4 23904B
MLG\disc0_rel\009645fa.PDT	325	0x1bcb2800	89	0x40	ok	zlib	zlib@4 344B
MLG\disc0_rel\009645fa.PDT	326	0x1bcb3000	115257	0x40	ok	zlib	zlib@4 443811B
MLG\disc0_rel\009645fa.PDT	327	0x1bccf800	123	0x40	ok	zlib	zlib@4 159B
MLG\disc0_rel\009645fa.PDT	328	0x1bcd0000	57739	0x40	ok	zlib	zlib@4 1585488B
MLG\disc0_rel\009645fa.PDT	329	0x1bcde800	690125	0x40	ok	inner_archive	zlib@4 files=22
MLG\disc0_rel\009645fa.PDT	330	0x1bd87000	67407	0x40	ok	zlib	zlib@4 349024B
MLG\disc0_rel\009645fa.PDT	331	0x1bd97800	36877	0x40	ok	zlib	zlib@4 130419B
MLG\disc0_rel\009645fa.PDT	332	0x1bda1000	126	0x40	ok	zlib	zlib@4 184B
MLG\disc0_rel\009645fa.PDT	333	0x1bda1800	100675	0x40	ok	zlib	zlib@4 2134288B
MLG\disc0_rel\009645fa.PDT	334	0x1bdba800	1539586	0x40	ok	inner_archive	zlib@4 files=139
MLG\disc0_rel\009645fa.PDT	335	0x1bf32800	287829	0x40	ok	zlib	zlib@4 1327648B
MLG\disc0_rel\009645fa.PDT	336	0x1bf79000	83004	0x40	ok	zlib	zlib@4 237712B
MLG\disc0_rel\009645fa.PDT	337	0x1bf8d800	1558	0x40	ok	zlib	zlib@4 5292B
MLG\disc0_rel\009645fa.PDT	338	0x1bf8e000	120039	0x40	ok	zlib	zlib@4 460051B
MLG\disc0_rel\009645fa.PDT	339	0x1bfab800	126	0x40	ok	zlib	zlib@4 184B
MLG\disc0_rel\009645fa.PDT	340	0x1bfac000	108041	0x40	ok	zlib	zlib@4 2216212B
MLG\disc0_rel\009645fa.PDT	341	0x1bfc6800	1036973	0x40	ok	inner_archive	zlib@4 files=113
MLG\disc0_rel\009645fa.PDT	342	0x1c0c4000	181408	0x40	ok	zlib	zlib@4 1381184B
MLG\disc0_rel\009645fa.PDT	343	0x1c0f0800	51689	0x40	ok	zlib	zlib@4 150368B
MLG\disc0_rel\009645fa.PDT	344	0x1c0fd800	497	0x40	ok	zlib	zlib@4 2500B
MLG\disc0_rel\009645fa.PDT	345	0x1c0fe000	118455	0x40	ok	zlib	zlib@4 451500B
MLG\disc0_rel\009645fa.PDT	346	0x1c11b000	136	0x40	ok	zlib	zlib@4 187B
MLG\disc0_rel\009645fa.PDT	347	0x1c11b800	233119	0x40	ok	zlib	zlib@4 2351248B
MLG\disc0_rel\009645fa.PDT	348	0x1c154800	659651	0x40	ok	inner_archive	zlib@4 files=99
MLG\disc0_rel\009645fa.PDT	349	0x1c1f6000	76679	0x40	ok	zlib	zlib@4 470816B
MLG\disc0_rel\009645fa.PDT	350	0x1c209000	108606	0x40	ok	zlib	zlib@4 357736B
MLG\disc0_rel\009645fa.PDT	351	0x1c224000	134	0x40	ok	zlib	zlib@4 187B
MLG\disc0_rel\009645fa.PDT	352	0x1c224800	114048	0x40	ok	zlib	zlib@4 2064560B
MLG\disc0_rel\009645fa.PDT	353	0x1c240800	277271	0x40	ok	inner_archive	zlib@4 files=90
MLG\disc0_rel\009645fa.PDT	354	0x1c284800	48862	0x40	ok	zlib	zlib@4 360944B
MLG\disc0_rel\009645fa.PDT	355	0x1c290800	98629	0x40	ok	zlib	zlib@4 357101B
MLG\disc0_rel\009645fa.PDT	356	0x1c2a9000	126	0x40	ok	zlib	zlib@4 184B
MLG\disc0_rel\009645fa.PDT	357	0x1c2a9800	96791	0x40	ok	zlib	zlib@4 2158820B
MLG\disc0_rel\009645fa.PDT	358	0x1c2c1800	661585	0x40	ok	inner_archive	zlib@4 files=106
MLG\disc0_rel\009645fa.PDT	359	0x1c363800	224597	0x40	ok	zlib	zlib@4 1911312B
MLG\disc0_rel\009645fa.PDT	360	0x1c39a800	87231	0x40	ok	zlib	zlib@4 239808B
MLG\disc0_rel\009645fa.PDT	361	0x1c3b0000	493	0x40	ok	zlib	zlib@4 2340B
MLG\disc0_rel\009645fa.PDT	362	0x1c3b0800	121029	0x40	ok	zlib	zlib@4 462262B
MLG\disc0_rel\009645fa.PDT	363	0x1c3ce800	123	0x40	ok	zlib	zlib@4 172B
MLG\disc0_rel\009645fa.PDT	364	0x1c3cf000	112135	0x40	ok	zlib	zlib@4 2113844B
MLG\disc0_rel\009645fa.PDT	365	0x1c3ea800	1219838	0x40	ok	inner_archive	zlib@4 files=118
MLG\disc0_rel\009645fa.PDT	366	0x1c514800	304677	0x40	ok	zlib	zlib@4 1529184B
MLG\disc0_rel\009645fa.PDT	367	0x1c55f000	91798	0x40	ok	zlib	zlib@4 219744B
MLG\disc0_rel\009645fa.PDT	368	0x1c575800	121461	0x40	ok	zlib	zlib@4 469160B
MLG\disc0_rel\009645fa.PDT	369	0x1c593800	143	0x40	ok	zlib	zlib@4 211B
MLG\disc0_rel\009645fa.PDT	370	0x1c594000	89884	0x40	ok	zlib	zlib@4 2003172B
MLG\disc0_rel\009645fa.PDT	371	0x1c5aa000	285162	0x40	ok	inner_archive	zlib@4 files=90
MLG\disc0_rel\009645fa.PDT	372	0x1c5f0000	155920	0x40	ok	zlib	zlib@4 952416B
MLG\disc0_rel\009645fa.PDT	373	0x1c616800	29030	0x40	ok	zlib	zlib@4 67200B
MLG\disc0_rel\009645fa.PDT	374	0x1c61e000	608	0x40	ok	zlib	zlib@4 2872B
MLG\disc0_rel\009645fa.PDT	375	0x1c61e800	141874	0x40	ok	zlib	zlib@4 568637B
MLG\disc0_rel\009645fa.PDT	376	0x1c641800	130	0x40	ok	zlib	zlib@4 184B
MLG\disc0_rel\009645fa.PDT	377	0x1c642000	107246	0x40	ok	zlib	zlib@4 2142452B
MLG\disc0_rel\009645fa.PDT	378	0x1c65c800	402107	0x40	ok	inner_archive	zlib@4 files=111
MLG\disc0_rel\009645fa.PDT	379	0x1c6bf000	155920	0x40	ok	zlib	zlib@4 952416B
MLG\disc0_rel\009645fa.PDT	380	0x1c6e5800	29030	0x40	ok	zlib	zlib@4 67200B
MLG\disc0_rel\009645fa.PDT	381	0x1c6ed000	608	0x40	ok	zlib	zlib@4 2872B
MLG\disc0_rel\009645fa.PDT	382	0x1c6ed800	121414	0x40	ok	zlib	zlib@4 461807B
MLG\disc0_rel\009645fa.PDT	383	0x1c70b800	126	0x40	ok	zlib	zlib@4 184B
MLG\disc0_rel\009645fa.PDT	384	0x1c70c000	126566	0x40	ok	zlib	zlib@4 2126112B
MLG\disc0_rel\009645fa.PDT	385	0x1c72b000	1101562	0x40	ok	inner_archive	zlib@4 files=113
MLG\disc0_rel\009645fa.PDT	386	0x1c838000	311801	0x40	ok	zlib	zlib@4 1237248B
MLG\disc0_rel\009645fa.PDT	387	0x1c884800	85358	0x40	ok	zlib	zlib@4 242832B
MLG\disc0_rel\009645fa.PDT	388	0x1c899800	89	0x40	ok	zlib	zlib@4 316B
MLG\disc0_rel\009645fa.PDT	389	0x1c89a000	121142	0x40	ok	zlib	zlib@4 468685B
MLG\disc0_rel\009645fa.PDT	390	0x1c8b8000	125	0x40	ok	zlib	zlib@4 184B
MLG\disc0_rel\009645fa.PDT	391	0x1c8b8800	141719	0x40	ok	zlib	zlib@4 2355588B
MLG\disc0_rel\009645fa.PDT	392	0x1c8db800	937725	0x40	ok	inner_archive	zlib@4 files=118
MLG\disc0_rel\009645fa.PDT	393	0x1c9c0800	139319	0x40	ok	zlib	zlib@4 806400B
MLG\disc0_rel\009645fa.PDT	394	0x1c9e3000	31692	0x40	ok	zlib	zlib@4 83936B
MLG\disc0_rel\009645fa.PDT	395	0x1c9eb000	57	0x40	ok	zlib	zlib@4 184B
MLG\disc0_rel\009645fa.PDT	396	0x1c9eb800	125913	0x40	ok	zlib	zlib@4 481328B
MLG\disc0_rel\009645fa.PDT	397	0x1ca0a800	122	0x40	ok	zlib	zlib@4 159B
MLG\disc0_rel\009645fa.PDT	398	0x1ca0b000	57297	0x40	ok	zlib	zlib@4 1544500B
MLG\disc0_rel\009645fa.PDT	399	0x1ca19000	555194	0x40	ok	inner_archive	zlib@4 files=20
MLG\disc0_rel\009645fa.PDT	400	0x1caa1000	123357	0x40	ok	zlib	zlib@4 620320B
MLG\disc0_rel\009645fa.PDT	401	0x1cabf800	35016	0x40	ok	zlib	zlib@4 126046B
MLG\disc0_rel\009645fa.PDT	402	0x1cac8800	143	0x40	ok	zlib	zlib@4 211B
MLG\disc0_rel\009645fa.PDT	403	0x1cac9000	106747	0x40	ok	zlib	zlib@4 2334920B
MLG\disc0_rel\009645fa.PDT	404	0x1cae3800	183487	0x40	ok	inner_archive	zlib@4 files=128
MLG\disc0_rel\009645fa.PDT	405	0x1cb10800	173712	0x40	ok	zlib	zlib@4 1121584B
MLG\disc0_rel\009645fa.PDT	406	0x1cb3b000	17431	0x40	ok	zlib	zlib@4 40688B
MLG\disc0_rel\009645fa.PDT	407	0x1cb3f800	151	0x40	ok	zlib	zlib@4 736B
MLG\disc0_rel\009645fa.PDT	408	0x1cb40000	121133	0x40	ok	zlib	zlib@4 426420B
MLG\disc0_rel\009645fa.PDT	409	0x1cb5e000	125	0x40	ok	zlib	zlib@4 184B
MLG\disc0_rel\009645fa.PDT	410	0x1cb5e800	143943	0x40	ok	zlib	zlib@4 2793828B
MLG\disc0_rel\009645fa.PDT	411	0x1cb82000	1163671	0x40	ok	inner_archive	zlib@4 files=124
MLG\disc0_rel\009645fa.PDT	412	0x1cc9e800	196167	0x40	ok	zlib	zlib@4 1633264B
MLG\disc0_rel\009645fa.PDT	413	0x1ccce800	108466	0x40	ok	zlib	zlib@4 293392B
MLG\disc0_rel\009645fa.PDT	414	0x1cce9000	500	0x40	ok	zlib	zlib@4 2432B
MLG\disc0_rel\009645fa.PDT	415	0x1cce9800	122064	0x40	ok	zlib	zlib@4 458324B
MLG\disc0_rel\009645fa.PDT	416	0x1cd07800	123	0x40	ok	zlib	zlib@4 159B
MLG\disc0_rel\009645fa.PDT	417	0x1cd08000	57672	0x40	ok	zlib	zlib@4 1581364B
MLG\disc0_rel\009645fa.PDT	418	0x1cd16800	732654	0x40	ok	inner_archive	zlib@4 files=21
MLG\disc0_rel\009645fa.PDT	419	0x1cdc9800	143255	0x40	ok	zlib	zlib@4 825008B
MLG\disc0_rel\009645fa.PDT	420	0x1cdec800	36225	0x40	ok	zlib	zlib@4 128641B
MLG\disc0_rel\009645fa.PDT	421	0x1cdf5800	127	0x40	ok	zlib	zlib@4 184B
MLG\disc0_rel\009645fa.PDT	422	0x1cdf6000	94310	0x40	ok	zlib	zlib@4 2601152B
MLG\disc0_rel\009645fa.PDT	423	0x1ce0d800	681321	0x40	ok	inner_archive	zlib@4 files=94
MLG\disc0_rel\009645fa.PDT	424	0x1ceb4000	192851	0x40	ok	zlib	zlib@4 696656B
MLG\disc0_rel\009645fa.PDT	425	0x1cee3800	140539	0x40	ok	zlib	zlib@4 323680B
MLG\disc0_rel\009645fa.PDT	426	0x1cf06000	24436	0x40	ok	zlib	zlib@4 49808B
MLG\disc0_rel\009645fa.PDT	427	0x1cf0c000	116860	0x40	ok	zlib	zlib@4 449846B
MLG\disc0_rel\009645fa.PDT	428	0x1cf29000	131	0x40	ok	zlib	zlib@4 174B
MLG\disc0_rel\009645fa.PDT	429	0x1cf29800	117906	0x40	ok	zlib	zlib@4 2666648B
MLG\disc0_rel\009645fa.PDT	430	0x1cf46800	677735	0x40	ok	inner_archive	zlib@4 files=102
MLG\disc0_rel\009645fa.PDT	431	0x1cfec000	111037	0x40	ok	zlib	zlib@4 390352B
MLG\disc0_rel\009645fa.PDT	432	0x1d007800	138	0x40	ok	zlib	zlib@4 187B
MLG\disc0_rel\009645fa.PDT	433	0x1d008000	104771	0x40	ok	zlib	zlib@4 2719868B
MLG\disc0_rel\009645fa.PDT	434	0x1d022000	659121	0x40	ok	inner_archive	zlib@4 files=100
MLG\disc0_rel\009645fa.PDT	435	0x1d0c3000	280301	0x40	ok	zlib	zlib@4 1480448B
MLG\disc0_rel\009645fa.PDT	436	0x1d107800	112208	0x40	ok	zlib	zlib@4 378987B
MLG\disc0_rel\009645fa.PDT	437	0x1d123000	125	0x40	ok	zlib	zlib@4 184B
MLG\disc0_rel\009645fa.PDT	438	0x1d123800	103843	0x40	ok	zlib	zlib@4 2281768B
MLG\disc0_rel\009645fa.PDT	439	0x1d13d000	762683	0x40	ok	inner_archive	zlib@4 files=111
MLG\disc0_rel\009645fa.PDT	440	0x1d1f7800	157005	0x40	ok	zlib	zlib@4 1325760B
MLG\disc0_rel\009645fa.PDT	441	0x1d21e000	232294	0x40	ok	zlib	zlib@4 676320B
MLG\disc0_rel\009645fa.PDT	442	0x1d257000	488	0x40	ok	zlib	zlib@4 2792B
MLG\disc0_rel\009645fa.PDT	443	0x1d257800	118546	0x40	ok	zlib	zlib@4 454599B
MLG\disc0_rel\009645fa.PDT	444	0x1d274800	125	0x40	ok	zlib	zlib@4 184B
MLG\disc0_rel\009645fa.PDT	445	0x1d275000	101626	0x40	ok	zlib	zlib@4 2171208B
MLG\disc0_rel\009645fa.PDT	446	0x1d28e000	1110336	0x40	ok	inner_archive	zlib@4 files=126
MLG\disc0_rel\009645fa.PDT	447	0x1d39d800	144179	0x40	ok	zlib	zlib@4 1991376B
MLG\disc0_rel\009645fa.PDT	448	0x1d3c1000	54005	0x40	ok	zlib	zlib@4 153696B
MLG\disc0_rel\009645fa.PDT	449	0x1d3ce800	692	0x40	ok	zlib	zlib@4 4636B
MLG\disc0_rel\009645fa.PDT	450	0x1d3cf000	112159	0x40	ok	zlib	zlib@4 436721B
MLG\disc0_rel\009645fa.PDT	451	0x1d3ea800	126	0x40	ok	zlib	zlib@4 184B
MLG\disc0_rel\009645fa.PDT	452	0x1d3eb000	114524	0x40	ok	zlib	zlib@4 2253228B
MLG\disc0_rel\009645fa.PDT	453	0x1d407000	1265556	0x40	ok	inner_archive	zlib@4 files=143
MLG\disc0_rel\009645fa.PDT	454	0x1d53c000	157815	0x40	ok	zlib	zlib@4 2233200B
MLG\disc0_rel\009645fa.PDT	455	0x1d563000	70830	0x40	ok	zlib	zlib@4 287392B
MLG\disc0_rel\009645fa.PDT	456	0x1d574800	525	0x40	ok	zlib	zlib@4 3300B
MLG\disc0_rel\009645fa.PDT	457	0x1d575000	116990	0x40	ok	zlib	zlib@4 448807B
MLG\disc0_rel\009645fa.PDT	458	0x1d592000	123	0x40	ok	zlib	zlib@4 159B
MLG\disc0_rel\009645fa.PDT	459	0x1d592800	55780	0x40	ok	zlib	zlib@4 1540384B
MLG\disc0_rel\009645fa.PDT	460	0x1d5a0800	878993	0x40	ok	inner_archive	zlib@4 files=21
MLG\disc0_rel\009645fa.PDT	461	0x1d677800	84673	0x40	ok	zlib	zlib@4 791360B
MLG\disc0_rel\009645fa.PDT	462	0x1d68c800	35641	0x40	ok	zlib	zlib@4 128266B
MLG\disc0_rel\009645fa.PDT	463	0x1d695800	123	0x40	ok	zlib	zlib@4 172B
MLG\disc0_rel\009645fa.PDT	464	0x1d696000	148614	0x40	ok	zlib	zlib@4 2597176B
MLG\disc0_rel\009645fa.PDT	465	0x1d6ba800	2245992	0x40	ok	inner_archive	zlib@4 files=125
MLG\disc0_rel\009645fa.PDT	466	0x1d8df000	98926	0x40	ok	zlib	zlib@4 579952B
MLG\disc0_rel\009645fa.PDT	467	0x1d8f7800	35284	0x40	ok	zlib	zlib@4 112128B
MLG\disc0_rel\009645fa.PDT	468	0x1d900800	114776	0x40	ok	zlib	zlib@4 441384B
MLG\disc0_rel\009645fa.PDT	469	0x1d91d000	100	0x40	ok	zlib	zlib@4 116B
MLG\disc0_rel\009645fa.PDT	470	0x1d91d800	369131	0x40	ok	zlib	zlib@4 4264276B
MLG\disc0_rel\009645fa.PDT	471	0x1d978000	817994	0x40	ok	inner_archive	zlib@4 files=104
MLG\disc0_rel\009645fa.PDT	472	0x1da40000	4052	0x40	ok	zlib	zlib@4 26128B
MLG\disc0_rel\009645fa.PDT	473	0x1da41000	79273	0x40	ok	zlib	zlib@4 252289B
MLG\disc0_rel\009645fa.PDT	474	0x1da54800	125	0x40	ok	zlib	zlib@4 184B
MLG\disc0_rel\009645fa.PDT	475	0x1da55000	123708	0x40	ok	zlib	zlib@4 2318708B
MLG\disc0_rel\009645fa.PDT	476	0x1da73800	682793	0x40	ok	inner_archive	zlib@4 files=118
MLG\disc0_rel\009645fa.PDT	477	0x1db1a800	81923	0x40	ok	zlib	zlib@4 489168B
MLG\disc0_rel\009645fa.PDT	478	0x1db2f000	47909	0x40	ok	zlib	zlib@4 143312B
MLG\disc0_rel\009645fa.PDT	479	0x1db3b000	7947	0x40	ok	zlib	zlib@4 18588B
MLG\disc0_rel\009645fa.PDT	480	0x1db3d000	118663	0x40	ok	zlib	zlib@4 448435B
MLG\disc0_rel\009645fa.PDT	481	0x1db5a000	126	0x40	ok	zlib	zlib@4 184B
MLG\disc0_rel\009645fa.PDT	482	0x1db5a800	102776	0x40	ok	zlib	zlib@4 2167020B
MLG\disc0_rel\009645fa.PDT	483	0x1db74000	612916	0x40	ok	inner_archive	zlib@4 files=107
MLG\disc0_rel\009645fa.PDT	484	0x1dc0a000	74364	0x40	ok	zlib	zlib@4 561248B
MLG\disc0_rel\009645fa.PDT	485	0x1dc1c800	38753	0x40	ok	zlib	zlib@4 120544B
MLG\disc0_rel\009645fa.PDT	486	0x1dc26000	4074	0x40	ok	zlib	zlib@4 11572B
MLG\disc0_rel\009645fa.PDT	487	0x1dc27000	113811	0x40	ok	zlib	zlib@4 439710B
MLG\disc0_rel\009645fa.PDT	488	0x1dc43000	126	0x40	ok	zlib	zlib@4 184B
MLG\disc0_rel\009645fa.PDT	489	0x1dc43800	103521	0x40	ok	zlib	zlib@4 2179344B
MLG\disc0_rel\009645fa.PDT	490	0x1dc5d000	427327	0x40	ok	inner_archive	zlib@4 files=127
MLG\disc0_rel\009645fa.PDT	491	0x1dcc5800	90595	0x40	ok	zlib	zlib@4 746464B
MLG\disc0_rel\009645fa.PDT	492	0x1dcdc000	27595	0x40	ok	zlib	zlib@4 83744B
MLG\disc0_rel\009645fa.PDT	493	0x1dce3000	2415	0x40	ok	zlib	zlib@4 8700B
MLG\disc0_rel\009645fa.PDT	494	0x1dce4000	116202	0x40	ok	zlib	zlib@4 443944B
MLG\disc0_rel\009645fa.PDT	495	0x1dd00800	137	0x40	ok	zlib	zlib@4 215B
MLG\disc0_rel\009645fa.PDT	496	0x1dd01000	212	0x40	ok	zlib	zlib@4 720B
MLG\disc0_rel\009645fa.PDT	497	0x1dd01800	35681	0x40	ok	zlib	zlib@4 85616B
MLG\disc0_rel\009645fa.PDT	498	0x1dd0a800	131764	0x40	ok	zlib	zlib@4 2384260B
MLG\disc0_rel\009645fa.PDT	499	0x1dd2b000	426017	0x40	ok	inner_archive	zlib@4 files=107
MLG\disc0_rel\009645fa.PDT	500	0x1dd93800	64386	0x40	ok	zlib	zlib@4 465856B
MLG\disc0_rel\009645fa.PDT	501	0x1dda3800	95410	0x40	ok	zlib	zlib@4 313424B
MLG\disc0_rel\009645fa.PDT	502	0x1ddbb000	593	0x40	ok	zlib	zlib@4 2980B
MLG\disc0_rel\009645fa.PDT	503	0x1ddbb800	108480	0x40	ok	zlib	zlib@4 423978B
MLG\disc0_rel\009645fa.PDT	504	0x1ddd6000	136	0x40	ok	zlib	zlib@4 187B
MLG\disc0_rel\009645fa.PDT	505	0x1ddd6800	116227	0x40	ok	zlib	zlib@4 2633904B
MLG\disc0_rel\009645fa.PDT	506	0x1ddf3000	760257	0x40	ok	inner_archive	zlib@4 files=103
MLG\disc0_rel\009645fa.PDT	507	0x1dead000	35641	0x40	ok	zlib	zlib@4 251472B
MLG\disc0_rel\009645fa.PDT	508	0x1deb6000	124264	0x40	ok	zlib	zlib@4 448986B
MLG\disc0_rel\009645fa.PDT	509	0x1ded4800	126	0x40	ok	zlib	zlib@4 184B
MLG\disc0_rel\009645fa.PDT	510	0x1ded5000	123897	0x40	ok	zlib	zlib@4 2355664B
MLG\disc0_rel\009645fa.PDT	511	0x1def3800	718020	0x40	ok	inner_archive	zlib@4 files=111
MLG\disc0_rel\009645fa.PDT	512	0x1dfa3000	36165	0x40	ok	zlib	zlib@4 325920B
MLG\disc0_rel\009645fa.PDT	513	0x1dfac000	16135	0x40	ok	zlib	zlib@4 61184B
MLG\disc0_rel\009645fa.PDT	514	0x1dfb0000	876	0x40	ok	zlib	zlib@4 3804B
MLG\disc0_rel\009645fa.PDT	515	0x1dfb0800	111350	0x40	ok	zlib	zlib@4 434493B
MLG\disc0_rel\009645fa.PDT	516	0x1dfcc000	135	0x40	ok	zlib	zlib@4 215B
MLG\disc0_rel\009645fa.PDT	517	0x1dfcc800	913	0x40	ok	zlib	zlib@4 4632B
MLG\disc0_rel\009645fa.PDT	518	0x1dfcd000	73382	0x40	ok	zlib	zlib@4 232264B
MLG\disc0_rel\009645fa.PDT	519	0x1dfdf000	131301	0x40	ok	zlib	zlib@4 2327040B
MLG\disc0_rel\009645fa.PDT	520	0x1dfff800	726529	0x40	ok	inner_archive	zlib@4 files=143
MLG\disc0_rel\009645fa.PDT	521	0x1e0b1000	72808	0x40	ok	zlib	zlib@4 817456B
MLG\disc0_rel\009645fa.PDT	522	0x1e0c3000	40109	0x40	ok	zlib	zlib@4 157808B
MLG\disc0_rel\009645fa.PDT	523	0x1e0cd000	172	0x40	ok	zlib	zlib@4 824B
MLG\disc0_rel\009645fa.PDT	524	0x1e0cd800	117320	0x40	ok	zlib	zlib@4 446603B
MLG\disc0_rel\009645fa.PDT	525	0x1e0ea800	139	0x40	ok	zlib	zlib@4 199B
MLG\disc0_rel\009645fa.PDT	526	0x1e0eb000	109955	0x40	ok	zlib	zlib@4 2330932B
MLG\disc0_rel\009645fa.PDT	527	0x1e106000	1018958	0x40	ok	inner_archive	zlib@4 files=103
MLG\disc0_rel\009645fa.PDT	528	0x1e1ff000	86934	0x40	ok	zlib	zlib@4 671424B
MLG\disc0_rel\009645fa.PDT	529	0x1e214800	127299	0x40	ok	zlib	zlib@4 415488B
MLG\disc0_rel\009645fa.PDT	530	0x1e234000	122115	0x40	ok	zlib	zlib@4 464019B
MLG\disc0_rel\009645fa.PDT	531	0x1e252000	142	0x40	ok	zlib	zlib@4 218B
MLG\disc0_rel\009645fa.PDT	532	0x1e252800	67	0x40	ok	zlib	zlib@4 168B
MLG\disc0_rel\009645fa.PDT	533	0x1e253000	1332	0x40	ok	zlib	zlib@4 3696B
MLG\disc0_rel\009645fa.PDT	534	0x1e253800	118885	0x40	ok	zlib	zlib@4 1995236B
MLG\disc0_rel\009645fa.PDT	535	0x1e271000	644883	0x40	ok	inner_archive	zlib@4 files=120
MLG\disc0_rel\009645fa.PDT	536	0x1e30e800	61591	0x40	ok	zlib	zlib@4 376592B
MLG\disc0_rel\009645fa.PDT	537	0x1e31e000	105901	0x40	ok	zlib	zlib@4 374859B
MLG\disc0_rel\009645fa.PDT	538	0x1e338000	136	0x40	ok	zlib	zlib@4 187B
MLG\disc0_rel\009645fa.PDT	539	0x1e338800	115338	0x40	ok	zlib	zlib@4 2011516B
MLG\disc0_rel\009645fa.PDT	540	0x1e355000	653438	0x40	ok	inner_archive	zlib@4 files=98
MLG\disc0_rel\009645fa.PDT	541	0x1e3f5000	24556	0x40	ok	zlib	zlib@4 199664B
MLG\disc0_rel\009645fa.PDT	542	0x1e3fb000	100090	0x40	ok	zlib	zlib@4 361499B
MLG\disc0_rel\009645fa.PDT	543	0x1e413800	123	0x40	ok	zlib	zlib@4 160B
MLG\disc0_rel\009645fa.PDT	544	0x1e414000	380481	0x40	ok	zlib	zlib@4 3604960B
MLG\disc0_rel\009645fa.PDT	545	0x1e471000	1923364	0x40	ok	inner_archive	zlib@4 files=105
MLG\disc0_rel\009645fa.PDT	546	0x1e647000	24556	0x40	ok	zlib	zlib@4 199664B
MLG\disc0_rel\009645fa.PDT	547	0x1e64d000	95000	0x40	ok	zlib	zlib@4 317759B
MLG\disc0_rel\009645fa.PDT	548	0x1e664800	135	0x40	ok	zlib	zlib@4 187B
MLG\disc0_rel\009645fa.PDT	549	0x1e665000	172366	0x40	ok	zlib	zlib@4 2109940B
MLG\disc0_rel\009645fa.PDT	550	0x1e68f800	863316	0x40	ok	inner_archive	zlib@4 files=113
MLG\disc0_rel\009645fa.PDT	551	0x1e762800	68032	0x40	ok	zlib	zlib@4 267136B
MLG\disc0_rel\009645fa.PDT	552	0x1e773800	115268	0x40	ok	zlib	zlib@4 414703B
MLG\disc0_rel\009645fa.PDT	553	0x1e790000	95	0x40	ok	zlib	zlib@4 102B
MLG\disc0_rel\009645fa.PDT	554	0x1e790800	73019	0x40	ok	zlib	zlib@4 323648B
MLG\disc0_rel\009645fa.PDT	555	0x1e7a2800	1735	0x40	ok	inner_archive	zlib@4 files=2
MLG\disc0_rel\009645fa.PDT	556	0x1e7a3000	16879	0x40	ok	zlib	zlib@4 57046B
MLG\disc0_rel\ADEMOHQ\0058d336.pdt	0	0x800	128936	0x100	ok	raw	46454c07
MLG\disc0_rel\ADEMOHQ\0058d336.pdt	1	0x20000	568844	0x100	ok	raw	46454c07
MLG\disc0_rel\ADEMOHQ\0058d336.pdt	2	0xab000	128116	0x100	ok	raw	46454c07
MLG\disc0_rel\ADEMOHQ\0058d336.pdt	3	0xca800	181668	0x100	ok	raw	46454c07
MLG\disc0_rel\ADEMOHQ\0058d336.pdt	4	0xf7000	57392	0x100	ok	raw	46454c07
MLG\disc0_rel\ADEMOHQ\0058d336.pdt	5	0x105800	222052	0x100	ok	raw	46454c07
MLG\disc0_rel\ADEMOHQ\0058d336.pdt	6	0x13c000	110540	0x100	ok	raw	46454c07
MLG\disc0_rel\ADEMOHQ\0058d336.pdt	7	0x157000	161784	0x100	ok	raw	46454c07
EXLANG\disc0_rel\009645fa.PDT	0	0x5000	55	0x40	ok	zlib	zlib@4 51B
EXLANG\disc0_rel\009645fa.PDT	1	0x5800	17489	0x40	ok	inner_archive	zlib@4 files=30
EXLANG\disc0_rel\009645fa.PDT	2	0xa000	17006	0x40	ok	zlib	zlib@4 57215B
EXLANG\disc0_rel\009645fa.PDT	3	0xe800	69	0x40	ok	zlib	zlib@4 87B
EXLANG\disc0_rel\009645fa.PDT	4	0xf000	111395	0x40	ok	zlib	zlib@4 118816B
EXLANG\disc0_rel\009645fa.PDT	5	0x2a800	1908221	0x40	ok	zlib	zlib@4 11505696B
EXLANG\disc0_rel\009645fa.PDT	6	0x1fc800	1072084	0x40	ok	zlib	zlib@4 5243056B
EXLANG\disc0_rel\009645fa.PDT	7	0x302800	252768	0x40	ok	inner_archive	zlib@4 files=99
EXLANG\disc0_rel\009645fa.PDT	8	0x340800	40888	0x40	ok	zlib	zlib@4 124508B
EXLANG\disc0_rel\009645fa.PDT	9	0x34a800	66	0x40	ok	zlib	zlib@4 67B
EXLANG\disc0_rel\009645fa.PDT	10	0x34b000	188558	0x40	ok	zlib	zlib@4 3588176B
EXLANG\disc0_rel\009645fa.PDT	11	0x379800	48642	0x40	ok	inner_archive	zlib@4 files=55
EXLANG\disc0_rel\009645fa.PDT	12	0x385800	39051	0x40	ok	zlib	zlib@4 118630B
EXLANG\disc0_rel\009645fa.PDT	13	0x38f800	62	0x40	ok	zlib	zlib@4 63B
EXLANG\disc0_rel\009645fa.PDT	14	0x390000	210499	0x40	ok	zlib	zlib@4 2625760B
EXLANG\disc0_rel\009645fa.PDT	15	0x3c3800	555667	0x40	ok	inner_archive	zlib@4 files=114
EXLANG\disc0_rel\009645fa.PDT	16	0x44b800	51099	0x40	ok	zlib	zlib@4 166785B
EXLANG\disc0_rel\009645fa.PDT	17	0x458000	73	0x40	ok	zlib	zlib@4 109B
EXLANG\disc0_rel\009645fa.PDT	18	0x458800	127812	0x40	ok	zlib	zlib@4 434228B
EXLANG\disc0_rel\009645fa.PDT	19	0x478000	635586	0x40	ok	zlib	zlib@4 10895392B
EXLANG\disc0_rel\009645fa.PDT	20	0x513800	73112	0x40	ok	zlib	zlib@4 2052128B
EXLANG\disc0_rel\009645fa.PDT	21	0x525800	1969183	0x40	ok	zlib	zlib@4 25002016B
EXLANG\disc0_rel\009645fa.PDT	22	0x706800	470494	0x40	ok	zlib	zlib@4 1212568B
EXLANG\disc0_rel\009645fa.PDT	23	0x779800	2007764	0x40	ok	inner_archive	zlib@4 files=181
EXLANG\disc0_rel\009645fa.PDT	24	0x964000	19604	0x40	ok	zlib	zlib@4 62673B
EXLANG\disc0_rel\009645fa.PDT	25	0x969000	64	0x40	ok	zlib	zlib@4 65B
EXLANG\disc0_rel\009645fa.PDT	26	0x969800	354031	0x40	ok	zlib	zlib@4 3498064B
EXLANG\disc0_rel\009645fa.PDT	27	0x9c0000	136649	0x40	ok	inner_archive	zlib@4 files=67
EXLANG\disc0_rel\009645fa.PDT	28	0x9e1800	52649	0x40	ok	zlib	zlib@4 153419B
EXLANG\disc0_rel\009645fa.PDT	29	0x9ee800	59	0x40	ok	zlib	zlib@4 60B
EXLANG\disc0_rel\009645fa.PDT	30	0x9ef000	490767	0x40	ok	zlib	zlib@4 1847428B
EXLANG\disc0_rel\009645fa.PDT	31	0xa67000	307787	0x40	ok	inner_archive	zlib@4 files=45
EXLANG\disc0_rel\009645fa.PDT	32	0xab2800	6596	0x40	ok	zlib	zlib@4 18635B
EXLANG\disc0_rel\009645fa.PDT	33	0xab4800	160	0x40	ok	zlib	zlib@4 271B
EXLANG\disc0_rel\009645fa.PDT	34	0xab5000	486335	0x40	ok	zlib	zlib@4 1233044B
EXLANG\disc0_rel\009645fa.PDT	35	0xb2c000	1907145	0x40	ok	zlib	zlib@4 11431972B
EXLANG\disc0_rel\009645fa.PDT	36	0xcfe000	1024261	0x40	ok	zlib	zlib@4 4329508B
EXLANG\disc0_rel\009645fa.PDT	37	0xdf8800	2272231	0x40	ok	zlib	zlib@4 36438052B
EXLANG\disc0_rel\009645fa.PDT	38	0x1023800	58881	0x40	ok	zlib	zlib@4 94308B
EXLANG\disc0_rel\009645fa.PDT	39	0x1032000	1991403	0x40	ok	inner_archive	zlib@4 files=59
EXLANG\disc0_rel\009645fa.PDT	40	0x1218800	72532	0x40	ok	zlib	zlib@4 246916B
EXLANG\disc0_rel\009645fa.PDT	41	0x122a800	146	0x40	ok	zlib	zlib@4 242B
EXLANG\disc0_rel\009645fa.PDT	42	0x122b000	5695	0x40	ok	zlib	zlib@4 34008B
EXLANG\disc0_rel\009645fa.PDT	43	0x122c800	342719	0x40	ok	zlib	zlib@4 1008432B
EXLANG\disc0_rel\009645fa.PDT	44	0x1280800	495220	0x40	ok	zlib	zlib@4 1261780B
EXLANG\disc0_rel\009645fa.PDT	45	0x12f9800	943504	0x40	ok	zlib	zlib@4 16719908B
EXLANG\disc0_rel\009645fa.PDT	46	0x13e0000	23276	0x40	ok	zlib	zlib@4 651332B
EXLANG\disc0_rel\009645fa.PDT	47	0x13e6000	1990495	0x40	ok	inner_archive	zlib@4 files=131
EXLANG\disc0_rel\009645fa.PDT	48	0x15cc000	32539	0x40	ok	zlib	zlib@4 110813B
EXLANG\disc0_rel\009645fa.PDT	49	0x15d4000	104	0x40	ok	zlib	zlib@4 135B
EXLANG\disc0_rel\009645fa.PDT	50	0x15d4800	470199	0x40	ok	zlib	zlib@4 1261616B
EXLANG\disc0_rel\009645fa.PDT	51	0x1647800	1907148	0x40	ok	zlib	zlib@4 11431972B
EXLANG\disc0_rel\009645fa.PDT	52	0x1819800	1024265	0x40	ok	zlib	zlib@4 4329508B
EXLANG\disc0_rel\009645fa.PDT	53	0x1914000	1340766	0x40	ok	inner_archive	zlib@4 files=29
EXLANG\disc0_rel\009645fa.PDT	54	0x1a5b800	59638	0x40	ok	zlib	zlib@4 207254B
EXLANG\disc0_rel\009645fa.PDT	55	0x1a6a800	106	0x40	ok	zlib	zlib@4 140B
EXLANG\disc0_rel\009645fa.PDT	56	0x1a6b000	506145	0x40	ok	zlib	zlib@4 2596972B
EXLANG\disc0_rel\009645fa.PDT	57	0x1ae7000	2118584	0x40	ok	zlib	zlib@4 19509288B
EXLANG\disc0_rel\009645fa.PDT	58	0x1cec800	2940	0x40	ok	zlib	zlib@4 73760B
EXLANG\disc0_rel\009645fa.PDT	59	0x1ced800	1335333	0x40	ok	inner_archive	zlib@4 files=28
EXLANG\disc0_rel\009645fa.PDT	60	0x1e34000	19222	0x40	ok	zlib	zlib@4 61654B
EXLANG\disc0_rel\009645fa.PDT	61	0x1e39000	121	0x40	ok	zlib	zlib@4 153B
EXLANG\disc0_rel\009645fa.PDT	62	0x1e39800	90570	0x40	ok	zlib	zlib@4 1663316B
EXLANG\disc0_rel\009645fa.PDT	63	0x1e50000	1464617	0x40	ok	inner_archive	zlib@4 files=27
EXLANG\disc0_rel\009645fa.PDT	64	0x1fb6000	80379	0x40	ok	zlib	zlib@4 747168B
EXLANG\disc0_rel\009645fa.PDT	65	0x1fca000	36029	0x40	ok	zlib	zlib@4 128219B
EXLANG\disc0_rel\009645fa.PDT	66	0x1fd3000	122	0x40	ok	zlib	zlib@4 153B
EXLANG\disc0_rel\009645fa.PDT	67	0x1fd3800	75592	0x40	ok	zlib	zlib@4 1642860B
EXLANG\disc0_rel\009645fa.PDT	68	0x1fe6000	1441903	0x40	ok	inner_archive	zlib@4 files=27
EXLANG\disc0_rel\009645fa.PDT	69	0x2146800	79990	0x40	ok	zlib	zlib@4 662848B
EXLANG\disc0_rel\009645fa.PDT	70	0x215a800	35968	0x40	ok	zlib	zlib@4 127781B
EXLANG\disc0_rel\009645fa.PDT	71	0x2163800	122	0x40	ok	zlib	zlib@4 153B
EXLANG\disc0_rel\009645fa.PDT	72	0x2164000	56468	0x40	ok	zlib	zlib@4 1614108B
EXLANG\disc0_rel\009645fa.PDT	73	0x2172000	1206759	0x40	ok	inner_archive	zlib@4 files=23
EXLANG\disc0_rel\009645fa.PDT	74	0x2299000	165023	0x40	ok	zlib	zlib@4 1629456B
EXLANG\disc0_rel\009645fa.PDT	75	0x22c1800	35354	0x40	ok	zlib	zlib@4 126476B
EXLANG\disc0_rel\009645fa.PDT	76	0x22ca800	69	0x40	ok	zlib	zlib@4 70B
EXLANG\disc0_rel\009645fa.PDT	77	0x22cb000	1835	0x40	ok	zlib	zlib@4 159836B
EXLANG\disc0_rel\009645fa.PDT	79	0x127ba800	20465	0x40	ok	zlib	zlib@4 61231B
EXLANG\disc0_rel\009645fa.PDT	80	0x127bf800	64	0x40	ok	zlib	zlib@4 65B
EXLANG\disc0_rel\009645fa.PDT	81	0x127c0000	678380	0x40	ok	zlib	zlib@4 3813624B
EXLANG\disc0_rel\009645fa.PDT	82	0x12866000	120861	0x40	ok	inner_archive	zlib@4 files=48
EXLANG\disc0_rel\009645fa.PDT	83	0x12884000	18040	0x40	ok	zlib	zlib@4 59270B
EXLANG\disc0_rel\009645fa.PDT	84	0x12888800	71	0x40	ok	zlib	zlib@4 89B
EXLANG\disc0_rel\009645fa.PDT	85	0x12889000	598665	0x40	ok	zlib	zlib@4 1646788B
EXLANG\disc0_rel\009645fa.PDT	86	0x1291b800	290161	0x40	ok	zlib	zlib@4 6819876B
EXLANG\disc0_rel\009645fa.PDT	87	0x12962800	431022	0x40	ok	zlib	zlib@4 6750244B
EXLANG\disc0_rel\009645fa.PDT	88	0x129cc000	1675026	0x40	ok	inner_archive	zlib@4 files=109
EXLANG\disc0_rel\009645fa.PDT	89	0x12b65000	17478	0x40	ok	zlib	zlib@4 58100B
EXLANG\disc0_rel\009645fa.PDT	90	0x12b69800	155	0x40	ok	zlib	zlib@4 265B
EXLANG\disc0_rel\009645fa.PDT	91	0x12b6a000	18680	0x40	ok	zlib	zlib@4 192628B
EXLANG\disc0_rel\009645fa.PDT	92	0x12b6f000	331447	0x40	ok	zlib	zlib@4 9302052B
EXLANG\disc0_rel\009645fa.PDT	93	0x12bc0000	77147	0x40	ok	zlib	zlib@4 245876B
EXLANG\disc0_rel\009645fa.PDT	94	0x12bd3000	1069708	0x40	ok	inner_archive	zlib@4 files=51
EXLANG\disc0_rel\009645fa.PDT	95	0x12cd8800	135	0x40	ok	zlib	zlib@4 171B
EXLANG\disc0_rel\009645fa.PDT	96	0x12cd9000	172	0x40	ok	zlib	zlib@4 319B
EXLANG\disc0_rel\009645fa.PDT	97	0x12cd9800	53403	0x40	ok	zlib	zlib@4 930168B
EXLANG\disc0_rel\009645fa.PDT	98	0x12ce7000	398533	0x40	ok	zlib	zlib@4 16171048B
EXLANG\disc0_rel\009645fa.PDT	99	0x12d48800	159351	0x40	ok	zlib	zlib@4 377120B
EXLANG\disc0_rel\009645fa.PDT	100	0x12d6f800	5946550	0x40	ok	inner_archive	zlib@4 files=122
EXLANG\disc0_rel\009645fa.PDT	101	0x1331b800	162	0x40	ok	zlib	zlib@4 194B
EXLANG\disc0_rel\009645fa.PDT	102	0x1331c000	101	0x40	ok	zlib	zlib@4 123B
EXLANG\disc0_rel\009645fa.PDT	103	0x1331c800	221049	0x40	ok	zlib	zlib@4 2830604B
EXLANG\disc0_rel\009645fa.PDT	104	0x13352800	4885293	0x40	ok	inner_archive	zlib@4 files=41
EXLANG\disc0_rel\009645fa.PDT	105	0x137fb800	158	0x40	ok	zlib	zlib@4 190B
EXLANG\disc0_rel\009645fa.PDT	106	0x137fc000	169	0x40	ok	zlib	zlib@4 313B
EXLANG\disc0_rel\009645fa.PDT	107	0x137fc800	86124	0x40	ok	zlib	zlib@4 1225688B
EXLANG\disc0_rel\009645fa.PDT	108	0x13812000	396003	0x40	ok	zlib	zlib@4 15650852B
EXLANG\disc0_rel\009645fa.PDT	109	0x13873000	204684	0x40	ok	zlib	zlib@4 303608B
EXLANG\disc0_rel\009645fa.PDT	110	0x138a5000	8011365	0x40	ok	inner_archive	zlib@4 files=173
EXLANG\disc0_rel\009645fa.PDT	111	0x14049000	178	0x40	ok	zlib	zlib@4 210B
EXLANG\disc0_rel\009645fa.PDT	112	0x14049800	74	0x40	ok	zlib	zlib@4 80B
EXLANG\disc0_rel\009645fa.PDT	113	0x1404a000	10003	0x40	ok	zlib	zlib@4 167988B
EXLANG\disc0_rel\009645fa.PDT	114	0x1404c800	1722361	0x40	ok	inner_archive	zlib@4 files=1
EXLANG\disc0_rel\009645fa.PDT	115	0x141f1000	153	0x40	ok	zlib	zlib@4 191B
EXLANG\disc0_rel\009645fa.PDT	116	0x141f1800	177	0x40	ok	zlib	zlib@4 331B
EXLANG\disc0_rel\009645fa.PDT	117	0x141f2000	123159	0x40	ok	zlib	zlib@4 1217628B
EXLANG\disc0_rel\009645fa.PDT	118	0x14210800	422036	0x40	ok	zlib	zlib@4 16359456B
EXLANG\disc0_rel\009645fa.PDT	119	0x14278000	227266	0x40	ok	zlib	zlib@4 356900B
EXLANG\disc0_rel\009645fa.PDT	120	0x142af800	8453918	0x40	ok	inner_archive	zlib@4 files=203
EXLANG\disc0_rel\009645fa.PDT	121	0x14abf800	178	0x40	ok	zlib	zlib@4 210B
EXLANG\disc0_rel\009645fa.PDT	122	0x14ac0000	182	0x40	ok	zlib	zlib@4 351B
EXLANG\disc0_rel\009645fa.PDT	123	0x14ac0800	84762	0x40	ok	zlib	zlib@4 1217448B
EXLANG\disc0_rel\009645fa.PDT	124	0x14ad5800	399958	0x40	ok	zlib	zlib@4 16134180B
EXLANG\disc0_rel\009645fa.PDT	125	0x14b37800	227266	0x40	ok	zlib	zlib@4 356900B
EXLANG\disc0_rel\009645fa.PDT	126	0x14b6f000	8018259	0x40	ok	inner_archive	zlib@4 files=189
EXLANG\disc0_rel\009645fa.PDT	127	0x15315000	178	0x40	ok	zlib	zlib@4 210B
EXLANG\disc0_rel\009645fa.PDT	128	0x15315800	186	0x40	ok	zlib	zlib@4 358B
EXLANG\disc0_rel\009645fa.PDT	129	0x15316000	84763	0x40	ok	zlib	zlib@4 1217456B
EXLANG\disc0_rel\009645fa.PDT	130	0x1532b000	399968	0x40	ok	zlib	zlib@4 16134188B
EXLANG\disc0_rel\009645fa.PDT	131	0x1538d000	227266	0x40	ok	zlib	zlib@4 356900B
EXLANG\disc0_rel\009645fa.PDT	132	0x153c4800	8018258	0x40	ok	inner_archive	zlib@4 files=189
EXLANG\disc0_rel\009645fa.PDT	133	0x15b6a800	178	0x40	ok	zlib	zlib@4 210B
EXLANG\disc0_rel\009645fa.PDT	134	0x15b6b000	198	0x40	ok	zlib	zlib@4 394B
EXLANG\disc0_rel\009645fa.PDT	135	0x15b6b800	84762	0x40	ok	zlib	zlib@4 1217448B
EXLANG\disc0_rel\009645fa.PDT	136	0x15b80800	396006	0x40	ok	zlib	zlib@4 15650852B
EXLANG\disc0_rel\009645fa.PDT	137	0x15be1800	227266	0x40	ok	zlib	zlib@4 356900B
EXLANG\disc0_rel\009645fa.PDT	138	0x15c19000	7907470	0x40	ok	inner_archive	zlib@4 files=186
EXLANG\disc0_rel\009645fa.PDT	139	0x163a4000	178	0x40	ok	zlib	zlib@4 210B
EXLANG\disc0_rel\009645fa.PDT	140	0x163a4800	189	0x40	ok	zlib	zlib@4 363B
EXLANG\disc0_rel\009645fa.PDT	141	0x163a5000	84764	0x40	ok	zlib	zlib@4 1217452B
EXLANG\disc0_rel\009645fa.PDT	142	0x163ba000	396012	0x40	ok	zlib	zlib@4 15650856B
EXLANG\disc0_rel\009645fa.PDT	143	0x1641b000	227266	0x40	ok	zlib	zlib@4 356900B
EXLANG\disc0_rel\009645fa.PDT	144	0x16452800	7721298	0x40	ok	inner_archive	zlib@4 files=185
EXLANG\disc0_rel\009645fa.PDT	145	0x16bb0000	174	0x40	ok	zlib	zlib@4 206B
EXLANG\disc0_rel\009645fa.PDT	146	0x16bb0800	187	0x40	ok	zlib	zlib@4 352B
EXLANG\disc0_rel\009645fa.PDT	147	0x16bb1000	84763	0x40	ok	zlib	zlib@4 1217448B
EXLANG\disc0_rel\009645fa.PDT	148	0x16bc6000	396007	0x40	ok	zlib	zlib@4 15650856B
EXLANG\disc0_rel\009645fa.PDT	149	0x16c27000	227266	0x40	ok	zlib	zlib@4 356900B
EXLANG\disc0_rel\009645fa.PDT	150	0x16c5e800	7907462	0x40	ok	inner_archive	zlib@4 files=186
EXLANG\disc0_rel\009645fa.PDT	151	0x173e9800	178	0x40	ok	zlib	zlib@4 210B
EXLANG\disc0_rel\009645fa.PDT	152	0x173ea000	79	0x40	ok	zlib	zlib@4 109B
EXLANG\disc0_rel\009645fa.PDT	153	0x173ea800	46828	0x40	ok	zlib	zlib@4 1311004B
EXLANG\disc0_rel\009645fa.PDT	154	0x173f6000	435429	0x40	ok	zlib	zlib@4 13770784B
EXLANG\disc0_rel\009645fa.PDT	155	0x17460800	159048	0x40	ok	zlib	zlib@4 180260B
EXLANG\disc0_rel\009645fa.PDT	156	0x17487800	6865977	0x40	ok	inner_archive	zlib@4 files=139
EXLANG\disc0_rel\009645fa.PDT	157	0x17b14000	178	0x40	ok	zlib	zlib@4 210B
EXLANG\disc0_rel\009645fa.PDT	158	0x17b14800	154	0x40	ok	zlib	zlib@4 263B
EXLANG\disc0_rel\009645fa.PDT	159	0x17b15000	42463	0x40	ok	zlib	zlib@4 966940B
EXLANG\disc0_rel\009645fa.PDT	160	0x17b1f800	202115	0x40	ok	zlib	zlib@4 12042276B
EXLANG\disc0_rel\009645fa.PDT	161	0x17b51000	125767	0x40	ok	zlib	zlib@4 147576B
EXLANG\disc0_rel\009645fa.PDT	162	0x17b70000	5342423	0x40	ok	inner_archive	zlib@4 files=43
EXLANG\disc0_rel\009645fa.PDT	163	0x18088800	158	0x40	ok	zlib	zlib@4 190B
EXLANG\disc0_rel\009645fa.PDT	164	0x18089000	127	0x40	ok	zlib	zlib@4 180B
EXLANG\disc0_rel\009645fa.PDT	165	0x18089800	43039	0x40	ok	zlib	zlib@4 1040648B
EXLANG\disc0_rel\009645fa.PDT	166	0x18094800	363018	0x40	ok	zlib	zlib@4 11304992B
EXLANG\disc0_rel\009645fa.PDT	167	0x180ed800	159048	0x40	ok	zlib	zlib@4 180260B
EXLANG\disc0_rel\009645fa.PDT	168	0x18114800	6665646	0x40	ok	inner_archive	zlib@4 files=129
EXLANG\disc0_rel\009645fa.PDT	169	0x18770000	178	0x40	ok	zlib	zlib@4 210B
EXLANG\disc0_rel\009645fa.PDT	170	0x18770800	68	0x40	ok	zlib	zlib@4 86B
EXLANG\disc0_rel\009645fa.PDT	171	0x18771000	598675	0x40	ok	zlib	zlib@4 1650884B
EXLANG\disc0_rel\009645fa.PDT	172	0x18803800	204034	0x40	ok	zlib	zlib@4 11501600B
EXLANG\disc0_rel\009645fa.PDT	173	0x18835800	1172779	0x40	ok	zlib	zlib@4 8359992B
EXLANG\disc0_rel\009645fa.PDT	174	0x18954000	1354880	0x40	ok	inner_archive	zlib@4 files=198
EXLANG\disc0_rel\009645fa.PDT	175	0x18a9f000	53797	0x40	ok	zlib	zlib@4 204140B
EXLANG\disc0_rel\009645fa.PDT	176	0x18aac800	67	0x40	ok	zlib	zlib@4 85B
EXLANG\disc0_rel\009645fa.PDT	177	0x18aad000	466969	0x40	ok	zlib	zlib@4 1187868B
EXLANG\disc0_rel\009645fa.PDT	178	0x18b1f800	1906348	0x40	ok	zlib	zlib@4 21938208B
EXLANG\disc0_rel\009645fa.PDT	179	0x18cf1000	357198	0x40	ok	zlib	zlib@4 5476384B
EXLANG\disc0_rel\009645fa.PDT	180	0x18d48800	1810961	0x40	ok	inner_archive	zlib@4 files=91
EXLANG\disc0_rel\009645fa.PDT	181	0x18f03000	31721	0x40	ok	zlib	zlib@4 108617B
EXLANG\disc0_rel\009645fa.PDT	182	0x18f0b000	155	0x40	ok	zlib	zlib@4 258B
EXLANG\disc0_rel\009645fa.PDT	183	0x18f0b800	545794	0x40	ok	zlib	zlib@4 1327340B
EXLANG\disc0_rel\009645fa.PDT	184	0x18f91000	352307	0x40	ok	zlib	zlib@4 10006564B
EXLANG\disc0_rel\009645fa.PDT	185	0x18fe7800	14254	0x40	ok	zlib	zlib@4 630820B
EXLANG\disc0_rel\009645fa.PDT	186	0x18feb000	2272231	0x40	ok	zlib	zlib@4 36438052B
EXLANG\disc0_rel\009645fa.PDT	187	0x19216000	1688146	0x40	ok	inner_archive	zlib@4 files=66
EXLANG\disc0_rel\009645fa.PDT	188	0x193b2800	24172	0x40	ok	zlib	zlib@4 72907B
EXLANG\disc0_rel\009645fa.PDT	189	0x193b8800	102	0x40	ok	zlib	zlib@4 131B
EXLANG\disc0_rel\009645fa.PDT	190	0x193b9000	466969	0x40	ok	zlib	zlib@4 1187868B
EXLANG\disc0_rel\009645fa.PDT	191	0x1942b800	203540	0x40	ok	zlib	zlib@4 11464740B
EXLANG\disc0_rel\009645fa.PDT	192	0x1945d800	14258	0x40	ok	zlib	zlib@4 630820B
EXLANG\disc0_rel\009645fa.PDT	193	0x19461000	430633	0x40	ok	inner_archive	zlib@4 files=33
EXLANG\disc0_rel\009645fa.PDT	194	0x194ca800	23267	0x40	ok	zlib	zlib@4 84346B
EXLANG\disc0_rel\009645fa.PDT	195	0x194d0800	133	0x40	ok	zlib	zlib@4 203B
EXLANG\disc0_rel\009645fa.PDT	196	0x194d1000	627	0x40	ok	zlib	zlib@4 2544B
EXLANG\disc0_rel\009645fa.PDT	197	0x194d1800	143657	0x40	ok	zlib	zlib@4 251858B
EXLANG\disc0_rel\009645fa.PDT	198	0x194f5000	289352	0x40	ok	zlib	zlib@4 1724736B
EXLANG\disc0_rel\009645fa.PDT	199	0x1953c000	7962239	0x40	ok	inner_archive	zlib@4 files=269
EXLANG\disc0_rel\009645fa.PDT	200	0x19cd4000	26097	0x40	ok	zlib	zlib@4 130224B
EXLANG\disc0_rel\009645fa.PDT	201	0x19cda800	447	0x40	ok	zlib	zlib@4 1216B
EXLANG\disc0_rel\009645fa.PDT	202	0x19cdb000	93756	0x40	ok	zlib	zlib@4 330144B
EXLANG\disc0_rel\009645fa.PDT	203	0x19cf2000	129	0x40	ok	zlib	zlib@4 192B
EXLANG\disc0_rel\009645fa.PDT	204	0x19cf2800	329918	0x40	ok	zlib	zlib@4 2142520B
EXLANG\disc0_rel\009645fa.PDT	205	0x19d43800	3445521	0x40	ok	inner_archive	zlib@4 files=114
EXLANG\disc0_rel\009645fa.PDT	206	0x1a08d000	26698	0x40	ok	zlib	zlib@4 136256B
EXLANG\disc0_rel\009645fa.PDT	207	0x1a094000	434	0x40	ok	zlib	zlib@4 1216B
EXLANG\disc0_rel\009645fa.PDT	208	0x1a094800	87743	0x40	ok	zlib	zlib@4 329630B
EXLANG\disc0_rel\009645fa.PDT	209	0x1a0aa000	125	0x40	ok	zlib	zlib@4 174B
EXLANG\disc0_rel\009645fa.PDT	210	0x1a0aa800	450575	0x40	ok	zlib	zlib@4 2769820B
EXLANG\disc0_rel\009645fa.PDT	211	0x1a119000	3282750	0x40	ok	inner_archive	zlib@4 files=137
EXLANG\disc0_rel\009645fa.PDT	212	0x1a43a800	219803	0x40	ok	zlib	zlib@4 889376B
EXLANG\disc0_rel\009645fa.PDT	213	0x1a470800	22468	0x40	ok	zlib	zlib@4 50336B
EXLANG\disc0_rel\009645fa.PDT	214	0x1a476000	108304	0x40	ok	zlib	zlib@4 378432B
EXLANG\disc0_rel\009645fa.PDT	215	0x1a490800	124	0x40	ok	zlib	zlib@4 172B
EXLANG\disc0_rel\009645fa.PDT	216	0x1a491000	185165	0x40	ok	zlib	zlib@4 2236892B
EXLANG\disc0_rel\009645fa.PDT	217	0x1a4be800	6420957	0x40	ok	inner_archive	zlib@4 files=122
EXLANG\disc0_rel\009645fa.PDT	218	0x1aade800	206451	0x40	ok	zlib	zlib@4 820752B
EXLANG\disc0_rel\009645fa.PDT	219	0x1ab11000	30350	0x40	ok	zlib	zlib@4 76464B
EXLANG\disc0_rel\009645fa.PDT	220	0x1ab18800	100415	0x40	ok	zlib	zlib@4 360054B
EXLANG\disc0_rel\009645fa.PDT	221	0x1ab31800	143	0x40	ok	zlib	zlib@4 221B
EXLANG\disc0_rel\009645fa.PDT	222	0x1ab32000	96218	0x40	ok	zlib	zlib@4 2089200B
EXLANG\disc0_rel\009645fa.PDT	223	0x1ab49800	1066036	0x40	ok	inner_archive	zlib@4 files=101
EXLANG\disc0_rel\009645fa.PDT	224	0x1ac4e000	224072	0x40	ok	zlib	zlib@4 854656B
EXLANG\disc0_rel\009645fa.PDT	225	0x1ac85000	44795	0x40	ok	zlib	zlib@4 101072B
EXLANG\disc0_rel\009645fa.PDT	226	0x1ac90000	103	0x40	ok	zlib	zlib@4 344B
EXLANG\disc0_rel\009645fa.PDT	227	0x1ac90800	115697	0x40	ok	zlib	zlib@4 441852B
EXLANG\disc0_rel\009645fa.PDT	228	0x1acad000	122	0x40	ok	zlib	zlib@4 159B
EXLANG\disc0_rel\009645fa.PDT	229	0x1acad800	58223	0x40	ok	zlib	zlib@4 1589600B
EXLANG\disc0_rel\009645fa.PDT	230	0x1acbc000	1019839	0x40	ok	inner_archive	zlib@4 files=25
EXLANG\disc0_rel\009645fa.PDT	231	0x1adb5000	204400	0x40	ok	zlib	zlib@4 672192B
EXLANG\disc0_rel\009645fa.PDT	232	0x1ade7000	35007	0x40	ok	zlib	zlib@4 126011B
EXLANG\disc0_rel\009645fa.PDT	233	0x1adf0000	143	0x40	ok	zlib	zlib@4 221B
EXLANG\disc0_rel\009645fa.PDT	234	0x1adf0800	106960	0x40	ok	zlib	zlib@4 2179368B
EXLANG\disc0_rel\009645fa.PDT	235	0x1ae0b000	959098	0x40	ok	inner_archive	zlib@4 files=104
EXLANG\disc0_rel\009645fa.PDT	236	0x1aef5800	85412	0x40	ok	zlib	zlib@4 665632B
EXLANG\disc0_rel\009645fa.PDT	237	0x1af0a800	45031	0x40	ok	zlib	zlib@4 125072B
EXLANG\disc0_rel\009645fa.PDT	238	0x1af15800	800	0x40	ok	zlib	zlib@4 4368B
EXLANG\disc0_rel\009645fa.PDT	239	0x1af16000	114534	0x40	ok	zlib	zlib@4 441137B
EXLANG\disc0_rel\009645fa.PDT	240	0x1af32000	125	0x40	ok	zlib	zlib@4 184B
EXLANG\disc0_rel\009645fa.PDT	241	0x1af32800	110795	0x40	ok	zlib	zlib@4 2138572B
EXLANG\disc0_rel\009645fa.PDT	242	0x1af4e000	1237170	0x40	ok	inner_archive	zlib@4 files=136
EXLANG\disc0_rel\009645fa.PDT	243	0x1b07c800	314598	0x40	ok	zlib	zlib@4 1126032B
EXLANG\disc0_rel\009645fa.PDT	244	0x1b0c9800	80880	0x40	ok	zlib	zlib@4 191536B
EXLANG\disc0_rel\009645fa.PDT	245	0x1b0dd800	1034	0x40	ok	zlib	zlib@4 3720B
EXLANG\disc0_rel\009645fa.PDT	246	0x1b0de000	120655	0x40	ok	zlib	zlib@4 457976B
EXLANG\disc0_rel\009645fa.PDT	247	0x1b0fb800	126	0x40	ok	zlib	zlib@4 184B
EXLANG\disc0_rel\009645fa.PDT	248	0x1b0fc000	132957	0x40	ok	zlib	zlib@4 2347484B
EXLANG\disc0_rel\009645fa.PDT	249	0x1b11c800	1380424	0x40	ok	inner_archive	zlib@4 files=124
EXLANG\disc0_rel\009645fa.PDT	250	0x1b26e000	161789	0x40	ok	zlib	zlib@4 1027008B
EXLANG\disc0_rel\009645fa.PDT	251	0x1b295800	37363	0x40	ok	zlib	zlib@4 97296B
EXLANG\disc0_rel\009645fa.PDT	252	0x1b29f000	502	0x40	ok	zlib	zlib@4 1760B
EXLANG\disc0_rel\009645fa.PDT	253	0x1b29f800	123901	0x40	ok	zlib	zlib@4 461892B
EXLANG\disc0_rel\009645fa.PDT	254	0x1b2be000	126	0x40	ok	zlib	zlib@4 184B
EXLANG\disc0_rel\009645fa.PDT	255	0x1b2be800	102551	0x40	ok	zlib	zlib@4 2101548B
EXLANG\disc0_rel\009645fa.PDT	256	0x1b2d8000	965943	0x40	ok	inner_archive	zlib@4 files=108
EXLANG\disc0_rel\009645fa.PDT	257	0x1b3c4000	102707	0x40	ok	zlib	zlib@4 627456B
EXLANG\disc0_rel\009645fa.PDT	258	0x1b3dd800	34516	0x40	ok	zlib	zlib@4 91760B
EXLANG\disc0_rel\009645fa.PDT	259	0x1b3e6000	253	0x40	ok	zlib	zlib@4 1248B
EXLANG\disc0_rel\009645fa.PDT	260	0x1b3e6800	116063	0x40	ok	zlib	zlib@4 442593B
EXLANG\disc0_rel\009645fa.PDT	261	0x1b403000	143	0x40	ok	zlib	zlib@4 211B
EXLANG\disc0_rel\009645fa.PDT	262	0x1b403800	85471	0x40	ok	zlib	zlib@4 2048276B
EXLANG\disc0_rel\009645fa.PDT	263	0x1b418800	287055	0x40	ok	inner_archive	zlib@4 files=94
EXLANG\disc0_rel\009645fa.PDT	264	0x1b45f000	81736	0x40	ok	zlib	zlib@4 598064B
EXLANG\disc0_rel\009645fa.PDT	265	0x1b473000	24999	0x40	ok	zlib	zlib@4 68592B
EXLANG\disc0_rel\009645fa.PDT	266	0x1b479800	432	0x40	ok	zlib	zlib@4 1672B
EXLANG\disc0_rel\009645fa.PDT	267	0x1b47a000	134449	0x40	ok	zlib	zlib@4 534608B
EXLANG\disc0_rel\009645fa.PDT	268	0x1b49b000	146	0x40	ok	zlib	zlib@4 211B
EXLANG\disc0_rel\009645fa.PDT	269	0x1b49b800	90342	0x40	ok	zlib	zlib@4 2060604B
EXLANG\disc0_rel\009645fa.PDT	270	0x1b4b2000	344452	0x40	ok	inner_archive	zlib@4 files=96
EXLANG\disc0_rel\009645fa.PDT	271	0x1b506800	81233	0x40	ok	zlib	zlib@4 601152B
EXLANG\disc0_rel\009645fa.PDT	272	0x1b51a800	25960	0x40	ok	zlib	zlib@4 70064B
EXLANG\disc0_rel\009645fa.PDT	273	0x1b521000	432	0x40	ok	zlib	zlib@4 1672B
EXLANG\disc0_rel\009645fa.PDT	274	0x1b521800	119156	0x40	ok	zlib	zlib@4 450030B
EXLANG\disc0_rel\009645fa.PDT	275	0x1b53f000	145	0x40	ok	zlib	zlib@4 211B
EXLANG\disc0_rel\009645fa.PDT	276	0x1b53f800	82644	0x40	ok	zlib	zlib@4 1994980B
EXLANG\disc0_rel\009645fa.PDT	277	0x1b554000	285348	0x40	ok	inner_archive	zlib@4 files=92
EXLANG\disc0_rel\009645fa.PDT	278	0x1b59a000	78007	0x40	ok	zlib	zlib@4 566496B
EXLANG\disc0_rel\009645fa.PDT	279	0x1b5ad800	24371	0x40	ok	zlib	zlib@4 67408B
EXLANG\disc0_rel\009645fa.PDT	280	0x1b5b3800	432	0x40	ok	zlib	zlib@4 1672B
EXLANG\disc0_rel\009645fa.PDT	281	0x1b5b4000	121877	0x40	ok	zlib	zlib@4 465199B
EXLANG\disc0_rel\009645fa.PDT	282	0x1b5d2000	123	0x40	ok	zlib	zlib@4 159B
EXLANG\disc0_rel\009645fa.PDT	283	0x1b5d2800	58443	0x40	ok	zlib	zlib@4 1585460B
EXLANG\disc0_rel\009645fa.PDT	284	0x1b5e1000	1006694	0x40	ok	inner_archive	zlib@4 files=23
EXLANG\disc0_rel\009645fa.PDT	285	0x1b6d7000	87887	0x40	ok	zlib	zlib@4 482272B
EXLANG\disc0_rel\009645fa.PDT	286	0x1b6ec800	35599	0x40	ok	zlib	zlib@4 128054B
EXLANG\disc0_rel\009645fa.PDT	287	0x1b6f5800	127	0x40	ok	zlib	zlib@4 184B
EXLANG\disc0_rel\009645fa.PDT	288	0x1b6f6000	111585	0x40	ok	zlib	zlib@4 2113820B
EXLANG\disc0_rel\009645fa.PDT	289	0x1b711800	742991	0x40	ok	inner_archive	zlib@4 files=107
EXLANG\disc0_rel\009645fa.PDT	290	0x1b7c7000	307971	0x40	ok	zlib	zlib@4 1074528B
EXLANG\disc0_rel\009645fa.PDT	291	0x1b812800	87263	0x40	ok	zlib	zlib@4 197168B
EXLANG\disc0_rel\009645fa.PDT	292	0x1b828000	393	0x40	ok	zlib	zlib@4 1488B
EXLANG\disc0_rel\009645fa.PDT	293	0x1b828800	115952	0x40	ok	zlib	zlib@4 449644B
EXLANG\disc0_rel\009645fa.PDT	294	0x1b845000	125	0x40	ok	zlib	zlib@4 184B
EXLANG\disc0_rel\009645fa.PDT	295	0x1b845800	141585	0x40	ok	zlib	zlib@4 2732488B
EXLANG\disc0_rel\009645fa.PDT	296	0x1b868800	1337780	0x40	ok	inner_archive	zlib@4 files=122
EXLANG\disc0_rel\009645fa.PDT	297	0x1b9af800	215676	0x40	ok	zlib	zlib@4 999376B
EXLANG\disc0_rel\009645fa.PDT	298	0x1b9e4800	27474	0x40	ok	zlib	zlib@4 71184B
EXLANG\disc0_rel\009645fa.PDT	299	0x1b9eb800	95	0x40	ok	zlib	zlib@4 316B
EXLANG\disc0_rel\009645fa.PDT	300	0x1b9ec000	123856	0x40	ok	zlib	zlib@4 483757B
EXLANG\disc0_rel\009645fa.PDT	301	0x1ba0a800	122	0x40	ok	zlib	zlib@4 159B
EXLANG\disc0_rel\009645fa.PDT	302	0x1ba0b000	55240	0x40	ok	zlib	zlib@4 1290548B
EXLANG\disc0_rel\009645fa.PDT	303	0x1ba18800	590192	0x40	ok	inner_archive	zlib@4 files=22
EXLANG\disc0_rel\009645fa.PDT	304	0x1baa9000	206307	0x40	ok	zlib	zlib@4 916160B
EXLANG\disc0_rel\009645fa.PDT	305	0x1badb800	34777	0x40	ok	zlib	zlib@4 125650B
EXLANG\disc0_rel\009645fa.PDT	306	0x1bae4000	142	0x40	ok	zlib	zlib@4 210B
EXLANG\disc0_rel\009645fa.PDT	307	0x1bae4800	101909	0x40	ok	zlib	zlib@4 2584892B
EXLANG\disc0_rel\009645fa.PDT	308	0x1bafd800	459725	0x40	ok	inner_archive	zlib@4 files=99
EXLANG\disc0_rel\009645fa.PDT	309	0x1bb6e000	57914	0x40	ok	zlib	zlib@4 291744B
EXLANG\disc0_rel\009645fa.PDT	310	0x1bb7c800	30277	0x40	ok	zlib	zlib@4 74224B
EXLANG\disc0_rel\009645fa.PDT	311	0x1bb84000	659	0x40	ok	zlib	zlib@4 3048B
EXLANG\disc0_rel\009645fa.PDT	312	0x1bb84800	121838	0x40	ok	zlib	zlib@4 465744B
EXLANG\disc0_rel\009645fa.PDT	313	0x1bba2800	145	0x40	ok	zlib	zlib@4 210B
EXLANG\disc0_rel\009645fa.PDT	314	0x1bba3000	81362	0x40	ok	zlib	zlib@4 2109688B
EXLANG\disc0_rel\009645fa.PDT	315	0x1bbb7000	401089	0x40	ok	inner_archive	zlib@4 files=94
EXLANG\disc0_rel\009645fa.PDT	316	0x1bc19000	50024	0x40	ok	zlib	zlib@4 258480B
EXLANG\disc0_rel\009645fa.PDT	317	0x1bc25800	17529	0x40	ok	zlib	zlib@4 43376B
EXLANG\disc0_rel\009645fa.PDT	318	0x1bc2a000	651	0x40	ok	zlib	zlib@4 3048B
EXLANG\disc0_rel\009645fa.PDT	319	0x1bc2a800	120803	0x40	ok	zlib	zlib@4 456509B
EXLANG\disc0_rel\009645fa.PDT	320	0x1bc48000	143	0x40	ok	zlib	zlib@4 210B
EXLANG\disc0_rel\009645fa.PDT	321	0x1bc48800	86122	0x40	ok	zlib	zlib@4 2134188B
EXLANG\disc0_rel\009645fa.PDT	322	0x1bc5e000	280273	0x40	ok	inner_archive	zlib@4 files=84
EXLANG\disc0_rel\009645fa.PDT	323	0x1bca2800	43557	0x40	ok	zlib	zlib@4 228480B
EXLANG\disc0_rel\009645fa.PDT	324	0x1bcad800	8726	0x40	ok	zlib	zlib@4 23904B
EXLANG\disc0_rel\009645fa.PDT	325	0x1bcb0000	89	0x40	ok	zlib	zlib@4 344B
EXLANG\disc0_rel\009645fa.PDT	326	0x1bcb0800	115274	0x40	ok	zlib	zlib@4 443817B
EXLANG\disc0_rel\009645fa.PDT	327	0x1bccd000	123	0x40	ok	zlib	zlib@4 159B
EXLANG\disc0_rel\009645fa.PDT	328	0x1bccd800	58032	0x40	ok	zlib	zlib@4 1622352B
EXLANG\disc0_rel\009645fa.PDT	329	0x1bcdc000	690125	0x40	ok	inner_archive	zlib@4 files=22
EXLANG\disc0_rel\009645fa.PDT	330	0x1bd84800	67407	0x40	ok	zlib	zlib@4 349024B
EXLANG\disc0_rel\009645fa.PDT	331	0x1bd95000	36890	0x40	ok	zlib	zlib@4 130419B
EXLANG\disc0_rel\009645fa.PDT	332	0x1bd9e800	126	0x40	ok	zlib	zlib@4 184B
EXLANG\disc0_rel\009645fa.PDT	333	0x1bd9f000	100735	0x40	ok	zlib	zlib@4 2134288B
EXLANG\disc0_rel\009645fa.PDT	334	0x1bdb8000	1539586	0x40	ok	inner_archive	zlib@4 files=139
EXLANG\disc0_rel\009645fa.PDT	335	0x1bf30000	287829	0x40	ok	zlib	zlib@4 1327648B
EXLANG\disc0_rel\009645fa.PDT	336	0x1bf76800	83004	0x40	ok	zlib	zlib@4 237712B
EXLANG\disc0_rel\009645fa.PDT	337	0x1bf8b000	1558	0x40	ok	zlib	zlib@4 5292B
EXLANG\disc0_rel\009645fa.PDT	338	0x1bf8b800	120061	0x40	ok	zlib	zlib@4 460057B
EXLANG\disc0_rel\009645fa.PDT	339	0x1bfa9000	126	0x40	ok	zlib	zlib@4 184B
EXLANG\disc0_rel\009645fa.PDT	340	0x1bfa9800	108157	0x40	ok	zlib	zlib@4 2216212B
EXLANG\disc0_rel\009645fa.PDT	341	0x1bfc4000	1036973	0x40	ok	inner_archive	zlib@4 files=113
EXLANG\disc0_rel\009645fa.PDT	342	0x1c0c1800	181408	0x40	ok	zlib	zlib@4 1381184B
EXLANG\disc0_rel\009645fa.PDT	343	0x1c0ee000	51689	0x40	ok	zlib	zlib@4 150368B
EXLANG\disc0_rel\009645fa.PDT	344	0x1c0fb000	497	0x40	ok	zlib	zlib@4 2500B
EXLANG\disc0_rel\009645fa.PDT	345	0x1c0fb800	118463	0x40	ok	zlib	zlib@4 451506B
EXLANG\disc0_rel\009645fa.PDT	346	0x1c118800	136	0x40	ok	zlib	zlib@4 187B
EXLANG\disc0_rel\009645fa.PDT	347	0x1c119000	233189	0x40	ok	zlib	zlib@4 2351248B
EXLANG\disc0_rel\009645fa.PDT	348	0x1c152000	659651	0x40	ok	inner_archive	zlib@4 files=99
EXLANG\disc0_rel\009645fa.PDT	349	0x1c1f3800	76679	0x40	ok	zlib	zlib@4 470816B
EXLANG\disc0_rel\009645fa.PDT	350	0x1c206800	108621	0x40	ok	zlib	zlib@4 357736B
EXLANG\disc0_rel\009645fa.PDT	351	0x1c221800	134	0x40	ok	zlib	zlib@4 187B
EXLANG\disc0_rel\009645fa.PDT	352	0x1c222000	114150	0x40	ok	zlib	zlib@4 2068656B
EXLANG\disc0_rel\009645fa.PDT	353	0x1c23e000	277271	0x40	ok	inner_archive	zlib@4 files=90
EXLANG\disc0_rel\009645fa.PDT	354	0x1c282000	48862	0x40	ok	zlib	zlib@4 360944B
EXLANG\disc0_rel\009645fa.PDT	355	0x1c28e000	98634	0x40	ok	zlib	zlib@4 357107B
EXLANG\disc0_rel\009645fa.PDT	356	0x1c2a6800	126	0x40	ok	zlib	zlib@4 184B
EXLANG\disc0_rel\009645fa.PDT	357	0x1c2a7000	96887	0x40	ok	zlib	zlib@4 2158820B
EXLANG\disc0_rel\009645fa.PDT	358	0x1c2bf000	661585	0x40	ok	inner_archive	zlib@4 files=106
EXLANG\disc0_rel\009645fa.PDT	359	0x1c361000	224597	0x40	ok	zlib	zlib@4 1911312B
EXLANG\disc0_rel\009645fa.PDT	360	0x1c398000	87231	0x40	ok	zlib	zlib@4 239808B
EXLANG\disc0_rel\009645fa.PDT	361	0x1c3ad800	493	0x40	ok	zlib	zlib@4 2340B
EXLANG\disc0_rel\009645fa.PDT	362	0x1c3ae000	121027	0x40	ok	zlib	zlib@4 462268B
EXLANG\disc0_rel\009645fa.PDT	363	0x1c3cc000	123	0x40	ok	zlib	zlib@4 172B
EXLANG\disc0_rel\009645fa.PDT	364	0x1c3cc800	112233	0x40	ok	zlib	zlib@4 2113844B
EXLANG\disc0_rel\009645fa.PDT	365	0x1c3e8000	1219838	0x40	ok	inner_archive	zlib@4 files=118
EXLANG\disc0_rel\009645fa.PDT	366	0x1c512000	304677	0x40	ok	zlib	zlib@4 1529184B
EXLANG\disc0_rel\009645fa.PDT	367	0x1c55c800	91798	0x40	ok	zlib	zlib@4 219744B
EXLANG\disc0_rel\009645fa.PDT	368	0x1c573000	121456	0x40	ok	zlib	zlib@4 469166B
EXLANG\disc0_rel\009645fa.PDT	369	0x1c591000	143	0x40	ok	zlib	zlib@4 211B
EXLANG\disc0_rel\009645fa.PDT	370	0x1c591800	89950	0x40	ok	zlib	zlib@4 2003172B
EXLANG\disc0_rel\009645fa.PDT	371	0x1c5a7800	285162	0x40	ok	inner_archive	zlib@4 files=90
EXLANG\disc0_rel\009645fa.PDT	372	0x1c5ed800	155920	0x40	ok	zlib	zlib@4 952416B
EXLANG\disc0_rel\009645fa.PDT	373	0x1c614000	29030	0x40	ok	zlib	zlib@4 67200B
EXLANG\disc0_rel\009645fa.PDT	374	0x1c61b800	608	0x40	ok	zlib	zlib@4 2872B
EXLANG\disc0_rel\009645fa.PDT	375	0x1c61c000	141898	0x40	ok	zlib	zlib@4 568643B
EXLANG\disc0_rel\009645fa.PDT	376	0x1c63f000	130	0x40	ok	zlib	zlib@4 184B
EXLANG\disc0_rel\009645fa.PDT	377	0x1c63f800	107338	0x40	ok	zlib	zlib@4 2142452B
EXLANG\disc0_rel\009645fa.PDT	378	0x1c65a000	402107	0x40	ok	inner_archive	zlib@4 files=111
EXLANG\disc0_rel\009645fa.PDT	379	0x1c6bc800	155920	0x40	ok	zlib	zlib@4 952416B
EXLANG\disc0_rel\009645fa.PDT	380	0x1c6e3000	29030	0x40	ok	zlib	zlib@4 67200B
EXLANG\disc0_rel\009645fa.PDT	381	0x1c6ea800	608	0x40	ok	zlib	zlib@4 2872B
EXLANG\disc0_rel\009645fa.PDT	382	0x1c6eb000	121443	0x40	ok	zlib	zlib@4 461813B
EXLANG\disc0_rel\009645fa.PDT	383	0x1c709000	126	0x40	ok	zlib	zlib@4 184B
EXLANG\disc0_rel\009645fa.PDT	384	0x1c709800	126647	0x40	ok	zlib	zlib@4 2126112B
EXLANG\disc0_rel\009645fa.PDT	385	0x1c728800	1101562	0x40	ok	inner_archive	zlib@4 files=113
EXLANG\disc0_rel\009645fa.PDT	386	0x1c835800	311801	0x40	ok	zlib	zlib@4 1237248B
EXLANG\disc0_rel\009645fa.PDT	387	0x1c882000	85358	0x40	ok	zlib	zlib@4 242832B
EXLANG\disc0_rel\009645fa.PDT	388	0x1c897000	89	0x40	ok	zlib	zlib@4 316B
EXLANG\disc0_rel\009645fa.PDT	389	0x1c897800	121158	0x40	ok	zlib	zlib@4 468691B
EXLANG\disc0_rel\009645fa.PDT	390	0x1c8b5800	125	0x40	ok	zlib	zlib@4 184B
EXLANG\disc0_rel\009645fa.PDT	391	0x1c8b6000	141760	0x40	ok	zlib	zlib@4 2355588B
EXLANG\disc0_rel\009645fa.PDT	392	0x1c8d9000	937725	0x40	ok	inner_archive	zlib@4 files=118
EXLANG\disc0_rel\009645fa.PDT	393	0x1c9be000	139319	0x40	ok	zlib	zlib@4 806400B
EXLANG\disc0_rel\009645fa.PDT	394	0x1c9e0800	31692	0x40	ok	zlib	zlib@4 83936B
EXLANG\disc0_rel\009645fa.PDT	395	0x1c9e8800	57	0x40	ok	zlib	zlib@4 184B
EXLANG\disc0_rel\009645fa.PDT	396	0x1c9e9000	125915	0x40	ok	zlib	zlib@4 481334B
EXLANG\disc0_rel\009645fa.PDT	397	0x1ca08000	122	0x40	ok	zlib	zlib@4 159B
EXLANG\disc0_rel\009645fa.PDT	398	0x1ca08800	57593	0x40	ok	zlib	zlib@4 1581364B
EXLANG\disc0_rel\009645fa.PDT	399	0x1ca17000	555194	0x40	ok	inner_archive	zlib@4 files=20
EXLANG\disc0_rel\009645fa.PDT	400	0x1ca9f000	123357	0x40	ok	zlib	zlib@4 620320B
EXLANG\disc0_rel\009645fa.PDT	401	0x1cabd800	35027	0x40	ok	zlib	zlib@4 126046B
EXLANG\disc0_rel\009645fa.PDT	402	0x1cac6800	143	0x40	ok	zlib	zlib@4 211B
EXLANG\disc0_rel\009645fa.PDT	403	0x1cac7000	106816	0x40	ok	zlib	zlib@4 2334920B
EXLANG\disc0_rel\009645fa.PDT	404	0x1cae1800	183487	0x40	ok	inner_archive	zlib@4 files=128
EXLANG\disc0_rel\009645fa.PDT	405	0x1cb0e800	173712	0x40	ok	zlib	zlib@4 1121584B
EXLANG\disc0_rel\009645fa.PDT	406	0x1cb39000	17431	0x40	ok	zlib	zlib@4 40688B
EXLANG\disc0_rel\009645fa.PDT	407	0x1cb3d800	151	0x40	ok	zlib	zlib@4 736B
EXLANG\disc0_rel\009645fa.PDT	408	0x1cb3e000	121125	0x40	ok	zlib	zlib@4 426426B
EXLANG\disc0_rel\009645fa.PDT	409	0x1cb5c000	125	0x40	ok	zlib	zlib@4 184B
EXLANG\disc0_rel\009645fa.PDT	410	0x1cb5c800	144001	0x40	ok	zlib	zlib@4 2793828B
EXLANG\disc0_rel\009645fa.PDT	411	0x1cb80000	1163671	0x40	ok	inner_archive	zlib@4 files=124
EXLANG\disc0_rel\009645fa.PDT	412	0x1cc9c800	196167	0x40	ok	zlib	zlib@4 1633264B
EXLANG\disc0_rel\009645fa.PDT	413	0x1cccc800	108466	0x40	ok	zlib	zlib@4 293392B
EXLANG\disc0_rel\009645fa.PDT	414	0x1cce7000	500	0x40	ok	zlib	zlib@4 2432B
EXLANG\disc0_rel\009645fa.PDT	415	0x1cce7800	122085	0x40	ok	zlib	zlib@4 458332B
EXLANG\disc0_rel\009645fa.PDT	416	0x1cd05800	123	0x40	ok	zlib	zlib@4 159B
EXLANG\disc0_rel\009645fa.PDT	417	0x1cd06000	57968	0x40	ok	zlib	zlib@4 1618228B
EXLANG\disc0_rel\009645fa.PDT	418	0x1cd14800	732654	0x40	ok	inner_archive	zlib@4 files=21
EXLANG\disc0_rel\009645fa.PDT	419	0x1cdc7800	143255	0x40	ok	zlib	zlib@4 825008B
EXLANG\disc0_rel\009645fa.PDT	420	0x1cdea800	36233	0x40	ok	zlib	zlib@4 128641B
EXLANG\disc0_rel\009645fa.PDT	421	0x1cdf3800	127	0x40	ok	zlib	zlib@4 184B
EXLANG\disc0_rel\009645fa.PDT	422	0x1cdf4000	94415	0x40	ok	zlib	zlib@4 2601152B
EXLANG\disc0_rel\009645fa.PDT	423	0x1ce0b800	681321	0x40	ok	inner_archive	zlib@4 files=94
EXLANG\disc0_rel\009645fa.PDT	424	0x1ceb2000	192851	0x40	ok	zlib	zlib@4 696656B
EXLANG\disc0_rel\009645fa.PDT	425	0x1cee1800	140539	0x40	ok	zlib	zlib@4 323680B
EXLANG\disc0_rel\009645fa.PDT	426	0x1cf04000	24436	0x40	ok	zlib	zlib@4 49808B
EXLANG\disc0_rel\009645fa.PDT	427	0x1cf0a000	116868	0x40	ok	zlib	zlib@4 449852B
EXLANG\disc0_rel\009645fa.PDT	428	0x1cf27000	131	0x40	ok	zlib	zlib@4 174B
EXLANG\disc0_rel\009645fa.PDT	429	0x1cf27800	117981	0x40	ok	zlib	zlib@4 2666648B
EXLANG\disc0_rel\009645fa.PDT	430	0x1cf44800	677735	0x40	ok	inner_archive	zlib@4 files=102
EXLANG\disc0_rel\009645fa.PDT	431	0x1cfea000	111048	0x40	ok	zlib	zlib@4 390358B
EXLANG\disc0_rel\009645fa.PDT	432	0x1d005800	138	0x40	ok	zlib	zlib@4 187B
EXLANG\disc0_rel\009645fa.PDT	433	0x1d006000	104851	0x40	ok	zlib	zlib@4 2719868B
EXLANG\disc0_rel\009645fa.PDT	434	0x1d020000	659121	0x40	ok	inner_archive	zlib@4 files=100
EXLANG\disc0_rel\009645fa.PDT	435	0x1d0c1000	280301	0x40	ok	zlib	zlib@4 1480448B
EXLANG\disc0_rel\009645fa.PDT	436	0x1d105800	112226	0x40	ok	zlib	zlib@4 378987B
EXLANG\disc0_rel\009645fa.PDT	437	0x1d121000	125	0x40	ok	zlib	zlib@4 184B
EXLANG\disc0_rel\009645fa.PDT	438	0x1d121800	103920	0x40	ok	zlib	zlib@4 2281768B
EXLANG\disc0_rel\009645fa.PDT	439	0x1d13b000	762683	0x40	ok	inner_archive	zlib@4 files=111
EXLANG\disc0_rel\009645fa.PDT	440	0x1d1f5800	157005	0x40	ok	zlib	zlib@4 1325760B
EXLANG\disc0_rel\009645fa.PDT	441	0x1d21c000	232294	0x40	ok	zlib	zlib@4 676320B
EXLANG\disc0_rel\009645fa.PDT	442	0x1d255000	488	0x40	ok	zlib	zlib@4 2792B
EXLANG\disc0_rel\009645fa.PDT	443	0x1d255800	118553	0x40	ok	zlib	zlib@4 454605B
EXLANG\disc0_rel\009645fa.PDT	444	0x1d272800	125	0x40	ok	zlib	zlib@4 184B
EXLANG\disc0_rel\009645fa.PDT	445	0x1d273000	101736	0x40	ok	zlib	zlib@4 2171208B
EXLANG\disc0_rel\009645fa.PDT	446	0x1d28c000	1110336	0x40	ok	inner_archive	zlib@4 files=126
EXLANG\disc0_rel\009645fa.PDT	447	0x1d39b800	144179	0x40	ok	zlib	zlib@4 1991376B
EXLANG\disc0_rel\009645fa.PDT	448	0x1d3bf000	54005	0x40	ok	zlib	zlib@4 153696B
EXLANG\disc0_rel\009645fa.PDT	449	0x1d3cc800	692	0x40	ok	zlib	zlib@4 4636B
EXLANG\disc0_rel\009645fa.PDT	450	0x1d3cd000	112171	0x40	ok	zlib	zlib@4 436727B
EXLANG\disc0_rel\009645fa.PDT	451	0x1d3e8800	126	0x40	ok	zlib	zlib@4 184B
EXLANG\disc0_rel\009645fa.PDT	452	0x1d3e9000	114576	0x40	ok	zlib	zlib@4 2253228B
EXLANG\disc0_rel\009645fa.PDT	453	0x1d405000	1265556	0x40	ok	inner_archive	zlib@4 files=143
EXLANG\disc0_rel\009645fa.PDT	454	0x1d53a000	157815	0x40	ok	zlib	zlib@4 2233200B
EXLANG\disc0_rel\009645fa.PDT	455	0x1d561000	70830	0x40	ok	zlib	zlib@4 287392B
EXLANG\disc0_rel\009645fa.PDT	456	0x1d572800	525	0x40	ok	zlib	zlib@4 3300B
EXLANG\disc0_rel\009645fa.PDT	457	0x1d573000	117002	0x40	ok	zlib	zlib@4 448813B
EXLANG\disc0_rel\009645fa.PDT	458	0x1d590000	123	0x40	ok	zlib	zlib@4 159B
EXLANG\disc0_rel\009645fa.PDT	459	0x1d590800	56096	0x40	ok	zlib	zlib@4 1577248B
EXLANG\disc0_rel\009645fa.PDT	460	0x1d59e800	878993	0x40	ok	inner_archive	zlib@4 files=21
EXLANG\disc0_rel\009645fa.PDT	461	0x1d675800	84673	0x40	ok	zlib	zlib@4 791360B
EXLANG\disc0_rel\009645fa.PDT	462	0x1d68a800	35652	0x40	ok	zlib	zlib@4 128266B
EXLANG\disc0_rel\009645fa.PDT	463	0x1d693800	123	0x40	ok	zlib	zlib@4 172B
EXLANG\disc0_rel\009645fa.PDT	464	0x1d694000	148685	0x40	ok	zlib	zlib@4 2597176B
EXLANG\disc0_rel\009645fa.PDT	465	0x1d6b8800	2245992	0x40	ok	inner_archive	zlib@4 files=125
EXLANG\disc0_rel\009645fa.PDT	466	0x1d8dd000	98926	0x40	ok	zlib	zlib@4 579952B
EXLANG\disc0_rel\009645fa.PDT	467	0x1d8f5800	35284	0x40	ok	zlib	zlib@4 112128B
EXLANG\disc0_rel\009645fa.PDT	468	0x1d8fe800	114774	0x40	ok	zlib	zlib@4 441390B
EXLANG\disc0_rel\009645fa.PDT	469	0x1d91b000	100	0x40	ok	zlib	zlib@4 116B
EXLANG\disc0_rel\009645fa.PDT	470	0x1d91b800	369131	0x40	ok	zlib	zlib@4 4264276B
EXLANG\disc0_rel\009645fa.PDT	471	0x1d976000	818017	0x40	ok	inner_archive	zlib@4 files=105
EXLANG\disc0_rel\009645fa.PDT	472	0x1da3e000	4052	0x40	ok	zlib	zlib@4 26128B
EXLANG\disc0_rel\009645fa.PDT	473	0x1da3f000	79281	0x40	ok	zlib	zlib@4 252289B
EXLANG\disc0_rel\009645fa.PDT	474	0x1da52800	125	0x40	ok	zlib	zlib@4 184B
EXLANG\disc0_rel\009645fa.PDT	475	0x1da53000	123796	0x40	ok	zlib	zlib@4 2318708B
EXLANG\disc0_rel\009645fa.PDT	476	0x1da71800	682793	0x40	ok	inner_archive	zlib@4 files=118
EXLANG\disc0_rel\009645fa.PDT	477	0x1db18800	81923	0x40	ok	zlib	zlib@4 489168B
EXLANG\disc0_rel\009645fa.PDT	478	0x1db2d000	47909	0x40	ok	zlib	zlib@4 143312B
EXLANG\disc0_rel\009645fa.PDT	479	0x1db39000	7947	0x40	ok	zlib	zlib@4 18588B
EXLANG\disc0_rel\009645fa.PDT	480	0x1db3b000	118682	0x40	ok	zlib	zlib@4 448441B
EXLANG\disc0_rel\009645fa.PDT	481	0x1db58000	126	0x40	ok	zlib	zlib@4 184B
EXLANG\disc0_rel\009645fa.PDT	482	0x1db58800	102855	0x40	ok	zlib	zlib@4 2167020B
EXLANG\disc0_rel\009645fa.PDT	483	0x1db72000	612916	0x40	ok	inner_archive	zlib@4 files=107
EXLANG\disc0_rel\009645fa.PDT	484	0x1dc08000	74364	0x40	ok	zlib	zlib@4 561248B
EXLANG\disc0_rel\009645fa.PDT	485	0x1dc1a800	38753	0x40	ok	zlib	zlib@4 120544B
EXLANG\disc0_rel\009645fa.PDT	486	0x1dc24000	4074	0x40	ok	zlib	zlib@4 11572B
EXLANG\disc0_rel\009645fa.PDT	487	0x1dc25000	113820	0x40	ok	zlib	zlib@4 439716B
EXLANG\disc0_rel\009645fa.PDT	488	0x1dc41000	126	0x40	ok	zlib	zlib@4 184B
EXLANG\disc0_rel\009645fa.PDT	489	0x1dc41800	103598	0x40	ok	zlib	zlib@4 2179344B
EXLANG\disc0_rel\009645fa.PDT	490	0x1dc5b000	427327	0x40	ok	inner_archive	zlib@4 files=127
EXLANG\disc0_rel\009645fa.PDT	491	0x1dcc3800	90595	0x40	ok	zlib	zlib@4 746464B
EXLANG\disc0_rel\009645fa.PDT	492	0x1dcda000	27595	0x40	ok	zlib	zlib@4 83744B
EXLANG\disc0_rel\009645fa.PDT	493	0x1dce1000	2415	0x40	ok	zlib	zlib@4 8700B
EXLANG\disc0_rel\009645fa.PDT	494	0x1dce2000	116212	0x40	ok	zlib	zlib@4 443950B
EXLANG\disc0_rel\009645fa.PDT	495	0x1dcfe800	137	0x40	ok	zlib	zlib@4 215B
EXLANG\disc0_rel\009645fa.PDT	496	0x1dcff000	212	0x40	ok	zlib	zlib@4 720B
EXLANG\disc0_rel\009645fa.PDT	497	0x1dcff800	35681	0x40	ok	zlib	zlib@4 85616B
EXLANG\disc0_rel\009645fa.PDT	498	0x1dd08800	131849	0x40	ok	zlib	zlib@4 2384260B
EXLANG\disc0_rel\009645fa.PDT	499	0x1dd29000	426017	0x40	ok	inner_archive	zlib@4 files=107
EXLANG\disc0_rel\009645fa.PDT	500	0x1dd91800	64386	0x40	ok	zlib	zlib@4 465856B
EXLANG\disc0_rel\009645fa.PDT	501	0x1dda1800	95410	0x40	ok	zlib	zlib@4 313424B
EXLANG\disc0_rel\009645fa.PDT	502	0x1ddb9000	593	0x40	ok	zlib	zlib@4 2980B
EXLANG\disc0_rel\009645fa.PDT	503	0x1ddb9800	108504	0x40	ok	zlib	zlib@4 423984B
EXLANG\disc0_rel\009645fa.PDT	504	0x1ddd4000	136	0x40	ok	zlib	zlib@4 187B
EXLANG\disc0_rel\009645fa.PDT	505	0x1ddd4800	116337	0x40	ok	zlib	zlib@4 2633904B
EXLANG\disc0_rel\009645fa.PDT	506	0x1ddf1000	760257	0x40	ok	inner_archive	zlib@4 files=103
EXLANG\disc0_rel\009645fa.PDT	507	0x1deab000	35641	0x40	ok	zlib	zlib@4 251472B
EXLANG\disc0_rel\009645fa.PDT	508	0x1deb4000	124277	0x40	ok	zlib	zlib@4 448992B
EXLANG\disc0_rel\009645fa.PDT	509	0x1ded2800	126	0x40	ok	zlib	zlib@4 184B
EXLANG\disc0_rel\009645fa.PDT	510	0x1ded3000	123973	0x40	ok	zlib	zlib@4 2355664B
EXLANG\disc0_rel\009645fa.PDT	511	0x1def1800	718020	0x40	ok	inner_archive	zlib@4 files=111
EXLANG\disc0_rel\009645fa.PDT	512	0x1dfa1000	36165	0x40	ok	zlib	zlib@4 325920B
EXLANG\disc0_rel\009645fa.PDT	513	0x1dfaa000	16135	0x40	ok	zlib	zlib@4 61184B
EXLANG\disc0_rel\009645fa.PDT	514	0x1dfae000	876	0x40	ok	zlib	zlib@4 3804B
EXLANG\disc0_rel\009645fa.PDT	515	0x1dfae800	111369	0x40	ok	zlib	zlib@4 434499B
EXLANG\disc0_rel\009645fa.PDT	516	0x1dfca000	135	0x40	ok	zlib	zlib@4 215B
EXLANG\disc0_rel\009645fa.PDT	517	0x1dfca800	913	0x40	ok	zlib	zlib@4 4632B
EXLANG\disc0_rel\009645fa.PDT	518	0x1dfcb000	73382	0x40	ok	zlib	zlib@4 232264B
EXLANG\disc0_rel\009645fa.PDT	519	0x1dfdd000	131382	0x40	ok	zlib	zlib@4 2327040B
EXLANG\disc0_rel\009645fa.PDT	520	0x1dffd800	726529	0x40	ok	inner_archive	zlib@4 files=143
EXLANG\disc0_rel\009645fa.PDT	521	0x1e0af000	72808	0x40	ok	zlib	zlib@4 817456B
EXLANG\disc0_rel\009645fa.PDT	522	0x1e0c1000	40109	0x40	ok	zlib	zlib@4 157808B
EXLANG\disc0_rel\009645fa.PDT	523	0x1e0cb000	172	0x40	ok	zlib	zlib@4 824B
EXLANG\disc0_rel\009645fa.PDT	524	0x1e0cb800	117319	0x40	ok	zlib	zlib@4 446609B
EXLANG\disc0_rel\009645fa.PDT	525	0x1e0e8800	139	0x40	ok	zlib	zlib@4 199B
EXLANG\disc0_rel\009645fa.PDT	526	0x1e0e9000	110037	0x40	ok	zlib	zlib@4 2330932B
EXLANG\disc0_rel\009645fa.PDT	527	0x1e104000	1018958	0x40	ok	inner_archive	zlib@4 files=103
EXLANG\disc0_rel\009645fa.PDT	528	0x1e1fd000	86934	0x40	ok	zlib	zlib@4 671424B
EXLANG\disc0_rel\009645fa.PDT	529	0x1e212800	127299	0x40	ok	zlib	zlib@4 415488B
EXLANG\disc0_rel\009645fa.PDT	530	0x1e232000	122128	0x40	ok	zlib	zlib@4 464025B
EXLANG\disc0_rel\009645fa.PDT	531	0x1e250000	142	0x40	ok	zlib	zlib@4 218B
EXLANG\disc0_rel\009645fa.PDT	532	0x1e250800	67	0x40	ok	zlib	zlib@4 168B
EXLANG\disc0_rel\009645fa.PDT	533	0x1e251000	1332	0x40	ok	zlib	zlib@4 3696B
EXLANG\disc0_rel\009645fa.PDT	534	0x1e251800	118986	0x40	ok	zlib	zlib@4 1995236B
EXLANG\disc0_rel\009645fa.PDT	535	0x1e26f000	644883	0x40	ok	inner_archive	zlib@4 files=120
EXLANG\disc0_rel\009645fa.PDT	536	0x1e30c800	61591	0x40	ok	zlib	zlib@4 376592B
EXLANG\disc0_rel\009645fa.PDT	537	0x1e31c000	105907	0x40	ok	zlib	zlib@4 374865B
EXLANG\disc0_rel\009645fa.PDT	538	0x1e336000	136	0x40	ok	zlib	zlib@4 187B
EXLANG\disc0_rel\009645fa.PDT	539	0x1e336800	115424	0x40	ok	zlib	zlib@4 2011516B
EXLANG\disc0_rel\009645fa.PDT	540	0x1e353000	653438	0x40	ok	inner_archive	zlib@4 files=98
EXLANG\disc0_rel\009645fa.PDT	541	0x1e3f3000	24556	0x40	ok	zlib	zlib@4 199664B
EXLANG\disc0_rel\009645fa.PDT	542	0x1e3f9000	100117	0x40	ok	zlib	zlib@4 361505B
EXLANG\disc0_rel\009645fa.PDT	543	0x1e411800	123	0x40	ok	zlib	zlib@4 160B
EXLANG\disc0_rel\009645fa.PDT	544	0x1e412000	380641	0x40	ok	zlib	zlib@4 3604960B
EXLANG\disc0_rel\009645fa.PDT	545	0x1e46f000	1923364	0x40	ok	inner_archive	zlib@4 files=105
EXLANG\disc0_rel\009645fa.PDT	546	0x1e645000	24556	0x40	ok	zlib	zlib@4 199664B
EXLANG\disc0_rel\009645fa.PDT	547	0x1e64b000	95010	0x40	ok	zlib	zlib@4 317759B
EXLANG\disc0_rel\009645fa.PDT	548	0x1e662800	135	0x40	ok	zlib	zlib@4 187B
EXLANG\disc0_rel\009645fa.PDT	549	0x1e663000	172439	0x40	ok	zlib	zlib@4 2109940B
EXLANG\disc0_rel\009645fa.PDT	550	0x1e68d800	863316	0x40	ok	inner_archive	zlib@4 files=113
EXLANG\disc0_rel\009645fa.PDT	551	0x1e760800	68032	0x40	ok	zlib	zlib@4 267136B
EXLANG\disc0_rel\009645fa.PDT	552	0x1e771800	115280	0x40	ok	zlib	zlib@4 414709B
EXLANG\disc0_rel\009645fa.PDT	553	0x1e78e000	95	0x40	ok	zlib	zlib@4 102B
EXLANG\disc0_rel\009645fa.PDT	554	0x1e78e800	73019	0x40	ok	zlib	zlib@4 323648B
EXLANG\disc0_rel\009645fa.PDT	555	0x1e7a0800	1735	0x40	ok	inner_archive	zlib@4 files=2
EXLANG\disc0_rel\009645fa.PDT	556	0x1e7a1000	16884	0x40	ok	zlib	zlib@4 57046B
MLG\disc0_rel\ADEMOHQ\0058cab6.pdt	0	0x800	504484	0x100	ok	raw	46454c07
MLG\disc0_rel\ADEMOHQ\0058cab6.pdt	1	0x7c000	753108	0x100	ok	raw	46454c07
MLG\disc0_rel\ADEMOHQ\0058cab6.pdt	2	0x134000	254452	0x100	ok	raw	46454c07
MLG\disc0_rel\ADEMOHQ\0058cab6.pdt	3	0x172800	348248	0x100	ok	raw	46454c07
MLG\disc0_rel\ADEMOHQ\0058cab6.pdt	4	0x1c8000	401488	0x100	ok	raw	46454c07
MLG\disc0_rel\ADEMOHQ\0058cab6.pdt	5	0x22a800	132720	0x100	ok	raw	46454c07
MLG\disc0_rel\ADEMOHQ\0058cab6.pdt	6	0x24b000	552156	0x100	ok	raw	46454c07
MLG\disc0_rel\ADEMOHQ\0058cab6.pdt	7	0x2d2000	401488	0x100	ok	raw	46454c07
MLG\disc0_rel\ADEMOHQ\0058cab6.pdt	8	0x334800	151708	0x100	ok	raw	46454c07
MLG\disc0_rel\ADEMOHQ\0058cab6.pdt	9	0x35a000	222612	0x100	ok	raw	46454c07
MLG\disc0_rel\ADEMOHQ\0058cab6.pdt	10	0x390800	214369328	0x100	ok	raw	00000000
EXLANG\disc0_rel\00b2b4b6.PDT	0	0x14800	6144	0x100	ok	raw	53506900
EXLANG\disc0_rel\00b2b4b6.PDT	1	0x16000	6144	0x100	ok	raw	53506b00
EXLANG\disc0_rel\00b2b4b6.PDT	2	0x17800	6144	0x100	ok	raw	53506c00
EXLANG\disc0_rel\00b2b4b6.PDT	3	0x19000	6144	0x100	ok	raw	53506f00
EXLANG\disc0_rel\00b2b4b6.PDT	4	0x1a800	6144	0x100	ok	raw	53507100
EXLANG\disc0_rel\00b2b4b6.PDT	5	0x1c000	6144	0x100	ok	raw	53507300
EXLANG\disc0_rel\00b2b4b6.PDT	6	0x1d800	6144	0x100	ok	raw	53507500
EXLANG\disc0_rel\00b2b4b6.PDT	7	0x1f000	6144	0x100	ok	raw	53507600
EXLANG\disc0_rel\00b2b4b6.PDT	8	0x20800	6144	0x100	ok	raw	53507900
EXLANG\disc0_rel\00b2b4b6.PDT	9	0x22000	6144	0x100	ok	raw	53507b00
EXLANG\disc0_rel\00b2b4b6.PDT	10	0x23800	6144	0x100	ok	raw	53507d00
EXLANG\disc0_rel\00b2b4b6.PDT	11	0x25000	6144	0x100	ok	raw	53507f00
EXLANG\disc0_rel\00b2b4b6.PDT	12	0x26800	20480	0x100	ok	raw	53509900
EXLANG\disc0_rel\00b2b4b6.PDT	13	0x2b800	24576	0x100	ok	raw	53509b00
EXLANG\disc0_rel\00b2b4b6.PDT	14	0x31800	28672	0x100	ok	raw	53509c00
EXLANG\disc0_rel\00b2b4b6.PDT	15	0x38800	34816	0x100	ok	raw	53509d00
EXLANG\disc0_rel\00b2b4b6.PDT	16	0x41000	32768	0x100	ok	raw	53509e00
EXLANG\disc0_rel\00b2b4b6.PDT	17	0x49000	45056	0x100	ok	raw	53509f00
EXLANG\disc0_rel\00b2b4b6.PDT	18	0x54000	40960	0x100	ok	raw	5350a000
EXLANG\disc0_rel\00b2b4b6.PDT	19	0x5e000	24576	0x100	ok	raw	5350a100
EXLANG\disc0_rel\00b2b4b6.PDT	20	0x64000	30720	0x100	ok	raw	5350a200
EXLANG\disc0_rel\00b2b4b6.PDT	21	0x6b800	30720	0x100	ok	raw	5350a300
EXLANG\disc0_rel\00b2b4b6.PDT	22	0x73000	26624	0x100	ok	raw	5350a400
EXLANG\disc0_rel\00b2b4b6.PDT	23	0x79800	40960	0x100	ok	raw	5350a500
EXLANG\disc0_rel\00b2b4b6.PDT	24	0x83800	36864	0x100	ok	raw	5350a600
EXLANG\disc0_rel\00b2b4b6.PDT	25	0x8c800	51200	0x100	ok	raw	5350a700
EXLANG\disc0_rel\00b2b4b6.PDT	26	0x99000	45056	0x100	ok	raw	5350a800
EXLANG\disc0_rel\00b2b4b6.PDT	27	0xa4000	36864	0x100	ok	raw	5350a900
EXLANG\disc0_rel\00b2b4b6.PDT	28	0xad000	18432	0x100	ok	raw	5350aa00
EXLANG\disc0_rel\00b2b4b6.PDT	29	0xb1800	30720	0x100	ok	raw	5350ab00
EXLANG\disc0_rel\00b2b4b6.PDT	30	0xb9000	24576	0x100	ok	raw	5350ac00
EXLANG\disc0_rel\00b2b4b6.PDT	31	0xbf000	28672	0x100	ok	raw	5350ad00
EXLANG\disc0_rel\00b2b4b6.PDT	32	0xc6000	30720	0x100	ok	raw	5350ae00
EXLANG\disc0_rel\00b2b4b6.PDT	33	0xcd800	26624	0x100	ok	raw	5350af00
EXLANG\disc0_rel\00b2b4b6.PDT	34	0xd4000	26624	0x100	ok	raw	5350b000
EXLANG\disc0_rel\00b2b4b6.PDT	35	0xda800	28672	0x100	ok	raw	5350b100
EXLANG\disc0_rel\00b2b4b6.PDT	36	0xe1800	30720	0x100	ok	raw	5350b200
EXLANG\disc0_rel\00b2b4b6.PDT	37	0xe9000	26624	0x100	ok	raw	5350b300
EXLANG\disc0_rel\00b2b4b6.PDT	38	0xef800	24576	0x100	ok	raw	5350b400
EXLANG\disc0_rel\00b2b4b6.PDT	39	0xf5800	32768	0x100	ok	raw	5350b500
EXLANG\disc0_rel\00b2b4b6.PDT	40	0xfd800	40960	0x100	ok	raw	5350b600
EXLANG\disc0_rel\00b2b4b6.PDT	41	0x107800	30720	0x100	ok	raw	5350b700
EXLANG\disc0_rel\00b2b4b6.PDT	42	0x10f000	28672	0x100	ok	raw	5350b800
EXLANG\disc0_rel\00b2b4b6.PDT	43	0x116000	49152	0x100	ok	raw	5350b900
EXLANG\disc0_rel\00b2b4b6.PDT	44	0x122000	43008	0x100	ok	raw	5350ba00
EXLANG\disc0_rel\00b2b4b6.PDT	45	0x12c800	49152	0x100	ok	raw	5350cd00
EXLANG\disc0_rel\00b2b4b6.PDT	46	0x138800	53248	0x100	ok	raw	5350ce00
EXLANG\disc0_rel\00b2b4b6.PDT	47	0x145800	151552	0x100	ok	raw	5350cf00
EXLANG\disc0_rel\00b2b4b6.PDT	48	0x16a800	49152	0x100	ok	raw	5350d000
EXLANG\disc0_rel\00b2b4b6.PDT	49	0x176800	18432	0x100	ok	raw	5350d100
EXLANG\disc0_rel\00b2b4b6.PDT	50	0x17b000	61440	0x100	ok	raw	5350d300
EXLANG\disc0_rel\00b2b4b6.PDT	51	0x18a000	36864	0x100	ok	raw	5350d400
EXLANG\disc0_rel\00b2b4b6.PDT	52	0x193000	45056	0x100	ok	raw	5350d500
EXLANG\disc0_rel\00b2b4b6.PDT	53	0x19e000	8192	0x100	ok	raw	5350d600
EXLANG\disc0_rel\00b2b4b6.PDT	54	0x1a0000	8192	0x100	ok	raw	5350d700
EXLANG\disc0_rel\00b2b4b6.PDT	55	0x1a2000	24576	0x100	ok	raw	5350d800
EXLANG\disc0_rel\00b2b4b6.PDT	56	0x1a8000	24576	0x100	ok	raw	5350db00
EXLANG\disc0_rel\00b2b4b6.PDT	57	0x1ae000	55296	0x100	ok	raw	5350dc00
EXLANG\disc0_rel\00b2b4b6.PDT	58	0x1bb800	57344	0x100	ok	raw	5350de00
EXLANG\disc0_rel\00b2b4b6.PDT	59	0x1c9800	47104	0x100	ok	raw	5350df00
EXLANG\disc0_rel\00b2b4b6.PDT	60	0x1d5000	43008	0x100	ok	raw	5350e000
EXLANG\disc0_rel\00b2b4b6.PDT	61	0x1df800	26624	0x100	ok	raw	5350e100
EXLANG\disc0_rel\00b2b4b6.PDT	62	0x1e6000	59392	0x100	ok	raw	5350e200
EXLANG\disc0_rel\00b2b4b6.PDT	63	0x1f4800	79872	0x100	ok	raw	5350e300
EXLANG\disc0_rel\00b2b4b6.PDT	64	0x208000	36864	0x100	ok	raw	5350e400
EXLANG\disc0_rel\00b2b4b6.PDT	65	0x211000	71680	0x100	ok	raw	5350e500
EXLANG\disc0_rel\00b2b4b6.PDT	66	0x222800	34816	0x100	ok	raw	5350e600
EXLANG\disc0_rel\00b2b4b6.PDT	67	0x22b000	43008	0x100	ok	raw	5350e700
EXLANG\disc0_rel\00b2b4b6.PDT	68	0x235800	30720	0x100	ok	raw	5350e800
EXLANG\disc0_rel\00b2b4b6.PDT	69	0x23d000	34816	0x100	ok	raw	5350e900
EXLANG\disc0_rel\00b2b4b6.PDT	70	0x245800	22528	0x100	ok	raw	5350ea00
EXLANG\disc0_rel\00b2b4b6.PDT	71	0x24b000	22528	0x100	ok	raw	5350eb00
EXLANG\disc0_rel\00b2b4b6.PDT	72	0x250800	24576	0x100	ok	raw	5350ec00
EXLANG\disc0_rel\00b2b4b6.PDT	73	0x256800	12288	0x100	ok	raw	5350ed00
EXLANG\disc0_rel\00b2b4b6.PDT	74	0x259800	10240	0x100	ok	raw	5350ee00
EXLANG\disc0_rel\00b2b4b6.PDT	75	0x25c000	32768	0x100	ok	raw	5350ef00
EXLANG\disc0_rel\00b2b4b6.PDT	76	0x264000	30720	0x100	ok	raw	5350f000
EXLANG\disc0_rel\00b2b4b6.PDT	77	0x26b800	34816	0x100	ok	raw	5350f100
EXLANG\disc0_rel\00b2b4b6.PDT	78	0x274000	32768	0x100	ok	raw	5350f200
EXLANG\disc0_rel\00b2b4b6.PDT	79	0x27c000	77824	0x100	ok	raw	5350f300
EXLANG\disc0_rel\00b2b4b6.PDT	80	0x28f000	73728	0x100	ok	raw	5350f400
EXLANG\disc0_rel\00b2b4b6.PDT	81	0x2a1000	38912	0x100	ok	raw	5350f500
EXLANG\disc0_rel\00b2b4b6.PDT	82	0x2aa800	57344	0x100	ok	raw	5350f600
EXLANG\disc0_rel\00b2b4b6.PDT	83	0x2b8800	67584	0x100	ok	raw	5350f800
EXLANG\disc0_rel\00b2b4b6.PDT	84	0x2c9000	24576	0x100	ok	raw	5350f900
EXLANG\disc0_rel\00b2b4b6.PDT	85	0x2cf000	83968	0x100	ok	raw	5350fa00
EXLANG\disc0_rel\00b2b4b6.PDT	86	0x2e3800	61440	0x100	ok	raw	5350fb00
EXLANG\disc0_rel\00b2b4b6.PDT	87	0x2f2800	30720	0x100	ok	raw	5350fc00
EXLANG\disc0_rel\00b2b4b6.PDT	88	0x2fa000	24576	0x100	ok	raw	5350fd00
EXLANG\disc0_rel\00b2b4b6.PDT	89	0x300000	18432	0x100	ok	raw	5350fe00
EXLANG\disc0_rel\00b2b4b6.PDT	90	0x304800	22528	0x100	ok	raw	5350ff00
EXLANG\disc0_rel\00b2b4b6.PDT	91	0x30a000	26624	0x100	ok	raw	53500001
EXLANG\disc0_rel\00b2b4b6.PDT	92	0x310800	32768	0x100	ok	raw	53500101
EXLANG\disc0_rel\00b2b4b6.PDT	93	0x318800	45056	0x100	ok	raw	53500201
EXLANG\disc0_rel\00b2b4b6.PDT	94	0x323800	16384	0x100	ok	raw	53500301
EXLANG\disc0_rel\00b2b4b6.PDT	95	0x327800	16384	0x100	ok	raw	53500401
EXLANG\disc0_rel\00b2b4b6.PDT	96	0x32b800	34816	0x100	ok	raw	53500501
EXLANG\disc0_rel\00b2b4b6.PDT	97	0x334000	20480	0x100	ok	raw	53500601
EXLANG\disc0_rel\00b2b4b6.PDT	98	0x339000	20480	0x100	ok	raw	53500701
EXLANG\disc0_rel\00b2b4b6.PDT	99	0x33e000	49152	0x100	ok	raw	53500801
EXLANG\disc0_rel\00b2b4b6.PDT	100	0x34a000	47104	0x100	ok	raw	53500901
EXLANG\disc0_rel\00b2b4b6.PDT	101	0x355800	14336	0x100	ok	raw	53500a01
EXLANG\disc0_rel\00b2b4b6.PDT	102	0x359000	24576	0x100	ok	raw	53500b01
EXLANG\disc0_rel\00b2b4b6.PDT	103	0x35f000	26624	0x100	ok	raw	53500c01
EXLANG\disc0_rel\00b2b4b6.PDT	104	0x365800	28672	0x100	ok	raw	53500d01
EXLANG\disc0_rel\00b2b4b6.PDT	105	0x36c800	28672	0x100	ok	raw	53500e01
EXLANG\disc0_rel\00b2b4b6.PDT	106	0x373800	34816	0x100	ok	raw	53500f01
EXLANG\disc0_rel\00b2b4b6.PDT	107	0x37c000	65536	0x100	ok	raw	53501001
EXLANG\disc0_rel\00b2b4b6.PDT	108	0x38c000	22528	0x100	ok	raw	53501201
EXLANG\disc0_rel\00b2b4b6.PDT	109	0x391800	34816	0x100	ok	raw	53501301
EXLANG\disc0_rel\00b2b4b6.PDT	110	0x39a000	51200	0x100	ok	raw	53501401
EXLANG\disc0_rel\00b2b4b6.PDT	111	0x3a6800	36864	0x100	ok	raw	53501501
EXLANG\disc0_rel\00b2b4b6.PDT	112	0x3af800	49152	0x100	ok	raw	53501601
EXLANG\disc0_rel\00b2b4b6.PDT	113	0x3bb800	28672	0x100	ok	raw	53501701
EXLANG\disc0_rel\00b2b4b6.PDT	114	0x3c2800	45056	0x100	ok	raw	53501801
EXLANG\disc0_rel\00b2b4b6.PDT	115	0x3cd800	20480	0x100	ok	raw	53501901
EXLANG\disc0_rel\00b2b4b6.PDT	116	0x3d2800	32768	0x100	ok	raw	53501a01
EXLANG\disc0_rel\00b2b4b6.PDT	117	0x3da800	32768	0x100	ok	raw	53501b01
EXLANG\disc0_rel\00b2b4b6.PDT	118	0x3e2800	47104	0x100	ok	raw	53501c01
EXLANG\disc0_rel\00b2b4b6.PDT	119	0x3ee000	40960	0x100	ok	raw	53501d01
EXLANG\disc0_rel\00b2b4b6.PDT	120	0x3f8000	61440	0x100	ok	raw	53501e01
EXLANG\disc0_rel\00b2b4b6.PDT	121	0x407000	26624	0x100	ok	raw	53501f01
EXLANG\disc0_rel\00b2b4b6.PDT	122	0x40d800	22528	0x100	ok	raw	53502001
EXLANG\disc0_rel\00b2b4b6.PDT	123	0x413000	24576	0x100	ok	raw	53502101
EXLANG\disc0_rel\00b2b4b6.PDT	124	0x419000	26624	0x100	ok	raw	53502201
EXLANG\disc0_rel\00b2b4b6.PDT	125	0x41f800	43008	0x100	ok	raw	53502301
EXLANG\disc0_rel\00b2b4b6.PDT	126	0x42a000	34816	0x100	ok	raw	53502401
EXLANG\disc0_rel\00b2b4b6.PDT	127	0x432800	28672	0x100	ok	raw	53502501
EXLANG\disc0_rel\00b2b4b6.PDT	128	0x439800	26624	0x100	ok	raw	53502601
EXLANG\disc0_rel\00b2b4b6.PDT	129	0x440000	34816	0x100	ok	raw	53502701
EXLANG\disc0_rel\00b2b4b6.PDT	130	0x448800	26624	0x100	ok	raw	53502801
EXLANG\disc0_rel\00b2b4b6.PDT	131	0x44f000	30720	0x100	ok	raw	53502901
EXLANG\disc0_rel\00b2b4b6.PDT	132	0x456800	34816	0x100	ok	raw	53502a01
EXLANG\disc0_rel\00b2b4b6.PDT	133	0x45f000	59392	0x100	ok	raw	53502b01
EXLANG\disc0_rel\00b2b4b6.PDT	134	0x46d800	22528	0x100	ok	raw	53502c01
EXLANG\disc0_rel\00b2b4b6.PDT	135	0x473000	28672	0x100	ok	raw	53502d01
EXLANG\disc0_rel\00b2b4b6.PDT	136	0x47a000	26624	0x100	ok	raw	53502e01
EXLANG\disc0_rel\00b2b4b6.PDT	137	0x480800	18432	0x100	ok	raw	53502f01
EXLANG\disc0_rel\00b2b4b6.PDT	138	0x485000	24576	0x100	ok	raw	53503001
EXLANG\disc0_rel\00b2b4b6.PDT	139	0x48b000	28672	0x100	ok	raw	53503101
EXLANG\disc0_rel\00b2b4b6.PDT	140	0x492000	22528	0x100	ok	raw	53503201
EXLANG\disc0_rel\00b2b4b6.PDT	141	0x497800	22528	0x100	ok	raw	53503301
EXLANG\disc0_rel\00b2b4b6.PDT	142	0x49d000	18432	0x100	ok	raw	53503401
EXLANG\disc0_rel\00b2b4b6.PDT	143	0x4a1800	34816	0x100	ok	raw	53503501
EXLANG\disc0_rel\00b2b4b6.PDT	144	0x4aa000	38912	0x100	ok	raw	53503601
EXLANG\disc0_rel\00b2b4b6.PDT	145	0x4b3800	28672	0x100	ok	raw	53503701
EXLANG\disc0_rel\00b2b4b6.PDT	146	0x4ba800	47104	0x100	ok	raw	53503801
EXLANG\disc0_rel\00b2b4b6.PDT	147	0x4c6000	36864	0x100	ok	raw	53503901
EXLANG\disc0_rel\00b2b4b6.PDT	148	0x4cf000	32768	0x100	ok	raw	53503a01
EXLANG\disc0_rel\00b2b4b6.PDT	149	0x4d7000	18432	0x100	ok	raw	53503b01
EXLANG\disc0_rel\00b2b4b6.PDT	150	0x4db800	32768	0x100	ok	raw	53503c01
EXLANG\disc0_rel\00b2b4b6.PDT	151	0x4e3800	28672	0x100	ok	raw	53503d01
EXLANG\disc0_rel\00b2b4b6.PDT	152	0x4ea800	28672	0x100	ok	raw	53503e01
EXLANG\disc0_rel\00b2b4b6.PDT	153	0x4f1800	20480	0x100	ok	raw	53503f01
EXLANG\disc0_rel\00b2b4b6.PDT	154	0x4f6800	24576	0x100	ok	raw	53504001
EXLANG\disc0_rel\00b2b4b6.PDT	155	0x4fc800	20480	0x100	ok	raw	53504101
EXLANG\disc0_rel\00b2b4b6.PDT	156	0x501800	36864	0x100	ok	raw	53504301
EXLANG\disc0_rel\00b2b4b6.PDT	157	0x50a800	24576	0x100	ok	raw	53504401
EXLANG\disc0_rel\00b2b4b6.PDT	158	0x510800	34816	0x100	ok	raw	53504501
EXLANG\disc0_rel\00b2b4b6.PDT	159	0x519000	172032	0x100	ok	raw	53507301
EXLANG\disc0_rel\00b2b4b6.PDT	160	0x543000	32768	0x100	ok	raw	53504d01
EXLANG\disc0_rel\00b2b4b6.PDT	161	0x54b000	30720	0x100	ok	raw	53504e01
EXLANG\disc0_rel\00b2b4b6.PDT	162	0x552800	98304	0x100	ok	raw	53504f01
EXLANG\disc0_rel\00b2b4b6.PDT	163	0x56a800	40960	0x100	ok	raw	53505001
EXLANG\disc0_rel\00b2b4b6.PDT	164	0x574800	32768	0x100	ok	raw	53505101
EXLANG\disc0_rel\00b2b4b6.PDT	165	0x57c800	79872	0x100	ok	raw	53505201
EXLANG\disc0_rel\00b2b4b6.PDT	166	0x590000	59392	0x100	ok	raw	53505301
EXLANG\disc0_rel\00b2b4b6.PDT	167	0x59e800	40960	0x100	ok	raw	53505401
EXLANG\disc0_rel\00b2b4b6.PDT	168	0x5a8800	55296	0x100	ok	raw	53505501
EXLANG\disc0_rel\00b2b4b6.PDT	169	0x5b6000	36864	0x100	ok	raw	53505601
EXLANG\disc0_rel\00b2b4b6.PDT	170	0x5bf000	86016	0x100	ok	raw	53505701
EXLANG\disc0_rel\00b2b4b6.PDT	171	0x5d4000	16384	0x100	ok	raw	53505801
EXLANG\disc0_rel\00b2b4b6.PDT	172	0x5d8000	20480	0x100	ok	raw	53505901
EXLANG\disc0_rel\00b2b4b6.PDT	173	0x5dd000	26624	0x100	ok	raw	53505a01
EXLANG\disc0_rel\00b2b4b6.PDT	174	0x5e3800	36864	0x100	ok	raw	53505b01
EXLANG\disc0_rel\00b2b4b6.PDT	175	0x5ec800	24576	0x100	ok	raw	53505c01
EXLANG\disc0_rel\00b2b4b6.PDT	176	0x5f2800	24576	0x100	ok	raw	53505d01
EXLANG\disc0_rel\00b2b4b6.PDT	177	0x5f8800	24576	0x100	ok	raw	53505e01
EXLANG\disc0_rel\00b2b4b6.PDT	178	0x5fe800	14336	0x100	ok	raw	53505f01
EXLANG\disc0_rel\00b2b4b6.PDT	179	0x602000	26624	0x100	ok	raw	53506001
EXLANG\disc0_rel\00b2b4b6.PDT	180	0x608800	20480	0x100	ok	raw	53506101
EXLANG\disc0_rel\00b2b4b6.PDT	181	0x60d800	28672	0x100	ok	raw	53506201
EXLANG\disc0_rel\00b2b4b6.PDT	182	0x614800	20480	0x100	ok	raw	53506301
EXLANG\disc0_rel\00b2b4b6.PDT	183	0x619800	40960	0x100	ok	raw	53506401
EXLANG\disc0_rel\00b2b4b6.PDT	184	0x623800	36864	0x100	ok	raw	53506501
EXLANG\disc0_rel\00b2b4b6.PDT	185	0x62c800	22528	0x100	ok	raw	53506601
EXLANG\disc0_rel\00b2b4b6.PDT	186	0x632000	22528	0x100	ok	raw	53506701
EXLANG\disc0_rel\00b2b4b6.PDT	187	0x637800	28672	0x100	ok	raw	53506801
EXLANG\disc0_rel\00b2b4b6.PDT	188	0x63e800	32768	0x100	ok	raw	53506901
EXLANG\disc0_rel\00b2b4b6.PDT	189	0x646800	47104	0x100	ok	raw	53506a01
EXLANG\disc0_rel\00b2b4b6.PDT	190	0x652000	30720	0x100	ok	raw	53506b01
EXLANG\disc0_rel\00b2b4b6.PDT	191	0x659800	28672	0x100	ok	raw	53506c01
EXLANG\disc0_rel\00b2b4b6.PDT	192	0x660800	26624	0x100	ok	raw	53506d01
EXLANG\disc0_rel\00b2b4b6.PDT	193	0x667000	26624	0x100	ok	raw	53506e01
EXLANG\disc0_rel\00b2b4b6.PDT	194	0x66d800	12288	0x100	ok	raw	53506f01
EXLANG\disc0_rel\00b2b4b6.PDT	195	0x670800	38912	0x100	ok	raw	53507001
EXLANG\disc0_rel\00b2b4b6.PDT	196	0x67a000	24576	0x100	ok	raw	53507101
EXLANG\disc0_rel\00b2b4b6.PDT	197	0x680000	26624	0x100	ok	raw	53507201
EXLANG\disc0_rel\00b2b4b6.PDT	198	0x686800	51200	0x100	ok	raw	53505302
EXLANG\disc0_rel\00b2b4b6.PDT	199	0x693000	36864	0x100	ok	raw	53505402
EXLANG\disc0_rel\00b2b4b6.PDT	200	0x69c000	32768	0x100	ok	raw	53505502
EXLANG\disc0_rel\00b2b4b6.PDT	201	0x6a4000	28672	0x100	ok	raw	53505602
EXLANG\disc0_rel\00b2b4b6.PDT	202	0x6ab000	43008	0x100	ok	raw	53505702
EXLANG\disc0_rel\00b2b4b6.PDT	203	0x6b5800	26624	0x100	ok	raw	53505802
EXLANG\disc0_rel\00b2b4b6.PDT	204	0x6bc000	24576	0x100	ok	raw	53505902
EXLANG\disc0_rel\00b2b4b6.PDT	205	0x6c2000	45056	0x100	ok	raw	53505a02
EXLANG\disc0_rel\00b2b4b6.PDT	206	0x6cd000	45056	0x100	ok	raw	53505b02
EXLANG\disc0_rel\00b2b4b6.PDT	207	0x6d8000	34816	0x100	ok	raw	53505c02
EXLANG\disc0_rel\00b2b4b6.PDT	208	0x6e0800	61440	0x100	ok	raw	53505d02
EXLANG\disc0_rel\00b2b4b6.PDT	209	0x6ef800	45056	0x100	ok	raw	53505e02
EXLANG\disc0_rel\00b2b4b6.PDT	210	0x6fa800	34816	0x100	ok	raw	53505f02
EXLANG\disc0_rel\00b2b4b6.PDT	211	0x703000	32768	0x100	ok	raw	53506002
EXLANG\disc0_rel\00b2b4b6.PDT	212	0x70b000	38912	0x100	ok	raw	53506102
EXLANG\disc0_rel\00b2b4b6.PDT	213	0x714800	32768	0x100	ok	raw	53506202
EXLANG\disc0_rel\00b2b4b6.PDT	214	0x71c800	34816	0x100	ok	raw	53506302
EXLANG\disc0_rel\00b2b4b6.PDT	215	0x725000	28672	0x100	ok	raw	53506402
EXLANG\disc0_rel\00b2b4b6.PDT	216	0x72c000	32768	0x100	ok	raw	53506502
EXLANG\disc0_rel\00b2b4b6.PDT	217	0x734000	40960	0x100	ok	raw	53506602
EXLANG\disc0_rel\00b2b4b6.PDT	218	0x73e000	36864	0x100	ok	raw	53506702
EXLANG\disc0_rel\00b2b4b6.PDT	219	0x747000	49152	0x100	ok	raw	53506802
EXLANG\disc0_rel\00b2b4b6.PDT	220	0x753000	32768	0x100	ok	raw	53506902
EXLANG\disc0_rel\00b2b4b6.PDT	221	0x75b000	26624	0x100	ok	raw	53506a02
EXLANG\disc0_rel\00b2b4b6.PDT	222	0x761800	32768	0x100	ok	raw	53506b02
EXLANG\disc0_rel\00b2b4b6.PDT	223	0x769800	43008	0x100	ok	raw	53506c02
EXLANG\disc0_rel\00b2b4b6.PDT	224	0x774000	34816	0x100	ok	raw	53506d02
EXLANG\disc0_rel\00b2b4b6.PDT	225	0x77c800	43008	0x100	ok	raw	53506e02
EXLANG\disc0_rel\00b2b4b6.PDT	226	0x787000	40960	0x100	ok	raw	53506f02
EXLANG\disc0_rel\00b2b4b6.PDT	227	0x791000	24576	0x100	ok	raw	53507002
EXLANG\disc0_rel\00b2b4b6.PDT	228	0x797000	28672	0x100	ok	raw	53507102
EXLANG\disc0_rel\00b2b4b6.PDT	229	0x79e000	47104	0x100	ok	raw	53507202
EXLANG\disc0_rel\00b2b4b6.PDT	230	0x7a9800	45056	0x100	ok	raw	53507302
EXLANG\disc0_rel\00b2b4b6.PDT	231	0x7b4800	26624	0x100	ok	raw	53507402
EXLANG\disc0_rel\00b2b4b6.PDT	232	0x7bb000	24576	0x100	ok	raw	53507502
EXLANG\disc0_rel\00b2b4b6.PDT	233	0x7c1000	22528	0x100	ok	raw	53507602
EXLANG\disc0_rel\00b2b4b6.PDT	234	0x7c6800	34816	0x100	ok	raw	53507702
EXLANG\disc0_rel\00b2b4b6.PDT	235	0x7cf000	30720	0x100	ok	raw	53507802
EXLANG\disc0_rel\00b2b4b6.PDT	236	0x7d6800	22528	0x100	ok	raw	53507902
EXLANG\disc0_rel\00b2b4b6.PDT	237	0x7dc000	20480	0x100	ok	raw	53507a02
EXLANG\disc0_rel\00b2b4b6.PDT	238	0x7e1000	24576	0x100	ok	raw	53507b02
EXLANG\disc0_rel\00b2b4b6.PDT	239	0x7e7000	53248	0x100	ok	raw	53507c02
EXLANG\disc0_rel\00b2b4b6.PDT	240	0x7f4000	34816	0x100	ok	raw	53507d02
EXLANG\disc0_rel\00b2b4b6.PDT	241	0x7fc800	20480	0x100	ok	raw	53507e02
EXLANG\disc0_rel\00b2b4b6.PDT	242	0x801800	26624	0x100	ok	raw	53507f02
EXLANG\disc0_rel\00b2b4b6.PDT	243	0x808000	30720	0x100	ok	raw	53508002
EXLANG\disc0_rel\00b2b4b6.PDT	244	0x80f800	28672	0x100	ok	raw	53508102
EXLANG\disc0_rel\00b2b4b6.PDT	245	0x816800	30720	0x100	ok	raw	53508202
EXLANG\disc0_rel\00b2b4b6.PDT	246	0x81e000	36864	0x100	ok	raw	53508302
EXLANG\disc0_rel\00b2b4b6.PDT	247	0x827000	6144	0x100	ok	raw	53508402
EXLANG\disc0_rel\00b2b4b6.PDT	248	0x828800	32768	0x100	ok	raw	53508502
EXLANG\disc0_rel\00b2b4b6.PDT	249	0x830800	26624	0x100	ok	raw	53508602
EXLANG\disc0_rel\00b2b4b6.PDT	250	0x837000	24576	0x100	ok	raw	53508702
EXLANG\disc0_rel\00b2b4b6.PDT	251	0x83d000	28672	0x100	ok	raw	53508802
EXLANG\disc0_rel\00b2b4b6.PDT	252	0x844000	22528	0x100	ok	raw	53508902
EXLANG\disc0_rel\00b2b4b6.PDT	253	0x849800	36864	0x100	ok	raw	53508a02
EXLANG\disc0_rel\00b2b4b6.PDT	254	0x852800	26624	0x100	ok	raw	53508b02
EXLANG\disc0_rel\00b2b4b6.PDT	255	0x859000	36864	0x100	ok	raw	53508c02
EXLANG\disc0_rel\00b2b4b6.PDT	256	0x862000	38912	0x100	ok	raw	53508d02
EXLANG\disc0_rel\00b2b4b6.PDT	257	0x86b800	24576	0x100	ok	raw	53508e02
EXLANG\disc0_rel\00b2b4b6.PDT	258	0x871800	30720	0x100	ok	raw	53508f02
EXLANG\disc0_rel\00b2b4b6.PDT	259	0x879000	24576	0x100	ok	raw	53509002
EXLANG\disc0_rel\00b2b4b6.PDT	260	0x87f000	32768	0x100	ok	raw	53509102
EXLANG\disc0_rel\00b2b4b6.PDT	261	0x887000	28672	0x100	ok	raw	53509202
EXLANG\disc0_rel\00b2b4b6.PDT	262	0x88e000	26624	0x100	ok	raw	53509302
EXLANG\disc0_rel\00b2b4b6.PDT	263	0x894800	22528	0x100	ok	raw	53509402
EXLANG\disc0_rel\00b2b4b6.PDT	264	0x89a000	28672	0x100	ok	raw	53509502
EXLANG\disc0_rel\00b2b4b6.PDT	265	0x8a1000	24576	0x100	ok	raw	53509602
EXLANG\disc0_rel\00b2b4b6.PDT	266	0x8a7000	32768	0x100	ok	raw	53509702
EXLANG\disc0_rel\00b2b4b6.PDT	267	0x8af000	22528	0x100	ok	raw	53509802
EXLANG\disc0_rel\00b2b4b6.PDT	268	0x8b4800	53248	0x100	ok	raw	53509902
EXLANG\disc0_rel\00b2b4b6.PDT	269	0x8c1800	51200	0x100	ok	raw	53509a02
EXLANG\disc0_rel\00b2b4b6.PDT	270	0x8ce000	59392	0x100	ok	raw	53509b02
EXLANG\disc0_rel\00b2b4b6.PDT	271	0x8dc800	22528	0x100	ok	raw	53509c02
EXLANG\disc0_rel\00b2b4b6.PDT	272	0x8e2000	18432	0x100	ok	raw	53509d02
EXLANG\disc0_rel\00b2b4b6.PDT	273	0x8e6800	49152	0x100	ok	raw	53509e02
EXLANG\disc0_rel\00b2b4b6.PDT	274	0x8f2800	36864	0x100	ok	raw	53509f02
EXLANG\disc0_rel\00b2b4b6.PDT	275	0x8fb800	30720	0x100	ok	raw	5350a002
EXLANG\disc0_rel\00b2b4b6.PDT	276	0x903000	32768	0x100	ok	raw	5350a102
EXLANG\disc0_rel\00b2b4b6.PDT	277	0x90b000	28672	0x100	ok	raw	5350a202
EXLANG\disc0_rel\00b2b4b6.PDT	278	0x912000	22528	0x100	ok	raw	5350a302
EXLANG\disc0_rel\00b2b4b6.PDT	279	0x917800	26624	0x100	ok	raw	5350a402
EXLANG\disc0_rel\00b2b4b6.PDT	280	0x91e000	28672	0x100	ok	raw	5350a502
EXLANG\disc0_rel\00b2b4b6.PDT	281	0x925000	34816	0x100	ok	raw	5350a602
EXLANG\disc0_rel\00b2b4b6.PDT	282	0x92d800	45056	0x100	ok	raw	5350a702
EXLANG\disc0_rel\00b2b4b6.PDT	283	0x938800	45056	0x100	ok	raw	5350a802
EXLANG\disc0_rel\00b2b4b6.PDT	284	0x943800	28672	0x100	ok	raw	5350a902
EXLANG\disc0_rel\00b2b4b6.PDT	285	0x94a800	22528	0x100	ok	raw	5350aa02
EXLANG\disc0_rel\00b2b4b6.PDT	286	0x950000	26624	0x100	ok	raw	5350ab02
EXLANG\disc0_rel\00b2b4b6.PDT	287	0x956800	40960	0x100	ok	raw	5350ac02
EXLANG\disc0_rel\00b2b4b6.PDT	288	0x960800	61440	0x100	ok	raw	5350ad02
EXLANG\disc0_rel\00b2b4b6.PDT	289	0x96f800	53248	0x100	ok	raw	5350ae02
EXLANG\disc0_rel\00b2b4b6.PDT	290	0x97c800	47104	0x100	ok	raw	5350af02
EXLANG\disc0_rel\00b2b4b6.PDT	291	0x988000	51200	0x100	ok	raw	5350b002
EXLANG\disc0_rel\00b2b4b6.PDT	292	0x994800	24576	0x100	ok	raw	5350b102
EXLANG\disc0_rel\00b2b4b6.PDT	293	0x99a800	61440	0x100	ok	raw	5350b202
EXLANG\disc0_rel\00b2b4b6.PDT	294	0x9a9800	30720	0x100	ok	raw	5350b302
EXLANG\disc0_rel\00b2b4b6.PDT	295	0x9b1000	51200	0x100	ok	raw	5350b402
EXLANG\disc0_rel\00b2b4b6.PDT	296	0x9bd800	63488	0x100	ok	raw	5350b502
EXLANG\disc0_rel\00b2b4b6.PDT	297	0x9cd000	47104	0x100	ok	raw	5350b602
EXLANG\disc0_rel\00b2b4b6.PDT	298	0x9d8800	32768	0x100	ok	raw	5350b702
EXLANG\disc0_rel\00b2b4b6.PDT	299	0x9e0800	63488	0x100	ok	raw	5350b802
EXLANG\disc0_rel\00b2b4b6.PDT	300	0x9f0000	36864	0x100	ok	raw	5350b902
EXLANG\disc0_rel\00b2b4b6.PDT	301	0x9f9000	26624	0x100	ok	raw	5350ba02
EXLANG\disc0_rel\00b2b4b6.PDT	302	0x9ff800	36864	0x100	ok	raw	5350bb02
EXLANG\disc0_rel\00b2b4b6.PDT	303	0xa08800	24576	0x100	ok	raw	5350bc02
EXLANG\disc0_rel\00b2b4b6.PDT	304	0xa0e800	36864	0x100	ok	raw	5350bd02
EXLANG\disc0_rel\00b2b4b6.PDT	305	0xa17800	38912	0x100	ok	raw	5350be02
EXLANG\disc0_rel\00b2b4b6.PDT	306	0xa21000	36864	0x100	ok	raw	5350bf02
EXLANG\disc0_rel\00b2b4b6.PDT	307	0xa2a000	30720	0x100	ok	raw	5350c002
EXLANG\disc0_rel\00b2b4b6.PDT	308	0xa31800	49152	0x100	ok	raw	5350c102
EXLANG\disc0_rel\00b2b4b6.PDT	309	0xa3d800	14336	0x100	ok	raw	5350c202
EXLANG\disc0_rel\00b2b4b6.PDT	310	0xa41000	16384	0x100	ok	raw	5350c302
EXLANG\disc0_rel\00b2b4b6.PDT	311	0xa45000	22528	0x100	ok	raw	5350c402
EXLANG\disc0_rel\00b2b4b6.PDT	312	0xa4a800	16384	0x100	ok	raw	5350c502
EXLANG\disc0_rel\00b2b4b6.PDT	313	0xa4e800	34816	0x100	ok	raw	5350c602
EXLANG\disc0_rel\00b2b4b6.PDT	314	0xa57000	34816	0x100	ok	raw	5350c702
EXLANG\disc0_rel\00b2b4b6.PDT	315	0xa5f800	36864	0x100	ok	raw	5350c802
EXLANG\disc0_rel\00b2b4b6.PDT	316	0xa68800	45056	0x100	ok	raw	5350c902
EXLANG\disc0_rel\00b2b4b6.PDT	317	0xa73800	36864	0x100	ok	raw	5350ca02
EXLANG\disc0_rel\00b2b4b6.PDT	318	0xa7c800	30720	0x100	ok	raw	5350cb02
EXLANG\disc0_rel\00b2b4b6.PDT	319	0xa84000	30720	0x100	ok	raw	5350cc02
EXLANG\disc0_rel\00b2b4b6.PDT	320	0xa8b800	34816	0x100	ok	raw	5350cd02
EXLANG\disc0_rel\00b2b4b6.PDT	321	0xa94000	28672	0x100	ok	raw	5350ce02
EXLANG\disc0_rel\00b2b4b6.PDT	322	0xa9b000	16384	0x100	ok	raw	5350cf02
EXLANG\disc0_rel\00b2b4b6.PDT	323	0xa9f000	26624	0x100	ok	raw	5350d002
EXLANG\disc0_rel\00b2b4b6.PDT	324	0xaa5800	24576	0x100	ok	raw	5350d102
EXLANG\disc0_rel\00b2b4b6.PDT	325	0xaab800	26624	0x100	ok	raw	5350d202
EXLANG\disc0_rel\00b2b4b6.PDT	326	0xab2000	18432	0x100	ok	raw	5350d302
EXLANG\disc0_rel\00b2b4b6.PDT	327	0xab6800	16384	0x100	ok	raw	5350d402
EXLANG\disc0_rel\00b2b4b6.PDT	328	0xaba800	22528	0x100	ok	raw	5350d502
EXLANG\disc0_rel\00b2b4b6.PDT	329	0xac0000	28672	0x100	ok	raw	5350d602
EXLANG\disc0_rel\00b2b4b6.PDT	330	0xac7000	32768	0x100	ok	raw	5350d702
EXLANG\disc0_rel\00b2b4b6.PDT	331	0xacf000	36864	0x100	ok	raw	5350d802
EXLANG\disc0_rel\00b2b4b6.PDT	332	0xad8000	24576	0x100	ok	raw	5350d902
EXLANG\disc0_rel\00b2b4b6.PDT	333	0xade000	22528	0x100	ok	raw	5350da02
EXLANG\disc0_rel\00b2b4b6.PDT	334	0xae3800	24576	0x100	ok	raw	5350db02
EXLANG\disc0_rel\00b2b4b6.PDT	335	0xae9800	51200	0x100	ok	raw	5350dc02
EXLANG\disc0_rel\00b2b4b6.PDT	336	0xaf6000	34816	0x100	ok	raw	5350dd02
EXLANG\disc0_rel\00b2b4b6.PDT	337	0xafe800	32768	0x100	ok	raw	5350de02
EXLANG\disc0_rel\00b2b4b6.PDT	338	0xb06800	6144	0x100	ok	raw	5350df02
EXLANG\disc0_rel\00b2b4b6.PDT	339	0xb08000	43008	0x100	ok	raw	5350e002
EXLANG\disc0_rel\00b2b4b6.PDT	340	0xb12800	45056	0x100	ok	raw	5350e102
EXLANG\disc0_rel\00b2b4b6.PDT	341	0xb1d800	26624	0x100	ok	raw	5350e202
EXLANG\disc0_rel\00b2b4b6.PDT	342	0xb24000	28672	0x100	ok	raw	5350e302
EXLANG\disc0_rel\00b2b4b6.PDT	343	0xb2b000	73728	0x100	ok	raw	5350e402
EXLANG\disc0_rel\00b2b4b6.PDT	344	0xb3d000	59392	0x100	ok	raw	5350e502
EXLANG\disc0_rel\00b2b4b6.PDT	345	0xb4b800	32768	0x100	ok	raw	5350e602
EXLANG\disc0_rel\00b2b4b6.PDT	346	0xb53800	55296	0x100	ok	raw	5350e702
EXLANG\disc0_rel\00b2b4b6.PDT	347	0xb61000	36864	0x100	ok	raw	5350e802
EXLANG\disc0_rel\00b2b4b6.PDT	348	0xb6a000	32768	0x100	ok	raw	5350e902
EXLANG\disc0_rel\00b2b4b6.PDT	349	0xb72000	22528	0x100	ok	raw	5350ea02
EXLANG\disc0_rel\00b2b4b6.PDT	350	0xb77800	36864	0x100	ok	raw	5350eb02
EXLANG\disc0_rel\00b2b4b6.PDT	351	0xb80800	30720	0x100	ok	raw	5350ec02
EXLANG\disc0_rel\00b2b4b6.PDT	352	0xb88000	30720	0x100	ok	raw	5350ed02
EXLANG\disc0_rel\00b2b4b6.PDT	353	0xb8f800	6144	0x100	ok	raw	5350ee02
EXLANG\disc0_rel\00b2b4b6.PDT	354	0xb91000	30720	0x100	ok	raw	5350ef02
EXLANG\disc0_rel\00b2b4b6.PDT	355	0xb98800	28672	0x100	ok	raw	5350f002
EXLANG\disc0_rel\00b2b4b6.PDT	356	0xb9f800	24576	0x100	ok	raw	5350f102
EXLANG\disc0_rel\00b2b4b6.PDT	357	0xba5800	22528	0x100	ok	raw	5350f202
EXLANG\disc0_rel\00b2b4b6.PDT	358	0xbab000	32768	0x100	ok	raw	5350f302
EXLANG\disc0_rel\00b2b4b6.PDT	359	0xbb3000	36864	0x100	ok	raw	5350f402
EXLANG\disc0_rel\00b2b4b6.PDT	360	0xbbc000	30720	0x100	ok	raw	5350f502
EXLANG\disc0_rel\00b2b4b6.PDT	361	0xbc3800	36864	0x100	ok	raw	5350f602
EXLANG\disc0_rel\00b2b4b6.PDT	362	0xbcc800	34816	0x100	ok	raw	5350f702
EXLANG\disc0_rel\00b2b4b6.PDT	363	0xbd5000	32768	0x100	ok	raw	5350f802
EXLANG\disc0_rel\00b2b4b6.PDT	364	0xbdd000	26624	0x100	ok	raw	5350f902
EXLANG\disc0_rel\00b2b4b6.PDT	365	0xbe3800	32768	0x100	ok	raw	5350fa02
EXLANG\disc0_rel\00b2b4b6.PDT	366	0xbeb800	20480	0x100	ok	raw	5350fb02
EXLANG\disc0_rel\00b2b4b6.PDT	367	0xbf0800	34816	0x100	ok	raw	5350fc02
EXLANG\disc0_rel\00b2b4b6.PDT	368	0xbf9000	24576	0x100	ok	raw	5350fd02
EXLANG\disc0_rel\00b2b4b6.PDT	369	0xbff000	18432	0x100	ok	raw	5350fe02
EXLANG\disc0_rel\00b2b4b6.PDT	370	0xc03800	22528	0x100	ok	raw	5350ff02
EXLANG\disc0_rel\00b2b4b6.PDT	371	0xc09000	22528	0x100	ok	raw	53500003
EXLANG\disc0_rel\00b2b4b6.PDT	372	0xc0e800	18432	0x100	ok	raw	53500103
EXLANG\disc0_rel\00b2b4b6.PDT	373	0xc13000	40960	0x100	ok	raw	53500203
EXLANG\disc0_rel\00b2b4b6.PDT	374	0xc1d000	28672	0x100	ok	raw	53500303
EXLANG\disc0_rel\00b2b4b6.PDT	375	0xc24000	28672	0x100	ok	raw	53500403
EXLANG\disc0_rel\00b2b4b6.PDT	376	0xc2b000	18432	0x100	ok	raw	53500503
EXLANG\disc0_rel\00b2b4b6.PDT	377	0xc2f800	20480	0x100	ok	raw	53500603
EXLANG\disc0_rel\00b2b4b6.PDT	378	0xc34800	24576	0x100	ok	raw	53500703
EXLANG\disc0_rel\00b2b4b6.PDT	379	0xc3a800	28672	0x100	ok	raw	53500803
EXLANG\disc0_rel\00b2b4b6.PDT	380	0xc41800	20480	0x100	ok	raw	53500903
EXLANG\disc0_rel\00b2b4b6.PDT	381	0xc46800	34816	0x100	ok	raw	53500a03
EXLANG\disc0_rel\00b2b4b6.PDT	382	0xc4f000	24576	0x100	ok	raw	53500b03
EXLANG\disc0_rel\00b2b4b6.PDT	383	0xc55000	26624	0x100	ok	raw	53500c03
EXLANG\disc0_rel\00b2b4b6.PDT	384	0xc5b800	36864	0x100	ok	raw	53500d03
EXLANG\disc0_rel\00b2b4b6.PDT	385	0xc64800	53248	0x100	ok	raw	53500e03
EXLANG\disc0_rel\00b2b4b6.PDT	386	0xc71800	24576	0x100	ok	raw	53500f03
EXLANG\disc0_rel\00b2b4b6.PDT	387	0xc77800	38912	0x100	ok	raw	53501003
EXLANG\disc0_rel\00b2b4b6.PDT	388	0xc81000	28672	0x100	ok	raw	53501103
EXLANG\disc0_rel\00b2b4b6.PDT	389	0xc88000	32768	0x100	ok	raw	53501203
EXLANG\disc0_rel\00b2b4b6.PDT	390	0xc90000	22528	0x100	ok	raw	53501303
EXLANG\disc0_rel\00b2b4b6.PDT	391	0xc95800	22528	0x100	ok	raw	53501403
EXLANG\disc0_rel\00b2b4b6.PDT	392	0xc9b000	30720	0x100	ok	raw	53501503
EXLANG\disc0_rel\00b2b4b6.PDT	393	0xca2800	38912	0x100	ok	raw	53501603
EXLANG\disc0_rel\00b2b4b6.PDT	394	0xcac000	24576	0x100	ok	raw	53501703
EXLANG\disc0_rel\00b2b4b6.PDT	395	0xcb2000	24576	0x100	ok	raw	53501803
EXLANG\disc0_rel\00b2b4b6.PDT	396	0xcb8000	24576	0x100	ok	raw	53501903
EXLANG\disc0_rel\00b2b4b6.PDT	397	0xcbe000	14336	0x100	ok	raw	53501a03
EXLANG\disc0_rel\00b2b4b6.PDT	398	0xcc1800	12288	0x100	ok	raw	53501b03
EXLANG\disc0_rel\00b2b4b6.PDT	399	0xcc4800	22528	0x100	ok	raw	53501c03
EXLANG\disc0_rel\00b2b4b6.PDT	400	0xcca000	26624	0x100	ok	raw	53501d03
EXLANG\disc0_rel\00b2b4b6.PDT	401	0xcd0800	14336	0x100	ok	raw	53501e03
EXLANG\disc0_rel\00b2b4b6.PDT	402	0xcd4000	16384	0x100	ok	raw	53501f03
EXLANG\disc0_rel\00b2b4b6.PDT	403	0xcd8000	18432	0x100	ok	raw	53502003
EXLANG\disc0_rel\00b2b4b6.PDT	404	0xcdc800	26624	0x100	ok	raw	53502103
EXLANG\disc0_rel\00b2b4b6.PDT	405	0xce3000	32768	0x100	ok	raw	53502203
EXLANG\disc0_rel\00b2b4b6.PDT	406	0xceb000	28672	0x100	ok	raw	53502303
EXLANG\disc0_rel\00b2b4b6.PDT	407	0xcf2000	22528	0x100	ok	raw	53502403
EXLANG\disc0_rel\00b2b4b6.PDT	408	0xcf7800	34816	0x100	ok	raw	53507401
EXLANG\disc0_rel\00b2b4b6.PDT	409	0xd00000	43008	0x100	ok	raw	53507501
EXLANG\disc0_rel\00b2b4b6.PDT	410	0xd0a800	73728	0x100	ok	raw	53507601
EXLANG\disc0_rel\00b2b4b6.PDT	411	0xd1c800	90112	0x100	ok	raw	53507701
EXLANG\disc0_rel\00b2b4b6.PDT	412	0xd32800	65536	0x100	ok	raw	53507801
EXLANG\disc0_rel\00b2b4b6.PDT	413	0xd42800	81920	0x100	ok	raw	53507901
EXLANG\disc0_rel\00b2b4b6.PDT	414	0xd56800	57344	0x100	ok	raw	53507a01
EXLANG\disc0_rel\00b2b4b6.PDT	415	0xd64800	71680	0x100	ok	raw	53507b01
EXLANG\disc0_rel\00b2b4b6.PDT	416	0xd76000	67584	0x100	ok	raw	53507c01
EXLANG\disc0_rel\00b2b4b6.PDT	417	0xd86800	88064	0x100	ok	raw	53507d01
EXLANG\disc0_rel\00b2b4b6.PDT	418	0xd9c000	18432	0x100	ok	raw	53507e01
EXLANG\disc0_rel\00b2b4b6.PDT	419	0xda0800	16384	0x100	ok	raw	53507f01
EXLANG\disc0_rel\00b2b4b6.PDT	420	0xda4800	28672	0x100	ok	raw	53508001
EXLANG\disc0_rel\00b2b4b6.PDT	421	0xdab800	30720	0x100	ok	raw	53508101
EXLANG\disc0_rel\00b2b4b6.PDT	422	0xdb3000	28672	0x100	ok	raw	53508201
EXLANG\disc0_rel\00b2b4b6.PDT	423	0xdba000	30720	0x100	ok	raw	53508301
EXLANG\disc0_rel\00b2b4b6.PDT	424	0xdc1800	18432	0x100	ok	raw	53508401
EXLANG\disc0_rel\00b2b4b6.PDT	425	0xdc6000	49152	0x100	ok	raw	53508501
EXLANG\disc0_rel\00b2b4b6.PDT	426	0xdd2000	24576	0x100	ok	raw	53508601
EXLANG\disc0_rel\00b2b4b6.PDT	427	0xdd8000	34816	0x100	ok	raw	53508701
EXLANG\disc0_rel\00b2b4b6.PDT	428	0xde0800	40960	0x100	ok	raw	53508801
EXLANG\disc0_rel\00b2b4b6.PDT	429	0xdea800	28672	0x100	ok	raw	53508901
EXLANG\disc0_rel\00b2b4b6.PDT	430	0xdf1800	43008	0x100	ok	raw	53508a01
EXLANG\disc0_rel\00b2b4b6.PDT	431	0xdfc000	26624	0x100	ok	raw	53508b01
EXLANG\disc0_rel\00b2b4b6.PDT	432	0xe02800	22528	0x100	ok	raw	53508c01
EXLANG\disc0_rel\00b2b4b6.PDT	433	0xe08000	40960	0x100	ok	raw	53508d01
EXLANG\disc0_rel\00b2b4b6.PDT	434	0xe12000	28672	0x100	ok	raw	53508e01
EXLANG\disc0_rel\00b2b4b6.PDT	435	0xe19000	28672	0x100	ok	raw	53508f01
EXLANG\disc0_rel\00b2b4b6.PDT	436	0xe20000	36864	0x100	ok	raw	53509001
EXLANG\disc0_rel\00b2b4b6.PDT	437	0xe29000	34816	0x100	ok	raw	53509101
EXLANG\disc0_rel\00b2b4b6.PDT	438	0xe31800	32768	0x100	ok	raw	53509201
EXLANG\disc0_rel\00b2b4b6.PDT	439	0xe39800	38912	0x100	ok	raw	53509301
EXLANG\disc0_rel\00b2b4b6.PDT	440	0xe43000	57344	0x100	ok	raw	53509401
EXLANG\disc0_rel\00b2b4b6.PDT	441	0xe51000	43008	0x100	ok	raw	53509501
EXLANG\disc0_rel\00b2b4b6.PDT	442	0xe5b800	43008	0x100	ok	raw	53509601
EXLANG\disc0_rel\00b2b4b6.PDT	443	0xe66000	51200	0x100	ok	raw	53509701
EXLANG\disc0_rel\00b2b4b6.PDT	444	0xe72800	45056	0x100	ok	raw	53509801
EXLANG\disc0_rel\00b2b4b6.PDT	445	0xe7d800	32768	0x100	ok	raw	53509901
EXLANG\disc0_rel\00b2b4b6.PDT	446	0xe85800	40960	0x100	ok	raw	53509a01
EXLANG\disc0_rel\00b2b4b6.PDT	447	0xe8f800	45056	0x100	ok	raw	53509b01
EXLANG\disc0_rel\00b2b4b6.PDT	448	0xe9a800	38912	0x100	ok	raw	53509c01
EXLANG\disc0_rel\00b2b4b6.PDT	449	0xea4000	47104	0x100	ok	raw	53509d01
EXLANG\disc0_rel\00b2b4b6.PDT	450	0xeaf800	38912	0x100	ok	raw	53509e01
EXLANG\disc0_rel\00b2b4b6.PDT	451	0xeb9000	24576	0x100	ok	raw	53509f01
EXLANG\disc0_rel\00b2b4b6.PDT	452	0xebf000	30720	0x100	ok	raw	5350a001
EXLANG\disc0_rel\00b2b4b6.PDT	453	0xec6800	18432	0x100	ok	raw	5350a101
EXLANG\disc0_rel\00b2b4b6.PDT	454	0xecb000	47104	0x100	ok	raw	5350a201
EXLANG\disc0_rel\00b2b4b6.PDT	455	0xed6800	28672	0x100	ok	raw	5350a301
EXLANG\disc0_rel\00b2b4b6.PDT	456	0xedd800	20480	0x100	ok	raw	5350a401
EXLANG\disc0_rel\00b2b4b6.PDT	457	0xee2800	40960	0x100	ok	raw	5350a501
EXLANG\disc0_rel\00b2b4b6.PDT	458	0xeec800	49152	0x100	ok	raw	5350a601
EXLANG\disc0_rel\00b2b4b6.PDT	459	0xef8800	53248	0x100	ok	raw	5350a701
EXLANG\disc0_rel\00b2b4b6.PDT	460	0xf05800	32768	0x100	ok	raw	5350a801
EXLANG\disc0_rel\00b2b4b6.PDT	461	0xf0d800	47104	0x100	ok	raw	5350a901
EXLANG\disc0_rel\00b2b4b6.PDT	462	0xf19000	69632	0x100	ok	raw	5350aa01
EXLANG\disc0_rel\00b2b4b6.PDT	463	0xf2a000	32768	0x100	ok	raw	5350ab01
EXLANG\disc0_rel\00b2b4b6.PDT	464	0xf32000	26624	0x100	ok	raw	5350ac01
EXLANG\disc0_rel\00b2b4b6.PDT	465	0xf38800	30720	0x100	ok	raw	5350ad01
EXLANG\disc0_rel\00b2b4b6.PDT	466	0xf40000	28672	0x100	ok	raw	5350ae01
EXLANG\disc0_rel\00b2b4b6.PDT	467	0xf47000	30720	0x100	ok	raw	5350af01
EXLANG\disc0_rel\00b2b4b6.PDT	468	0xf4e800	51200	0x100	ok	raw	5350b001
EXLANG\disc0_rel\00b2b4b6.PDT	469	0xf5b000	51200	0x100	ok	raw	5350b101
EXLANG\disc0_rel\00b2b4b6.PDT	470	0xf67800	49152	0x100	ok	raw	5350b201
EXLANG\disc0_rel\00b2b4b6.PDT	471	0xf73800	40960	0x100	ok	raw	5350b301
EXLANG\disc0_rel\00b2b4b6.PDT	472	0xf7d800	69632	0x100	ok	raw	5350b401
EXLANG\disc0_rel\00b2b4b6.PDT	473	0xf8e800	69632	0x100	ok	raw	5350b501
EXLANG\disc0_rel\00b2b4b6.PDT	474	0xf9f800	51200	0x100	ok	raw	5350b601
EXLANG\disc0_rel\00b2b4b6.PDT	475	0xfac000	61440	0x100	ok	raw	5350b701
EXLANG\disc0_rel\00b2b4b6.PDT	476	0xfbb000	69632	0x100	ok	raw	5350b801
EXLANG\disc0_rel\00b2b4b6.PDT	477	0xfcc000	12288	0x100	ok	raw	5350b901
EXLANG\disc0_rel\00b2b4b6.PDT	478	0xfcf000	18432	0x100	ok	raw	5350ba01
EXLANG\disc0_rel\00b2b4b6.PDT	479	0xfd3800	16384	0x100	ok	raw	5350bb01
EXLANG\disc0_rel\00b2b4b6.PDT	480	0xfd7800	28672	0x100	ok	raw	5350bc01
EXLANG\disc0_rel\00b2b4b6.PDT	481	0xfde800	30720	0x100	ok	raw	5350bd01
EXLANG\disc0_rel\00b2b4b6.PDT	482	0xfe6000	36864	0x100	ok	raw	5350be01
EXLANG\disc0_rel\00b2b4b6.PDT	483	0xfef000	34816	0x100	ok	raw	5350bf01
EXLANG\disc0_rel\00b2b4b6.PDT	484	0xff7800	24576	0x100	ok	raw	5350c001
EXLANG\disc0_rel\00b2b4b6.PDT	485	0xffd800	24576	0x100	ok	raw	5350c101
EXLANG\disc0_rel\00b2b4b6.PDT	486	0x1003800	59392	0x100	ok	raw	5350c201
EXLANG\disc0_rel\00b2b4b6.PDT	487	0x1012000	73728	0x100	ok	raw	5350c301
EXLANG\disc0_rel\00b2b4b6.PDT	488	0x1024000	32768	0x100	ok	raw	5350c401
EXLANG\disc0_rel\00b2b4b6.PDT	489	0x102c000	47104	0x100	ok	raw	5350c501
EXLANG\disc0_rel\00b2b4b6.PDT	490	0x1037800	32768	0x100	ok	raw	5350c601
EXLANG\disc0_rel\00b2b4b6.PDT	491	0x103f800	28672	0x100	ok	raw	5350c701
EXLANG\disc0_rel\00b2b4b6.PDT	492	0x1046800	26624	0x100	ok	raw	5350c801
EXLANG\disc0_rel\00b2b4b6.PDT	493	0x104d000	36864	0x100	ok	raw	5350c901
EXLANG\disc0_rel\00b2b4b6.PDT	494	0x1056000	36864	0x100	ok	raw	5350ca01
EXLANG\disc0_rel\00b2b4b6.PDT	495	0x105f000	38912	0x100	ok	raw	5350cb01
EXLANG\disc0_rel\00b2b4b6.PDT	496	0x1068800	36864	0x100	ok	raw	5350cc01
EXLANG\disc0_rel\00b2b4b6.PDT	497	0x1071800	53248	0x100	ok	raw	5350cd01
EXLANG\disc0_rel\00b2b4b6.PDT	498	0x107e800	61440	0x100	ok	raw	5350ce01
EXLANG\disc0_rel\00b2b4b6.PDT	499	0x108d800	28672	0x100	ok	raw	5350cf01
EXLANG\disc0_rel\00b2b4b6.PDT	500	0x1094800	49152	0x100	ok	raw	5350d001
EXLANG\disc0_rel\00b2b4b6.PDT	501	0x10a0800	55296	0x100	ok	raw	5350d101
EXLANG\disc0_rel\00b2b4b6.PDT	502	0x10ae000	49152	0x100	ok	raw	5350d201
EXLANG\disc0_rel\00b2b4b6.PDT	503	0x10ba000	38912	0x100	ok	raw	5350d301
EXLANG\disc0_rel\00b2b4b6.PDT	504	0x10c3800	40960	0x100	ok	raw	5350d401
EXLANG\disc0_rel\00b2b4b6.PDT	505	0x10cd800	51200	0x100	ok	raw	5350d501
EXLANG\disc0_rel\00b2b4b6.PDT	506	0x10da000	36864	0x100	ok	raw	5350d601
EXLANG\disc0_rel\00b2b4b6.PDT	507	0x10e3000	40960	0x100	ok	raw	5350d701
EXLANG\disc0_rel\00b2b4b6.PDT	508	0x10ed000	26624	0x100	ok	raw	5350d801
EXLANG\disc0_rel\00b2b4b6.PDT	509	0x10f3800	49152	0x100	ok	raw	5350d901
EXLANG\disc0_rel\00b2b4b6.PDT	510	0x10ff800	22528	0x100	ok	raw	5350da01
EXLANG\disc0_rel\00b2b4b6.PDT	511	0x1105000	34816	0x100	ok	raw	5350db01
EXLANG\disc0_rel\00b2b4b6.PDT	512	0x110d800	26624	0x100	ok	raw	5350dc01
EXLANG\disc0_rel\00b2b4b6.PDT	513	0x1114000	32768	0x100	ok	raw	5350dd01
EXLANG\disc0_rel\00b2b4b6.PDT	514	0x111c000	49152	0x100	ok	raw	5350de01
EXLANG\disc0_rel\00b2b4b6.PDT	515	0x1128000	38912	0x100	ok	raw	5350df01
EXLANG\disc0_rel\00b2b4b6.PDT	516	0x1131800	18432	0x100	ok	raw	5350e001
EXLANG\disc0_rel\00b2b4b6.PDT	517	0x1136000	30720	0x100	ok	raw	5350e101
EXLANG\disc0_rel\00b2b4b6.PDT	518	0x113d800	34816	0x100	ok	raw	5350e201
EXLANG\disc0_rel\00b2b4b6.PDT	519	0x1146000	34816	0x100	ok	raw	5350e301
EXLANG\disc0_rel\00b2b4b6.PDT	520	0x114e800	38912	0x100	ok	raw	5350e401
EXLANG\disc0_rel\00b2b4b6.PDT	521	0x1158000	55296	0x100	ok	raw	5350e501
EXLANG\disc0_rel\00b2b4b6.PDT	522	0x1165800	47104	0x100	ok	raw	5350e601
EXLANG\disc0_rel\00b2b4b6.PDT	523	0x1171000	43008	0x100	ok	raw	5350e701
EXLANG\disc0_rel\00b2b4b6.PDT	524	0x117b800	51200	0x100	ok	raw	5350e801
EXLANG\disc0_rel\00b2b4b6.PDT	525	0x1188000	55296	0x100	ok	raw	5350e901
EXLANG\disc0_rel\00b2b4b6.PDT	526	0x1195800	26624	0x100	ok	raw	5350ea01
EXLANG\disc0_rel\00b2b4b6.PDT	527	0x119c000	34816	0x100	ok	raw	5350eb01
EXLANG\disc0_rel\00b2b4b6.PDT	528	0x11a4800	32768	0x100	ok	raw	5350ec01
EXLANG\disc0_rel\00b2b4b6.PDT	529	0x11ac800	34816	0x100	ok	raw	5350ed01
EXLANG\disc0_rel\00b2b4b6.PDT	530	0x11b5000	32768	0x100	ok	raw	5350ee01
EXLANG\disc0_rel\00b2b4b6.PDT	531	0x11bd000	26624	0x100	ok	raw	5350ef01
EXLANG\disc0_rel\00b2b4b6.PDT	532	0x11c3800	40960	0x100	ok	raw	5350f001
EXLANG\disc0_rel\00b2b4b6.PDT	533	0x11cd800	36864	0x100	ok	raw	5350f101
EXLANG\disc0_rel\00b2b4b6.PDT	534	0x11d6800	10240	0x100	ok	raw	5350f201
EXLANG\disc0_rel\00b2b4b6.PDT	535	0x11d9000	12288	0x100	ok	raw	5350f301
EXLANG\disc0_rel\00b2b4b6.PDT	536	0x11dc000	14336	0x100	ok	raw	5350f401
EXLANG\disc0_rel\00b2b4b6.PDT	537	0x11df800	10240	0x100	ok	raw	5350f501
EXLANG\disc0_rel\00b2b4b6.PDT	538	0x11e2000	20480	0x100	ok	raw	5350f601
EXLANG\disc0_rel\00b2b4b6.PDT	539	0x11e7000	14336	0x100	ok	raw	5350f701
EXLANG\disc0_rel\00b2b4b6.PDT	540	0x11ea800	20480	0x100	ok	raw	5350f801
EXLANG\disc0_rel\00b2b4b6.PDT	541	0x11ef800	6144	0x100	ok	raw	5350f901
EXLANG\disc0_rel\00b2b4b6.PDT	542	0x11f1000	6144	0x100	ok	raw	5350fa01
EXLANG\disc0_rel\00b2b4b6.PDT	543	0x11f2800	24576	0x100	ok	raw	5350fb01
EXLANG\disc0_rel\00b2b4b6.PDT	544	0x11f8800	38912	0x100	ok	raw	5350fc01
EXLANG\disc0_rel\00b2b4b6.PDT	545	0x1202000	22528	0x100	ok	raw	5350fd01
EXLANG\disc0_rel\00b2b4b6.PDT	546	0x1207800	26624	0x100	ok	raw	5350fe01
EXLANG\disc0_rel\00b2b4b6.PDT	547	0x120e000	26624	0x100	ok	raw	5350ff01
EXLANG\disc0_rel\00b2b4b6.PDT	548	0x1214800	32768	0x100	ok	raw	53500002
EXLANG\disc0_rel\00b2b4b6.PDT	549	0x121c800	26624	0x100	ok	raw	53500102
EXLANG\disc0_rel\00b2b4b6.PDT	550	0x1223000	6144	0x100	ok	raw	53500202
EXLANG\disc0_rel\00b2b4b6.PDT	551	0x1224800	22528	0x100	ok	raw	53500302
EXLANG\disc0_rel\00b2b4b6.PDT	552	0x122a000	14336	0x100	ok	raw	53500402
EXLANG\disc0_rel\00b2b4b6.PDT	553	0x122d800	16384	0x100	ok	raw	53500502
EXLANG\disc0_rel\00b2b4b6.PDT	554	0x1231800	6144	0x100	ok	raw	53500602
EXLANG\disc0_rel\00b2b4b6.PDT	555	0x1233000	6144	0x100	ok	raw	53500702
EXLANG\disc0_rel\00b2b4b6.PDT	556	0x1234800	6144	0x100	ok	raw	53500802
EXLANG\disc0_rel\00b2b4b6.PDT	557	0x1236000	6144	0x100	ok	raw	53500902
EXLANG\disc0_rel\00b2b4b6.PDT	558	0x1237800	6144	0x100	ok	raw	53500a02
EXLANG\disc0_rel\00b2b4b6.PDT	559	0x1239000	6144	0x100	ok	raw	53500b02
EXLANG\disc0_rel\00b2b4b6.PDT	560	0x123a800	6144	0x100	ok	raw	53500c02
EXLANG\disc0_rel\00b2b4b6.PDT	561	0x123c000	24576	0x100	ok	raw	53500d02
EXLANG\disc0_rel\00b2b4b6.PDT	562	0x1242000	45056	0x100	ok	raw	53500e02
EXLANG\disc0_rel\00b2b4b6.PDT	563	0x124d000	43008	0x100	ok	raw	53500f02
EXLANG\disc0_rel\00b2b4b6.PDT	564	0x1257800	20480	0x100	ok	raw	53501002
EXLANG\disc0_rel\00b2b4b6.PDT	565	0x125c800	28672	0x100	ok	raw	53501102
EXLANG\disc0_rel\00b2b4b6.PDT	566	0x1263800	22528	0x100	ok	raw	53501202
EXLANG\disc0_rel\00b2b4b6.PDT	567	0x1269000	36864	0x100	ok	raw	53501302
EXLANG\disc0_rel\00b2b4b6.PDT	568	0x1272000	30720	0x100	ok	raw	53501402
EXLANG\disc0_rel\00b2b4b6.PDT	569	0x1279800	34816	0x100	ok	raw	53501502
EXLANG\disc0_rel\00b2b4b6.PDT	570	0x1282000	53248	0x100	ok	raw	53501602
EXLANG\disc0_rel\00b2b4b6.PDT	571	0x128f000	86016	0x100	ok	raw	53501702
EXLANG\disc0_rel\00b2b4b6.PDT	572	0x12a4000	59392	0x100	ok	raw	53501802
EXLANG\disc0_rel\00b2b4b6.PDT	573	0x12b2800	75776	0x100	ok	raw	53501902
EXLANG\disc0_rel\00b2b4b6.PDT	574	0x12c5000	59392	0x100	ok	raw	53501a02
EXLANG\disc0_rel\00b2b4b6.PDT	575	0x12d3800	59392	0x100	ok	raw	53501b02
EXLANG\disc0_rel\00b2b4b6.PDT	576	0x12e2000	28672	0x100	ok	raw	53501c02
EXLANG\disc0_rel\00b2b4b6.PDT	577	0x12e9000	36864	0x100	ok	raw	53501d02
EXLANG\disc0_rel\00b2b4b6.PDT	578	0x12f2000	38912	0x100	ok	raw	53501e02
EXLANG\disc0_rel\00b2b4b6.PDT	579	0x12fb800	24576	0x100	ok	raw	53501f02
EXLANG\disc0_rel\00b2b4b6.PDT	580	0x1301800	24576	0x100	ok	raw	53502002
EXLANG\disc0_rel\00b2b4b6.PDT	581	0x1307800	24576	0x100	ok	raw	53502102
EXLANG\disc0_rel\00b2b4b6.PDT	582	0x130d800	16384	0x100	ok	raw	53502202
EXLANG\disc0_rel\00b2b4b6.PDT	583	0x1311800	14336	0x100	ok	raw	53502302
EXLANG\disc0_rel\00b2b4b6.PDT	584	0x1315000	36864	0x100	ok	raw	53502402
EXLANG\disc0_rel\00b2b4b6.PDT	585	0x131e000	38912	0x100	ok	raw	53502502
EXLANG\disc0_rel\00b2b4b6.PDT	586	0x1327800	24576	0x100	ok	raw	53502602
EXLANG\disc0_rel\00b2b4b6.PDT	587	0x132d800	22528	0x100	ok	raw	53502702
EXLANG\disc0_rel\00b2b4b6.PDT	588	0x1333000	12288	0x100	ok	raw	53502802
EXLANG\disc0_rel\00b2b4b6.PDT	589	0x1336000	18432	0x100	ok	raw	53502902
EXLANG\disc0_rel\00b2b4b6.PDT	590	0x133a800	22528	0x100	ok	raw	53502a02
EXLANG\disc0_rel\00b2b4b6.PDT	591	0x1340000	14336	0x100	ok	raw	53502b02
EXLANG\disc0_rel\00b2b4b6.PDT	592	0x1343800	22528	0x100	ok	raw	53502c02
EXLANG\disc0_rel\00b2b4b6.PDT	593	0x1349000	32768	0x100	ok	raw	53502d02
EXLANG\disc0_rel\00b2b4b6.PDT	594	0x1351000	20480	0x100	ok	raw	53502e02
EXLANG\disc0_rel\00b2b4b6.PDT	595	0x1356000	26624	0x100	ok	raw	53502f02
EXLANG\disc0_rel\00b2b4b6.PDT	596	0x135c800	34816	0x100	ok	raw	53503002
EXLANG\disc0_rel\00b2b4b6.PDT	597	0x1365000	57344	0x100	ok	raw	53503102
EXLANG\disc0_rel\00b2b4b6.PDT	598	0x1373000	43008	0x100	ok	raw	53503202
EXLANG\disc0_rel\00b2b4b6.PDT	599	0x137d800	20480	0x100	ok	raw	53503302
EXLANG\disc0_rel\00b2b4b6.PDT	600	0x1382800	49152	0x100	ok	raw	53503402
EXLANG\disc0_rel\00b2b4b6.PDT	601	0x138e800	26624	0x100	ok	raw	53503502
EXLANG\disc0_rel\00b2b4b6.PDT	602	0x1395000	51200	0x100	ok	raw	53503602
EXLANG\disc0_rel\00b2b4b6.PDT	603	0x13a1800	22528	0x100	ok	raw	53503702
EXLANG\disc0_rel\00b2b4b6.PDT	604	0x13a7000	22528	0x100	ok	raw	53503802
EXLANG\disc0_rel\00b2b4b6.PDT	605	0x13ac800	38912	0x100	ok	raw	53503902
EXLANG\disc0_rel\00b2b4b6.PDT	606	0x13b6000	32768	0x100	ok	raw	53503a02
EXLANG\disc0_rel\00b2b4b6.PDT	607	0x13be000	26624	0x100	ok	raw	53503b02
EXLANG\disc0_rel\00b2b4b6.PDT	608	0x13c4800	24576	0x100	ok	raw	53503c02
EXLANG\disc0_rel\00b2b4b6.PDT	609	0x13ca800	36864	0x100	ok	raw	53503d02
EXLANG\disc0_rel\00b2b4b6.PDT	610	0x13d3800	34816	0x100	ok	raw	53503e02
EXLANG\disc0_rel\00b2b4b6.PDT	611	0x13dc000	38912	0x100	ok	raw	53503f02
EXLANG\disc0_rel\00b2b4b6.PDT	612	0x13e5800	51200	0x100	ok	raw	53504002
EXLANG\disc0_rel\00b2b4b6.PDT	613	0x13f2000	55296	0x100	ok	raw	53504102
EXLANG\disc0_rel\00b2b4b6.PDT	614	0x13ff800	34816	0x100	ok	raw	53504202
EXLANG\disc0_rel\00b2b4b6.PDT	615	0x1408000	22528	0x100	ok	raw	53504302
EXLANG\disc0_rel\00b2b4b6.PDT	616	0x140d800	26624	0x100	ok	raw	53504402
EXLANG\disc0_rel\00b2b4b6.PDT	617	0x1414000	40960	0x100	ok	raw	53504502
EXLANG\disc0_rel\00b2b4b6.PDT	618	0x141e000	49152	0x100	ok	raw	53504602
EXLANG\disc0_rel\00b2b4b6.PDT	619	0x142a000	32768	0x100	ok	raw	53504702
EXLANG\disc0_rel\00b2b4b6.PDT	620	0x1432000	38912	0x100	ok	raw	53504802
EXLANG\disc0_rel\00b2b4b6.PDT	621	0x143b800	20480	0x100	ok	raw	53504902
EXLANG\disc0_rel\00b2b4b6.PDT	622	0x1440800	40960	0x100	ok	raw	53504a02
EXLANG\disc0_rel\00b2b4b6.PDT	623	0x144a800	40960	0x100	ok	raw	53504b02
EXLANG\disc0_rel\00b2b4b6.PDT	624	0x1454800	43008	0x100	ok	raw	53504c02
EXLANG\disc0_rel\00b2b4b6.PDT	625	0x145f000	43008	0x100	ok	raw	53504d02
EXLANG\disc0_rel\00b2b4b6.PDT	626	0x1469800	24576	0x100	ok	raw	53504e02
EXLANG\disc0_rel\00b2b4b6.PDT	627	0x146f800	38912	0x100	ok	raw	53504f02
EXLANG\disc0_rel\00b2b4b6.PDT	628	0x1479000	36864	0x100	ok	raw	53505002
EXLANG\disc0_rel\00b2b4b6.PDT	629	0x1482000	36864	0x100	ok	raw	53505102
EXLANG\disc0_rel\00b2b4b6.PDT	630	0x148b000	20480	0x100	ok	raw	53505202
EXLANG\disc0_rel\00b2b4b6.PDT	631	0x1490000	20480	0x100	ok	raw	53502503
EXLANG\disc0_rel\00b2b4b6.PDT	632	0x1495000	30720	0x100	ok	raw	53502603
EXLANG\disc0_rel\00b2b4b6.PDT	633	0x149c800	45056	0x100	ok	raw	53502803
EXLANG\disc0_rel\00b2b4b6.PDT	634	0x14a7800	34816	0x100	ok	raw	53502903
EXLANG\disc0_rel\00b2b4b6.PDT	635	0x14b0000	28672	0x100	ok	raw	53502a03
EXLANG\disc0_rel\00b2b4b6.PDT	636	0x14b7000	38912	0x100	ok	raw	53502b03
EXLANG\disc0_rel\00b2b4b6.PDT	637	0x14c0800	26624	0x100	ok	raw	53502c03
EXLANG\disc0_rel\00b2b4b6.PDT	638	0x14c7000	22528	0x100	ok	raw	53502d03
EXLANG\disc0_rel\00b2b4b6.PDT	639	0x14cc800	36864	0x100	ok	raw	53502e03
EXLANG\disc0_rel\00b2b4b6.PDT	640	0x14d5800	28672	0x100	ok	raw	53502f03
EXLANG\disc0_rel\00b2b4b6.PDT	641	0x14dc800	43008	0x100	ok	raw	53503003
EXLANG\disc0_rel\00b2b4b6.PDT	642	0x14e7000	24576	0x100	ok	raw	53503103
EXLANG\disc0_rel\00b2b4b6.PDT	643	0x14ed000	24576	0x100	ok	raw	53502703
EXLANG\disc0_rel\00b2b4b6.PDT	644	0x14f3000	28672	0x100	ok	raw	53503203
EXLANG\disc0_rel\00b2b4b6.PDT	645	0x14fa000	32768	0x100	ok	raw	53503303
EXLANG\disc0_rel\00b2b4b6.PDT	646	0x1502000	16384	0x100	ok	raw	53503403
EXLANG\disc0_rel\00b2b4b6.PDT	647	0x1506000	30720	0x100	ok	raw	53503503
EXLANG\disc0_rel\00b2b4b6.PDT	648	0x150d800	20480	0x100	ok	raw	53503603
EXLANG\disc0_rel\00b2b4b6.PDT	649	0x1512800	22528	0x100	ok	raw	53503703
EXLANG\disc0_rel\00b2b4b6.PDT	650	0x1518000	24576	0x100	ok	raw	53503803
EXLANG\disc0_rel\00b2b4b6.PDT	651	0x151e000	14336	0x100	ok	raw	53503903
EXLANG\disc0_rel\00b2b4b6.PDT	652	0x1521800	20480	0x100	ok	raw	53503a03
EXLANG\disc0_rel\00b2b4b6.PDT	653	0x1526800	28672	0x100	ok	raw	53503b03
EXLANG\disc0_rel\00b2b4b6.PDT	654	0x152d800	18432	0x100	ok	raw	53503c03
EXLANG\disc0_rel\00b2b4b6.PDT	655	0x1532000	34816	0x100	ok	raw	53503d03
EXLANG\disc0_rel\00b2b4b6.PDT	656	0x153a800	32768	0x100	ok	raw	53503e03
EXLANG\disc0_rel\00b2b4b6.PDT	657	0x1542800	61440	0x100	ok	raw	53503f03
EXLANG\disc0_rel\00b2b4b6.PDT	658	0x1551800	30720	0x100	ok	raw	53504003
EXLANG\disc0_rel\00b2b4b6.PDT	659	0x1559000	43008	0x100	ok	raw	53504103
EXLANG\disc0_rel\00b2b4b6.PDT	660	0x1563800	26624	0x100	ok	raw	53504203
EXLANG\disc0_rel\00b2b4b6.PDT	661	0x156a000	43008	0x100	ok	raw	53504303
EXLANG\disc0_rel\00b2b4b6.PDT	662	0x1574800	28672	0x100	ok	raw	53504403
EXLANG\disc0_rel\00b2b4b6.PDT	663	0x157b800	32768	0x100	ok	raw	53504503
EXLANG\disc0_rel\00b2b4b6.PDT	664	0x1583800	18432	0x100	ok	raw	53504603
EXLANG\disc0_rel\00b2b4b6.PDT	665	0x1588000	49152	0x100	ok	raw	53504703
EXLANG\disc0_rel\00b2b4b6.PDT	666	0x1594000	26624	0x100	ok	raw	53504803
EXLANG\disc0_rel\00b2b4b6.PDT	667	0x159a800	20480	0x100	ok	raw	53504903
EXLANG\disc0_rel\00b2b4b6.PDT	668	0x159f800	28672	0x100	ok	raw	53504a03
EXLANG\disc0_rel\00b2b4b6.PDT	669	0x15a6800	28672	0x100	ok	raw	53504b03
EXLANG\disc0_rel\00b2b4b6.PDT	670	0x15ad800	26624	0x100	ok	raw	53504c03
EXLANG\disc0_rel\00b2b4b6.PDT	671	0x15b4000	32768	0x100	ok	raw	53504d03
EXLANG\disc0_rel\00b2b4b6.PDT	672	0x15bc000	45056	0x100	ok	raw	53504e03
EXLANG\disc0_rel\00b2b4b6.PDT	673	0x15c7000	16384	0x100	ok	raw	53504f03
EXLANG\disc0_rel\00b2b4b6.PDT	674	0x15cb000	45056	0x100	ok	raw	53505003
EXLANG\disc0_rel\00b2b4b6.PDT	675	0x15d6000	34816	0x100	ok	raw	53505103
EXLANG\disc0_rel\00b2b4b6.PDT	676	0x15de800	16384	0x100	ok	raw	53505203
EXLANG\disc0_rel\00b2b4b6.PDT	677	0x15e2800	26624	0x100	ok	raw	53505303
EXLANG\disc0_rel\00b2b4b6.PDT	678	0x15e9000	22528	0x100	ok	raw	53505403
EXLANG\disc0_rel\00b2b4b6.PDT	679	0x15ee800	30720	0x100	ok	raw	53505503
EXLANG\disc0_rel\00b2b4b6.PDT	680	0x15f6000	28672	0x100	ok	raw	53505603
EXLANG\disc0_rel\00b2b4b6.PDT	681	0x15fd000	30720	0x100	ok	raw	53505703
EXLANG\disc0_rel\00b2b4b6.PDT	682	0x1604800	32768	0x100	ok	raw	53505803
EXLANG\disc0_rel\00b2b4b6.PDT	683	0x160c800	20480	0x100	ok	raw	53505903
EXLANG\disc0_rel\00b2b4b6.PDT	684	0x1611800	16384	0x100	ok	raw	53505b03
EXLANG\disc0_rel\00b2b4b6.PDT	685	0x1615800	24576	0x100	ok	raw	53505c03
EXLANG\disc0_rel\00b2b4b6.PDT	686	0x161b800	28672	0x100	ok	raw	53505d03
EXLANG\disc0_rel\00b2b4b6.PDT	687	0x1622800	8192	0x100	ok	raw	53505e03
EXLANG\disc0_rel\00b2b4b6.PDT	688	0x1624800	18432	0x100	ok	raw	53505f03
EXLANG\disc0_rel\00b2b4b6.PDT	689	0x1629000	49152	0x100	ok	raw	53506003
EXLANG\disc0_rel\00b2b4b6.PDT	690	0x1635000	34816	0x100	ok	raw	53506103
EXLANG\disc0_rel\00b2b4b6.PDT	691	0x163d800	49152	0x100	ok	raw	53506203
EXLANG\disc0_rel\00b2b4b6.PDT	692	0x1649800	40960	0x100	ok	raw	53506303
EXLANG\disc0_rel\00b2b4b6.PDT	693	0x1653800	40960	0x100	ok	raw	53506403
EXLANG\disc0_rel\00b2b4b6.PDT	694	0x165d800	43008	0x100	ok	raw	53506503
EXLANG\disc0_rel\00b2b4b6.PDT	695	0x1668000	77824	0x100	ok	raw	53506603
EXLANG\disc0_rel\00b2b4b6.PDT	696	0x167b000	53248	0x100	ok	raw	53506703
EXLANG\disc0_rel\00b2b4b6.PDT	697	0x1688000	18432	0x100	ok	raw	53506803
EXLANG\disc0_rel\00b2b4b6.PDT	698	0x168c800	38912	0x100	ok	raw	53506903
EXLANG\disc0_rel\00b2b4b6.PDT	699	0x1696000	45056	0x100	ok	raw	53506a03
EXLANG\disc0_rel\00b2b4b6.PDT	700	0x16a1000	59392	0x100	ok	raw	53506b03
EXLANG\disc0_rel\00b2b4b6.PDT	701	0x16af800	38912	0x100	ok	raw	53506c03
EXLANG\disc0_rel\00b2b4b6.PDT	702	0x16b9000	14336	0x100	ok	raw	5350c503
EXLANG\disc0_rel\00b2b4b6.PDT	703	0x16bc800	108544	0x100	ok	raw	5350c603
EXLANG\disc0_rel\00b2b4b6.PDT	704	0x16d7000	6144	0x100	ok	raw	5350c703
EXLANG\disc0_rel\00b2b4b6.PDT	705	0x16d8800	20480	0x100	ok	raw	5350c803
EXLANG\disc0_rel\00b2b4b6.PDT	706	0x16dd800	24576	0x100	ok	raw	5350c903
EXLANG\disc0_rel\00b2b4b6.PDT	707	0x16e3800	26624	0x100	ok	raw	5350ca03
EXLANG\disc0_rel\00b2b4b6.PDT	708	0x16ea000	26624	0x100	ok	raw	5350cb03
EXLANG\disc0_rel\00b2b4b6.PDT	709	0x16f0800	32768	0x100	ok	raw	5350cc03
EXLANG\disc0_rel\00b2b4b6.PDT	710	0x16f8800	38912	0x100	ok	raw	5350cd03
EXLANG\disc0_rel\00b2b4b6.PDT	711	0x1702000	26624	0x100	ok	raw	5350ce03
EXLANG\disc0_rel\00b2b4b6.PDT	712	0x1708800	22528	0x100	ok	raw	5350cf03
EXLANG\disc0_rel\00b2b4b6.PDT	713	0x170e000	26624	0x100	ok	raw	5350d003
EXLANG\disc0_rel\00b2b4b6.PDT	714	0x1714800	32768	0x100	ok	raw	5350d103
EXLANG\disc0_rel\00b2b4b6.PDT	715	0x171c800	24576	0x100	ok	raw	5350d203
EXLANG\disc0_rel\00b2b4b6.PDT	716	0x1722800	30720	0x100	ok	raw	5350d303
EXLANG\disc0_rel\00b2b4b6.PDT	717	0x172a000	55296	0x100	ok	raw	5350d403
EXLANG\disc0_rel\00b2b4b6.PDT	718	0x1737800	32768	0x100	ok	raw	5350d503
EXLANG\disc0_rel\00b2b4b6.PDT	719	0x173f800	32768	0x100	ok	raw	5350d603
EXLANG\disc0_rel\00b2b4b6.PDT	720	0x1747800	34816	0x100	ok	raw	5350d703
EXLANG\disc0_rel\00b2b4b6.PDT	721	0x1750000	36864	0x100	ok	raw	5350d803
EXLANG\disc0_rel\00b2b4b6.PDT	722	0x1759000	30720	0x100	ok	raw	5350d903
EXLANG\disc0_rel\00b2b4b6.PDT	723	0x1760800	38912	0x100	ok	raw	5350da03
EXLANG\disc0_rel\00b2b4b6.PDT	724	0x176a000	34816	0x100	ok	raw	5350db03
EXLANG\disc0_rel\00b2b4b6.PDT	725	0x1772800	38912	0x100	ok	raw	5350dc03
EXLANG\disc0_rel\00b2b4b6.PDT	726	0x177c000	55296	0x100	ok	raw	5350dd03
EXLANG\disc0_rel\00b2b4b6.PDT	727	0x1789800	30720	0x100	ok	raw	5350de03
EXLANG\disc0_rel\00b2b4b6.PDT	728	0x1791000	55296	0x100	ok	raw	5350df03
EXLANG\disc0_rel\00b2b4b6.PDT	729	0x179e800	36864	0x100	ok	raw	5350e003
EXLANG\disc0_rel\00b2b4b6.PDT	730	0x17a7800	18432	0x100	ok	raw	5350e103
EXLANG\disc0_rel\00b2b4b6.PDT	731	0x17ac000	61440	0x100	ok	raw	5350e203
EXLANG\disc0_rel\00b2b4b6.PDT	732	0x17bb000	6144	0x100	ok	raw	5350e303
EXLANG\disc0_rel\00b2b4b6.PDT	733	0x17bc800	47104	0x100	ok	raw	5350e403
EXLANG\disc0_rel\00b2b4b6.PDT	734	0x17c8000	40960	0x100	ok	raw	5350e503
EXLANG\disc0_rel\00b2b4b6.PDT	735	0x17d2000	26624	0x100	ok	raw	5350e603
EXLANG\disc0_rel\00b2b4b6.PDT	736	0x17d8800	67584	0x100	ok	raw	5350e703
EXLANG\disc0_rel\00b2b4b6.PDT	737	0x17e9000	22528	0x100	ok	raw	5350e803
EXLANG\disc0_rel\00b2b4b6.PDT	738	0x17ee800	22528	0x100	ok	raw	5350e903
EXLANG\disc0_rel\00b2b4b6.PDT	739	0x17f4000	63488	0x100	ok	raw	5350ea03
EXLANG\disc0_rel\00b2b4b6.PDT	740	0x1803800	51200	0x100	ok	raw	5350eb03
EXLANG\disc0_rel\00b2b4b6.PDT	741	0x1810000	59392	0x100	ok	raw	5350ec03
EXLANG\disc0_rel\00b2b4b6.PDT	742	0x181e800	34816	0x100	ok	raw	5350ed03
EXLANG\disc0_rel\00b2b4b6.PDT	743	0x1827000	65536	0x100	ok	raw	5350ee03
EXLANG\disc0_rel\00b2b4b6.PDT	744	0x1837000	43008	0x100	ok	raw	5350ef03
EXLANG\disc0_rel\00b2b4b6.PDT	745	0x1841800	24576	0x100	ok	raw	5350f003
EXLANG\disc0_rel\00b2b4b6.PDT	746	0x1847800	36864	0x100	ok	raw	5350f103
EXLANG\disc0_rel\00b2b4b6.PDT	747	0x1850800	71680	0x100	ok	raw	5350f203
EXLANG\disc0_rel\00b2b4b6.PDT	748	0x1862000	49152	0x100	ok	raw	5350f303
EXLANG\disc0_rel\00b2b4b6.PDT	749	0x186e000	43008	0x100	ok	raw	5350f403
EXLANG\disc0_rel\00b2b4b6.PDT	750	0x1878800	47104	0x100	ok	raw	5350f503
EXLANG\disc0_rel\00b2b4b6.PDT	751	0x1884000	40960	0x100	ok	raw	5350f603
EXLANG\disc0_rel\00b2b4b6.PDT	752	0x188e000	6144	0x100	ok	raw	5350f703
EXLANG\disc0_rel\00b2b4b6.PDT	753	0x188f800	73728	0x100	ok	raw	5350f803
EXLANG\disc0_rel\00b2b4b6.PDT	754	0x18a1800	6144	0x100	ok	raw	5350f903
EXLANG\disc0_rel\00b2b4b6.PDT	755	0x18a3000	6144	0x100	ok	raw	5350fa03
EXLANG\disc0_rel\00b2b4b6.PDT	756	0x18a4800	24576	0x100	ok	raw	5350fb03
EXLANG\disc0_rel\00b2b4b6.PDT	757	0x18aa800	28672	0x100	ok	raw	5350fc03
EXLANG\disc0_rel\00b2b4b6.PDT	758	0x18b1800	20480	0x100	ok	raw	5350fd03
EXLANG\disc0_rel\00b2b4b6.PDT	759	0x18b6800	28672	0x100	ok	raw	5350fe03
EXLANG\disc0_rel\00b2b4b6.PDT	760	0x18bd800	4096	0x100	ok	raw	5350ff03
EXLANG\disc0_rel\00b2b4b6.PDT	761	0x18be800	22528	0x100	ok	raw	53500004
EXLANG\disc0_rel\00b2b4b6.PDT	762	0x18c4000	30720	0x100	ok	raw	53500104
EXLANG\disc0_rel\00b2b4b6.PDT	763	0x18cb800	38912	0x100	ok	raw	53500204
EXLANG\disc0_rel\00b2b4b6.PDT	764	0x18d5000	36864	0x100	ok	raw	53500304
EXLANG\disc0_rel\00b2b4b6.PDT	765	0x18de000	40960	0x100	ok	raw	53500404
EXLANG\disc0_rel\00b2b4b6.PDT	766	0x18e8000	63488	0x100	ok	raw	53500504
EXLANG\disc0_rel\00b2b4b6.PDT	767	0x18f7800	24576	0x100	ok	raw	53500604
EXLANG\disc0_rel\00b2b4b6.PDT	768	0x18fd800	24576	0x100	ok	raw	53500704
EXLANG\disc0_rel\00b2b4b6.PDT	769	0x1903800	24576	0x100	ok	raw	53500804
EXLANG\disc0_rel\00b2b4b6.PDT	770	0x1909800	43008	0x100	ok	raw	53500904
EXLANG\disc0_rel\00b2b4b6.PDT	771	0x1914000	40960	0x100	ok	raw	53500a04
EXLANG\disc0_rel\00b2b4b6.PDT	772	0x191e000	16384	0x100	ok	raw	53500b04
EXLANG\disc0_rel\00b2b4b6.PDT	773	0x1922000	26624	0x100	ok	raw	53500c04
EXLANG\disc0_rel\00b2b4b6.PDT	774	0x1928800	20480	0x100	ok	raw	53500d04
EXLANG\disc0_rel\00b2b4b6.PDT	775	0x192d800	26624	0x100	ok	raw	53500e04
EXLANG\disc0_rel\00b2b4b6.PDT	776	0x1934000	49152	0x100	ok	raw	53500f04
EXLANG\disc0_rel\00b2b4b6.PDT	777	0x1940000	34816	0x100	ok	raw	53501004
EXLANG\disc0_rel\00b2b4b6.PDT	778	0x1948800	38912	0x100	ok	raw	53501104
EXLANG\disc0_rel\00b2b4b6.PDT	779	0x1952000	30720	0x100	ok	raw	53501204
EXLANG\disc0_rel\00b2b4b6.PDT	780	0x1959800	59392	0x100	ok	raw	53501304
EXLANG\disc0_rel\00b2b4b6.PDT	781	0x1968000	28672	0x100	ok	raw	53501404
EXLANG\disc0_rel\00b2b4b6.PDT	782	0x196f000	59392	0x100	ok	raw	53501504
EXLANG\disc0_rel\00b2b4b6.PDT	783	0x197d800	22528	0x100	ok	raw	53501604
EXLANG\disc0_rel\00b2b4b6.PDT	784	0x1983000	26624	0x100	ok	raw	53501704
EXLANG\disc0_rel\00b2b4b6.PDT	785	0x1989800	55296	0x100	ok	raw	53501804
EXLANG\disc0_rel\00b2b4b6.PDT	786	0x1997000	24576	0x100	ok	raw	53501904
EXLANG\disc0_rel\00b2b4b6.PDT	787	0x199d000	26624	0x100	ok	raw	53501a04
EXLANG\disc0_rel\00b2b4b6.PDT	788	0x19a3800	38912	0x100	ok	raw	53501b04
EXLANG\disc0_rel\00b2b4b6.PDT	789	0x19ad000	20480	0x100	ok	raw	53501c04
EXLANG\disc0_rel\00b2b4b6.PDT	790	0x19b2000	28672	0x100	ok	raw	53502704
EXLANG\disc0_rel\00b2b4b6.PDT	791	0x19b9000	32768	0x100	ok	raw	53502804
EXLANG\disc0_rel\00b2b4b6.PDT	792	0x19c1000	6144	0x100	ok	raw	53502904
EXLANG\disc0_rel\00b2b4b6.PDT	793	0x19c2800	6144	0x100	ok	raw	53502a04
EXLANG\disc0_rel\00b2b4b6.PDT	794	0x19c4000	34816	0x100	ok	raw	53502b04
EXLANG\disc0_rel\00b2b4b6.PDT	795	0x19cc800	20480	0x100	ok	raw	53502c04
EXLANG\disc0_rel\00b2b4b6.PDT	796	0x19d1800	32768	0x100	ok	raw	53502d04
EXLANG\disc0_rel\00b2b4b6.PDT	797	0x19d9800	36864	0x100	ok	raw	53502e04
EXLANG\disc0_rel\00b2b4b6.PDT	798	0x19e2800	6144	0x100	ok	raw	53502f04
EXLANG\disc0_rel\00b2b4b6.PDT	799	0x19e4000	45056	0x100	ok	raw	53503004
EXLANG\disc0_rel\00b2b4b6.PDT	800	0x19ef000	36864	0x100	ok	raw	53503104
EXLANG\disc0_rel\00b2b4b6.PDT	801	0x19f8000	22528	0x100	ok	raw	53503204
EXLANG\disc0_rel\00b2b4b6.PDT	802	0x19fd800	22528	0x100	ok	raw	53503304
EXLANG\disc0_rel\00b2b4b6.PDT	803	0x1a03000	24576	0x100	ok	raw	53503404
EXLANG\disc0_rel\00b2b4b6.PDT	804	0x1a09000	30720	0x100	ok	raw	53503504
EXLANG\disc0_rel\00b2b4b6.PDT	805	0x1a10800	28672	0x100	ok	raw	53503604
EXLANG\disc0_rel\00b2b4b6.PDT	806	0x1a17800	26624	0x100	ok	raw	53503704
EXLANG\disc0_rel\00b2b4b6.PDT	807	0x1a1e000	32768	0x100	ok	raw	53503804
EXLANG\disc0_rel\00b2b4b6.PDT	808	0x1a26000	20480	0x100	ok	raw	53503904
EXLANG\disc0_rel\00b2b4b6.PDT	809	0x1a2b000	38912	0x100	ok	raw	53503a04
EXLANG\disc0_rel\00b2b4b6.PDT	810	0x1a34800	34816	0x100	ok	raw	53503b04
EXLANG\disc0_rel\00b2b4b6.PDT	811	0x1a3d000	53248	0x100	ok	raw	53503c04
EXLANG\disc0_rel\00b2b4b6.PDT	812	0x1a4a000	69632	0x100	ok	raw	53503d04
EXLANG\disc0_rel\00b2b4b6.PDT	813	0x1a5b000	18432	0x100	ok	raw	53503f04
EXLANG\disc0_rel\00b2b4b6.PDT	814	0x1a5f800	28672	0x100	ok	raw	53504004
EXLANG\disc0_rel\00b2b4b6.PDT	815	0x1a66800	20480	0x100	ok	raw	53504104
EXLANG\disc0_rel\00b2b4b6.PDT	816	0x1a6b800	28672	0x100	ok	raw	53504204
EXLANG\disc0_rel\00b2b4b6.PDT	817	0x1a72800	32768	0x100	ok	raw	53504304
EXLANG\disc0_rel\00b2b4b6.PDT	818	0x1a7a800	26624	0x100	ok	raw	53504404
EXLANG\disc0_rel\00b2b4b6.PDT	819	0x1a81000	34816	0x100	ok	raw	53504504
EXLANG\disc0_rel\00b2b4b6.PDT	820	0x1a89800	30720	0x100	ok	raw	53504604
EXLANG\disc0_rel\00b2b4b6.PDT	821	0x1a91000	30720	0x100	ok	raw	53504704
EXLANG\disc0_rel\00b2b4b6.PDT	822	0x1a98800	40960	0x100	ok	raw	53504804
EXLANG\disc0_rel\00b2b4b6.PDT	823	0x1aa2800	18432	0x100	ok	raw	53504904
EXLANG\disc0_rel\00b2b4b6.PDT	824	0x1aa7000	26624	0x100	ok	raw	53504a04
EXLANG\disc0_rel\00b2b4b6.PDT	825	0x1aad800	26624	0x100	ok	raw	53504b04
EXLANG\disc0_rel\00b2b4b6.PDT	826	0x1ab4000	22528	0x100	ok	raw	53504c04
EXLANG\disc0_rel\00b2b4b6.PDT	827	0x1ab9800	32768	0x100	ok	raw	53504d04
EXLANG\disc0_rel\00b2b4b6.PDT	828	0x1ac1800	26624	0x100	ok	raw	53504e04
EXLANG\disc0_rel\00b2b4b6.PDT	829	0x1ac8000	34816	0x100	ok	raw	53504f04
EXLANG\disc0_rel\00b2b4b6.PDT	830	0x1ad0800	49152	0x100	ok	raw	53505004
EXLANG\disc0_rel\00b2b4b6.PDT	831	0x1adc800	34816	0x100	ok	raw	53505104
EXLANG\disc0_rel\00b2b4b6.PDT	832	0x1ae5000	24576	0x100	ok	raw	53505204
EXLANG\disc0_rel\00b2b4b6.PDT	833	0x1aeb000	40960	0x100	ok	raw	53505304
EXLANG\disc0_rel\00b2b4b6.PDT	834	0x1af5000	38912	0x100	ok	raw	53505804
EXLANG\disc0_rel\00b2b4b6.PDT	835	0x1afe800	38912	0x100	ok	raw	53506104
EXLANG\disc0_rel\00b2b4b6.PDT	836	0x1b08000	43008	0x100	ok	raw	53506204
EXLANG\disc0_rel\00b2b4b6.PDT	837	0x1b12800	28672	0x100	ok	raw	53506304
EXLANG\disc0_rel\00b2b4b6.PDT	838	0x1b19800	34816	0x100	ok	raw	53506404
EXLANG\disc0_rel\00b2b4b6.PDT	839	0x1b22000	32768	0x100	ok	raw	53506504
EXLANG\disc0_rel\00b2b4b6.PDT	840	0x1b2a000	34816	0x100	ok	raw	53506604
EXLANG\disc0_rel\00b2b4b6.PDT	841	0x1b32800	34816	0x100	ok	raw	53506704
EXLANG\disc0_rel\00b2b4b6.PDT	842	0x1b3b000	28672	0x100	ok	raw	53506804
EXLANG\disc0_rel\00b2b4b6.PDT	843	0x1b42000	32768	0x100	ok	raw	53506904
EXLANG\disc0_rel\00b2b4b6.PDT	844	0x1b4a000	45056	0x100	ok	raw	53506a04
EXLANG\disc0_rel\00b2b4b6.PDT	845	0x1b55000	20480	0x100	ok	raw	53506b04
EXLANG\disc0_rel\00b2b4b6.PDT	846	0x1b5a000	32768	0x100	ok	raw	53506c04
EXLANG\disc0_rel\00b2b4b6.PDT	847	0x1b62000	32768	0x100	ok	raw	53506d04
EXLANG\disc0_rel\00b2b4b6.PDT	848	0x1b6a000	18432	0x100	ok	raw	53506e04
EXLANG\disc0_rel\00b2b4b6.PDT	849	0x1b6e800	28672	0x100	ok	raw	53507404
EXLANG\disc0_rel\00b2b4b6.PDT	850	0x1b75800	34816	0x100	ok	raw	53507504
EXLANG\disc0_rel\00b2b4b6.PDT	851	0x1b7e000	57344	0x100	ok	raw	53507604
EXLANG\disc0_rel\00b2b4b6.PDT	852	0x1b8c000	45056	0x100	ok	raw	53507704
EXLANG\disc0_rel\00b2b4b6.PDT	853	0x1b97000	28672	0x100	ok	raw	53507804
EXLANG\disc0_rel\00b2b4b6.PDT	854	0x1b9e000	32768	0x100	ok	raw	53507904
EXLANG\disc0_rel\00b2b4b6.PDT	855	0x1ba6000	88064	0x100	ok	raw	53507a04
EXLANG\disc0_rel\00b2b4b6.PDT	856	0x1bbb800	45056	0x100	ok	raw	53507b04
EXLANG\disc0_rel\00b2b4b6.PDT	857	0x1bc6800	53248	0x100	ok	raw	53507c04
EXLANG\disc0_rel\00b2b4b6.PDT	858	0x1bd3800	45056	0x100	ok	raw	53507d04
EXLANG\disc0_rel\00b2b4b6.PDT	859	0x1bde800	38912	0x100	ok	raw	53507f04
EXLANG\disc0_rel\00b2b4b6.PDT	860	0x1be8000	28672	0x100	ok	raw	53508004
EXLANG\disc0_rel\00b2b4b6.PDT	861	0x1bef000	34816	0x100	ok	raw	53508104
EXLANG\disc0_rel\00b2b4b6.PDT	862	0x1bf7800	30720	0x100	ok	raw	53508204
EXLANG\disc0_rel\00b2b4b6.PDT	863	0x1bff000	38912	0x100	ok	raw	53508404
EXLANG\disc0_rel\00b2b4b6.PDT	864	0x1c08800	53248	0x100	ok	raw	53508504
EXLANG\disc0_rel\00b2b4b6.PDT	865	0x1c15800	6144	0x100	ok	raw	53508604
EXLANG\disc0_rel\00b2b4b6.PDT	866	0x1c17000	47104	0x100	ok	raw	53508704
EXLANG\disc0_rel\00b2b4b6.PDT	867	0x1c22800	16384	0x100	ok	raw	53508804
EXLANG\disc0_rel\00b2b4b6.PDT	868	0x1c26800	12288	0x100	ok	raw	53508904
EXLANG\disc0_rel\00b2b4b6.PDT	869	0x1c29800	16384	0x100	ok	raw	53508a04
EXLANG\disc0_rel\00b2b4b6.PDT	870	0x1c2d800	34816	0x100	ok	raw	53508b04
EXLANG\disc0_rel\00b2b4b6.PDT	871	0x1c36000	30720	0x100	ok	raw	53508c04
EXLANG\disc0_rel\00b2b4b6.PDT	872	0x1c3d800	36864	0x100	ok	raw	53508d04
EXLANG\disc0_rel\00b2b4b6.PDT	873	0x1c46800	49152	0x100	ok	raw	53508e04
EXLANG\disc0_rel\00b2b4b6.PDT	874	0x1c52800	45056	0x100	ok	raw	53508f04
EXLANG\disc0_rel\00b2b4b6.PDT	875	0x1c5d800	32768	0x100	ok	raw	53509004
EXLANG\disc0_rel\00b2b4b6.PDT	876	0x1c65800	49152	0x100	ok	raw	53509104
EXLANG\disc0_rel\00b2b4b6.PDT	877	0x1c71800	55296	0x100	ok	raw	53509204
EXLANG\disc0_rel\00b2b4b6.PDT	878	0x1c7f000	49152	0x100	ok	raw	53509304
EXLANG\disc0_rel\00b2b4b6.PDT	879	0x1c8b000	36864	0x100	ok	raw	53509404
EXLANG\disc0_rel\00b2b4b6.PDT	880	0x1c94000	24576	0x100	ok	raw	53509504
EXLANG\disc0_rel\00b2b4b6.PDT	881	0x1c9a000	32768	0x100	ok	raw	53509604
EXLANG\disc0_rel\00b2b4b6.PDT	882	0x1ca2000	26624	0x100	ok	raw	53509704
EXLANG\disc0_rel\00b2b4b6.PDT	883	0x1ca8800	32768	0x100	ok	raw	53509804
EXLANG\disc0_rel\00b2b4b6.PDT	884	0x1cb0800	55296	0x100	ok	raw	53509904
EXLANG\disc0_rel\00b2b4b6.PDT	885	0x1cbe000	34816	0x100	ok	raw	53509a04
EXLANG\disc0_rel\00b2b4b6.PDT	886	0x1cc6800	32768	0x100	ok	raw	53509b04
EXLANG\disc0_rel\00b2b4b6.PDT	887	0x1cce800	30720	0x100	ok	raw	53509c04
EXLANG\disc0_rel\00b2b4b6.PDT	888	0x1cd6000	57344	0x100	ok	raw	53509d04
EXLANG\disc0_rel\00b2b4b6.PDT	889	0x1ce4000	53248	0x100	ok	raw	53509e04
EXLANG\disc0_rel\00b2b4b6.PDT	890	0x1cf1000	59392	0x100	ok	raw	53509f04
EXLANG\disc0_rel\00b2b4b6.PDT	891	0x1cff800	43008	0x100	ok	raw	5350a004
EXLANG\disc0_rel\00b2b4b6.PDT	892	0x1d0a000	40960	0x100	ok	raw	5350a104
EXLANG\disc0_rel\00b2b4b6.PDT	893	0x1d14000	36864	0x100	ok	raw	5350a204
EXLANG\disc0_rel\00b2b4b6.PDT	894	0x1d1d000	32768	0x100	ok	raw	5350a304
EXLANG\disc0_rel\00b2b4b6.PDT	895	0x1d25000	24576	0x100	ok	raw	5350a404
EXLANG\disc0_rel\00b2b4b6.PDT	896	0x1d2b000	43008	0x100	ok	raw	5350a704
EXLANG\disc0_rel\00b2b4b6.PDT	897	0x1d35800	26624	0x100	ok	raw	5350a804
EXLANG\disc0_rel\00b2b4b6.PDT	898	0x1d3c000	28672	0x100	ok	raw	5350a904
EXLANG\disc0_rel\00b2b4b6.PDT	899	0x1d43000	36864	0x100	ok	raw	5350aa04
EXLANG\disc0_rel\00b2b4b6.PDT	900	0x1d4c000	30720	0x100	ok	raw	5350ab04
EXLANG\disc0_rel\00b2b4b6.PDT	901	0x1d53800	75776	0x100	ok	raw	5350ac04
EXLANG\disc0_rel\00b2b4b6.PDT	902	0x1d66000	43008	0x100	ok	raw	5350ad04
EXLANG\disc0_rel\00b2b4b6.PDT	903	0x1d70800	45056	0x100	ok	raw	5350ae04
EXLANG\disc0_rel\00b2b4b6.PDT	904	0x1d7b800	34816	0x100	ok	raw	5350af04
EXLANG\disc0_rel\00b2b4b6.PDT	905	0x1d84000	40960	0x100	ok	raw	5350b004
EXLANG\disc0_rel\00b2b4b6.PDT	906	0x1d8e000	38912	0x100	ok	raw	5350b104
EXLANG\disc0_rel\00b2b4b6.PDT	907	0x1d97800	26624	0x100	ok	raw	5350b204
EXLANG\disc0_rel\00b2b4b6.PDT	908	0x1d9e000	45056	0x100	ok	raw	5350b304
EXLANG\disc0_rel\00b2b4b6.PDT	909	0x1da9000	43008	0x100	ok	raw	5350b404
EXLANG\disc0_rel\00b2b4b6.PDT	910	0x1db3800	36864	0x100	ok	raw	5350b504
EXLANG\disc0_rel\00b2b4b6.PDT	911	0x1dbc800	26624	0x100	ok	raw	5350b604
EXLANG\disc0_rel\00b2b4b6.PDT	912	0x1dc3000	36864	0x100	ok	raw	5350b704
EXLANG\disc0_rel\00b2b4b6.PDT	913	0x1dcc000	43008	0x100	ok	raw	5350b804
EXLANG\disc0_rel\00b2b4b6.PDT	914	0x1dd6800	55296	0x100	ok	raw	5350b904
EXLANG\disc0_rel\00b2b4b6.PDT	915	0x1de4000	81920	0x100	ok	raw	5350ba04
EXLANG\disc0_rel\00b2b4b6.PDT	916	0x1df8000	55296	0x100	ok	raw	5350bb04
EXLANG\disc0_rel\00b2b4b6.PDT	917	0x1e05800	53248	0x100	ok	raw	5350bc04
EXLANG\disc0_rel\00b2b4b6.PDT	918	0x1e12800	45056	0x100	ok	raw	5350bd04
EXLANG\disc0_rel\00b2b4b6.PDT	919	0x1e1d800	24576	0x100	ok	raw	5350be04
EXLANG\disc0_rel\00b2b4b6.PDT	920	0x1e23800	38912	0x100	ok	raw	5350bf04
EXLANG\disc0_rel\00b2b4b6.PDT	921	0x1e2d000	43008	0x100	ok	raw	5350c004
EXLANG\disc0_rel\00b2b4b6.PDT	922	0x1e37800	40960	0x100	ok	raw	5350c104
EXLANG\disc0_rel\00b2b4b6.PDT	923	0x1e41800	63488	0x100	ok	raw	5350c204
EXLANG\disc0_rel\00b2b4b6.PDT	924	0x1e51000	32768	0x100	ok	raw	5350c304
EXLANG\disc0_rel\00b2b4b6.PDT	925	0x1e59000	51200	0x100	ok	raw	5350c404
EXLANG\disc0_rel\00b2b4b6.PDT	926	0x1e65800	49152	0x100	ok	raw	5350c504
EXLANG\disc0_rel\00b2b4b6.PDT	927	0x1e71800	40960	0x100	ok	raw	5350c604
EXLANG\disc0_rel\00b2b4b6.PDT	928	0x1e7b800	43008	0x100	ok	raw	5350c704
EXLANG\disc0_rel\00b2b4b6.PDT	929	0x1e86000	55296	0x100	ok	raw	5350c804
EXLANG\disc0_rel\00b2b4b6.PDT	930	0x1e93800	57344	0x100	ok	raw	5350c904
EXLANG\disc0_rel\00b2b4b6.PDT	931	0x1ea1800	49152	0x100	ok	raw	5350ca04
EXLANG\disc0_rel\00b2b4b6.PDT	932	0x1ead800	36864	0x100	ok	raw	5350cb04
EXLANG\disc0_rel\00b2b4b6.PDT	933	0x1eb6800	30720	0x100	ok	raw	5350cc04
EXLANG\disc0_rel\00b2b4b6.PDT	934	0x1ebe000	32768	0x100	ok	raw	5350cd04
EXLANG\disc0_rel\00b2b4b6.PDT	935	0x1ec6000	30720	0x100	ok	raw	5350ce04
EXLANG\disc0_rel\00b2b4b6.PDT	936	0x1ecd800	51200	0x100	ok	raw	5350cf04
EXLANG\disc0_rel\00b2b4b6.PDT	937	0x1eda000	40960	0x100	ok	raw	5350d004
EXLANG\disc0_rel\00b2b4b6.PDT	938	0x1ee4000	30720	0x100	ok	raw	5350d104
EXLANG\disc0_rel\00b2b4b6.PDT	939	0x1eeb800	79872	0x100	ok	raw	5350d204
EXLANG\disc0_rel\00b2b4b6.PDT	940	0x1eff000	67584	0x100	ok	raw	5350d304
EXLANG\disc0_rel\00b2b4b6.PDT	941	0x1f0f800	47104	0x100	ok	raw	5350d404
EXLANG\disc0_rel\00b2b4b6.PDT	942	0x1f1b000	59392	0x100	ok	raw	5350d504
EXLANG\disc0_rel\00b2b4b6.PDT	943	0x1f29800	51200	0x100	ok	raw	5350d604
EXLANG\disc0_rel\00b2b4b6.PDT	944	0x1f36000	36864	0x100	ok	raw	5350d704
EXLANG\disc0_rel\00b2b4b6.PDT	945	0x1f3f000	65536	0x100	ok	raw	5350d804
EXLANG\disc0_rel\00b2b4b6.PDT	946	0x1f4f000	59392	0x100	ok	raw	5350d904
EXLANG\disc0_rel\00b2b4b6.PDT	947	0x1f5d800	65536	0x100	ok	raw	5350da04
EXLANG\disc0_rel\00b2b4b6.PDT	948	0x1f6d800	55296	0x100	ok	raw	5350db04
EXLANG\disc0_rel\00b2b4b6.PDT	949	0x1f7b000	43008	0x100	ok	raw	5350dc04
EXLANG\disc0_rel\00b2b4b6.PDT	950	0x1f85800	38912	0x100	ok	raw	5350dd04
EXLANG\disc0_rel\00b2b4b6.PDT	951	0x1f8f000	59392	0x100	ok	raw	5350de04
EXLANG\disc0_rel\00b2b4b6.PDT	952	0x1f9d800	30720	0x100	ok	raw	5350df04
EXLANG\disc0_rel\00b2b4b6.PDT	953	0x1fa5000	49152	0x100	ok	raw	5350e004
EXLANG\disc0_rel\00b2b4b6.PDT	954	0x1fb1000	61440	0x100	ok	raw	5350e104
EXLANG\disc0_rel\00b2b4b6.PDT	955	0x1fc0000	38912	0x100	ok	raw	5350e204
EXLANG\disc0_rel\00b2b4b6.PDT	956	0x1fc9800	20480	0x100	ok	raw	5350e304
EXLANG\disc0_rel\00b2b4b6.PDT	957	0x1fce800	26624	0x100	ok	raw	5350e404
EXLANG\disc0_rel\00b2b4b6.PDT	958	0x1fd5000	24576	0x100	ok	raw	5350e504
EXLANG\disc0_rel\00b2b4b6.PDT	959	0x1fdb000	38912	0x100	ok	raw	5350e604
EXLANG\disc0_rel\00b2b4b6.PDT	960	0x1fe4800	47104	0x100	ok	raw	5350e704
EXLANG\disc0_rel\00b2b4b6.PDT	961	0x1ff0000	32768	0x100	ok	raw	5350e804
EXLANG\disc0_rel\00b2b4b6.PDT	962	0x1ff8000	18432	0x100	ok	raw	5350e904
EXLANG\disc0_rel\00b2b4b6.PDT	963	0x1ffc800	51200	0x100	ok	raw	5350ea04
EXLANG\disc0_rel\00b2b4b6.PDT	964	0x2009000	61440	0x100	ok	raw	5350eb04
EXLANG\disc0_rel\00b2b4b6.PDT	965	0x2018000	40960	0x100	ok	raw	5350ec04
EXLANG\disc0_rel\00b2b4b6.PDT	966	0x2022000	47104	0x100	ok	raw	5350ed04
EXLANG\disc0_rel\00b2b4b6.PDT	967	0x202d800	45056	0x100	ok	raw	5350ee04
EXLANG\disc0_rel\00b2b4b6.PDT	968	0x2038800	28672	0x100	ok	raw	5350ef04
EXLANG\disc0_rel\00b2b4b6.PDT	969	0x203f800	51200	0x100	ok	raw	5350f004
EXLANG\disc0_rel\00b2b4b6.PDT	970	0x204c000	47104	0x100	ok	raw	5350f104
EXLANG\disc0_rel\00b2b4b6.PDT	971	0x2057800	28672	0x100	ok	raw	5350f204
EXLANG\disc0_rel\00b2b4b6.PDT	972	0x205e800	45056	0x100	ok	raw	5350f304
EXLANG\disc0_rel\00b2b4b6.PDT	973	0x2069800	51200	0x100	ok	raw	5350f404
EXLANG\disc0_rel\00b2b4b6.PDT	974	0x2076000	36864	0x100	ok	raw	5350f504
EXLANG\disc0_rel\00b2b4b6.PDT	975	0x207f000	49152	0x100	ok	raw	5350f604
EXLANG\disc0_rel\00b2b4b6.PDT	976	0x208b000	53248	0x100	ok	raw	5350f704
EXLANG\disc0_rel\00b2b4b6.PDT	977	0x2098000	73728	0x100	ok	raw	5350f804
EXLANG\disc0_rel\00b2b4b6.PDT	978	0x20aa000	24576	0x100	ok	raw	5350f904
EXLANG\disc0_rel\00b2b4b6.PDT	979	0x20b0000	57344	0x100	ok	raw	5350fa04
EXLANG\disc0_rel\00b2b4b6.PDT	980	0x20be000	18432	0x100	ok	raw	5350fb04
EXLANG\disc0_rel\00b2b4b6.PDT	981	0x20c2800	26624	0x100	ok	raw	5350fc04
EXLANG\disc0_rel\00b2b4b6.PDT	982	0x20c9000	67584	0x100	ok	raw	5350fd04
EXLANG\disc0_rel\00b2b4b6.PDT	983	0x20d9800	6144	0x100	ok	raw	5350fe04
EXLANG\disc0_rel\00b2b4b6.PDT	984	0x20db000	67584	0x100	ok	raw	5350ff04
EXLANG\disc0_rel\00b2b4b6.PDT	985	0x20eb800	47104	0x100	ok	raw	53500005
EXLANG\disc0_rel\00b2b4b6.PDT	986	0x20f7000	28672	0x100	ok	raw	53500105
EXLANG\disc0_rel\00b2b4b6.PDT	987	0x20fe000	71680	0x100	ok	raw	53500905
EXLANG\disc0_rel\00b2b4b6.PDT	988	0x210f800	61440	0x100	ok	raw	53500a05
EXLANG\disc0_rel\00b2b4b6.PDT	989	0x211e800	77824	0x100	ok	raw	53500b05
EXLANG\disc0_rel\00b2b4b6.PDT	990	0x2131800	65536	0x100	ok	raw	53500c05
EXLANG\disc0_rel\00b2b4b6.PDT	991	0x2141800	34816	0x100	ok	raw	53500d05
EXLANG\disc0_rel\00b2b4b6.PDT	992	0x214a000	24576	0x100	ok	raw	53500e05
EXLANG\disc0_rel\00b2b4b6.PDT	993	0x2150000	63488	0x100	ok	raw	53500f05
EXLANG\disc0_rel\00b2b4b6.PDT	994	0x215f800	49152	0x100	ok	raw	53501005
EXLANG\disc0_rel\00b2b4b6.PDT	995	0x216b800	28672	0x100	ok	raw	53501105
EXLANG\disc0_rel\00b2b4b6.PDT	996	0x2172800	49152	0x100	ok	raw	53501205
EXLANG\disc0_rel\00b2b4b6.PDT	997	0x217e800	45056	0x100	ok	raw	53501305
EXLANG\disc0_rel\00b2b4b6.PDT	998	0x2189800	57344	0x100	ok	raw	53501405
EXLANG\disc0_rel\00b2b4b6.PDT	999	0x2197800	43008	0x100	ok	raw	53501505
EXLANG\disc0_rel\00b2b4b6.PDT	1000	0x21a2000	53248	0x100	ok	raw	53501605
EXLANG\disc0_rel\00b2b4b6.PDT	1001	0x21af000	51200	0x100	ok	raw	53501705
EXLANG\disc0_rel\00b2b4b6.PDT	1002	0x21bb800	32768	0x100	ok	raw	53501805
EXLANG\disc0_rel\00b2b4b6.PDT	1003	0x21c3800	34816	0x100	ok	raw	53501905
EXLANG\disc0_rel\00b2b4b6.PDT	1004	0x21cc000	30720	0x100	ok	raw	53501a05
EXLANG\disc0_rel\00b2b4b6.PDT	1005	0x21d3800	30720	0x100	ok	raw	53501b05
EXLANG\disc0_rel\00b2b4b6.PDT	1006	0x21db000	34816	0x100	ok	raw	53501c05
EXLANG\disc0_rel\00b2b4b6.PDT	1007	0x21e3800	22528	0x100	ok	raw	53501d05
EXLANG\disc0_rel\00b2b4b6.PDT	1008	0x21e9000	43008	0x100	ok	raw	53501e05
EXLANG\disc0_rel\00b2b4b6.PDT	1009	0x21f3800	38912	0x100	ok	raw	53501f05
EXLANG\disc0_rel\00b2b4b6.PDT	1010	0x21fd000	28672	0x100	ok	raw	53502005
EXLANG\disc0_rel\00b2b4b6.PDT	1011	0x2204000	36864	0x100	ok	raw	53502105
EXLANG\disc0_rel\00b2b4b6.PDT	1012	0x220d000	34816	0x100	ok	raw	53502205
EXLANG\disc0_rel\00b2b4b6.PDT	1013	0x2215800	55296	0x100	ok	raw	53502305
EXLANG\disc0_rel\00b2b4b6.PDT	1014	0x2223000	49152	0x100	ok	raw	53502405
EXLANG\disc0_rel\00b2b4b6.PDT	1015	0x222f000	28672	0x100	ok	raw	53502505
EXLANG\disc0_rel\00b2b4b6.PDT	1016	0x2236000	47104	0x100	ok	raw	53502605
EXLANG\disc0_rel\00b2b4b6.PDT	1017	0x2241800	71680	0x100	ok	raw	53502705
EXLANG\disc0_rel\00b2b4b6.PDT	1018	0x2253000	49152	0x100	ok	raw	53502805
EXLANG\disc0_rel\00b2b4b6.PDT	1019	0x225f000	6144	0x100	ok	raw	53502905
EXLANG\disc0_rel\00b2b4b6.PDT	1020	0x2260800	6144	0x100	ok	raw	53502a05
EXLANG\disc0_rel\00b2b4b6.PDT	1021	0x2262000	6144	0x100	ok	raw	53502b05
EXLANG\disc0_rel\00b2b4b6.PDT	1022	0x2263800	28672	0x100	ok	raw	53502c05
EXLANG\disc0_rel\00b2b4b6.PDT	1023	0x226a800	28672	0x100	ok	raw	53502d05
EXLANG\disc0_rel\00b2b4b6.PDT	1024	0x2271800	45056	0x100	ok	raw	53502e05
EXLANG\disc0_rel\00b2b4b6.PDT	1025	0x227c800	49152	0x100	ok	raw	53502f05
EXLANG\disc0_rel\00b2b4b6.PDT	1026	0x2288800	69632	0x100	ok	raw	53503005
EXLANG\disc0_rel\00b2b4b6.PDT	1027	0x2299800	75776	0x100	ok	raw	53503105
EXLANG\disc0_rel\00b2b4b6.PDT	1028	0x22ac000	63488	0x100	ok	raw	53503205
EXLANG\disc0_rel\00b2b4b6.PDT	1029	0x22bb800	32768	0x100	ok	raw	53503405
EXLANG\disc0_rel\00b2b4b6.PDT	1030	0x22c3800	32768	0x100	ok	raw	53503505
EXLANG\disc0_rel\00b2b4b6.PDT	1031	0x22cb800	26624	0x100	ok	raw	53503605
EXLANG\disc0_rel\00b2b4b6.PDT	1032	0x22d2000	26624	0x100	ok	raw	53503705
EXLANG\disc0_rel\00b2b4b6.PDT	1033	0x22d8800	34816	0x100	ok	raw	53503805
EXLANG\disc0_rel\00b2b4b6.PDT	1034	0x22e1000	18432	0x100	ok	raw	53503905
EXLANG\disc0_rel\00b2b4b6.PDT	1035	0x22e5800	20480	0x100	ok	raw	53503a05
EXLANG\disc0_rel\00b2b4b6.PDT	1036	0x22ea800	22528	0x100	ok	raw	53503b05
EXLANG\disc0_rel\00b2b4b6.PDT	1037	0x22f0000	26624	0x100	ok	raw	53503c05
EXLANG\disc0_rel\00b2b4b6.PDT	1038	0x22f6800	28672	0x100	ok	raw	53503d05
EXLANG\disc0_rel\00b2b4b6.PDT	1039	0x22fd800	38912	0x100	ok	raw	53503e05
EXLANG\disc0_rel\00b2b4b6.PDT	1040	0x2307000	32768	0x100	ok	raw	53503f05
EXLANG\disc0_rel\00b2b4b6.PDT	1041	0x230f000	24576	0x100	ok	raw	53504005
EXLANG\disc0_rel\00b2b4b6.PDT	1042	0x2315000	24576	0x100	ok	raw	53504105
EXLANG\disc0_rel\00b2b4b6.PDT	1043	0x231b000	30720	0x100	ok	raw	53504205
EXLANG\disc0_rel\00b2b4b6.PDT	1044	0x2322800	24576	0x100	ok	raw	53504305
EXLANG\disc0_rel\00b2b4b6.PDT	1045	0x2328800	28672	0x100	ok	raw	53504405
EXLANG\disc0_rel\00b2b4b6.PDT	1046	0x232f800	26624	0x100	ok	raw	53504505
EXLANG\disc0_rel\00b2b4b6.PDT	1047	0x2336000	30720	0x100	ok	raw	53504605
EXLANG\disc0_rel\00b2b4b6.PDT	1048	0x233d800	18432	0x100	ok	raw	53504705
EXLANG\disc0_rel\00b2b4b6.PDT	1049	0x2342000	18432	0x100	ok	raw	53504805
EXLANG\disc0_rel\00b2b4b6.PDT	1050	0x2346800	22528	0x100	ok	raw	53504905
EXLANG\disc0_rel\00b2b4b6.PDT	1051	0x234c000	24576	0x100	ok	raw	53504a05
EXLANG\disc0_rel\00b2b4b6.PDT	1052	0x2352000	26624	0x100	ok	raw	53504b05
EXLANG\disc0_rel\00b2b4b6.PDT	1053	0x2358800	45056	0x100	ok	raw	53504c05
EXLANG\disc0_rel\00b2b4b6.PDT	1054	0x2363800	26624	0x100	ok	raw	53504d05
EXLANG\disc0_rel\00b2b4b6.PDT	1055	0x236a000	22528	0x100	ok	raw	53504e05
EXLANG\disc0_rel\00b2b4b6.PDT	1056	0x236f800	71680	0x100	ok	raw	53504f05
EXLANG\disc0_rel\00b2b4b6.PDT	1057	0x2381000	55296	0x100	ok	raw	53505005
EXLANG\disc0_rel\00b2b4b6.PDT	1058	0x238e800	43008	0x100	ok	raw	53505105
EXLANG\disc0_rel\00b2b4b6.PDT	1059	0x2399000	38912	0x100	ok	raw	53505205
EXLANG\disc0_rel\00b2b4b6.PDT	1060	0x23a2800	65536	0x100	ok	raw	53505305
EXLANG\disc0_rel\00b2b4b6.PDT	1061	0x23b2800	108544	0x100	ok	raw	53505405
EXLANG\disc0_rel\00b2b4b6.PDT	1062	0x23cd000	18432	0x100	ok	raw	53505505
EXLANG\disc0_rel\00b2b4b6.PDT	1063	0x23d1800	24576	0x100	ok	raw	53505605
EXLANG\disc0_rel\00b2b4b6.PDT	1064	0x23d7800	51200	0x100	ok	raw	53505705
EXLANG\disc0_rel\00b2b4b6.PDT	1065	0x23e4000	34816	0x100	ok	raw	53505805
EXLANG\disc0_rel\00b2b4b6.PDT	1066	0x23ec800	36864	0x100	ok	raw	53505905
EXLANG\disc0_rel\00b2b4b6.PDT	1067	0x23f5800	114688	0x100	ok	raw	53505a05
EXLANG\disc0_rel\00b2b4b6.PDT	1068	0x2411800	22528	0x100	ok	raw	53505b05
EXLANG\disc0_rel\00b2b4b6.PDT	1069	0x2417000	30720	0x100	ok	raw	53505c05
EXLANG\disc0_rel\00b2b4b6.PDT	1070	0x241e800	49152	0x100	ok	raw	53505d05
EXLANG\disc0_rel\00b2b4b6.PDT	1071	0x242a800	98304	0x100	ok	raw	53505e05
EXLANG\disc0_rel\00b2b4b6.PDT	1072	0x2442800	63488	0x100	ok	raw	53505f05
EXLANG\disc0_rel\00b2b4b6.PDT	1073	0x2452000	30720	0x100	ok	raw	53506005
EXLANG\disc0_rel\00b2b4b6.PDT	1074	0x2459800	30720	0x100	ok	raw	53506105
EXLANG\disc0_rel\00b2b4b6.PDT	1075	0x2461000	26624	0x100	ok	raw	53506205
EXLANG\disc0_rel\00b2b4b6.PDT	1076	0x2467800	43008	0x100	ok	raw	53506305
EXLANG\disc0_rel\00b2b4b6.PDT	1077	0x2472000	30720	0x100	ok	raw	53506405
EXLANG\disc0_rel\00b2b4b6.PDT	1078	0x2479800	43008	0x100	ok	raw	53506505
EXLANG\disc0_rel\00b2b4b6.PDT	1079	0x2484000	24576	0x100	ok	raw	53506605
EXLANG\disc0_rel\00b2b4b6.PDT	1080	0x248a000	28672	0x100	ok	raw	53506705
EXLANG\disc0_rel\00b2b4b6.PDT	1081	0x2491000	12288	0x100	ok	raw	53506805
EXLANG\disc0_rel\00b2b4b6.PDT	1082	0x2494000	53248	0x100	ok	raw	53506905
EXLANG\disc0_rel\00b2b4b6.PDT	1083	0x24a1000	45056	0x100	ok	raw	53506a05
EXLANG\disc0_rel\00b2b4b6.PDT	1084	0x24ac000	51200	0x100	ok	raw	53506b05
EXLANG\disc0_rel\00b2b4b6.PDT	1085	0x24b8800	22528	0x100	ok	raw	53506c05
EXLANG\disc0_rel\00b2b4b6.PDT	1086	0x24be000	40960	0x100	ok	raw	53506d05
EXLANG\disc0_rel\00b2b4b6.PDT	1087	0x24c8000	45056	0x100	ok	raw	53507405
EXLANG\disc0_rel\00b2b4b6.PDT	1088	0x24d3000	55296	0x100	ok	raw	53507505
EXLANG\disc0_rel\00b2b4b6.PDT	1089	0x24e0800	26624	0x100	ok	raw	53507605
EXLANG\disc0_rel\00b2b4b6.PDT	1090	0x24e7000	28672	0x100	ok	raw	53507705
EXLANG\disc0_rel\00b2b4b6.PDT	1091	0x24ee000	22528	0x100	ok	raw	53507805
EXLANG\disc0_rel\00b2b4b6.PDT	1092	0x24f3800	26624	0x100	ok	raw	53507905
EXLANG\disc0_rel\00b2b4b6.PDT	1093	0x24fa000	18432	0x100	ok	raw	53507a05
EXLANG\disc0_rel\00b2b4b6.PDT	1094	0x24fe800	12288	0x100	ok	raw	53507b05
EXLANG\disc0_rel\00b2b4b6.PDT	1095	0x2501800	18432	0x100	ok	raw	53507c05
EXLANG\disc0_rel\00b2b4b6.PDT	1096	0x2506000	34816	0x100	ok	raw	53507d05
EXLANG\disc0_rel\00b2b4b6.PDT	1097	0x250e800	34816	0x100	ok	raw	53507e05
EXLANG\disc0_rel\00b2b4b6.PDT	1098	0x2517000	28672	0x100	ok	raw	53507f05
EXLANG\disc0_rel\00b2b4b6.PDT	1099	0x251e000	30720	0x100	ok	raw	53508005
EXLANG\disc0_rel\00b2b4b6.PDT	1100	0x2525800	20480	0x100	ok	raw	53508105
EXLANG\disc0_rel\00b2b4b6.PDT	1101	0x252a800	20480	0x100	ok	raw	53508205
EXLANG\disc0_rel\00b2b4b6.PDT	1102	0x252f800	49152	0x100	ok	raw	53508305
EXLANG\disc0_rel\00b2b4b6.PDT	1103	0x253b800	36864	0x100	ok	raw	53508405
EXLANG\disc0_rel\00b2b4b6.PDT	1104	0x2544800	40960	0x100	ok	raw	53508505
EXLANG\disc0_rel\00b2b4b6.PDT	1105	0x254e800	30720	0x100	ok	raw	53508605
EXLANG\disc0_rel\00b2b4b6.PDT	1106	0x2556000	18432	0x100	ok	raw	53508705
EXLANG\disc0_rel\00b2b4b6.PDT	1107	0x255a800	65536	0x100	ok	raw	53508805
EXLANG\disc0_rel\00b2b4b6.PDT	1108	0x256a800	24576	0x100	ok	raw	53508905
EXLANG\disc0_rel\00b2b4b6.PDT	1109	0x2570800	45056	0x100	ok	raw	53508a05
EXLANG\disc0_rel\00b2b4b6.PDT	1110	0x257b800	28672	0x100	ok	raw	53508b05
EXLANG\disc0_rel\00b2b4b6.PDT	1111	0x2582800	24576	0x100	ok	raw	53508c05
EXLANG\disc0_rel\00b2b4b6.PDT	1112	0x2588800	28672	0x100	ok	raw	53508d05
EXLANG\disc0_rel\00b2b4b6.PDT	1113	0x258f800	26624	0x100	ok	raw	53508e05
EXLANG\disc0_rel\00b2b4b6.PDT	1114	0x2596000	63488	0x100	ok	raw	53508f05
EXLANG\disc0_rel\00b2b4b6.PDT	1115	0x25a5800	18432	0x100	ok	raw	53509005
EXLANG\disc0_rel\00b2b4b6.PDT	1116	0x25aa000	36864	0x100	ok	raw	53509105
EXLANG\disc0_rel\00b2b4b6.PDT	1117	0x25b3000	18432	0x100	ok	raw	53509205
EXLANG\disc0_rel\00b2b4b6.PDT	1118	0x25b7800	40960	0x100	ok	raw	53509305
EXLANG\disc0_rel\00b2b4b6.PDT	1119	0x25c1800	6144	0x100	ok	raw	53509405
EXLANG\disc0_rel\00b2b4b6.PDT	1120	0x25c3000	6144	0x100	ok	raw	53509505
EXLANG\disc0_rel\00b2b4b6.PDT	1121	0x25c4800	28672	0x100	ok	raw	53509605
EXLANG\disc0_rel\00b2b4b6.PDT	1122	0x25cb800	24576	0x100	ok	raw	53509705
EXLANG\disc0_rel\00b2b4b6.PDT	1123	0x25d1800	32768	0x100	ok	raw	53509805
EXLANG\disc0_rel\00b2b4b6.PDT	1124	0x25d9800	18432	0x100	ok	raw	53509905
EXLANG\disc0_rel\00b2b4b6.PDT	1125	0x25de000	6144	0x100	ok	raw	53509a05
EXLANG\disc0_rel\00b2b4b6.PDT	1126	0x25df800	30720	0x100	ok	raw	53509b05
EXLANG\disc0_rel\00b2b4b6.PDT	1127	0x25e7000	4096	0x100	ok	raw	53509c05
EXLANG\disc0_rel\00b2b4b6.PDT	1128	0x25e8000	53248	0x100	ok	raw	53509d05
EXLANG\disc0_rel\00b2b4b6.PDT	1129	0x25f5000	86016	0x100	ok	raw	53509e05
EXLANG\disc0_rel\00b2b4b6.PDT	1130	0x260a000	79872	0x100	ok	raw	53509f05
EXLANG\disc0_rel\00b2b4b6.PDT	1131	0x261d800	79872	0x100	ok	raw	5350a005
EXLANG\disc0_rel\00b2b4b6.PDT	1132	0x2631000	53248	0x100	ok	raw	5350a105
EXLANG\disc0_rel\00b2b4b6.PDT	1133	0x263e000	20480	0x100	ok	raw	5350a205
EXLANG\disc0_rel\00b2b4b6.PDT	1134	0x2643000	18432	0x100	ok	raw	5350a305
EXLANG\disc0_rel\00b2b4b6.PDT	1135	0x2647800	22528	0x100	ok	raw	5350a405
EXLANG\disc0_rel\00b2b4b6.PDT	1136	0x264d000	63488	0x100	ok	raw	5350a505
EXLANG\disc0_rel\00b2b4b6.PDT	1137	0x265c800	71680	0x100	ok	raw	5350a605
EXLANG\disc0_rel\00b2b4b6.PDT	1138	0x266e000	38912	0x100	ok	raw	5350a705
EXLANG\disc0_rel\00b2b4b6.PDT	1139	0x2677800	67584	0x100	ok	raw	5350a805
EXLANG\disc0_rel\00b2b4b6.PDT	1140	0x2688000	59392	0x100	ok	raw	5350a905
EXLANG\disc0_rel\00b2b4b6.PDT	1141	0x2696800	63488	0x100	ok	raw	5350aa05
EXLANG\disc0_rel\00b2b4b6.PDT	1142	0x26a6000	24576	0x100	ok	raw	5350ab05
EXLANG\disc0_rel\00b2b4b6.PDT	1143	0x26ac000	30720	0x100	ok	raw	5350ac05
EXLANG\disc0_rel\00b2b4b6.PDT	1144	0x26b3800	28672	0x100	ok	raw	5350ad05
EXLANG\disc0_rel\00b2b4b6.PDT	1145	0x26ba800	30720	0x100	ok	raw	5350ae05
EXLANG\disc0_rel\00b2b4b6.PDT	1146	0x26c2000	49152	0x100	ok	raw	5350af05
EXLANG\disc0_rel\00b2b4b6.PDT	1147	0x26ce000	38912	0x100	ok	raw	5350b005
EXLANG\disc0_rel\00b2b4b6.PDT	1148	0x26d7800	20480	0x100	ok	raw	5350b105
EXLANG\disc0_rel\00b2b4b6.PDT	1149	0x26dc800	6144	0x100	ok	raw	5350b205
EXLANG\disc0_rel\00b2b4b6.PDT	1150	0x26de000	49152	0x100	ok	raw	5350b305
EXLANG\disc0_rel\00b2b4b6.PDT	1151	0x26ea000	92160	0x100	ok	raw	5350b405
EXLANG\disc0_rel\00b2b4b6.PDT	1152	0x2700800	28672	0x100	ok	raw	5350b505
EXLANG\disc0_rel\00b2b4b6.PDT	1153	0x2707800	40960	0x100	ok	raw	5350b605
EXLANG\disc0_rel\00b2b4b6.PDT	1154	0x2711800	32768	0x100	ok	raw	5350b705
EXLANG\disc0_rel\00b2b4b6.PDT	1155	0x2719800	32768	0x100	ok	raw	5350b805
EXLANG\disc0_rel\00b2b4b6.PDT	1156	0x2721800	22528	0x100	ok	raw	5350b905
EXLANG\disc0_rel\00b2b4b6.PDT	1157	0x2727000	40960	0x100	ok	raw	5350ba05
EXLANG\disc0_rel\00b2b4b6.PDT	1158	0x2731000	59392	0x100	ok	raw	5350bb05
EXLANG\disc0_rel\00b2b4b6.PDT	1159	0x273f800	49152	0x100	ok	raw	5350bc05
EXLANG\disc0_rel\00b2b4b6.PDT	1160	0x274b800	45056	0x100	ok	raw	5350bd05
EXLANG\disc0_rel\00b2b4b6.PDT	1161	0x2756800	28672	0x100	ok	raw	5350be05
EXLANG\disc0_rel\00b2b4b6.PDT	1162	0x275d800	47104	0x100	ok	raw	5350bf05
EXLANG\disc0_rel\00b2b4b6.PDT	1163	0x2769000	49152	0x100	ok	raw	5350c005
EXLANG\disc0_rel\00b2b4b6.PDT	1164	0x2775000	51200	0x100	ok	raw	5350c105
EXLANG\disc0_rel\00b2b4b6.PDT	1165	0x2781800	108544	0x100	ok	raw	5350c205
EXLANG\disc0_rel\00b2b4b6.PDT	1166	0x279c000	40960	0x100	ok	raw	5350c305
EXLANG\disc0_rel\00b2b4b6.PDT	1167	0x27a6000	79872	0x100	ok	raw	5350c405
EXLANG\disc0_rel\00b2b4b6.PDT	1168	0x27b9800	38912	0x100	ok	raw	5350c505
EXLANG\disc0_rel\00b2b4b6.PDT	1169	0x27c3000	51200	0x100	ok	raw	5350c605
EXLANG\disc0_rel\00b2b4b6.PDT	1170	0x27cf800	34816	0x100	ok	raw	5350c705
EXLANG\disc0_rel\00b2b4b6.PDT	1171	0x27d8000	26624	0x100	ok	raw	5350c805
EXLANG\disc0_rel\00b2b4b6.PDT	1172	0x27de800	55296	0x100	ok	raw	5350c905
EXLANG\disc0_rel\00b2b4b6.PDT	1173	0x27ec000	49152	0x100	ok	raw	5350ca05
EXLANG\disc0_rel\00b2b4b6.PDT	1174	0x27f8000	32768	0x100	ok	raw	5350cb05
EXLANG\disc0_rel\00b2b4b6.PDT	1175	0x2800000	63488	0x100	ok	raw	5350cc05
EXLANG\disc0_rel\00b2b4b6.PDT	1176	0x280f800	6144	0x100	ok	raw	5350cd05
EXLANG\disc0_rel\00b2b4b6.PDT	1177	0x2811000	63488	0x100	ok	raw	5350ce05
EXLANG\disc0_rel\00b2b4b6.PDT	1178	0x2820800	61440	0x100	ok	raw	5350cf05
EXLANG\disc0_rel\00b2b4b6.PDT	1179	0x282f800	55296	0x100	ok	raw	5350d005
EXLANG\disc0_rel\00b2b4b6.PDT	1180	0x283d000	36864	0x100	ok	raw	5350d105
EXLANG\disc0_rel\00b2b4b6.PDT	1181	0x2846000	43008	0x100	ok	raw	5350d205
EXLANG\disc0_rel\00b2b4b6.PDT	1182	0x2850800	34816	0x100	ok	raw	5350d305
EXLANG\disc0_rel\00b2b4b6.PDT	1183	0x2859000	32768	0x100	ok	raw	5350d405
EXLANG\disc0_rel\00b2b4b6.PDT	1184	0x2861000	83968	0x100	ok	raw	5350d505
EXLANG\disc0_rel\00b2b4b6.PDT	1185	0x2875800	51200	0x100	ok	raw	5350e105
EXLANG\disc0_rel\00b2b4b6.PDT	1186	0x2882000	47104	0x100	ok	raw	5350e205
EXLANG\disc0_rel\00b2b4b6.PDT	1187	0x288d800	67584	0x100	ok	raw	5350e305
EXLANG\disc0_rel\00b2b4b6.PDT	1188	0x289e000	34816	0x100	ok	raw	5350e405
EXLANG\disc0_rel\00b2b4b6.PDT	1189	0x28a6800	55296	0x100	ok	raw	5350e505
EXLANG\disc0_rel\00b2b4b6.PDT	1190	0x28b4000	67584	0x100	ok	raw	5350e605
EXLANG\disc0_rel\00b2b4b6.PDT	1191	0x28c4800	38912	0x100	ok	raw	5350e705
EXLANG\disc0_rel\00b2b4b6.PDT	1192	0x28ce000	30720	0x100	ok	raw	5350e805
EXLANG\disc0_rel\00b2b4b6.PDT	1193	0x28d5800	43008	0x100	ok	raw	5350e905
EXLANG\disc0_rel\00b2b4b6.PDT	1194	0x28e0000	38912	0x100	ok	raw	5350ea05
EXLANG\disc0_rel\00b2b4b6.PDT	1195	0x28e9800	43008	0x100	ok	raw	5350eb05
EXLANG\disc0_rel\00b2b4b6.PDT	1196	0x28f4000	32768	0x100	ok	raw	5350ec05
EXLANG\disc0_rel\00b2b4b6.PDT	1197	0x28fc000	24576	0x100	ok	raw	5350ed05
EXLANG\disc0_rel\00b2b4b6.PDT	1198	0x2902000	47104	0x100	ok	raw	5350ee05
EXLANG\disc0_rel\00b2b4b6.PDT	1199	0x290d800	47104	0x100	ok	raw	5350ef05
EXLANG\disc0_rel\00b2b4b6.PDT	1200	0x2919000	24576	0x100	ok	raw	5350f005
EXLANG\disc0_rel\00b2b4b6.PDT	1201	0x291f000	30720	0x100	ok	raw	5350f105
EXLANG\disc0_rel\00b2b4b6.PDT	1202	0x2926800	20480	0x100	ok	raw	5350f205
EXLANG\disc0_rel\00b2b4b6.PDT	1203	0x292b800	40960	0x100	ok	raw	5350f305
EXLANG\disc0_rel\00b2b4b6.PDT	1204	0x2935800	6144	0x100	ok	raw	5350f405
EXLANG\disc0_rel\00b2b4b6.PDT	1205	0x2937000	6144	0x100	ok	raw	5350f505
EXLANG\disc0_rel\00b2b4b6.PDT	1206	0x2938800	45056	0x100	ok	raw	5350f605
EXLANG\disc0_rel\00b2b4b6.PDT	1207	0x2943800	32768	0x100	ok	raw	5350f705
EXLANG\disc0_rel\00b2b4b6.PDT	1208	0x294b800	38912	0x100	ok	raw	5350f805
EXLANG\disc0_rel\00b2b4b6.PDT	1209	0x2955000	26624	0x100	ok	raw	5350f905
EXLANG\disc0_rel\00b2b4b6.PDT	1210	0x295b800	26624	0x100	ok	raw	5350fa05
EXLANG\disc0_rel\00b2b4b6.PDT	1211	0x2962000	18432	0x100	ok	raw	5350fb05
EXLANG\disc0_rel\00b2b4b6.PDT	1212	0x2966800	4096	0x100	ok	raw	5350fc05
EXLANG\disc0_rel\00b2b4b6.PDT	1213	0x2967800	4096	0x100	ok	raw	5350fd05
EXLANG\disc0_rel\00b2b4b6.PDT	1214	0x2968800	4096	0x100	ok	raw	5350fe05
EXLANG\disc0_rel\00b2b4b6.PDT	1215	0x2969800	49152	0x100	ok	raw	5350ff05
EXLANG\disc0_rel\00b2b4b6.PDT	1216	0x2975800	24576	0x100	ok	raw	53500006
EXLANG\disc0_rel\00b2b4b6.PDT	1217	0x297b800	28672	0x100	ok	raw	53500106
EXLANG\disc0_rel\00b2b4b6.PDT	1218	0x2982800	26624	0x100	ok	raw	53500206
EXLANG\disc0_rel\00b2b4b6.PDT	1219	0x2989000	20480	0x100	ok	raw	53500306
EXLANG\disc0_rel\00b2b4b6.PDT	1220	0x298e000	22528	0x100	ok	raw	53500406
EXLANG\disc0_rel\00b2b4b6.PDT	1221	0x2993800	20480	0x100	ok	raw	53500506
EXLANG\disc0_rel\00b2b4b6.PDT	1222	0x2998800	24576	0x100	ok	raw	53500606
EXLANG\disc0_rel\00b2b4b6.PDT	1223	0x299e800	16384	0x100	ok	raw	53500706
EXLANG\disc0_rel\00b2b4b6.PDT	1224	0x29a2800	26624	0x100	ok	raw	53500806
EXLANG\disc0_rel\00b2b4b6.PDT	1225	0x29a9000	26624	0x100	ok	raw	53500906
EXLANG\disc0_rel\00b2b4b6.PDT	1226	0x29af800	16384	0x100	ok	raw	53500a06
EXLANG\disc0_rel\00b2b4b6.PDT	1227	0x29b3800	22528	0x100	ok	raw	53500b06
EXLANG\disc0_rel\00b2b4b6.PDT	1228	0x29b9000	16384	0x100	ok	raw	53500c06
EXLANG\disc0_rel\00b2b4b6.PDT	1229	0x29bd000	24576	0x100	ok	raw	53500d06
EXLANG\disc0_rel\00b2b4b6.PDT	1230	0x29c3000	26624	0x100	ok	raw	53500e06
EXLANG\disc0_rel\00b2b4b6.PDT	1231	0x29c9800	22528	0x100	ok	raw	53500f06
EXLANG\disc0_rel\00b2b4b6.PDT	1232	0x29cf000	26624	0x100	ok	raw	53501006
EXLANG\disc0_rel\00b2b4b6.PDT	1233	0x29d5800	36864	0x100	ok	raw	53501106
EXLANG\disc0_rel\00b2b4b6.PDT	1234	0x29de800	36864	0x100	ok	raw	53501206
EXLANG\disc0_rel\00b2b4b6.PDT	1235	0x29e7800	24576	0x100	ok	raw	53501306
EXLANG\disc0_rel\00b2b4b6.PDT	1236	0x29ed800	55296	0x100	ok	raw	53501406
EXLANG\disc0_rel\00b2b4b6.PDT	1237	0x29fb000	32768	0x100	ok	raw	53501506
EXLANG\disc0_rel\00b2b4b6.PDT	1238	0x2a03000	14336	0x100	ok	raw	53501606
EXLANG\disc0_rel\00b2b4b6.PDT	1239	0x2a06800	18432	0x100	ok	raw	53501706
EXLANG\disc0_rel\00b2b4b6.PDT	1240	0x2a0b000	20480	0x100	ok	raw	53501806
EXLANG\disc0_rel\00b2b4b6.PDT	1241	0x2a10000	28672	0x100	ok	raw	53501906
EXLANG\disc0_rel\00b2b4b6.PDT	1242	0x2a17000	22528	0x100	ok	raw	53501a06
EXLANG\disc0_rel\00b2b4b6.PDT	1243	0x2a1c800	20480	0x100	ok	raw	53501b06
EXLANG\disc0_rel\00b2b4b6.PDT	1244	0x2a21800	26624	0x100	ok	raw	53501c06
EXLANG\disc0_rel\00b2b4b6.PDT	1245	0x2a28000	26624	0x100	ok	raw	53501d06
EXLANG\disc0_rel\00b2b4b6.PDT	1246	0x2a2e800	36864	0x100	ok	raw	53501e06
EXLANG\disc0_rel\00b2b4b6.PDT	1247	0x2a37800	22528	0x100	ok	raw	53501f06
EXLANG\disc0_rel\00b2b4b6.PDT	1248	0x2a3d000	18432	0x100	ok	raw	53502006
EXLANG\disc0_rel\00b2b4b6.PDT	1249	0x2a41800	26624	0x100	ok	raw	53502106
EXLANG\disc0_rel\00b2b4b6.PDT	1250	0x2a48000	26624	0x100	ok	raw	53502206
EXLANG\disc0_rel\00b2b4b6.PDT	1251	0x2a4e800	32768	0x100	ok	raw	53502306
EXLANG\disc0_rel\00b2b4b6.PDT	1252	0x2a56800	40960	0x100	ok	raw	53502406
EXLANG\disc0_rel\00b2b4b6.PDT	1253	0x2a60800	22528	0x100	ok	raw	53502506
EXLANG\disc0_rel\00b2b4b6.PDT	1254	0x2a66000	16384	0x100	ok	raw	53502606
EXLANG\disc0_rel\00b2b4b6.PDT	1255	0x2a6a000	24576	0x100	ok	raw	53502706
EXLANG\disc0_rel\00b2b4b6.PDT	1256	0x2a70000	45056	0x100	ok	raw	53502806
EXLANG\disc0_rel\00b2b4b6.PDT	1257	0x2a7b000	24576	0x100	ok	raw	53502906
EXLANG\disc0_rel\00b2b4b6.PDT	1258	0x2a81000	36864	0x100	ok	raw	53502a06
EXLANG\disc0_rel\00b2b4b6.PDT	1259	0x2a8a000	40960	0x100	ok	raw	53502b06
EXLANG\disc0_rel\00b2b4b6.PDT	1260	0x2a94000	32768	0x100	ok	raw	53502c06
EXLANG\disc0_rel\00b2b4b6.PDT	1261	0x2a9c000	32768	0x100	ok	raw	53502d06
EXLANG\disc0_rel\00b2b4b6.PDT	1262	0x2aa4000	34816	0x100	ok	raw	53502e06
EXLANG\disc0_rel\00b2b4b6.PDT	1263	0x2aac800	34816	0x100	ok	raw	53502f06
EXLANG\disc0_rel\00b2b4b6.PDT	1264	0x2ab5000	26624	0x100	ok	raw	53503006
EXLANG\disc0_rel\00b2b4b6.PDT	1265	0x2abb800	30720	0x100	ok	raw	53503106
EXLANG\disc0_rel\00b2b4b6.PDT	1266	0x2ac3000	36864	0x100	ok	raw	53503206
EXLANG\disc0_rel\00b2b4b6.PDT	1267	0x2acc000	20480	0x100	ok	raw	53503306
EXLANG\disc0_rel\00b2b4b6.PDT	1268	0x2ad1000	24576	0x100	ok	raw	53503406
EXLANG\disc0_rel\00b2b4b6.PDT	1269	0x2ad7000	24576	0x100	ok	raw	53503506
EXLANG\disc0_rel\00b2b4b6.PDT	1270	0x2add000	34816	0x100	ok	raw	53503606
EXLANG\disc0_rel\00b2b4b6.PDT	1271	0x2ae5800	20480	0x100	ok	raw	53503706
EXLANG\disc0_rel\00b2b4b6.PDT	1272	0x2aea800	22528	0x100	ok	raw	53503806
EXLANG\disc0_rel\00b2b4b6.PDT	1273	0x2af0000	20480	0x100	ok	raw	53503906
EXLANG\disc0_rel\00b2b4b6.PDT	1274	0x2af5000	24576	0x100	ok	raw	53503a06
EXLANG\disc0_rel\00b2b4b6.PDT	1275	0x2afb000	24576	0x100	ok	raw	53503c06
EXLANG\disc0_rel\00b2b4b6.PDT	1276	0x2b01000	38912	0x100	ok	raw	53503d06
EXLANG\disc0_rel\00b2b4b6.PDT	1277	0x2b0a800	53248	0x100	ok	raw	53503e06
EXLANG\disc0_rel\00b2b4b6.PDT	1278	0x2b17800	38912	0x100	ok	raw	53503f06
EXLANG\disc0_rel\00b2b4b6.PDT	1279	0x2b21000	55296	0x100	ok	raw	53504006
EXLANG\disc0_rel\00b2b4b6.PDT	1280	0x2b2e800	34816	0x100	ok	raw	53504106
EXLANG\disc0_rel\00b2b4b6.PDT	1281	0x2b37000	28672	0x100	ok	raw	53504206
EXLANG\disc0_rel\00b2b4b6.PDT	1282	0x2b3e000	45056	0x100	ok	raw	53504306
EXLANG\disc0_rel\00b2b4b6.PDT	1283	0x2b49000	26624	0x100	ok	raw	53504406
EXLANG\disc0_rel\00b2b4b6.PDT	1284	0x2b4f800	51200	0x100	ok	raw	53504506
EXLANG\disc0_rel\00b2b4b6.PDT	1285	0x2b5c000	55296	0x100	ok	raw	53504606
EXLANG\disc0_rel\00b2b4b6.PDT	1286	0x2b69800	18432	0x100	ok	raw	53504706
EXLANG\disc0_rel\00b2b4b6.PDT	1287	0x2b6e000	43008	0x100	ok	raw	53504806
EXLANG\disc0_rel\00b2b4b6.PDT	1288	0x2b78800	55296	0x100	ok	raw	53504906
EXLANG\disc0_rel\00b2b4b6.PDT	1289	0x2b86000	40960	0x100	ok	raw	53504a06
EXLANG\disc0_rel\00b2b4b6.PDT	1290	0x2b90000	26624	0x100	ok	raw	53504b06
EXLANG\disc0_rel\00b2b4b6.PDT	1291	0x2b96800	26624	0x100	ok	raw	53504c06
EXLANG\disc0_rel\00b2b4b6.PDT	1292	0x2b9d000	40960	0x100	ok	raw	53504d06
EXLANG\disc0_rel\00b2b4b6.PDT	1293	0x2ba7000	51200	0x100	ok	raw	53504e06
EXLANG\disc0_rel\00b2b4b6.PDT	1294	0x2bb3800	24576	0x100	ok	raw	53504f06
EXLANG\disc0_rel\00b2b4b6.PDT	1295	0x2bb9800	26624	0x100	ok	raw	53505006
EXLANG\disc0_rel\00b2b4b6.PDT	1296	0x2bc0000	14336	0x100	ok	raw	53505106
EXLANG\disc0_rel\00b2b4b6.PDT	1297	0x2bc3800	22528	0x100	ok	raw	53505206
EXLANG\disc0_rel\00b2b4b6.PDT	1298	0x2bc9000	18432	0x100	ok	raw	53505306
EXLANG\disc0_rel\00b2b4b6.PDT	1299	0x2bcd800	26624	0x100	ok	raw	53505406
EXLANG\disc0_rel\00b2b4b6.PDT	1300	0x2bd4000	34816	0x100	ok	raw	53505506
EXLANG\disc0_rel\00b2b4b6.PDT	1301	0x2bdc800	43008	0x100	ok	raw	53505606
EXLANG\disc0_rel\00b2b4b6.PDT	1302	0x2be7000	6144	0x100	ok	raw	53505706
EXLANG\disc0_rel\00b2b4b6.PDT	1303	0x2be8800	6144	0x100	ok	raw	53505806
EXLANG\disc0_rel\00b2b4b6.PDT	1304	0x2bea000	63488	0x100	ok	raw	53505906
EXLANG\disc0_rel\00b2b4b6.PDT	1305	0x2bf9800	6144	0x100	ok	raw	53505a06
EXLANG\disc0_rel\00b2b4b6.PDT	1306	0x2bfb000	40960	0x100	ok	raw	53505b06
EXLANG\disc0_rel\00b2b4b6.PDT	1307	0x2c05000	49152	0x100	ok	raw	53505c06
EXLANG\disc0_rel\00b2b4b6.PDT	1308	0x2c11000	40960	0x100	ok	raw	53505d06
EXLANG\disc0_rel\00b2b4b6.PDT	1309	0x2c1b000	77824	0x100	ok	raw	53505e06
EXLANG\disc0_rel\00b2b4b6.PDT	1310	0x2c2e000	49152	0x100	ok	raw	53505f06
EXLANG\disc0_rel\00b2b4b6.PDT	1311	0x2c3a000	43008	0x100	ok	raw	53506006
EXLANG\disc0_rel\00b2b4b6.PDT	1312	0x2c44800	18432	0x100	ok	raw	53506106
EXLANG\disc0_rel\00b2b4b6.PDT	1313	0x2c49000	40960	0x100	ok	raw	53506206
EXLANG\disc0_rel\00b2b4b6.PDT	1314	0x2c53000	36864	0x100	ok	raw	53506306
EXLANG\disc0_rel\00b2b4b6.PDT	1315	0x2c5c000	45056	0x100	ok	raw	53506406
EXLANG\disc0_rel\00b2b4b6.PDT	1316	0x2c67000	57344	0x100	ok	raw	53506506
EXLANG\disc0_rel\00b2b4b6.PDT	1317	0x2c75000	30720	0x100	ok	raw	53506606
EXLANG\disc0_rel\00b2b4b6.PDT	1318	0x2c7c800	34816	0x100	ok	raw	53506706
EXLANG\disc0_rel\00b2b4b6.PDT	1319	0x2c85000	22528	0x100	ok	raw	53506806
EXLANG\disc0_rel\00b2b4b6.PDT	1320	0x2c8a800	34816	0x100	ok	raw	53506906
EXLANG\disc0_rel\00b2b4b6.PDT	1321	0x2c93000	34816	0x100	ok	raw	53506a06
EXLANG\disc0_rel\00b2b4b6.PDT	1322	0x2c9b800	26624	0x100	ok	raw	53506b06
EXLANG\disc0_rel\00b2b4b6.PDT	1323	0x2ca2000	34816	0x100	ok	raw	53506c06
EXLANG\disc0_rel\00b2b4b6.PDT	1324	0x2caa800	36864	0x100	ok	raw	53506d06
EXLANG\disc0_rel\00b2b4b6.PDT	1325	0x2cb3800	40960	0x100	ok	raw	53506e06
EXLANG\disc0_rel\00b2b4b6.PDT	1326	0x2cbd800	36864	0x100	ok	raw	53506f06
EXLANG\disc0_rel\00b2b4b6.PDT	1327	0x2cc6800	18432	0x100	ok	raw	53507006
EXLANG\disc0_rel\00b2b4b6.PDT	1328	0x2ccb000	30720	0x100	ok	raw	53507106
EXLANG\disc0_rel\00b2b4b6.PDT	1329	0x2cd2800	63488	0x100	ok	raw	53507206
EXLANG\disc0_rel\00b2b4b6.PDT	1330	0x2ce2000	47104	0x100	ok	raw	53507306
EXLANG\disc0_rel\00b2b4b6.PDT	1331	0x2ced800	34816	0x100	ok	raw	53507406
EXLANG\disc0_rel\00b2b4b6.PDT	1332	0x2cf6000	20480	0x100	ok	raw	53507506
EXLANG\disc0_rel\00b2b4b6.PDT	1333	0x2cfb000	36864	0x100	ok	raw	53507606
EXLANG\disc0_rel\00b2b4b6.PDT	1334	0x2d04000	34816	0x100	ok	raw	53507706
EXLANG\disc0_rel\00b2b4b6.PDT	1335	0x2d0c800	30720	0x100	ok	raw	53507806
EXLANG\disc0_rel\00b2b4b6.PDT	1336	0x2d14000	28672	0x100	ok	raw	53508406
EXLANG\disc0_rel\00b2b4b6.PDT	1337	0x2d1b000	22528	0x100	ok	raw	53508506
EXLANG\disc0_rel\00b2b4b6.PDT	1338	0x2d20800	32768	0x100	ok	raw	53508606
EXLANG\disc0_rel\00b2b4b6.PDT	1339	0x2d28800	59392	0x100	ok	raw	53508706
EXLANG\disc0_rel\00b2b4b6.PDT	1340	0x2d37000	75776	0x100	ok	raw	53508806
EXLANG\disc0_rel\00b2b4b6.PDT	1341	0x2d49800	36864	0x100	ok	raw	53508906
EXLANG\disc0_rel\00b2b4b6.PDT	1342	0x2d52800	22528	0x100	ok	raw	53508a06
EXLANG\disc0_rel\00b2b4b6.PDT	1343	0x2d58000	45056	0x100	ok	raw	53508b06
EXLANG\disc0_rel\00b2b4b6.PDT	1344	0x2d63000	34816	0x100	ok	raw	53508c06
EXLANG\disc0_rel\00b2b4b6.PDT	1345	0x2d6b800	40960	0x100	ok	raw	53508d06
EXLANG\disc0_rel\00b2b4b6.PDT	1346	0x2d75800	26624	0x100	ok	raw	53508e06
EXLANG\disc0_rel\00b2b4b6.PDT	1347	0x2d7c000	36864	0x100	ok	raw	53508f06
EXLANG\disc0_rel\00b2b4b6.PDT	1348	0x2d85000	22528	0x100	ok	raw	53509006
EXLANG\disc0_rel\00b2b4b6.PDT	1349	0x2d8a800	28672	0x100	ok	raw	53509106
EXLANG\disc0_rel\00b2b4b6.PDT	1350	0x2d91800	22528	0x100	ok	raw	53509206
EXLANG\disc0_rel\00b2b4b6.PDT	1351	0x2d97000	34816	0x100	ok	raw	53509306
EXLANG\disc0_rel\00b2b4b6.PDT	1352	0x2d9f800	28672	0x100	ok	raw	53509406
EXLANG\disc0_rel\00b2b4b6.PDT	1353	0x2da6800	55296	0x100	ok	raw	53509506
EXLANG\disc0_rel\00b2b4b6.PDT	1354	0x2db4000	43008	0x100	ok	raw	53509606
EXLANG\disc0_rel\00b2b4b6.PDT	1355	0x2dbe800	40960	0x100	ok	raw	53509706
EXLANG\disc0_rel\00b2b4b6.PDT	1356	0x2dc8800	26624	0x100	ok	raw	53509806
EXLANG\disc0_rel\00b2b4b6.PDT	1357	0x2dcf000	24576	0x100	ok	raw	53509906
EXLANG\disc0_rel\00b2b4b6.PDT	1358	0x2dd5000	32768	0x100	ok	raw	53509a06
EXLANG\disc0_rel\00b2b4b6.PDT	1359	0x2ddd000	30720	0x100	ok	raw	53509b06
EXLANG\disc0_rel\00b2b4b6.PDT	1360	0x2de4800	24576	0x100	ok	raw	53509c06
EXLANG\disc0_rel\00b2b4b6.PDT	1361	0x2dea800	45056	0x100	ok	raw	53509d06
EXLANG\disc0_rel\00b2b4b6.PDT	1362	0x2df5800	26624	0x100	ok	raw	53509e06
EXLANG\disc0_rel\00b2b4b6.PDT	1363	0x2dfc000	43008	0x100	ok	raw	53509f06
EXLANG\disc0_rel\00b2b4b6.PDT	1364	0x2e06800	30720	0x100	ok	raw	5350a006
EXLANG\disc0_rel\00b2b4b6.PDT	1365	0x2e0e000	63488	0x100	ok	raw	5350a106
EXLANG\disc0_rel\00b2b4b6.PDT	1366	0x2e1d800	43008	0x100	ok	raw	5350a206
EXLANG\disc0_rel\00b2b4b6.PDT	1367	0x2e28000	36864	0x100	ok	raw	5350a306
EXLANG\disc0_rel\00b2b4b6.PDT	1368	0x2e31000	18432	0x100	ok	raw	5350a406
EXLANG\disc0_rel\00b2b4b6.PDT	1369	0x2e35800	43008	0x100	ok	raw	5350a506
EXLANG\disc0_rel\00b2b4b6.PDT	1370	0x2e40000	55296	0x100	ok	raw	5350a606
EXLANG\disc0_rel\00b2b4b6.PDT	1371	0x2e4d800	26624	0x100	ok	raw	5350a706
EXLANG\disc0_rel\00b2b4b6.PDT	1372	0x2e54000	40960	0x100	ok	raw	5350a806
EXLANG\disc0_rel\00b2b4b6.PDT	1373	0x2e5e000	6144	0x100	ok	raw	5350a906
EXLANG\disc0_rel\00b2b4b6.PDT	1374	0x2e5f800	63488	0x100	ok	raw	5350aa06
EXLANG\disc0_rel\00b2b4b6.PDT	1375	0x2e6f000	6144	0x100	ok	raw	5350ab06
EXLANG\disc0_rel\00b2b4b6.PDT	1376	0x2e70800	38912	0x100	ok	raw	5350ac06
EXLANG\disc0_rel\00b2b4b6.PDT	1377	0x2e7a000	4096	0x100	ok	raw	5350ad06
EXLANG\disc0_rel\00b2b4b6.PDT	1378	0x2e7b000	26624	0x100	ok	raw	5350ae06
EXLANG\disc0_rel\00b2b4b6.PDT	1379	0x2e81800	26624	0x100	ok	raw	5350af06
EXLANG\disc0_rel\00b2b4b6.PDT	1380	0x2e88000	26624	0x100	ok	raw	5350b006
EXLANG\disc0_rel\00b2b4b6.PDT	1381	0x2e8e800	12288	0x100	ok	raw	5350b106
EXLANG\disc0_rel\00b2b4b6.PDT	1382	0x2e91800	14336	0x100	ok	raw	5350b206
EXLANG\disc0_rel\00b2b4b6.PDT	1383	0x2e95000	22528	0x100	ok	raw	5350b306
EXLANG\disc0_rel\00b2b4b6.PDT	1384	0x2e9a800	32768	0x100	ok	raw	5350b406
EXLANG\disc0_rel\00b2b4b6.PDT	1385	0x2ea2800	40960	0x100	ok	raw	5350b506
EXLANG\disc0_rel\00b2b4b6.PDT	1386	0x2eac800	24576	0x100	ok	raw	5350b606
EXLANG\disc0_rel\00b2b4b6.PDT	1387	0x2eb2800	22528	0x100	ok	raw	5350b706
EXLANG\disc0_rel\00b2b4b6.PDT	1388	0x2eb8000	22528	0x100	ok	raw	5350b806
EXLANG\disc0_rel\00b2b4b6.PDT	1389	0x2ebd800	22528	0x100	ok	raw	5350b906
EXLANG\disc0_rel\00b2b4b6.PDT	1390	0x2ec3000	20480	0x100	ok	raw	5350ba06
EXLANG\disc0_rel\00b2b4b6.PDT	1391	0x2ec8000	24576	0x100	ok	raw	5350bb06
EXLANG\disc0_rel\00b2b4b6.PDT	1392	0x2ece000	20480	0x100	ok	raw	5350bc06
EXLANG\disc0_rel\00b2b4b6.PDT	1393	0x2ed3000	26624	0x100	ok	raw	5350bd06
EXLANG\disc0_rel\00b2b4b6.PDT	1394	0x2ed9800	26624	0x100	ok	raw	5350be06
EXLANG\disc0_rel\00b2b4b6.PDT	1395	0x2ee0000	14336	0x100	ok	raw	5350bf06
EXLANG\disc0_rel\00b2b4b6.PDT	1396	0x2ee3800	34816	0x100	ok	raw	5350c006
EXLANG\disc0_rel\00b2b4b6.PDT	1397	0x2eec000	28672	0x100	ok	raw	5350c106
EXLANG\disc0_rel\00b2b4b6.PDT	1398	0x2ef3000	34816	0x100	ok	raw	5350c206
EXLANG\disc0_rel\00b2b4b6.PDT	1399	0x2efb800	43008	0x100	ok	raw	5350c306
EXLANG\disc0_rel\00b2b4b6.PDT	1400	0x2f06000	53248	0x100	ok	raw	5350c406
EXLANG\disc0_rel\00b2b4b6.PDT	1401	0x2f13000	53248	0x100	ok	raw	5350c506
EXLANG\disc0_rel\00b2b4b6.PDT	1402	0x2f20000	32768	0x100	ok	raw	5350c606
EXLANG\disc0_rel\00b2b4b6.PDT	1403	0x2f28000	47104	0x100	ok	raw	5350c706
EXLANG\disc0_rel\00b2b4b6.PDT	1404	0x2f33800	28672	0x100	ok	raw	5350c806
EXLANG\disc0_rel\00b2b4b6.PDT	1405	0x2f3a800	28672	0x100	ok	raw	5350c906
EXLANG\disc0_rel\00b2b4b6.PDT	1406	0x2f41800	34816	0x100	ok	raw	5350ca06
EXLANG\disc0_rel\00b2b4b6.PDT	1407	0x2f4a000	40960	0x100	ok	raw	5350cb06
EXLANG\disc0_rel\00b2b4b6.PDT	1408	0x2f54000	26624	0x100	ok	raw	5350d606
EXLANG\disc0_rel\00b2b4b6.PDT	1409	0x2f5a800	26624	0x100	ok	raw	5350d706
EXLANG\disc0_rel\00b2b4b6.PDT	1410	0x2f61000	28672	0x100	ok	raw	5350d806
EXLANG\disc0_rel\00b2b4b6.PDT	1411	0x2f68000	22528	0x100	ok	raw	5350d906
EXLANG\disc0_rel\00b2b4b6.PDT	1412	0x2f6d800	55296	0x100	ok	raw	5350da06
EXLANG\disc0_rel\00b2b4b6.PDT	1413	0x2f7b000	47104	0x100	ok	raw	5350db06
EXLANG\disc0_rel\00b2b4b6.PDT	1414	0x2f86800	26624	0x100	ok	raw	5350dc06
EXLANG\disc0_rel\00b2b4b6.PDT	1415	0x2f8d000	30720	0x100	ok	raw	5350dd06
EXLANG\disc0_rel\00b2b4b6.PDT	1416	0x2f94800	43008	0x100	ok	raw	5350de06
EXLANG\disc0_rel\00b2b4b6.PDT	1417	0x2f9f000	49152	0x100	ok	raw	5350df06
EXLANG\disc0_rel\00b2b4b6.PDT	1418	0x2fab000	43008	0x100	ok	raw	5350e006
EXLANG\disc0_rel\00b2b4b6.PDT	1419	0x2fb5800	38912	0x100	ok	raw	5350e106
EXLANG\disc0_rel\00b2b4b6.PDT	1420	0x2fbf000	51200	0x100	ok	raw	5350e206
EXLANG\disc0_rel\00b2b4b6.PDT	1421	0x2fcb800	47104	0x100	ok	raw	5350e306
EXLANG\disc0_rel\00b2b4b6.PDT	1422	0x2fd7000	47104	0x100	ok	raw	5350e406
EXLANG\disc0_rel\00b2b4b6.PDT	1423	0x2fe2800	30720	0x100	ok	raw	5350e506
EXLANG\disc0_rel\00b2b4b6.PDT	1424	0x2fea000	28672	0x100	ok	raw	5350e606
EXLANG\disc0_rel\00b2b4b6.PDT	1425	0x2ff1000	51200	0x100	ok	raw	5350e706
EXLANG\disc0_rel\00b2b4b6.PDT	1426	0x2ffd800	38912	0x100	ok	raw	5350e806
EXLANG\disc0_rel\00b2b4b6.PDT	1427	0x3007000	30720	0x100	ok	raw	5350e906
EXLANG\disc0_rel\00b2b4b6.PDT	1428	0x300e800	45056	0x100	ok	raw	5350ea06
EXLANG\disc0_rel\00b2b4b6.PDT	1429	0x3019800	28672	0x100	ok	raw	5350eb06
EXLANG\disc0_rel\00b2b4b6.PDT	1430	0x3020800	28672	0x100	ok	raw	5350ec06
EXLANG\disc0_rel\00b2b4b6.PDT	1431	0x3027800	45056	0x100	ok	raw	5350ed06
EXLANG\disc0_rel\00b2b4b6.PDT	1432	0x3032800	28672	0x100	ok	raw	5350ee06
EXLANG\disc0_rel\00b2b4b6.PDT	1433	0x3039800	49152	0x100	ok	raw	5350ef06
EXLANG\disc0_rel\00b2b4b6.PDT	1434	0x3045800	6144	0x100	ok	raw	5350f006
EXLANG\disc0_rel\00b2b4b6.PDT	1435	0x3047000	6144	0x100	ok	raw	5350f106
EXLANG\disc0_rel\00b2b4b6.PDT	1436	0x3048800	53248	0x100	ok	raw	5350f206
EXLANG\disc0_rel\00b2b4b6.PDT	1437	0x3055800	28672	0x100	ok	raw	5350f306
EXLANG\disc0_rel\00b2b4b6.PDT	1438	0x305c800	53248	0x100	ok	raw	5350f406
EXLANG\disc0_rel\00b2b4b6.PDT	1439	0x3069800	47104	0x100	ok	raw	5350f506
EXLANG\disc0_rel\00b2b4b6.PDT	1440	0x3075000	6144	0x100	ok	raw	5350f606
EXLANG\disc0_rel\00b2b4b6.PDT	1441	0x3076800	4096	0x100	ok	raw	5350f706
EXLANG\disc0_rel\00b2b4b6.PDT	1442	0x3077800	6144	0x100	ok	raw	5350f806
EXLANG\disc0_rel\00b2b4b6.PDT	1443	0x3079000	43008	0x100	ok	raw	5350f906
EXLANG\disc0_rel\00b2b4b6.PDT	1444	0x3083800	20480	0x100	ok	raw	5350fa06
EXLANG\disc0_rel\00b2b4b6.PDT	1445	0x3088800	51200	0x100	ok	raw	5350fb06
EXLANG\disc0_rel\00b2b4b6.PDT	1446	0x3095000	67584	0x100	ok	raw	5350fc06
EXLANG\disc0_rel\00b2b4b6.PDT	1447	0x30a5800	38912	0x100	ok	raw	5350fd06
EXLANG\disc0_rel\00b2b4b6.PDT	1448	0x30af000	22528	0x100	ok	raw	5350f607
EXLANG\disc0_rel\00b2b4b6.PDT	1449	0x30b4800	22528	0x100	ok	raw	5350fe06
EXLANG\disc0_rel\00b2b4b6.PDT	1450	0x30ba000	20480	0x100	ok	raw	5350ff06
EXLANG\disc0_rel\00b2b4b6.PDT	1451	0x30bf000	20480	0x100	ok	raw	53500007
EXLANG\disc0_rel\00b2b4b6.PDT	1452	0x30c4000	26624	0x100	ok	raw	53500107
EXLANG\disc0_rel\00b2b4b6.PDT	1453	0x30ca800	34816	0x100	ok	raw	53500207
EXLANG\disc0_rel\00b2b4b6.PDT	1454	0x30d3000	24576	0x100	ok	raw	53500307
EXLANG\disc0_rel\00b2b4b6.PDT	1455	0x30d9000	32768	0x100	ok	raw	53500407
EXLANG\disc0_rel\00b2b4b6.PDT	1456	0x30e1000	49152	0x100	ok	raw	53500507
EXLANG\disc0_rel\00b2b4b6.PDT	1457	0x30ed000	61440	0x100	ok	raw	53500607
EXLANG\disc0_rel\00b2b4b6.PDT	1458	0x30fc000	43008	0x100	ok	raw	53500707
EXLANG\disc0_rel\00b2b4b6.PDT	1459	0x3106800	47104	0x100	ok	raw	53500807
EXLANG\disc0_rel\00b2b4b6.PDT	1460	0x3112000	61440	0x100	ok	raw	53500907
EXLANG\disc0_rel\00b2b4b6.PDT	1461	0x3121000	18432	0x100	ok	raw	53500a07
EXLANG\disc0_rel\00b2b4b6.PDT	1462	0x3125800	16384	0x100	ok	raw	53500b07
EXLANG\disc0_rel\00b2b4b6.PDT	1463	0x3129800	26624	0x100	ok	raw	53500c07
EXLANG\disc0_rel\00b2b4b6.PDT	1464	0x3130000	34816	0x100	ok	raw	53500d07
EXLANG\disc0_rel\00b2b4b6.PDT	1465	0x3138800	28672	0x100	ok	raw	53500e07
EXLANG\disc0_rel\00b2b4b6.PDT	1466	0x313f800	43008	0x100	ok	raw	53500f07
EXLANG\disc0_rel\00b2b4b6.PDT	1467	0x314a000	47104	0x100	ok	raw	53501007
EXLANG\disc0_rel\00b2b4b6.PDT	1468	0x3155800	40960	0x100	ok	raw	53501107
EXLANG\disc0_rel\00b2b4b6.PDT	1469	0x315f800	38912	0x100	ok	raw	53501207
EXLANG\disc0_rel\00b2b4b6.PDT	1470	0x3169000	26624	0x100	ok	raw	53501307
EXLANG\disc0_rel\00b2b4b6.PDT	1471	0x316f800	20480	0x100	ok	raw	53501407
EXLANG\disc0_rel\00b2b4b6.PDT	1472	0x3174800	40960	0x100	ok	raw	53501507
EXLANG\disc0_rel\00b2b4b6.PDT	1473	0x317e800	49152	0x100	ok	raw	53501607
EXLANG\disc0_rel\00b2b4b6.PDT	1474	0x318a800	51200	0x100	ok	raw	53501707
EXLANG\disc0_rel\00b2b4b6.PDT	1475	0x3197000	53248	0x100	ok	raw	53501807
EXLANG\disc0_rel\00b2b4b6.PDT	1476	0x31a4000	51200	0x100	ok	raw	53501907
EXLANG\disc0_rel\00b2b4b6.PDT	1477	0x31b0800	61440	0x100	ok	raw	53501a07
EXLANG\disc0_rel\00b2b4b6.PDT	1478	0x31bf800	65536	0x100	ok	raw	53501b07
EXLANG\disc0_rel\00b2b4b6.PDT	1479	0x31cf800	51200	0x100	ok	raw	53501c07
EXLANG\disc0_rel\00b2b4b6.PDT	1480	0x31dc000	57344	0x100	ok	raw	53501d07
EXLANG\disc0_rel\00b2b4b6.PDT	1481	0x31ea000	47104	0x100	ok	raw	53501e07
EXLANG\disc0_rel\00b2b4b6.PDT	1482	0x31f5800	32768	0x100	ok	raw	53501f07
EXLANG\disc0_rel\00b2b4b6.PDT	1483	0x31fd800	67584	0x100	ok	raw	53502007
EXLANG\disc0_rel\00b2b4b6.PDT	1484	0x320e000	45056	0x100	ok	raw	53502107
EXLANG\disc0_rel\00b2b4b6.PDT	1485	0x3219000	4096	0x100	ok	raw	53502207
EXLANG\disc0_rel\00b2b4b6.PDT	1486	0x321a000	4096	0x100	ok	raw	53502307
EXLANG\disc0_rel\00b2b4b6.PDT	1487	0x321b000	86016	0x100	ok	raw	53502407
EXLANG\disc0_rel\00b2b4b6.PDT	1488	0x3230000	81920	0x100	ok	raw	53502507
EXLANG\disc0_rel\00b2b4b6.PDT	1489	0x3244000	57344	0x100	ok	raw	53502607
EXLANG\disc0_rel\00b2b4b6.PDT	1490	0x3252000	40960	0x100	ok	raw	53502707
EXLANG\disc0_rel\00b2b4b6.PDT	1491	0x325c000	36864	0x100	ok	raw	53502807
EXLANG\disc0_rel\00b2b4b6.PDT	1492	0x3265000	40960	0x100	ok	raw	53502907
EXLANG\disc0_rel\00b2b4b6.PDT	1493	0x326f000	26624	0x100	ok	raw	53502a07
EXLANG\disc0_rel\00b2b4b6.PDT	1494	0x3275800	32768	0x100	ok	raw	53502b07
EXLANG\disc0_rel\00b2b4b6.PDT	1495	0x327d800	22528	0x100	ok	raw	53502c07
EXLANG\disc0_rel\00b2b4b6.PDT	1496	0x3283000	32768	0x100	ok	raw	53502d07
EXLANG\disc0_rel\00b2b4b6.PDT	1497	0x328b000	36864	0x100	ok	raw	53502e07
EXLANG\disc0_rel\00b2b4b6.PDT	1498	0x3294000	28672	0x100	ok	raw	53502f07
EXLANG\disc0_rel\00b2b4b6.PDT	1499	0x329b000	28672	0x100	ok	raw	53503007
EXLANG\disc0_rel\00b2b4b6.PDT	1500	0x32a2000	43008	0x100	ok	raw	53503107
EXLANG\disc0_rel\00b2b4b6.PDT	1501	0x32ac800	49152	0x100	ok	raw	53503207
EXLANG\disc0_rel\00b2b4b6.PDT	1502	0x32b8800	28672	0x100	ok	raw	53503307
EXLANG\disc0_rel\00b2b4b6.PDT	1503	0x32bf800	34816	0x100	ok	raw	53503407
EXLANG\disc0_rel\00b2b4b6.PDT	1504	0x32c8000	16384	0x100	ok	raw	53503507
EXLANG\disc0_rel\00b2b4b6.PDT	1505	0x32cc000	26624	0x100	ok	raw	53503607
EXLANG\disc0_rel\00b2b4b6.PDT	1506	0x32d2800	43008	0x100	ok	raw	53503707
EXLANG\disc0_rel\00b2b4b6.PDT	1507	0x32dd000	51200	0x100	ok	raw	53503807
EXLANG\disc0_rel\00b2b4b6.PDT	1508	0x32e9800	28672	0x100	ok	raw	53503907
EXLANG\disc0_rel\00b2b4b6.PDT	1509	0x32f0800	36864	0x100	ok	raw	53503a07
EXLANG\disc0_rel\00b2b4b6.PDT	1510	0x32f9800	38912	0x100	ok	raw	53503b07
EXLANG\disc0_rel\00b2b4b6.PDT	1511	0x3303000	30720	0x100	ok	raw	53503c07
EXLANG\disc0_rel\00b2b4b6.PDT	1512	0x330a800	38912	0x100	ok	raw	53503d07
EXLANG\disc0_rel\00b2b4b6.PDT	1513	0x3314000	55296	0x100	ok	raw	53503e07
EXLANG\disc0_rel\00b2b4b6.PDT	1514	0x3321800	32768	0x100	ok	raw	53503f07
EXLANG\disc0_rel\00b2b4b6.PDT	1515	0x3329800	51200	0x100	ok	raw	53504007
EXLANG\disc0_rel\00b2b4b6.PDT	1516	0x3336000	30720	0x100	ok	raw	53504107
EXLANG\disc0_rel\00b2b4b6.PDT	1517	0x333d800	43008	0x100	ok	raw	53504207
EXLANG\disc0_rel\00b2b4b6.PDT	1518	0x3348000	30720	0x100	ok	raw	53504307
EXLANG\disc0_rel\00b2b4b6.PDT	1519	0x334f800	51200	0x100	ok	raw	53504407
EXLANG\disc0_rel\00b2b4b6.PDT	1520	0x335c000	30720	0x100	ok	raw	53504507
EXLANG\disc0_rel\00b2b4b6.PDT	1521	0x3363800	36864	0x100	ok	raw	53504607
EXLANG\disc0_rel\00b2b4b6.PDT	1522	0x336c800	51200	0x100	ok	raw	53504707
EXLANG\disc0_rel\00b2b4b6.PDT	1523	0x3379000	45056	0x100	ok	raw	53504807
EXLANG\disc0_rel\00b2b4b6.PDT	1524	0x3384000	47104	0x100	ok	raw	53504907
EXLANG\disc0_rel\00b2b4b6.PDT	1525	0x338f800	49152	0x100	ok	raw	53504a07
EXLANG\disc0_rel\00b2b4b6.PDT	1526	0x339b800	36864	0x100	ok	raw	53504b07
EXLANG\disc0_rel\00b2b4b6.PDT	1527	0x33a4800	38912	0x100	ok	raw	53504c07
EXLANG\disc0_rel\00b2b4b6.PDT	1528	0x33ae000	36864	0x100	ok	raw	53504d07
EXLANG\disc0_rel\00b2b4b6.PDT	1529	0x33b7000	40960	0x100	ok	raw	53504e07
EXLANG\disc0_rel\00b2b4b6.PDT	1530	0x33c1000	40960	0x100	ok	raw	53504f07
EXLANG\disc0_rel\00b2b4b6.PDT	1531	0x33cb000	69632	0x100	ok	raw	53505007
EXLANG\disc0_rel\00b2b4b6.PDT	1532	0x33dc000	65536	0x100	ok	raw	53505107
EXLANG\disc0_rel\00b2b4b6.PDT	1533	0x33ec000	24576	0x100	ok	raw	53505207
EXLANG\disc0_rel\00b2b4b6.PDT	1534	0x33f2000	28672	0x100	ok	raw	53505307
EXLANG\disc0_rel\00b2b4b6.PDT	1535	0x33f9000	36864	0x100	ok	raw	53505407
EXLANG\disc0_rel\00b2b4b6.PDT	1536	0x3402000	24576	0x100	ok	raw	53505607
EXLANG\disc0_rel\00b2b4b6.PDT	1537	0x3408000	26624	0x100	ok	raw	53505707
EXLANG\disc0_rel\00b2b4b6.PDT	1538	0x340e800	24576	0x100	ok	raw	53505807
EXLANG\disc0_rel\00b2b4b6.PDT	1539	0x3414800	49152	0x100	ok	raw	53505907
EXLANG\disc0_rel\00b2b4b6.PDT	1540	0x3420800	30720	0x100	ok	raw	53505a07
EXLANG\disc0_rel\00b2b4b6.PDT	1541	0x3428000	20480	0x100	ok	raw	53505b07
EXLANG\disc0_rel\00b2b4b6.PDT	1542	0x342d000	22528	0x100	ok	raw	53505c07
EXLANG\disc0_rel\00b2b4b6.PDT	1543	0x3432800	22528	0x100	ok	raw	53505d07
EXLANG\disc0_rel\00b2b4b6.PDT	1544	0x3438000	36864	0x100	ok	raw	53505e07
EXLANG\disc0_rel\00b2b4b6.PDT	1545	0x3441000	16384	0x100	ok	raw	53505f07
EXLANG\disc0_rel\00b2b4b6.PDT	1546	0x3445000	40960	0x100	ok	raw	53506007
EXLANG\disc0_rel\00b2b4b6.PDT	1547	0x344f000	26624	0x100	ok	raw	53506107
EXLANG\disc0_rel\00b2b4b6.PDT	1548	0x3455800	43008	0x100	ok	raw	53506207
EXLANG\disc0_rel\00b2b4b6.PDT	1549	0x3460000	55296	0x100	ok	raw	53506307
EXLANG\disc0_rel\00b2b4b6.PDT	1550	0x346d800	32768	0x100	ok	raw	53506407
EXLANG\disc0_rel\00b2b4b6.PDT	1551	0x3475800	24576	0x100	ok	raw	53506507
EXLANG\disc0_rel\00b2b4b6.PDT	1552	0x347b800	32768	0x100	ok	raw	5350f707
EXLANG\disc0_rel\00b2b4b6.PDT	1553	0x3483800	43008	0x100	ok	raw	5350f807
EXLANG\disc0_rel\00b2b4b6.PDT	1554	0x348e000	43008	0x100	ok	raw	5350f907
EXLANG\disc0_rel\00b2b4b6.PDT	1555	0x3498800	59392	0x100	ok	raw	5350fa07
EXLANG\disc0_rel\00b2b4b6.PDT	1556	0x34a7000	59392	0x100	ok	raw	5350fc07
EXLANG\disc0_rel\00b2b4b6.PDT	1557	0x34b5800	59392	0x100	ok	raw	5350fd07
EXLANG\disc0_rel\00b2b4b6.PDT	1558	0x34c4000	59392	0x100	ok	raw	5350ff07
EXLANG\disc0_rel\00b2b4b6.PDT	1559	0x34d2800	40960	0x100	ok	raw	53500008
EXLANG\disc0_rel\00b2b4b6.PDT	1560	0x34dc800	26624	0x100	ok	raw	53500108
EXLANG\disc0_rel\00b2b4b6.PDT	1561	0x34e3000	32768	0x100	ok	raw	53500208
EXLANG\disc0_rel\00b2b4b6.PDT	1562	0x34eb000	47104	0x100	ok	raw	53500308
EXLANG\disc0_rel\00b2b4b6.PDT	1563	0x34f6800	34816	0x100	ok	raw	53500408
EXLANG\disc0_rel\00b2b4b6.PDT	1564	0x34ff000	57344	0x100	ok	raw	53500508
EXLANG\disc0_rel\00b2b4b6.PDT	1565	0x350d000	28672	0x100	ok	raw	53500608
EXLANG\disc0_rel\00b2b4b6.PDT	1566	0x3514000	20480	0x100	ok	raw	53500908
EXLANG\disc0_rel\00b2b4b6.PDT	1567	0x3519000	36864	0x100	ok	raw	53500d08
EXLANG\disc0_rel\00b2b4b6.PDT	1568	0x3522000	26624	0x100	ok	raw	53500e08
EXLANG\disc0_rel\00b2b4b6.PDT	1569	0x3528800	26624	0x100	ok	raw	53500f08
EXLANG\disc0_rel\00b2b4b6.PDT	1570	0x352f000	47104	0x100	ok	raw	53508109
EXLANG\disc0_rel\00b2b4b6.PDT	1571	0x353a800	18432	0x100	ok	raw	53508209
EXLANG\disc0_rel\00b2b4b6.PDT	1572	0x353f000	51200	0x100	ok	raw	53501008
EXLANG\disc0_rel\00b2b4b6.PDT	1573	0x354b800	51200	0x100	ok	raw	53501108
EXLANG\disc0_rel\00b2b4b6.PDT	1574	0x3558000	47104	0x100	ok	raw	53501208
EXLANG\disc0_rel\00b2b4b6.PDT	1575	0x3563800	40960	0x100	ok	raw	53501308
EXLANG\disc0_rel\00b2b4b6.PDT	1576	0x356d800	40960	0x100	ok	raw	53501408
EXLANG\disc0_rel\00b2b4b6.PDT	1577	0x3577800	45056	0x100	ok	raw	53501508
EXLANG\disc0_rel\00b2b4b6.PDT	1578	0x3582800	55296	0x100	ok	raw	53501608
EXLANG\disc0_rel\00b2b4b6.PDT	1579	0x3590000	40960	0x100	ok	raw	53501708
EXLANG\disc0_rel\00b2b4b6.PDT	1580	0x359a000	36864	0x100	ok	raw	53501808
EXLANG\disc0_rel\00b2b4b6.PDT	1581	0x35a3000	36864	0x100	ok	raw	53501908
EXLANG\disc0_rel\00b2b4b6.PDT	1582	0x35ac000	24576	0x100	ok	raw	53501a08
EXLANG\disc0_rel\00b2b4b6.PDT	1583	0x35b2000	34816	0x100	ok	raw	53501b08
EXLANG\disc0_rel\00b2b4b6.PDT	1584	0x35ba800	20480	0x100	ok	raw	53501c08
EXLANG\disc0_rel\00b2b4b6.PDT	1585	0x35bf800	43008	0x100	ok	raw	53501d08
EXLANG\disc0_rel\00b2b4b6.PDT	1586	0x35ca000	51200	0x100	ok	raw	53501e08
EXLANG\disc0_rel\00b2b4b6.PDT	1587	0x35d6800	49152	0x100	ok	raw	53501f08
EXLANG\disc0_rel\00b2b4b6.PDT	1588	0x35e2800	43008	0x100	ok	raw	53502008
EXLANG\disc0_rel\00b2b4b6.PDT	1589	0x35ed000	47104	0x100	ok	raw	53502108
EXLANG\disc0_rel\00b2b4b6.PDT	1590	0x35f8800	38912	0x100	ok	raw	53502208
EXLANG\disc0_rel\00b2b4b6.PDT	1591	0x3602000	30720	0x100	ok	raw	53502308
EXLANG\disc0_rel\00b2b4b6.PDT	1592	0x3609800	16384	0x100	ok	raw	53502408
EXLANG\disc0_rel\00b2b4b6.PDT	1593	0x360d800	32768	0x100	ok	raw	53502508
EXLANG\disc0_rel\00b2b4b6.PDT	1594	0x3615800	45056	0x100	ok	raw	53502608
EXLANG\disc0_rel\00b2b4b6.PDT	1595	0x3620800	45056	0x100	ok	raw	53502708
EXLANG\disc0_rel\00b2b4b6.PDT	1596	0x362b800	43008	0x100	ok	raw	53502808
EXLANG\disc0_rel\00b2b4b6.PDT	1597	0x3636000	26624	0x100	ok	raw	53502908
EXLANG\disc0_rel\00b2b4b6.PDT	1598	0x363c800	30720	0x100	ok	raw	53502a08
EXLANG\disc0_rel\00b2b4b6.PDT	1599	0x3644000	38912	0x100	ok	raw	53502b08
EXLANG\disc0_rel\00b2b4b6.PDT	1600	0x364d800	36864	0x100	ok	raw	53502c08
EXLANG\disc0_rel\00b2b4b6.PDT	1601	0x3656800	63488	0x100	ok	raw	53502d08
EXLANG\disc0_rel\00b2b4b6.PDT	1602	0x3666000	40960	0x100	ok	raw	53502e08
EXLANG\disc0_rel\00b2b4b6.PDT	1603	0x3670000	34816	0x100	ok	raw	53502f08
EXLANG\disc0_rel\00b2b4b6.PDT	1604	0x3678800	28672	0x100	ok	raw	53503008
EXLANG\disc0_rel\00b2b4b6.PDT	1605	0x367f800	22528	0x100	ok	raw	53503108
EXLANG\disc0_rel\00b2b4b6.PDT	1606	0x3685000	38912	0x100	ok	raw	53503208
EXLANG\disc0_rel\00b2b4b6.PDT	1607	0x368e800	43008	0x100	ok	raw	53503308
EXLANG\disc0_rel\00b2b4b6.PDT	1608	0x3699000	34816	0x100	ok	raw	53503408
EXLANG\disc0_rel\00b2b4b6.PDT	1609	0x36a1800	43008	0x100	ok	raw	53503508
EXLANG\disc0_rel\00b2b4b6.PDT	1610	0x36ac000	40960	0x100	ok	raw	53503608
EXLANG\disc0_rel\00b2b4b6.PDT	1611	0x36b6000	59392	0x100	ok	raw	53503708
EXLANG\disc0_rel\00b2b4b6.PDT	1612	0x36c4800	34816	0x100	ok	raw	53503808
EXLANG\disc0_rel\00b2b4b6.PDT	1613	0x36cd000	20480	0x100	ok	raw	53503908
EXLANG\disc0_rel\00b2b4b6.PDT	1614	0x36d2000	38912	0x100	ok	raw	53503a08
EXLANG\disc0_rel\00b2b4b6.PDT	1615	0x36db800	34816	0x100	ok	raw	53503b08
EXLANG\disc0_rel\00b2b4b6.PDT	1616	0x36e4000	34816	0x100	ok	raw	53503c08
EXLANG\disc0_rel\00b2b4b6.PDT	1617	0x36ec800	26624	0x100	ok	raw	53503d08
EXLANG\disc0_rel\00b2b4b6.PDT	1618	0x36f3000	12288	0x100	ok	raw	53503e08
EXLANG\disc0_rel\00b2b4b6.PDT	1619	0x36f6000	55296	0x100	ok	raw	53503f08
EXLANG\disc0_rel\00b2b4b6.PDT	1620	0x3703800	57344	0x100	ok	raw	53504008
EXLANG\disc0_rel\00b2b4b6.PDT	1621	0x3711800	53248	0x100	ok	raw	53504108
EXLANG\disc0_rel\00b2b4b6.PDT	1622	0x371e800	36864	0x100	ok	raw	53504208
EXLANG\disc0_rel\00b2b4b6.PDT	1623	0x3727800	49152	0x100	ok	raw	53508309
EXLANG\disc0_rel\00b2b4b6.PDT	1624	0x3733800	45056	0x100	ok	raw	53508409
EXLANG\disc0_rel\00b2b4b6.PDT	1625	0x373e800	55296	0x100	ok	raw	53504308
EXLANG\disc0_rel\00b2b4b6.PDT	1626	0x374c000	40960	0x100	ok	raw	53504408
EXLANG\disc0_rel\00b2b4b6.PDT	1627	0x3756000	63488	0x100	ok	raw	53504508
EXLANG\disc0_rel\00b2b4b6.PDT	1628	0x3765800	34816	0x100	ok	raw	53504608
EXLANG\disc0_rel\00b2b4b6.PDT	1629	0x376e000	47104	0x100	ok	raw	53504708
EXLANG\disc0_rel\00b2b4b6.PDT	1630	0x3779800	40960	0x100	ok	raw	53504808
EXLANG\disc0_rel\00b2b4b6.PDT	1631	0x3783800	40960	0x100	ok	raw	53504908
EXLANG\disc0_rel\00b2b4b6.PDT	1632	0x378d800	30720	0x100	ok	raw	53504a08
EXLANG\disc0_rel\00b2b4b6.PDT	1633	0x3795000	51200	0x100	ok	raw	53504b08
EXLANG\disc0_rel\00b2b4b6.PDT	1634	0x37a1800	47104	0x100	ok	raw	53504c08
EXLANG\disc0_rel\00b2b4b6.PDT	1635	0x37ad000	6144	0x100	ok	raw	53504d08
EXLANG\disc0_rel\00b2b4b6.PDT	1636	0x37ae800	32768	0x100	ok	raw	53504e08
EXLANG\disc0_rel\00b2b4b6.PDT	1637	0x37b6800	47104	0x100	ok	raw	53504f08
EXLANG\disc0_rel\00b2b4b6.PDT	1638	0x37c2000	55296	0x100	ok	raw	53505008
EXLANG\disc0_rel\00b2b4b6.PDT	1639	0x37cf800	47104	0x100	ok	raw	53505108
EXLANG\disc0_rel\00b2b4b6.PDT	1640	0x37db000	36864	0x100	ok	raw	53505208
EXLANG\disc0_rel\00b2b4b6.PDT	1641	0x37e4000	36864	0x100	ok	raw	53505408
EXLANG\disc0_rel\00b2b4b6.PDT	1642	0x37ed000	43008	0x100	ok	raw	53505508
EXLANG\disc0_rel\00b2b4b6.PDT	1643	0x37f7800	36864	0x100	ok	raw	53505608
EXLANG\disc0_rel\00b2b4b6.PDT	1644	0x3800800	24576	0x100	ok	raw	53505708
EXLANG\disc0_rel\00b2b4b6.PDT	1645	0x3806800	36864	0x100	ok	raw	53505808
EXLANG\disc0_rel\00b2b4b6.PDT	1646	0x380f800	51200	0x100	ok	raw	53505908
EXLANG\disc0_rel\00b2b4b6.PDT	1647	0x381c000	53248	0x100	ok	raw	53505a08
EXLANG\disc0_rel\00b2b4b6.PDT	1648	0x3829000	43008	0x100	ok	raw	53505b08
EXLANG\disc0_rel\00b2b4b6.PDT	1649	0x3833800	40960	0x100	ok	raw	53505c08
EXLANG\disc0_rel\00b2b4b6.PDT	1650	0x383d800	47104	0x100	ok	raw	53505d08
EXLANG\disc0_rel\00b2b4b6.PDT	1651	0x3849000	49152	0x100	ok	raw	53505e08
EXLANG\disc0_rel\00b2b4b6.PDT	1652	0x3855000	57344	0x100	ok	raw	53505f08
EXLANG\disc0_rel\00b2b4b6.PDT	1653	0x3863000	26624	0x100	ok	raw	53506008
EXLANG\disc0_rel\00b2b4b6.PDT	1654	0x3869800	30720	0x100	ok	raw	53506108
EXLANG\disc0_rel\00b2b4b6.PDT	1655	0x3871000	32768	0x100	ok	raw	53506208
EXLANG\disc0_rel\00b2b4b6.PDT	1656	0x3879000	40960	0x100	ok	raw	53506308
EXLANG\disc0_rel\00b2b4b6.PDT	1657	0x3883000	28672	0x100	ok	raw	53506408
EXLANG\disc0_rel\00b2b4b6.PDT	1658	0x388a000	22528	0x100	ok	raw	53506508
EXLANG\disc0_rel\00b2b4b6.PDT	1659	0x388f800	32768	0x100	ok	raw	53506608
EXLANG\disc0_rel\00b2b4b6.PDT	1660	0x3897800	47104	0x100	ok	raw	53506708
EXLANG\disc0_rel\00b2b4b6.PDT	1661	0x38a3000	34816	0x100	ok	raw	53506808
EXLANG\disc0_rel\00b2b4b6.PDT	1662	0x38ab800	53248	0x100	ok	raw	53506908
EXLANG\disc0_rel\00b2b4b6.PDT	1663	0x38b8800	55296	0x100	ok	raw	53506a08
EXLANG\disc0_rel\00b2b4b6.PDT	1664	0x38c6000	53248	0x100	ok	raw	53506b08
EXLANG\disc0_rel\00b2b4b6.PDT	1665	0x38d3000	53248	0x100	ok	raw	53506d08
EXLANG\disc0_rel\00b2b4b6.PDT	1666	0x38e0000	67584	0x100	ok	raw	53506f08
EXLANG\disc0_rel\00b2b4b6.PDT	1667	0x38f0800	57344	0x100	ok	raw	53507008
EXLANG\disc0_rel\00b2b4b6.PDT	1668	0x38fe800	30720	0x100	ok	raw	53507108
EXLANG\disc0_rel\00b2b4b6.PDT	1669	0x3906000	20480	0x100	ok	raw	53507208
EXLANG\disc0_rel\00b2b4b6.PDT	1670	0x390b000	14336	0x100	ok	raw	53507308
EXLANG\disc0_rel\00b2b4b6.PDT	1671	0x390e800	14336	0x100	ok	raw	53507408
EXLANG\disc0_rel\00b2b4b6.PDT	1672	0x3912000	47104	0x100	ok	raw	53507508
EXLANG\disc0_rel\00b2b4b6.PDT	1673	0x391d800	32768	0x100	ok	raw	53507608
EXLANG\disc0_rel\00b2b4b6.PDT	1674	0x3925800	34816	0x100	ok	raw	53507708
EXLANG\disc0_rel\00b2b4b6.PDT	1675	0x392e000	40960	0x100	ok	raw	53507808
EXLANG\disc0_rel\00b2b4b6.PDT	1676	0x3938000	30720	0x100	ok	raw	53507908
EXLANG\disc0_rel\00b2b4b6.PDT	1677	0x393f800	47104	0x100	ok	raw	53507a08
EXLANG\disc0_rel\00b2b4b6.PDT	1678	0x394b000	63488	0x100	ok	raw	53507b08
EXLANG\disc0_rel\00b2b4b6.PDT	1679	0x395a800	38912	0x100	ok	raw	53507c08
EXLANG\disc0_rel\00b2b4b6.PDT	1680	0x3964000	34816	0x100	ok	raw	53507d08
EXLANG\disc0_rel\00b2b4b6.PDT	1681	0x396c800	40960	0x100	ok	raw	53507e08
EXLANG\disc0_rel\00b2b4b6.PDT	1682	0x3976800	40960	0x100	ok	raw	53507f08
EXLANG\disc0_rel\00b2b4b6.PDT	1683	0x3980800	30720	0x100	ok	raw	53508008
EXLANG\disc0_rel\00b2b4b6.PDT	1684	0x3988000	47104	0x100	ok	raw	53508108
EXLANG\disc0_rel\00b2b4b6.PDT	1685	0x3993800	36864	0x100	ok	raw	53508208
EXLANG\disc0_rel\00b2b4b6.PDT	1686	0x399c800	49152	0x100	ok	raw	53508308
EXLANG\disc0_rel\00b2b4b6.PDT	1687	0x39a8800	30720	0x100	ok	raw	53508408
EXLANG\disc0_rel\00b2b4b6.PDT	1688	0x39b0000	18432	0x100	ok	raw	53508508
EXLANG\disc0_rel\00b2b4b6.PDT	1689	0x39b4800	14336	0x100	ok	raw	53508608
EXLANG\disc0_rel\00b2b4b6.PDT	1690	0x39b8000	16384	0x100	ok	raw	53508708
EXLANG\disc0_rel\00b2b4b6.PDT	1691	0x39bc000	24576	0x100	ok	raw	53508808
EXLANG\disc0_rel\00b2b4b6.PDT	1692	0x39c2000	34816	0x100	ok	raw	53508908
EXLANG\disc0_rel\00b2b4b6.PDT	1693	0x39ca800	51200	0x100	ok	raw	53508a08
EXLANG\disc0_rel\00b2b4b6.PDT	1694	0x39d7000	34816	0x100	ok	raw	53508b08
EXLANG\disc0_rel\00b2b4b6.PDT	1695	0x39df800	40960	0x100	ok	raw	53508c08
EXLANG\disc0_rel\00b2b4b6.PDT	1696	0x39e9800	26624	0x100	ok	raw	53508d08
EXLANG\disc0_rel\00b2b4b6.PDT	1697	0x39f0000	38912	0x100	ok	raw	53508e08
EXLANG\disc0_rel\00b2b4b6.PDT	1698	0x39f9800	40960	0x100	ok	raw	53508f08
EXLANG\disc0_rel\00b2b4b6.PDT	1699	0x3a03800	28672	0x100	ok	raw	53509008
EXLANG\disc0_rel\00b2b4b6.PDT	1700	0x3a0a800	36864	0x100	ok	raw	53509108
EXLANG\disc0_rel\00b2b4b6.PDT	1701	0x3a13800	30720	0x100	ok	raw	53509208
EXLANG\disc0_rel\00b2b4b6.PDT	1702	0x3a1b000	30720	0x100	ok	raw	53509308
EXLANG\disc0_rel\00b2b4b6.PDT	1703	0x3a22800	20480	0x100	ok	raw	53509408
EXLANG\disc0_rel\00b2b4b6.PDT	1704	0x3a27800	38912	0x100	ok	raw	53509508
EXLANG\disc0_rel\00b2b4b6.PDT	1705	0x3a31000	51200	0x100	ok	raw	53509608
EXLANG\disc0_rel\00b2b4b6.PDT	1706	0x3a3d800	55296	0x100	ok	raw	53509708
EXLANG\disc0_rel\00b2b4b6.PDT	1707	0x3a4b000	28672	0x100	ok	raw	53509808
EXLANG\disc0_rel\00b2b4b6.PDT	1708	0x3a52000	18432	0x100	ok	raw	53509908
EXLANG\disc0_rel\00b2b4b6.PDT	1709	0x3a56800	36864	0x100	ok	raw	53509a08
EXLANG\disc0_rel\00b2b4b6.PDT	1710	0x3a5f800	32768	0x100	ok	raw	53509b08
EXLANG\disc0_rel\00b2b4b6.PDT	1711	0x3a67800	36864	0x100	ok	raw	53509c08
EXLANG\disc0_rel\00b2b4b6.PDT	1712	0x3a70800	16384	0x100	ok	raw	53509d08
EXLANG\disc0_rel\00b2b4b6.PDT	1713	0x3a74800	32768	0x100	ok	raw	53509e08
EXLANG\disc0_rel\00b2b4b6.PDT	1714	0x3a7c800	28672	0x100	ok	raw	53509f08
EXLANG\disc0_rel\00b2b4b6.PDT	1715	0x3a83800	36864	0x100	ok	raw	5350a008
EXLANG\disc0_rel\00b2b4b6.PDT	1716	0x3a8c800	30720	0x100	ok	raw	5350a108
EXLANG\disc0_rel\00b2b4b6.PDT	1717	0x3a94000	30720	0x100	ok	raw	5350a208
EXLANG\disc0_rel\00b2b4b6.PDT	1718	0x3a9b800	32768	0x100	ok	raw	5350a308
EXLANG\disc0_rel\00b2b4b6.PDT	1719	0x3aa3800	34816	0x100	ok	raw	5350a408
EXLANG\disc0_rel\00b2b4b6.PDT	1720	0x3aac000	24576	0x100	ok	raw	5350a508
EXLANG\disc0_rel\00b2b4b6.PDT	1721	0x3ab2000	34816	0x100	ok	raw	5350a608
EXLANG\disc0_rel\00b2b4b6.PDT	1722	0x3aba800	22528	0x100	ok	raw	5350a708
EXLANG\disc0_rel\00b2b4b6.PDT	1723	0x3ac0000	59392	0x100	ok	raw	5350a808
EXLANG\disc0_rel\00b2b4b6.PDT	1724	0x3ace800	40960	0x100	ok	raw	5350aa08
EXLANG\disc0_rel\00b2b4b6.PDT	1725	0x3ad8800	32768	0x100	ok	raw	5350ab08
EXLANG\disc0_rel\00b2b4b6.PDT	1726	0x3ae0800	55296	0x100	ok	raw	5350ac08
EXLANG\disc0_rel\00b2b4b6.PDT	1727	0x3aee000	20480	0x100	ok	raw	5350ae08
EXLANG\disc0_rel\00b2b4b6.PDT	1728	0x3af3000	24576	0x100	ok	raw	5350af08
EXLANG\disc0_rel\00b2b4b6.PDT	1729	0x3af9000	22528	0x100	ok	raw	5350b008
EXLANG\disc0_rel\00b2b4b6.PDT	1730	0x3afe800	30720	0x100	ok	raw	5350b108
EXLANG\disc0_rel\00b2b4b6.PDT	1731	0x3b06000	20480	0x100	ok	raw	5350b208
EXLANG\disc0_rel\00b2b4b6.PDT	1732	0x3b0b000	24576	0x100	ok	raw	5350b308
EXLANG\disc0_rel\00b2b4b6.PDT	1733	0x3b11000	24576	0x100	ok	raw	5350b408
EXLANG\disc0_rel\00b2b4b6.PDT	1734	0x3b17000	32768	0x100	ok	raw	5350b508
EXLANG\disc0_rel\00b2b4b6.PDT	1735	0x3b1f000	36864	0x100	ok	raw	5350b608
EXLANG\disc0_rel\00b2b4b6.PDT	1736	0x3b28000	36864	0x100	ok	raw	5350b708
EXLANG\disc0_rel\00b2b4b6.PDT	1737	0x3b31000	45056	0x100	ok	raw	5350b808
EXLANG\disc0_rel\00b2b4b6.PDT	1738	0x3b3c000	28672	0x100	ok	raw	5350b908
EXLANG\disc0_rel\00b2b4b6.PDT	1739	0x3b43000	30720	0x100	ok	raw	5350ba08
EXLANG\disc0_rel\00b2b4b6.PDT	1740	0x3b4a800	55296	0x100	ok	raw	5350bb08
EXLANG\disc0_rel\00b2b4b6.PDT	1741	0x3b58000	47104	0x100	ok	raw	5350bc08
EXLANG\disc0_rel\00b2b4b6.PDT	1742	0x3b63800	20480	0x100	ok	raw	5350bd08
EXLANG\disc0_rel\00b2b4b6.PDT	1743	0x3b68800	26624	0x100	ok	raw	5350be08
EXLANG\disc0_rel\00b2b4b6.PDT	1744	0x3b6f000	26624	0x100	ok	raw	5350bf08
EXLANG\disc0_rel\00b2b4b6.PDT	1745	0x3b75800	32768	0x100	ok	raw	5350c008
EXLANG\disc0_rel\00b2b4b6.PDT	1746	0x3b7d800	47104	0x100	ok	raw	5350c108
EXLANG\disc0_rel\00b2b4b6.PDT	1747	0x3b89000	28672	0x100	ok	raw	5350c208
EXLANG\disc0_rel\00b2b4b6.PDT	1748	0x3b90000	61440	0x100	ok	raw	5350c308
EXLANG\disc0_rel\00b2b4b6.PDT	1749	0x3b9f000	45056	0x100	ok	raw	5350c508
EXLANG\disc0_rel\00b2b4b6.PDT	1750	0x3baa000	45056	0x100	ok	raw	5350c608
EXLANG\disc0_rel\00b2b4b6.PDT	1751	0x3bb5000	47104	0x100	ok	raw	5350c708
EXLANG\disc0_rel\00b2b4b6.PDT	1752	0x3bc0800	40960	0x100	ok	raw	5350c808
EXLANG\disc0_rel\00b2b4b6.PDT	1753	0x3bca800	43008	0x100	ok	raw	5350c908
EXLANG\disc0_rel\00b2b4b6.PDT	1754	0x3bd5000	34816	0x100	ok	raw	5350ca08
EXLANG\disc0_rel\00b2b4b6.PDT	1755	0x3bdd800	30720	0x100	ok	raw	5350cb08
EXLANG\disc0_rel\00b2b4b6.PDT	1756	0x3be5000	38912	0x100	ok	raw	5350cc08
EXLANG\disc0_rel\00b2b4b6.PDT	1757	0x3bee800	86016	0x100	ok	raw	5350cd08
EXLANG\disc0_rel\00b2b4b6.PDT	1758	0x3c03800	53248	0x100	ok	raw	5350ce08
EXLANG\disc0_rel\00b2b4b6.PDT	1759	0x3c10800	69632	0x100	ok	raw	5350cf08
EXLANG\disc0_rel\00b2b4b6.PDT	1760	0x3c21800	86016	0x100	ok	raw	53508509
EXLANG\disc0_rel\00b2b4b6.PDT	1761	0x3c36800	92160	0x100	ok	raw	5350d008
EXLANG\disc0_rel\00b2b4b6.PDT	1762	0x3c4d000	79872	0x100	ok	raw	5350d108
EXLANG\disc0_rel\00b2b4b6.PDT	1763	0x3c60800	36864	0x100	ok	raw	5350d508
EXLANG\disc0_rel\00b2b4b6.PDT	1764	0x3c69800	22528	0x100	ok	raw	5350d608
EXLANG\disc0_rel\00b2b4b6.PDT	1765	0x3c6f000	83968	0x100	ok	raw	5350d708
EXLANG\disc0_rel\00b2b4b6.PDT	1766	0x3c83800	47104	0x100	ok	raw	5350d808
EXLANG\disc0_rel\00b2b4b6.PDT	1767	0x3c8f000	30720	0x100	ok	raw	5350d908
EXLANG\disc0_rel\00b2b4b6.PDT	1768	0x3c96800	24576	0x100	ok	raw	5350da08
EXLANG\disc0_rel\00b2b4b6.PDT	1769	0x3c9c800	28672	0x100	ok	raw	5350db08
EXLANG\disc0_rel\00b2b4b6.PDT	1770	0x3ca3800	38912	0x100	ok	raw	5350dc08
EXLANG\disc0_rel\00b2b4b6.PDT	1771	0x3cad000	40960	0x100	ok	raw	5350dd08
EXLANG\disc0_rel\00b2b4b6.PDT	1772	0x3cb7000	47104	0x100	ok	raw	5350de08
EXLANG\disc0_rel\00b2b4b6.PDT	1773	0x3cc2800	24576	0x100	ok	raw	5350df08
EXLANG\disc0_rel\00b2b4b6.PDT	1774	0x3cc8800	18432	0x100	ok	raw	5350e008
EXLANG\disc0_rel\00b2b4b6.PDT	1775	0x3ccd000	65536	0x100	ok	raw	5350e108
EXLANG\disc0_rel\00b2b4b6.PDT	1776	0x3cdd000	38912	0x100	ok	raw	5350e208
EXLANG\disc0_rel\00b2b4b6.PDT	1777	0x3ce6800	38912	0x100	ok	raw	5350e308
EXLANG\disc0_rel\00b2b4b6.PDT	1778	0x3cf0000	18432	0x100	ok	raw	5350e408
EXLANG\disc0_rel\00b2b4b6.PDT	1779	0x3cf4800	24576	0x100	ok	raw	5350e508
EXLANG\disc0_rel\00b2b4b6.PDT	1780	0x3cfa800	30720	0x100	ok	raw	5350e608
EXLANG\disc0_rel\00b2b4b6.PDT	1781	0x3d02000	16384	0x100	ok	raw	5350e708
EXLANG\disc0_rel\00b2b4b6.PDT	1782	0x3d06000	24576	0x100	ok	raw	5350e808
EXLANG\disc0_rel\00b2b4b6.PDT	1783	0x3d0c000	47104	0x100	ok	raw	5350e908
EXLANG\disc0_rel\00b2b4b6.PDT	1784	0x3d17800	34816	0x100	ok	raw	5350ea08
EXLANG\disc0_rel\00b2b4b6.PDT	1785	0x3d20000	22528	0x100	ok	raw	5350eb08
EXLANG\disc0_rel\00b2b4b6.PDT	1786	0x3d25800	24576	0x100	ok	raw	5350ec08
EXLANG\disc0_rel\00b2b4b6.PDT	1787	0x3d2b800	43008	0x100	ok	raw	5350ed08
EXLANG\disc0_rel\00b2b4b6.PDT	1788	0x3d36000	36864	0x100	ok	raw	5350ee08
EXLANG\disc0_rel\00b2b4b6.PDT	1789	0x3d3f000	6144	0x100	ok	raw	5350ef08
EXLANG\disc0_rel\00b2b4b6.PDT	1790	0x3d40800	6144	0x100	ok	raw	5350f008
EXLANG\disc0_rel\00b2b4b6.PDT	1791	0x3d42000	32768	0x100	ok	raw	5350f108
EXLANG\disc0_rel\00b2b4b6.PDT	1792	0x3d4a000	38912	0x100	ok	raw	5350f208
EXLANG\disc0_rel\00b2b4b6.PDT	1793	0x3d53800	38912	0x100	ok	raw	5350f308
EXLANG\disc0_rel\00b2b4b6.PDT	1794	0x3d5d000	45056	0x100	ok	raw	5350f408
EXLANG\disc0_rel\00b2b4b6.PDT	1795	0x3d68000	28672	0x100	ok	raw	5350f508
EXLANG\disc0_rel\00b2b4b6.PDT	1796	0x3d6f000	38912	0x100	ok	raw	5350f608
EXLANG\disc0_rel\00b2b4b6.PDT	1797	0x3d78800	47104	0x100	ok	raw	5350f708
EXLANG\disc0_rel\00b2b4b6.PDT	1798	0x3d84000	34816	0x100	ok	raw	5350fa08
EXLANG\disc0_rel\00b2b4b6.PDT	1799	0x3d8c800	26624	0x100	ok	raw	5350fb08
EXLANG\disc0_rel\00b2b4b6.PDT	1800	0x3d93000	32768	0x100	ok	raw	5350fc08
EXLANG\disc0_rel\00b2b4b6.PDT	1801	0x3d9b000	43008	0x100	ok	raw	5350fd08
EXLANG\disc0_rel\00b2b4b6.PDT	1802	0x3da5800	26624	0x100	ok	raw	5350fe08
EXLANG\disc0_rel\00b2b4b6.PDT	1803	0x3dac000	18432	0x100	ok	raw	5350ff08
EXLANG\disc0_rel\00b2b4b6.PDT	1804	0x3db0800	28672	0x100	ok	raw	53500009
EXLANG\disc0_rel\00b2b4b6.PDT	1805	0x3db7800	65536	0x100	ok	raw	53500109
EXLANG\disc0_rel\00b2b4b6.PDT	1806	0x3dc7800	32768	0x100	ok	raw	53500209
EXLANG\disc0_rel\00b2b4b6.PDT	1807	0x3dcf800	49152	0x100	ok	raw	53500309
EXLANG\disc0_rel\00b2b4b6.PDT	1808	0x3ddb800	40960	0x100	ok	raw	53500409
EXLANG\disc0_rel\00b2b4b6.PDT	1809	0x3de5800	28672	0x100	ok	raw	53500509
EXLANG\disc0_rel\00b2b4b6.PDT	1810	0x3dec800	40960	0x100	ok	raw	53500609
EXLANG\disc0_rel\00b2b4b6.PDT	1811	0x3df6800	14336	0x100	ok	raw	53500709
EXLANG\disc0_rel\00b2b4b6.PDT	1812	0x3dfa000	59392	0x100	ok	raw	53500809
EXLANG\disc0_rel\00b2b4b6.PDT	1813	0x3e08800	22528	0x100	ok	raw	53500909
EXLANG\disc0_rel\00b2b4b6.PDT	1814	0x3e0e000	51200	0x100	ok	raw	53500a09
EXLANG\disc0_rel\00b2b4b6.PDT	1815	0x3e1a800	47104	0x100	ok	raw	53500b09
EXLANG\disc0_rel\00b2b4b6.PDT	1816	0x3e26000	43008	0x100	ok	raw	53500c09
EXLANG\disc0_rel\00b2b4b6.PDT	1817	0x3e30800	40960	0x100	ok	raw	53500d09
EXLANG\disc0_rel\00b2b4b6.PDT	1818	0x3e3a800	24576	0x100	ok	raw	53500e09
EXLANG\disc0_rel\00b2b4b6.PDT	1819	0x3e40800	28672	0x100	ok	raw	53500f09
EXLANG\disc0_rel\00b2b4b6.PDT	1820	0x3e47800	26624	0x100	ok	raw	53501009
EXLANG\disc0_rel\00b2b4b6.PDT	1821	0x3e4e000	22528	0x100	ok	raw	53501109
EXLANG\disc0_rel\00b2b4b6.PDT	1822	0x3e53800	43008	0x100	ok	raw	53501209
EXLANG\disc0_rel\00b2b4b6.PDT	1823	0x3e5e000	40960	0x100	ok	raw	53501309
EXLANG\disc0_rel\00b2b4b6.PDT	1824	0x3e68000	63488	0x100	ok	raw	53501409
EXLANG\disc0_rel\00b2b4b6.PDT	1825	0x3e77800	53248	0x100	ok	raw	53501509
EXLANG\disc0_rel\00b2b4b6.PDT	1826	0x3e84800	14336	0x100	ok	raw	53501609
EXLANG\disc0_rel\00b2b4b6.PDT	1827	0x3e88000	57344	0x100	ok	raw	53501709
EXLANG\disc0_rel\00b2b4b6.PDT	1828	0x3e96000	38912	0x100	ok	raw	53501809
EXLANG\disc0_rel\00b2b4b6.PDT	1829	0x3e9f800	6144	0x100	ok	raw	53501909
EXLANG\disc0_rel\00b2b4b6.PDT	1830	0x3ea1000	38912	0x100	ok	raw	53501a09
EXLANG\disc0_rel\00b2b4b6.PDT	1831	0x3eaa800	51200	0x100	ok	raw	53501b09
EXLANG\disc0_rel\00b2b4b6.PDT	1832	0x3eb7000	43008	0x100	ok	raw	53501c09
EXLANG\disc0_rel\00b2b4b6.PDT	1833	0x3ec1800	51200	0x100	ok	raw	53501f09
EXLANG\disc0_rel\00b2b4b6.PDT	1834	0x3ece000	32768	0x100	ok	raw	53502409
EXLANG\disc0_rel\00b2b4b6.PDT	1835	0x3ed6000	24576	0x100	ok	raw	53502509
EXLANG\disc0_rel\00b2b4b6.PDT	1836	0x3edc000	36864	0x100	ok	raw	53502609
EXLANG\disc0_rel\00b2b4b6.PDT	1837	0x3ee5000	14336	0x100	ok	raw	53502709
EXLANG\disc0_rel\00b2b4b6.PDT	1838	0x3ee8800	34816	0x100	ok	raw	53502809
EXLANG\disc0_rel\00b2b4b6.PDT	1839	0x3ef1000	30720	0x100	ok	raw	53502909
EXLANG\disc0_rel\00b2b4b6.PDT	1840	0x3ef8800	30720	0x100	ok	raw	53502a09
EXLANG\disc0_rel\00b2b4b6.PDT	1841	0x3f00000	30720	0x100	ok	raw	53502b09
EXLANG\disc0_rel\00b2b4b6.PDT	1842	0x3f07800	28672	0x100	ok	raw	53502c09
EXLANG\disc0_rel\00b2b4b6.PDT	1843	0x3f0e800	20480	0x100	ok	raw	53502d09
EXLANG\disc0_rel\00b2b4b6.PDT	1844	0x3f13800	24576	0x100	ok	raw	53502e09
EXLANG\disc0_rel\00b2b4b6.PDT	1845	0x3f19800	24576	0x100	ok	raw	53502f09
EXLANG\disc0_rel\00b2b4b6.PDT	1846	0x3f1f800	18432	0x100	ok	raw	53503009
EXLANG\disc0_rel\00b2b4b6.PDT	1847	0x3f24000	32768	0x100	ok	raw	53503109
EXLANG\disc0_rel\00b2b4b6.PDT	1848	0x3f2c000	32768	0x100	ok	raw	53503209
EXLANG\disc0_rel\00b2b4b6.PDT	1849	0x3f34000	40960	0x100	ok	raw	53503309
EXLANG\disc0_rel\00b2b4b6.PDT	1850	0x3f3e000	51200	0x100	ok	raw	53503409
EXLANG\disc0_rel\00b2b4b6.PDT	1851	0x3f4a800	28672	0x100	ok	raw	53503509
EXLANG\disc0_rel\00b2b4b6.PDT	1852	0x3f51800	38912	0x100	ok	raw	53503609
EXLANG\disc0_rel\00b2b4b6.PDT	1853	0x3f5b000	45056	0x100	ok	raw	53503a09
EXLANG\disc0_rel\00b2b4b6.PDT	1854	0x3f66000	100352	0x100	ok	raw	53503b09
EXLANG\disc0_rel\00b2b4b6.PDT	1855	0x3f7e800	38912	0x100	ok	raw	53503c09
EXLANG\disc0_rel\00b2b4b6.PDT	1856	0x3f88000	28672	0x100	ok	raw	53503d09
EXLANG\disc0_rel\00b2b4b6.PDT	1857	0x3f8f000	43008	0x100	ok	raw	53503e09
EXLANG\disc0_rel\00b2b4b6.PDT	1858	0x3f99800	26624	0x100	ok	raw	53503f09
EXLANG\disc0_rel\00b2b4b6.PDT	1859	0x3fa0000	20480	0x100	ok	raw	53504009
EXLANG\disc0_rel\00b2b4b6.PDT	1860	0x3fa5000	30720	0x100	ok	raw	53504109
EXLANG\disc0_rel\00b2b4b6.PDT	1861	0x3fac800	32768	0x100	ok	raw	53504209
EXLANG\disc0_rel\00b2b4b6.PDT	1862	0x3fb4800	53248	0x100	ok	raw	53504309
EXLANG\disc0_rel\00b2b4b6.PDT	1863	0x3fc1800	47104	0x100	ok	raw	53504409
EXLANG\disc0_rel\00b2b4b6.PDT	1864	0x3fcd000	47104	0x100	ok	raw	53504509
EXLANG\disc0_rel\00b2b4b6.PDT	1865	0x3fd8800	34816	0x100	ok	raw	53504609
EXLANG\disc0_rel\00b2b4b6.PDT	1866	0x3fe1000	34816	0x100	ok	raw	53504709
EXLANG\disc0_rel\00b2b4b6.PDT	1867	0x3fe9800	28672	0x100	ok	raw	53504809
EXLANG\disc0_rel\00b2b4b6.PDT	1868	0x3ff0800	30720	0x100	ok	raw	53504909
EXLANG\disc0_rel\00b2b4b6.PDT	1869	0x3ff8000	16384	0x100	ok	raw	53504a09
EXLANG\disc0_rel\00b2b4b6.PDT	1870	0x3ffc000	32768	0x100	ok	raw	53504b09
EXLANG\disc0_rel\00b2b4b6.PDT	1871	0x4004000	47104	0x100	ok	raw	53504c09
EXLANG\disc0_rel\00b2b4b6.PDT	1872	0x400f800	20480	0x100	ok	raw	53504d09
EXLANG\disc0_rel\00b2b4b6.PDT	1873	0x4014800	55296	0x100	ok	raw	53504e09
EXLANG\disc0_rel\00b2b4b6.PDT	1874	0x4022000	22528	0x100	ok	raw	53504f09
EXLANG\disc0_rel\00b2b4b6.PDT	1875	0x4027800	6144	0x100	ok	raw	53505109
EXLANG\disc0_rel\00b2b4b6.PDT	1876	0x4029000	6144	0x100	ok	raw	53505209
EXLANG\disc0_rel\00b2b4b6.PDT	1877	0x402a800	6144	0x100	ok	raw	53505309
EXLANG\disc0_rel\00b2b4b6.PDT	1878	0x402c000	6144	0x100	ok	raw	53505409
EXLANG\disc0_rel\00b2b4b6.PDT	1879	0x402d800	6144	0x100	ok	raw	53505509
EXLANG\disc0_rel\00b2b4b6.PDT	1880	0x402f000	6144	0x100	ok	raw	53505609
EXLANG\disc0_rel\00b2b4b6.PDT	1881	0x4030800	61440	0x100	ok	raw	53505709
EXLANG\disc0_rel\00b2b4b6.PDT	1882	0x403f800	57344	0x100	ok	raw	53505809
EXLANG\disc0_rel\00b2b4b6.PDT	1883	0x404d800	53248	0x100	ok	raw	53505909
EXLANG\disc0_rel\00b2b4b6.PDT	1884	0x405a800	55296	0x100	ok	raw	53505a09
EXLANG\disc0_rel\00b2b4b6.PDT	1885	0x4068000	43008	0x100	ok	raw	53505b09
EXLANG\disc0_rel\00b2b4b6.PDT	1886	0x4072800	43008	0x100	ok	raw	53505c09
EXLANG\disc0_rel\00b2b4b6.PDT	1887	0x407d000	36864	0x100	ok	raw	53505d09
EXLANG\disc0_rel\00b2b4b6.PDT	1888	0x4086000	47104	0x100	ok	raw	53505e09
EXLANG\disc0_rel\00b2b4b6.PDT	1889	0x4091800	53248	0x100	ok	raw	53505f09
EXLANG\disc0_rel\00b2b4b6.PDT	1890	0x409e800	30720	0x100	ok	raw	53506009
EXLANG\disc0_rel\00b2b4b6.PDT	1891	0x40a6000	34816	0x100	ok	raw	53508609
EXLANG\disc0_rel\00b2b4b6.PDT	1892	0x40ae800	4096	0x100	ok	raw	53506109
EXLANG\disc0_rel\00b2b4b6.PDT	1893	0x40af800	38912	0x100	ok	raw	53506309
EXLANG\disc0_rel\00b2b4b6.PDT	1894	0x40b9000	45056	0x100	ok	raw	53506409
EXLANG\disc0_rel\00b2b4b6.PDT	1895	0x40c4000	49152	0x100	ok	raw	53508709
EXLANG\disc0_rel\00b2b4b6.PDT	1896	0x40d0000	38912	0x100	ok	raw	53506509
EXLANG\disc0_rel\00b2b4b6.PDT	1897	0x40d9800	40960	0x100	ok	raw	53508809
EXLANG\disc0_rel\00b2b4b6.PDT	1898	0x40e3800	47104	0x100	ok	raw	53506609
EXLANG\disc0_rel\00b2b4b6.PDT	1899	0x40ef000	32768	0x100	ok	raw	53506709
EXLANG\disc0_rel\00b2b4b6.PDT	1900	0x40f7000	34816	0x100	ok	raw	53506809
EXLANG\disc0_rel\00b2b4b6.PDT	1901	0x40ff800	40960	0x100	ok	raw	53508909
EXLANG\disc0_rel\00b2b4b6.PDT	1902	0x4109800	26624	0x100	ok	raw	53506909
EXLANG\disc0_rel\00b2b4b6.PDT	1903	0x4110000	6144	0x100	ok	raw	53506a09
EXLANG\disc0_rel\00b2b4b6.PDT	1904	0x4111800	38912	0x100	ok	raw	53506b09
EXLANG\disc0_rel\00b2b4b6.PDT	1905	0x411b000	26624	0x100	ok	raw	53506c09
EXLANG\disc0_rel\00b2b4b6.PDT	1906	0x4121800	34816	0x100	ok	raw	53506d09
EXLANG\disc0_rel\00b2b4b6.PDT	1907	0x412a000	28672	0x100	ok	raw	53508a09
EXLANG\disc0_rel\00b2b4b6.PDT	1908	0x4131000	22528	0x100	ok	raw	53508b09
EXLANG\disc0_rel\00b2b4b6.PDT	1909	0x4136800	34816	0x100	ok	raw	53508c09
EXLANG\disc0_rel\00b2b4b6.PDT	1910	0x413f000	28672	0x100	ok	raw	53508d09
EXLANG\disc0_rel\00b2b4b6.PDT	1911	0x4146000	36864	0x100	ok	raw	53508e09
EXLANG\disc0_rel\00b2b4b6.PDT	1912	0x414f000	36864	0x100	ok	raw	53508f09
EXLANG\disc0_rel\00b2b4b6.PDT	1913	0x4158000	32768	0x100	ok	raw	53509009
EXLANG\disc0_rel\00b2b4b6.PDT	1914	0x4160000	22528	0x100	ok	raw	53509109
EXLANG\disc0_rel\00b2b4b6.PDT	1915	0x4165800	22528	0x100	ok	raw	53509209
EXLANG\disc0_rel\00b2b4b6.PDT	1916	0x416b000	45056	0x100	ok	raw	53509309
EXLANG\disc0_rel\00b2b4b6.PDT	1917	0x4176000	36864	0x100	ok	raw	53509409
EXLANG\disc0_rel\00b2b4b6.PDT	1918	0x417f000	63488	0x100	ok	raw	53509509
EXLANG\disc0_rel\00b2b4b6.PDT	1919	0x418e800	51200	0x100	ok	raw	53509609
EXLANG\disc0_rel\00b2b4b6.PDT	1920	0x419b000	36864	0x100	ok	raw	53509709
EXLANG\disc0_rel\00b2b4b6.PDT	1921	0x41a4000	40960	0x100	ok	raw	53509809
EXLANG\disc0_rel\00b2b4b6.PDT	1922	0x41ae000	81920	0x100	ok	raw	53509909
EXLANG\disc0_rel\00b2b4b6.PDT	1923	0x41c2000	38912	0x100	ok	raw	53509a09
EXLANG\disc0_rel\00b2b4b6.PDT	1924	0x41cb800	36864	0x100	ok	raw	53509b09
EXLANG\disc0_rel\00b2b4b6.PDT	1925	0x41d4800	18432	0x100	ok	raw	53509c09
EXLANG\disc0_rel\00b2b4b6.PDT	1926	0x41d9000	26624	0x100	ok	raw	53509d09
EXLANG\disc0_rel\00b2b4b6.PDT	1927	0x41df800	40960	0x100	ok	raw	53509e09
EXLANG\disc0_rel\00b2b4b6.PDT	1928	0x41e9800	22528	0x100	ok	raw	53509f09
EXLANG\disc0_rel\00b2b4b6.PDT	1929	0x41ef000	18432	0x100	ok	raw	5350a009
EXLANG\disc0_rel\00b2b4b6.PDT	1930	0x41f3800	30720	0x100	ok	raw	5350a109
EXLANG\disc0_rel\00b2b4b6.PDT	1931	0x41fb000	36864	0x100	ok	raw	5350a209
EXLANG\disc0_rel\00b2b4b6.PDT	1932	0x4204000	47104	0x100	ok	raw	5350a309
EXLANG\disc0_rel\00b2b4b6.PDT	1933	0x420f800	43008	0x100	ok	raw	5350a409
EXLANG\disc0_rel\00b2b4b6.PDT	1934	0x421a000	32768	0x100	ok	raw	5350a509
EXLANG\disc0_rel\00b2b4b6.PDT	1935	0x4222000	30720	0x100	ok	raw	5350a609
EXLANG\disc0_rel\00b2b4b6.PDT	1936	0x4229800	26624	0x100	ok	raw	5350a709
EXLANG\disc0_rel\00b2b4b6.PDT	1937	0x4230000	36864	0x100	ok	raw	5350a809
EXLANG\disc0_rel\00b2b4b6.PDT	1938	0x4239000	34816	0x100	ok	raw	5350a909
EXLANG\disc0_rel\00b2b4b6.PDT	1939	0x4241800	28672	0x100	ok	raw	5350aa09
EXLANG\disc0_rel\00b2b4b6.PDT	1940	0x4248800	36864	0x100	ok	raw	5350ab09
EXLANG\disc0_rel\00b2b4b6.PDT	1941	0x4251800	81920	0x100	ok	raw	5350ac09
EXLANG\disc0_rel\00b2b4b6.PDT	1942	0x4265800	20480	0x100	ok	raw	5350ad09
EXLANG\disc0_rel\00b2b4b6.PDT	1943	0x426a800	34816	0x100	ok	raw	5350ae09
EXLANG\disc0_rel\00b2b4b6.PDT	1944	0x4273000	40960	0x100	ok	raw	5350af09
EXLANG\disc0_rel\00b2b4b6.PDT	1945	0x427d000	26624	0x100	ok	raw	5350b009
EXLANG\disc0_rel\00b2b4b6.PDT	1946	0x4283800	38912	0x100	ok	raw	5350b109
EXLANG\disc0_rel\00b2b4b6.PDT	1947	0x428d000	22528	0x100	ok	raw	5350b209
EXLANG\disc0_rel\00b2b4b6.PDT	1948	0x4292800	40960	0x100	ok	raw	5350b309
EXLANG\disc0_rel\00b2b4b6.PDT	1949	0x429c800	24576	0x100	ok	raw	5350b409
EXLANG\disc0_rel\00b2b4b6.PDT	1950	0x42a2800	36864	0x100	ok	raw	5350b509
EXLANG\disc0_rel\00b2b4b6.PDT	1951	0x42ab800	43008	0x100	ok	raw	5350b609
EXLANG\disc0_rel\00b2b4b6.PDT	1952	0x42b6000	40960	0x100	ok	raw	5350b709
EXLANG\disc0_rel\00b2b4b6.PDT	1953	0x42c0000	34816	0x100	ok	raw	5350b809
EXLANG\disc0_rel\00b2b4b6.PDT	1954	0x42c8800	20480	0x100	ok	raw	5350b909
EXLANG\disc0_rel\00b2b4b6.PDT	1955	0x42cd800	26624	0x100	ok	raw	5350ba09
EXLANG\disc0_rel\00b2b4b6.PDT	1956	0x42d4000	30720	0x100	ok	raw	5350bb09
EXLANG\disc0_rel\00b2b4b6.PDT	1957	0x42db800	61440	0x100	ok	raw	5350bc09
EXLANG\disc0_rel\00b2b4b6.PDT	1958	0x42ea800	55296	0x100	ok	raw	5350bd09
EXLANG\disc0_rel\00b2b4b6.PDT	1959	0x42f8000	57344	0x100	ok	raw	5350be09
EXLANG\disc0_rel\00b2b4b6.PDT	1960	0x4306000	34816	0x100	ok	raw	5350bf09
EXLANG\disc0_rel\00b2b4b6.PDT	1961	0x430e800	38912	0x100	ok	raw	5350c009
EXLANG\disc0_rel\00b2b4b6.PDT	1962	0x4318000	36864	0x100	ok	raw	5350c109
EXLANG\disc0_rel\00b2b4b6.PDT	1963	0x4321000	55296	0x100	ok	raw	5350c209
EXLANG\disc0_rel\00b2b4b6.PDT	1964	0x432e800	67584	0x100	ok	raw	5350c409
EXLANG\disc0_rel\00b2b4b6.PDT	1965	0x433f000	43008	0x100	ok	raw	5350c509
EXLANG\disc0_rel\00b2b4b6.PDT	1966	0x4349800	79872	0x100	ok	raw	5350c809
EXLANG\disc0_rel\00b2b4b6.PDT	1967	0x435d000	26624	0x100	ok	raw	5350c909
EXLANG\disc0_rel\00b2b4b6.PDT	1968	0x4363800	24576	0x100	ok	raw	5350ca09
EXLANG\disc0_rel\00b2b4b6.PDT	1969	0x4369800	49152	0x100	ok	raw	5350cb09
EXLANG\disc0_rel\00b2b4b6.PDT	1970	0x4375800	49152	0x100	ok	raw	5350cc09
EXLANG\disc0_rel\00b2b4b6.PDT	1971	0x4381800	28672	0x100	ok	raw	5350cd09
EXLANG\disc0_rel\00b2b4b6.PDT	1972	0x4388800	32768	0x100	ok	raw	5350ce09
EXLANG\disc0_rel\00b2b4b6.PDT	1973	0x4390800	36864	0x100	ok	raw	5350cf09
EXLANG\disc0_rel\00b2b4b6.PDT	1974	0x4399800	53248	0x100	ok	raw	5350d009
EXLANG\disc0_rel\00b2b4b6.PDT	1975	0x43a6800	63488	0x100	ok	raw	5350d109
EXLANG\disc0_rel\00b2b4b6.PDT	1976	0x43b6000	73728	0x100	ok	raw	5350d209
EXLANG\disc0_rel\00b2b4b6.PDT	1977	0x43c8000	88064	0x100	ok	raw	5350d309
EXLANG\disc0_rel\00b2b4b6.PDT	1978	0x43dd800	45056	0x100	ok	raw	5350d409
EXLANG\disc0_rel\00b2b4b6.PDT	1979	0x43e8800	59392	0x100	ok	raw	5350d509
EXLANG\disc0_rel\00b2b4b6.PDT	1980	0x43f7000	34816	0x100	ok	raw	5350d609
EXLANG\disc0_rel\00b2b4b6.PDT	1981	0x43ff800	104448	0x100	ok	raw	5350d709
EXLANG\disc0_rel\00b2b4b6.PDT	1982	0x4419000	49152	0x100	ok	raw	5350d809
EXLANG\disc0_rel\00b2b4b6.PDT	1983	0x4425000	55296	0x100	ok	raw	5350d909
EXLANG\disc0_rel\00b2b4b6.PDT	1984	0x4432800	51200	0x100	ok	raw	5350dc09
EXLANG\disc0_rel\00b2b4b6.PDT	1985	0x443f000	51200	0x100	ok	raw	5350dd09
EXLANG\disc0_rel\00b2b4b6.PDT	1986	0x444b800	57344	0x100	ok	raw	5350de09
EXLANG\disc0_rel\00b2b4b6.PDT	1987	0x4459800	6144	0x100	ok	raw	5350df09
EXLANG\disc0_rel\00b2b4b6.PDT	1988	0x445b000	57344	0x100	ok	raw	5350e009
EXLANG\disc0_rel\00b2b4b6.PDT	1989	0x4469000	53248	0x100	ok	raw	5350e109
EXLANG\disc0_rel\00b2b4b6.PDT	1990	0x4476000	30720	0x100	ok	raw	5350e209
EXLANG\disc0_rel\00b2b4b6.PDT	1991	0x447d800	61440	0x100	ok	raw	5350e609
EXLANG\disc0_rel\00b2b4b6.PDT	1992	0x448c800	55296	0x100	ok	raw	5350e709
EXLANG\disc0_rel\00b2b4b6.PDT	1993	0x449a000	65536	0x100	ok	raw	5350e809
EXLANG\disc0_rel\00b2b4b6.PDT	1994	0x44aa000	22528	0x100	ok	raw	5350e909
EXLANG\disc0_rel\00b2b4b6.PDT	1995	0x44af800	22528	0x100	ok	raw	5350ea09
EXLANG\disc0_rel\00b2b4b6.PDT	1996	0x44b5000	26624	0x100	ok	raw	5350eb09
EXLANG\disc0_rel\00b2b4b6.PDT	1997	0x44bb800	26624	0x100	ok	raw	5350ec09
EXLANG\disc0_rel\00b2b4b6.PDT	1998	0x44c2000	47104	0x100	ok	raw	5350ed09
EXLANG\disc0_rel\00b2b4b6.PDT	1999	0x44cd800	49152	0x100	ok	raw	5350ee09
EXLANG\disc0_rel\00b2b4b6.PDT	2000	0x44d9800	49152	0x100	ok	raw	5350ef09
EXLANG\disc0_rel\00b2b4b6.PDT	2001	0x44e5800	38912	0x100	ok	raw	5350f009
EXLANG\disc0_rel\00b2b4b6.PDT	2002	0x44ef000	47104	0x100	ok	raw	5350f109
EXLANG\disc0_rel\00b2b4b6.PDT	2003	0x44fa800	43008	0x100	ok	raw	5350f209
EXLANG\disc0_rel\00b2b4b6.PDT	2004	0x4505000	40960	0x100	ok	raw	5350f309
EXLANG\disc0_rel\00b2b4b6.PDT	2005	0x450f000	61440	0x100	ok	raw	5350f409
EXLANG\disc0_rel\00b2b4b6.PDT	2006	0x451e000	4096	0x100	ok	raw	5350f509
EXLANG\disc0_rel\00b2b4b6.PDT	2007	0x451f000	4096	0x100	ok	raw	5350f609
EXLANG\disc0_rel\00b2b4b6.PDT	2008	0x4520000	4096	0x100	ok	raw	5350f709
EXLANG\disc0_rel\00b2b4b6.PDT	2009	0x4521000	4096	0x100	ok	raw	5350f809
EXLANG\disc0_rel\00b2b4b6.PDT	2010	0x4522000	4096	0x100	ok	raw	5350f909
EXLANG\disc0_rel\00b2b4b6.PDT	2011	0x4523000	4096	0x100	ok	raw	5350fa09
EXLANG\disc0_rel\00b2b4b6.PDT	2012	0x4524000	4096	0x100	ok	raw	5350fb09
EXLANG\disc0_rel\00b2b4b6.PDT	2013	0x4525000	69632	0x100	ok	raw	5350fc09
EXLANG\disc0_rel\00b2b4b6.PDT	2014	0x4536000	36864	0x100	ok	raw	5350fd09
EXLANG\disc0_rel\00b2b4b6.PDT	2015	0x453f000	36864	0x100	ok	raw	5350fe09
EXLANG\disc0_rel\00b2b4b6.PDT	2016	0x4548000	32768	0x100	ok	raw	5350ff09
EXLANG\disc0_rel\00b2b4b6.PDT	2017	0x4550000	32768	0x100	ok	raw	5350000a
EXLANG\disc0_rel\00b2b4b6.PDT	2018	0x4558000	32768	0x100	ok	raw	5350010a
EXLANG\disc0_rel\00b2b4b6.PDT	2019	0x4560000	40960	0x100	ok	raw	5350020a
EXLANG\disc0_rel\00b2b4b6.PDT	2020	0x456a000	28672	0x100	ok	raw	5350030a
EXLANG\disc0_rel\00b2b4b6.PDT	2021	0x4571000	38912	0x100	ok	raw	5350040a
EXLANG\disc0_rel\00b2b4b6.PDT	2022	0x457a800	34816	0x100	ok	raw	5350050a
EXLANG\disc0_rel\00b2b4b6.PDT	2023	0x4583000	71680	0x100	ok	raw	5350060a
EXLANG\disc0_rel\00b2b4b6.PDT	2024	0x4594800	30720	0x100	ok	raw	5350070a
EXLANG\disc0_rel\00b2b4b6.PDT	2025	0x459c000	34816	0x100	ok	raw	5350080a
EXLANG\disc0_rel\00b2b4b6.PDT	2026	0x45a4800	24576	0x100	ok	raw	5350090a
EXLANG\disc0_rel\00b2b4b6.PDT	2027	0x45aa800	34816	0x100	ok	raw	53500a0a
EXLANG\disc0_rel\00b2b4b6.PDT	2028	0x45b3000	40960	0x100	ok	raw	53500b0a
EXLANG\disc0_rel\00b2b4b6.PDT	2029	0x45bd000	34816	0x100	ok	raw	53500c0a
EXLANG\disc0_rel\00b2b4b6.PDT	2030	0x45c5800	26624	0x100	ok	raw	53500d0a
EXLANG\disc0_rel\00b2b4b6.PDT	2031	0x45cc000	30720	0x100	ok	raw	53500e0a
EXLANG\disc0_rel\00b2b4b6.PDT	2032	0x45d3800	30720	0x100	ok	raw	53500f0a
EXLANG\disc0_rel\00b2b4b6.PDT	2033	0x45db000	30720	0x100	ok	raw	5350100a
EXLANG\disc0_rel\00b2b4b6.PDT	2034	0x45e2800	53248	0x100	ok	raw	5350110a
EXLANG\disc0_rel\00b2b4b6.PDT	2035	0x45ef800	36864	0x100	ok	raw	5350120a
EXLANG\disc0_rel\00b2b4b6.PDT	2036	0x45f8800	32768	0x100	ok	raw	5350130a
EXLANG\disc0_rel\00b2b4b6.PDT	2037	0x4600800	20480	0x100	ok	raw	5350140a
EXLANG\disc0_rel\00b2b4b6.PDT	2038	0x4605800	36864	0x100	ok	raw	5350150a
EXLANG\disc0_rel\00b2b4b6.PDT	2039	0x460e800	30720	0x100	ok	raw	5350160a
EXLANG\disc0_rel\00b2b4b6.PDT	2040	0x4616000	36864	0x100	ok	raw	5350170a
EXLANG\disc0_rel\00b2b4b6.PDT	2041	0x461f000	53248	0x100	ok	raw	5350180a
EXLANG\disc0_rel\00b2b4b6.PDT	2042	0x462c000	22528	0x100	ok	raw	5350190a
EXLANG\disc0_rel\00b2b4b6.PDT	2043	0x4631800	30720	0x100	ok	raw	53501a0a
EXLANG\disc0_rel\00b2b4b6.PDT	2044	0x4639000	71680	0x100	ok	raw	53501b0a
EXLANG\disc0_rel\00b2b4b6.PDT	2045	0x464a800	20480	0x100	ok	raw	53501c0a
EXLANG\disc0_rel\00b2b4b6.PDT	2046	0x464f800	40960	0x100	ok	raw	53501d0a
EXLANG\disc0_rel\00b2b4b6.PDT	2047	0x4659800	47104	0x100	ok	raw	53501e0a
EXLANG\disc0_rel\00b2b4b6.PDT	2048	0x4665000	43008	0x100	ok	raw	53501f0a
EXLANG\disc0_rel\00b2b4b6.PDT	2049	0x466f800	59392	0x100	ok	raw	5350200a
EXLANG\disc0_rel\00b2b4b6.PDT	2050	0x467e000	28672	0x100	ok	raw	5350210a
EXLANG\disc0_rel\00b2b4b6.PDT	2051	0x4685000	40960	0x100	ok	raw	5350220a
EXLANG\disc0_rel\00b2b4b6.PDT	2052	0x468f000	67584	0x100	ok	raw	5350230a
EXLANG\disc0_rel\00b2b4b6.PDT	2053	0x469f800	32768	0x100	ok	raw	5350240a
EXLANG\disc0_rel\00b2b4b6.PDT	2054	0x46a7800	49152	0x100	ok	raw	5350250a
EXLANG\disc0_rel\00b2b4b6.PDT	2055	0x46b3800	47104	0x100	ok	raw	5350260a
EXLANG\disc0_rel\00b2b4b6.PDT	2056	0x46bf000	20480	0x100	ok	raw	53506e09
EXLANG\disc0_rel\00b2b4b6.PDT	2057	0x46c4000	32768	0x100	ok	raw	53506f09
EXLANG\disc0_rel\00b2b4b6.PDT	2058	0x46cc000	22528	0x100	ok	raw	53507009
EXLANG\disc0_rel\00b2b4b6.PDT	2059	0x46d1800	26624	0x100	ok	raw	53507109
EXLANG\disc0_rel\00b2b4b6.PDT	2060	0x46d8000	38912	0x100	ok	raw	53507209
EXLANG\disc0_rel\00b2b4b6.PDT	2061	0x46e1800	34816	0x100	ok	raw	53507309
EXLANG\disc0_rel\00b2b4b6.PDT	2062	0x46ea000	20480	0x100	ok	raw	53507609
EXLANG\disc0_rel\00b2b4b6.PDT	2063	0x46ef000	30720	0x100	ok	raw	53507709
EXLANG\disc0_rel\00b2b4b6.PDT	2064	0x46f6800	16384	0x100	ok	raw	53507809
EXLANG\disc0_rel\00b2b4b6.PDT	2065	0x46fa800	34816	0x100	ok	raw	53507a09
EXLANG\disc0_rel\00b2b4b6.PDT	2066	0x4703000	28672	0x100	ok	raw	53507b09
EXLANG\disc0_rel\00b2b4b6.PDT	2067	0x470a000	4096	0x100	ok	raw	53507c09
EXLANG\disc0_rel\00b2b4b6.PDT	2068	0x470b000	4096	0x100	ok	raw	53507d09
EXLANG\disc0_rel\00b2b4b6.PDT	2069	0x470c000	4096	0x100	ok	raw	53507e09
EXLANG\disc0_rel\00b2b4b6.PDT	2070	0x470d000	4096	0x100	ok	raw	53507f09
EXLANG\disc0_rel\00b2b4b6.PDT	2071	0x470e000	4096	0x100	ok	raw	53508009
EXLANG\disc0_rel\00b2b4b6.PDT	2072	0x470f000	4096	0x100	ok	raw	5350e309
EXLANG\disc0_rel\00b2b4b6.PDT	2073	0x4710000	4096	0x100	ok	raw	5350e409
EXLANG\disc0_rel\00b2b4b6.PDT	2074	0x4711000	4096	0x100	ok	raw	5350e509
EXLANG\disc0_rel\00b2b4b6.PDT	2075	0x4712000	26624	0x100	ok	raw	5350270a
EXLANG\disc0_rel\00b2b4b6.PDT	2076	0x4718800	22528	0x100	ok	raw	5350280a
EXLANG\disc0_rel\00b2b4b6.PDT	2077	0x471e000	36864	0x100	ok	raw	5350290a
EXLANG\disc0_rel\00b2b4b6.PDT	2078	0x4727000	59392	0x100	ok	raw	53502a0a
EXLANG\disc0_rel\00b2b4b6.PDT	2079	0x4735800	38912	0x100	ok	raw	53502b0a
EXLANG\disc0_rel\00b2b4b6.PDT	2080	0x473f000	43008	0x100	ok	raw	53502c0a
EXLANG\disc0_rel\00b2b4b6.PDT	2081	0x4749800	30720	0x100	ok	raw	53502d0a
EXLANG\disc0_rel\00b2b4b6.PDT	2082	0x4751000	32768	0x100	ok	raw	53502e0a
EXLANG\disc0_rel\00b2b4b6.PDT	2083	0x4759000	24576	0x100	ok	raw	53502f0a
EXLANG\disc0_rel\00b2b4b6.PDT	2084	0x475f000	16384	0x100	ok	raw	5350300a
EXLANG\disc0_rel\00b2b4b6.PDT	2085	0x4763000	34816	0x100	ok	raw	5350310a
EXLANG\disc0_rel\00b2b4b6.PDT	2086	0x476b800	32768	0x100	ok	raw	5350320a
EXLANG\disc0_rel\00b2b4b6.PDT	2087	0x4773800	34816	0x100	ok	raw	5350330a
EXLANG\disc0_rel\00b2b4b6.PDT	2088	0x477c000	45056	0x100	ok	raw	5350340a
EXLANG\disc0_rel\00b2b4b6.PDT	2089	0x4787000	59392	0x100	ok	raw	5350350a
EXLANG\disc0_rel\00b2b4b6.PDT	2090	0x4795800	12288	0x100	ok	raw	5350370a
EXLANG\disc0_rel\00b2b4b6.PDT	2091	0x4798800	10240	0x100	ok	raw	5350380a
EXLANG\disc0_rel\00b2b4b6.PDT	2092	0x479b000	12288	0x100	ok	raw	5350390a
EXLANG\disc0_rel\00b2b4b6.PDT	2093	0x479e000	53248	0x100	ok	raw	53503a0a
EXLANG\disc0_rel\00b2b4b6.PDT	2094	0x47ab000	32768	0x100	ok	raw	53503b0a
EXLANG\disc0_rel\00b2b4b6.PDT	2095	0x47b3000	16384	0x100	ok	raw	53503d0a
EXLANG\disc0_rel\00b2b4b6.PDT	2096	0x47b7000	20480	0x100	ok	raw	53503e0a
EXLANG\disc0_rel\00b2b4b6.PDT	2097	0x47bc000	30720	0x100	ok	raw	53503f0a
EXLANG\disc0_rel\00b2b4b6.PDT	2098	0x47c3800	26624	0x100	ok	raw	5350400a
EXLANG\disc0_rel\00b2b4b6.PDT	2099	0x47ca000	34816	0x100	ok	raw	5350410a
EXLANG\disc0_rel\00b2b4b6.PDT	2100	0x47d2800	36864	0x100	ok	raw	5350420a
EXLANG\disc0_rel\00b2b4b6.PDT	2101	0x47db800	34816	0x100	ok	raw	5350430a
EXLANG\disc0_rel\00b2b4b6.PDT	2102	0x47e4000	26624	0x100	ok	raw	5350440a
EXLANG\disc0_rel\00b2b4b6.PDT	2103	0x47ea800	49152	0x100	ok	raw	5350450a
EXLANG\disc0_rel\00b2b4b6.PDT	2104	0x47f6800	22528	0x100	ok	raw	5350460a
EXLANG\disc0_rel\00b2b4b6.PDT	2105	0x47fc000	12288	0x100	ok	raw	5350470a
EXLANG\disc0_rel\00b2b4b6.PDT	2106	0x47ff000	43008	0x100	ok	raw	5350480a
EXLANG\disc0_rel\00b2b4b6.PDT	2107	0x4809800	34816	0x100	ok	raw	5350490a
EXLANG\disc0_rel\00b2b4b6.PDT	2108	0x4812000	24576	0x100	ok	raw	53504a0a
EXLANG\disc0_rel\00b2b4b6.PDT	2109	0x4818000	14336	0x100	ok	raw	53504b0a
EXLANG\disc0_rel\00b2b4b6.PDT	2110	0x481b800	45056	0x100	ok	raw	53504c0a
EXLANG\disc0_rel\00b2b4b6.PDT	2111	0x4826800	40960	0x100	ok	raw	53504d0a
EXLANG\disc0_rel\00b2b4b6.PDT	2112	0x4830800	43008	0x100	ok	raw	53504e0a
EXLANG\disc0_rel\00b2b4b6.PDT	2113	0x483b000	32768	0x100	ok	raw	53504f0a
EXLANG\disc0_rel\00b2b4b6.PDT	2114	0x4843000	28672	0x100	ok	raw	5350500a
EXLANG\disc0_rel\00b2b4b6.PDT	2115	0x484a000	63488	0x100	ok	raw	5350510a
EXLANG\disc0_rel\00b2b4b6.PDT	2116	0x4859800	59392	0x100	ok	raw	5350520a
EXLANG\disc0_rel\00b2b4b6.PDT	2117	0x4868000	34816	0x100	ok	raw	5350530a
EXLANG\disc0_rel\00b2b4b6.PDT	2118	0x4870800	30720	0x100	ok	raw	5350540a
EXLANG\disc0_rel\00b2b4b6.PDT	2119	0x4878000	45056	0x100	ok	raw	5350550a
EXLANG\disc0_rel\00b2b4b6.PDT	2120	0x4883000	40960	0x100	ok	raw	5350560a
EXLANG\disc0_rel\00b2b4b6.PDT	2121	0x488d000	34816	0x100	ok	raw	5350570a
EXLANG\disc0_rel\00b2b4b6.PDT	2122	0x4895800	53248	0x100	ok	raw	5350580a
EXLANG\disc0_rel\00b2b4b6.PDT	2123	0x48a2800	32768	0x100	ok	raw	5350590a
EXLANG\disc0_rel\00b2b4b6.PDT	2124	0x48aa800	38912	0x100	ok	raw	53505a0a
EXLANG\disc0_rel\00b2b4b6.PDT	2125	0x48b4000	45056	0x100	ok	raw	53505b0a
EXLANG\disc0_rel\00b2b4b6.PDT	2126	0x48bf000	36864	0x100	ok	raw	53505c0a
EXLANG\disc0_rel\00b2b4b6.PDT	2127	0x48c8000	63488	0x100	ok	raw	53505d0a
EXLANG\disc0_rel\00b2b4b6.PDT	2128	0x48d7800	12288	0x100	ok	raw	53505e0a
EXLANG\disc0_rel\00b2b4b6.PDT	2129	0x48da800	12288	0x100	ok	raw	53505f0a
EXLANG\disc0_rel\00b2b4b6.PDT	2130	0x48dd800	12288	0x100	ok	raw	5350600a
EXLANG\disc0_rel\00b2b4b6.PDT	2131	0x48e0800	12288	0x100	ok	raw	5350610a
EXLANG\disc0_rel\00b2b4b6.PDT	2132	0x48e3800	22528	0x100	ok	raw	5350650a
EXLANG\disc0_rel\00b2b4b6.PDT	2133	0x48e9000	47104	0x100	ok	raw	53506b0a
EXLANG\disc0_rel\00b2b4b6.PDT	2134	0x48f4800	22528	0x100	ok	raw	53506c0a
EXLANG\disc0_rel\00b2b4b6.PDT	2135	0x48fa000	61440	0x100	ok	raw	53506f0a
EXLANG\disc0_rel\00b2b4b6.PDT	2136	0x4909000	6144	0x100	ok	raw	53501e09
EXLANG\disc0_rel\00b2b4b6.PDT	2137	0x490a800	65536	0x100	ok	raw	53502009
EXLANG\disc0_rel\00b2b4b6.PDT	2138	0x491a800	38912	0x100	ok	raw	53502109
EXLANG\disc0_rel\00b2b4b6.PDT	2139	0x4924000	20480	0x100	ok	raw	53502209
EXLANG\disc0_rel\00b2b4b6.PDT	2140	0x4929000	26624	0x100	ok	raw	53502309
EXLANG\disc0_rel\00b2b4b6.PDT	2141	0x492f800	6144	0x100	ok	raw	53507409
EXLANG\disc0_rel\00b2b4b6.PDT	2142	0x4931000	4096	0x100	ok	raw	53507909
EXLANG\disc0_rel\00b2b4b6.PDT	2143	0x4932000	14336	0x100	ok	raw	5350700a
EXLANG\disc0_rel\00b2b4b6.PDT	2144	0x4935800	4096	0x100	ok	raw	5350710a
EXLANG\disc0_rel\00b2b4b6.PDT	2145	0x4936800	43008	0x100	ok	raw	53507a0a
EXLANG\disc0_rel\00b2b4b6.PDT	2146	0x4941000	18432	0x100	ok	raw	53507b0a
EXLANG\disc0_rel\00b2b4b6.PDT	2147	0x4945800	26624	0x100	ok	raw	53507c0a
EXLANG\disc0_rel\00b2b4b6.PDT	2148	0x494c000	20480	0x100	ok	raw	53507d0a
EXLANG\disc0_rel\00b2b4b6.PDT	2149	0x4951000	59392	0x100	ok	raw	53507e0a
EXLANG\disc0_rel\00b2b4b6.PDT	2150	0x495f800	69632	0x100	ok	raw	53507f0a
EXLANG\disc0_rel\00b2b4b6.PDT	2151	0x4970800	36864	0x100	ok	raw	5350810a
EXLANG\disc0_rel\00b2b4b6.PDT	2152	0x4979800	30720	0x100	ok	raw	5350820a
EXLANG\disc0_rel\00b2b4b6.PDT	2153	0x4981000	53248	0x100	ok	raw	5350830a
EXLANG\disc0_rel\00b2b4b6.PDT	2154	0x498e000	57344	0x100	ok	raw	5350840a
EXLANG\disc0_rel\00b2b4b6.PDT	2155	0x499c000	36864	0x100	ok	raw	5350850a
EXLANG\disc0_rel\00b2b4b6.PDT	2156	0x49a5000	43008	0x100	ok	raw	5350860a
EXLANG\disc0_rel\00b2b4b6.PDT	2157	0x49af800	47104	0x100	ok	raw	5350870a
EXLANG\disc0_rel\00b2b4b6.PDT	2158	0x49bb000	59392	0x100	ok	raw	5350880a
EXLANG\disc0_rel\00b2b4b6.PDT	2159	0x49c9800	69632	0x100	ok	raw	53508d0a
EXLANG\disc0_rel\00b2b4b6.PDT	2160	0x49da800	71680	0x100	ok	raw	53508f0a
EXLANG\disc0_rel\00b2b4b6.PDT	2161	0x49ec000	4096	0x100	ok	raw	5350900a
EXLANG\disc0_rel\00b2b4b6.PDT	2162	0x49ed000	83968	0x100	ok	raw	5350910a
EXLANG\disc0_rel\00b2b4b6.PDT	2163	0x4a01800	32768	0x100	ok	raw	5350920a
EXLANG\disc0_rel\00b2b4b6.PDT	2164	0x4a09800	32768	0x100	ok	raw	5350930a
EXLANG\disc0_rel\00b2b4b6.PDT	2165	0x4a11800	30720	0x100	ok	raw	5350940a
EXLANG\disc0_rel\00b2b4b6.PDT	2166	0x4a19000	30720	0x100	ok	raw	5350950a
EXLANG\disc0_rel\00b2b4b6.PDT	2167	0x4a20800	40960	0x100	ok	raw	5350960a
EXLANG\disc0_rel\00b2b4b6.PDT	2168	0x4a2a800	40960	0x100	ok	raw	5350970a
EXLANG\disc0_rel\00b2b4b6.PDT	2169	0x4a34800	43008	0x100	ok	raw	5350980a
EXLANG\disc0_rel\00b2b4b6.PDT	2170	0x4a3f000	61440	0x100	ok	raw	5350990a
EXLANG\disc0_rel\00b2b4b6.PDT	2171	0x4a4e000	51200	0x100	ok	raw	53509a0a
EXLANG\disc0_rel\00b2b4b6.PDT	2172	0x4a5a800	22528	0x100	ok	raw	53509b0a
EXLANG\disc0_rel\00b2b4b6.PDT	2173	0x4a60000	53248	0x100	ok	raw	53509c0a
EXLANG\disc0_rel\00b2b4b6.PDT	2174	0x4a6d000	49152	0x100	ok	raw	53509d0a
EXLANG\disc0_rel\00b2b4b6.PDT	2175	0x4a79000	49152	0x100	ok	raw	53509f0a
EXLANG\disc0_rel\00b2b4b6.PDT	2176	0x4a85000	59392	0x100	ok	raw	5350a00a
EXLANG\disc0_rel\00b2b4b6.PDT	2177	0x4a93800	24576	0x100	ok	raw	5350a10a
EXLANG\disc0_rel\00b2b4b6.PDT	2178	0x4a99800	47104	0x100	ok	raw	5350a20a
EXLANG\disc0_rel\00b2b4b6.PDT	2179	0x4aa5000	32768	0x100	ok	raw	5350a30a
EXLANG\disc0_rel\00b2b4b6.PDT	2180	0x4aad000	36864	0x100	ok	raw	5350a40a
EXLANG\disc0_rel\00b2b4b6.PDT	2181	0x4ab6000	40960	0x100	ok	raw	5350a50a
EXLANG\disc0_rel\00b2b4b6.PDT	2182	0x4ac0000	47104	0x100	ok	raw	5350a60a
EXLANG\disc0_rel\00b2b4b6.PDT	2183	0x4acb800	20480	0x100	ok	raw	5350a70a
EXLANG\disc0_rel\00b2b4b6.PDT	2184	0x4ad0800	28672	0x100	ok	raw	5350a80a
EXLANG\disc0_rel\00b2b4b6.PDT	2185	0x4ad7800	26624	0x100	ok	raw	5350a90a
EXLANG\disc0_rel\00b2b4b6.PDT	2186	0x4ade000	16384	0x100	ok	raw	5350aa0a
EXLANG\disc0_rel\00b2b4b6.PDT	2187	0x4ae2000	24576	0x100	ok	raw	5350ab0a
EXLANG\disc0_rel\00b2b4b6.PDT	2188	0x4ae8000	16384	0x100	ok	raw	5350ac0a
EXLANG\disc0_rel\00b2b4b6.PDT	2189	0x4aec000	30720	0x100	ok	raw	5350ad0a
EXLANG\disc0_rel\00b2b4b6.PDT	2190	0x4af3800	14336	0x100	ok	raw	5350ae0a
EXLANG\disc0_rel\00b2b4b6.PDT	2191	0x4af7000	26624	0x100	ok	raw	5350af0a
EXLANG\disc0_rel\00b2b4b6.PDT	2192	0x4afd800	36864	0x100	ok	raw	5350b00a
EXLANG\disc0_rel\00b2b4b6.PDT	2193	0x4b06800	26624	0x100	ok	raw	5350b10a
EXLANG\disc0_rel\00b2b4b6.PDT	2194	0x4b0d000	24576	0x100	ok	raw	5350b20a
EXLANG\disc0_rel\00b2b4b6.PDT	2195	0x4b13000	43008	0x100	ok	raw	5350b30a
EXLANG\disc0_rel\00b2b4b6.PDT	2196	0x4b1d800	45056	0x100	ok	raw	5350b40a
EXLANG\disc0_rel\00b2b4b6.PDT	2197	0x4b28800	24576	0x100	ok	raw	5350b50a
EXLANG\disc0_rel\00b2b4b6.PDT	2198	0x4b2e800	30720	0x100	ok	raw	5350b60a
EXLANG\disc0_rel\00b2b4b6.PDT	2199	0x4b36000	36864	0x100	ok	raw	5350b70a
EXLANG\disc0_rel\00b2b4b6.PDT	2200	0x4b3f000	34816	0x100	ok	raw	5350b80a
EXLANG\disc0_rel\00b2b4b6.PDT	2201	0x4b47800	61440	0x100	ok	raw	5350b90a
EXLANG\disc0_rel\00b2b4b6.PDT	2202	0x4b56800	30720	0x100	ok	raw	5350ba0a
EXLANG\disc0_rel\00b2b4b6.PDT	2203	0x4b5e000	43008	0x100	ok	raw	5350bb0a
EXLANG\disc0_rel\00b2b4b6.PDT	2204	0x4b68800	47104	0x100	ok	raw	5350bc0a
EXLANG\disc0_rel\00b2b4b6.PDT	2205	0x4b74000	47104	0x100	ok	raw	5350bd0a
EXLANG\disc0_rel\00b2b4b6.PDT	2206	0x4b7f800	38912	0x100	ok	raw	5350be0a
EXLANG\disc0_rel\00b2b4b6.PDT	2207	0x4b89000	6144	0x100	ok	raw	5350bf0a
EXLANG\disc0_rel\00b2b4b6.PDT	2208	0x4b8a800	6144	0x100	ok	raw	5350c00a
EXLANG\disc0_rel\00b2b4b6.PDT	2209	0x4b8c000	6144	0x100	ok	raw	5350c10a
EXLANG\disc0_rel\00b2b4b6.PDT	2210	0x4b8d800	6144	0x100	ok	raw	5350c20a
EXLANG\disc0_rel\00b2b4b6.PDT	2211	0x4b8f000	43008	0x100	ok	raw	5350d30a
EXLANG\disc0_rel\00b2b4b6.PDT	2212	0x4b99800	71680	0x100	ok	raw	5350d40a
EXLANG\disc0_rel\00b2b4b6.PDT	2213	0x4bab000	71680	0x100	ok	raw	5350d50a
EXLANG\disc0_rel\00b2b4b6.PDT	2214	0x4bbc800	36864	0x100	ok	raw	5350d80a
EXLANG\disc0_rel\00b2b4b6.PDT	2215	0x4bc5800	45056	0x100	ok	raw	5350d90a
EXLANG\disc0_rel\00b2b4b6.PDT	2216	0x4bd0800	45056	0x100	ok	raw	5350da0a
EXLANG\disc0_rel\00b2b4b6.PDT	2217	0x4bdb800	24576	0x100	ok	raw	5350db0a
EXLANG\disc0_rel\00b2b4b6.PDT	2218	0x4be1800	45056	0x100	ok	raw	5350dc0a
EXLANG\disc0_rel\00b2b4b6.PDT	2219	0x4bec800	49152	0x100	ok	raw	5350dd0a
EXLANG\disc0_rel\00b2b4b6.PDT	2220	0x4bf8800	43008	0x100	ok	raw	5350de0a
EXLANG\disc0_rel\00b2b4b6.PDT	2221	0x4c03000	28672	0x100	ok	raw	5350df0a
EXLANG\disc0_rel\00b2b4b6.PDT	2222	0x4c0a000	22528	0x100	ok	raw	5350e00a
EXLANG\disc0_rel\00b2b4b6.PDT	2223	0x4c0f800	32768	0x100	ok	raw	5350e10a
EXLANG\disc0_rel\00b2b4b6.PDT	2224	0x4c17800	94208	0x100	ok	raw	5350e20a
EXLANG\disc0_rel\00b2b4b6.PDT	2225	0x4c2e800	59392	0x100	ok	raw	5350e30a
EXLANG\disc0_rel\00b2b4b6.PDT	2226	0x4c3d000	43008	0x100	ok	raw	5350e40a
EXLANG\disc0_rel\00b2b4b6.PDT	2227	0x4c47800	49152	0x100	ok	raw	5350e50a
EXLANG\disc0_rel\00b2b4b6.PDT	2228	0x4c53800	40960	0x100	ok	raw	5350e60a
EXLANG\disc0_rel\00b2b4b6.PDT	2229	0x4c5d800	43008	0x100	ok	raw	5350e70a
EXLANG\disc0_rel\00b2b4b6.PDT	2230	0x4c68000	32768	0x100	ok	raw	5350e80a
EXLANG\disc0_rel\00b2b4b6.PDT	2231	0x4c70000	26624	0x100	ok	raw	5350e90a
EXLANG\disc0_rel\00b2b4b6.PDT	2232	0x4c76800	14336	0x100	ok	raw	5350ea0a
EXLANG\disc0_rel\00b2b4b6.PDT	2233	0x4c7a000	38912	0x100	ok	raw	5350eb0a
EXLANG\disc0_rel\00b2b4b6.PDT	2234	0x4c83800	47104	0x100	ok	raw	5350d60a
EXLANG\disc0_rel\00b2b4b6.PDT	2235	0x4c8f000	45056	0x100	ok	raw	5350d70a
EXLANG\disc0_rel\00b2b4b6.PDT	2236	0x4c9a000	6144	0x100	ok	raw	5350ec0a
EXLANG\disc0_rel\00b2b4b6.PDT	2237	0x4c9b800	6144	0x100	ok	raw	5350ed0a
EXLANG\disc0_rel\00b2b4b6.PDT	2238	0x4c9d000	32768	0x100	ok	raw	5350ee0a
EXLANG\disc0_rel\00b2b4b6.PDT	2239	0x4ca5000	40960	0x100	ok	raw	5350ef0a
EXLANG\disc0_rel\00b2b4b6.PDT	2240	0x4caf000	24576	0x100	ok	raw	5350f00a
EXLANG\disc0_rel\00b2b4b6.PDT	2241	0x4cb5000	24576	0x100	ok	raw	5350f10a
EXLANG\disc0_rel\00b2b4b6.PDT	2242	0x4cbb000	24576	0x100	ok	raw	5350f20a
EXLANG\disc0_rel\00b2b4b6.PDT	2243	0x4cc1000	4096	0x100	ok	raw	53506209
EXLANG\disc0_rel\00b2b4b6.PDT	2244	0x4cc2000	30720	0x100	ok	raw	5350620a
EXLANG\disc0_rel\00b2b4b6.PDT	2245	0x4cc9800	20480	0x100	ok	raw	5350630a
EXLANG\disc0_rel\00b2b4b6.PDT	2246	0x4cce800	22528	0x100	ok	raw	5350640a
EXLANG\disc0_rel\00b2b4b6.PDT	2247	0x4cd4000	28672	0x100	ok	raw	5350660a
EXLANG\disc0_rel\00b2b4b6.PDT	2248	0x4cdb000	26624	0x100	ok	raw	5350670a
EXLANG\disc0_rel\00b2b4b6.PDT	2249	0x4ce1800	26624	0x100	ok	raw	5350680a
EXLANG\disc0_rel\00b2b4b6.PDT	2250	0x4ce8000	36864	0x100	ok	raw	5350690a
EXLANG\disc0_rel\00b2b4b6.PDT	2251	0x4cf1000	28672	0x100	ok	raw	53506a0a
EXLANG\disc0_rel\00b2b4b6.PDT	2252	0x4cf8000	26624	0x100	ok	raw	53506a07
EXLANG\disc0_rel\00b2b4b6.PDT	2253	0x4cfe800	38912	0x100	ok	raw	53506b07
EXLANG\disc0_rel\00b2b4b6.PDT	2254	0x4d08000	32768	0x100	ok	raw	53506607
EXLANG\disc0_rel\00b2b4b6.PDT	2255	0x4d10000	40960	0x100	ok	raw	53507c07
EXLANG\disc0_rel\00b2b4b6.PDT	2256	0x4d1a000	18432	0x100	ok	raw	5350760a
EXLANG\disc0_rel\00b2b4b6.PDT	2257	0x4d1e800	12288	0x100	ok	raw	5350770a
EXLANG\disc0_rel\00b2b4b6.PDT	2258	0x4d21800	18432	0x100	ok	raw	5350780a
EXLANG\disc0_rel\00b2b4b6.PDT	2259	0x4d26000	22528	0x100	ok	raw	5350790a
EXLANG\disc0_rel\00b2b4b6.PDT	2260	0x4d2b800	24576	0x100	ok	raw	53506807
EXLANG\disc0_rel\00b2b4b6.PDT	2261	0x4d31800	34816	0x100	ok	raw	53506907
EXLANG\disc0_rel\00b2b4b6.PDT	2262	0x4d3a000	26624	0x100	ok	raw	53506707
EXLANG\disc0_rel\00b2b4b6.PDT	2263	0x4d40800	32768	0x100	ok	raw	53507a07
EXLANG\disc0_rel\00b2b4b6.PDT	2264	0x4d48800	18432	0x100	ok	raw	5350720a
EXLANG\disc0_rel\00b2b4b6.PDT	2265	0x4d4d000	12288	0x100	ok	raw	5350730a
EXLANG\disc0_rel\00b2b4b6.PDT	2266	0x4d50000	16384	0x100	ok	raw	5350740a
EXLANG\disc0_rel\00b2b4b6.PDT	2267	0x4d54000	20480	0x100	ok	raw	5350750a
EXLANG\disc0_rel\00b2b4b6.PDT	2268	0x4d59000	30720	0x100	ok	raw	5350d20a
EXLANG\disc0_rel\00b2b4b6.PDT	2269	0x4d60800	32768	0x100	ok	raw	5350d10a
EXLANG\disc0_rel\00b2b4b6.PDT	2270	0x4d68800	22528	0x100	ok	raw	53505a03
EXLANG\disc0_rel\00b2b4b6.PDT	2271	0x4d6e000	24576	0x100	ok	raw	5350d200
EXLANG\disc0_rel\00b2b4b6.PDT	2272	0x4d74000	20480	0x100	ok	raw	5350d900
EXLANG\disc0_rel\00b2b4b6.PDT	2273	0x4d79000	24576	0x100	ok	raw	5350da00
EXLANG\disc0_rel\00b2b4b6.PDT	2274	0x4d7f000	55296	0x100	ok	raw	5350dd00
EXLANG\disc0_rel\00b2b4b6.PDT	2275	0x4d8c800	59392	0x100	ok	raw	5350f700
EXLANG\disc0_rel\00b2b4b6.PDT	2276	0x4d9b000	61440	0x100	ok	raw	53501101
EXLANG\disc0_rel\00b2b4b6.PDT	2277	0x4daa000	24576	0x100	ok	raw	53504201
EXLANG\disc0_rel\00b2b4b6.PDT	2278	0x4db0000	36864	0x100	ok	raw	53505507
EXLANG\disc0_rel\00b2b4b6.PDT	2279	0x4db9000	63488	0x100	ok	raw	5350fb07
EXLANG\disc0_rel\00b2b4b6.PDT	2280	0x4dc8800	63488	0x100	ok	raw	5350fe07
EXLANG\disc0_rel\00b2b4b6.PDT	2281	0x4dd8000	26624	0x100	ok	raw	53500708
EXLANG\disc0_rel\00b2b4b6.PDT	2282	0x4dde800	30720	0x100	ok	raw	53500808
EXLANG\disc0_rel\00b2b4b6.PDT	2283	0x4de6000	36864	0x100	ok	raw	53500a08
EXLANG\disc0_rel\00b2b4b6.PDT	2284	0x4def000	43008	0x100	ok	raw	53500b08
EXLANG\disc0_rel\00b2b4b6.PDT	2285	0x4df9800	40960	0x100	ok	raw	53500c08
EXLANG\disc0_rel\00b2b4b6.PDT	2286	0x4e03800	51200	0x100	ok	raw	53506c08
EXLANG\disc0_rel\00b2b4b6.PDT	2287	0x4e10000	49152	0x100	ok	raw	53506e08
EXLANG\disc0_rel\00b2b4b6.PDT	2288	0x4e1c000	63488	0x100	ok	raw	5350a908
EXLANG\disc0_rel\00b2b4b6.PDT	2289	0x4e2b800	51200	0x100	ok	raw	5350ad08
EXLANG\disc0_rel\00b2b4b6.PDT	2290	0x4e38000	63488	0x100	ok	raw	5350c408
EXLANG\disc0_rel\00b2b4b6.PDT	2291	0x4e47800	69632	0x100	ok	raw	5350f808
EXLANG\disc0_rel\00b2b4b6.PDT	2292	0x4e58800	67584	0x100	ok	raw	5350f908
EXLANG\disc0_rel\00b2b4b6.PDT	2293	0x4e69000	53248	0x100	ok	raw	5350c309
EXLANG\disc0_rel\00b2b4b6.PDT	2294	0x4e76000	40960	0x100	ok	raw	5350c609
EXLANG\disc0_rel\00b2b4b6.PDT	2295	0x4e80000	45056	0x100	ok	raw	5350c709
EXLANG\disc0_rel\00b2b4b6.PDT	2296	0x4e8b000	47104	0x100	ok	raw	5350da09
EXLANG\disc0_rel\00b2b4b6.PDT	2297	0x4e96800	59392	0x100	ok	raw	5350db09
EXLANG\disc0_rel\00b2b4b6.PDT	2298	0x4ea5000	65536	0x100	ok	raw	5350800a
EXLANG\disc0_rel\00b2b4b6.PDT	2299	0x4eb5000	61440	0x100	ok	raw	5350360a
EXLANG\disc0_rel\00b2b4b6.PDT	2300	0x4ec4000	30720	0x100	ok	raw	53503c0a
EXLANG\disc0_rel\00b2b4b6.PDT	2301	0x4ecb800	53248	0x100	ok	raw	53509e0a
EXLANG\disc0_rel\00b2b4b6.PDT	2302	0x4ed8800	24576	0x100	ok	raw	53503b06
EXLANG\disc0_rel\00b2b4b6.PDT	2303	0x4ede800	4096	0x100	ok	raw	5350c403
MLG\disc0_rel\ADEMOHQ\0058d3d6.pdt	0	0x800	791324	0x100	ok	raw	46454c07
MLG\disc0_rel\ADEMOHQ\0058d3d6.pdt	1	0xc2000	311348	0x100	ok	raw	46454c07
MLG\disc0_rel\ADEMOHQ\0058d3d6.pdt	2	0x10e800	340120	0x100	ok	raw	46454c07
MLG\disc0_rel\ADEMOHQ\0058d3d6.pdt	3	0x162000	915144	0x100	ok	raw	46454c07
MLG\disc0_rel\ADEMOHQ\0058d3d6.pdt	4	0x241800	395248	0x100	ok	raw	46454c07
MLG\disc0_rel\ADEMOHQ\0058d3d6.pdt	5	0x2a2000	337940	0x100	ok	raw	46454c07
MLG\disc0_rel\ADEMOHQ\0058d3d6.pdt	6	0x2f5000	702660	0x100	ok	raw	46454c07
MLG\disc0_rel\ADEMOHQ\0058d3b6.pdt	0	0x800	710016	0x100	ok	raw	46454c07
MLG\disc0_rel\ADEMOHQ\0058d3b6.pdt	1	0xae000	59484656	0x100	ok	raw	00000000
MLG\disc0_rel\ADEMOHQ\0058cb96.pdt	0	0x800	2070468	0x100	ok	raw	46454c07
MLG\disc0_rel\ADEMOHQ\0058cb96.pdt	1	0x1fa000	1210164	0x100	ok	raw	46454c07
MLG\disc0_rel\ADEMOHQ\0058cb96.pdt	2	0x321800	658088	0x100	ok	raw	46454c07
MLG\disc0_rel\ADEMOHQ\0058cb96.pdt	3	0x3c2800	241392080	0x100	ok	raw	00000000
MLG\disc0_rel\ADEMOHQ\0058d376.pdt	0	0x800	145972	0x100	ok	raw	46454c07
MLG\disc0_rel\ADEMOHQ\0058d376.pdt	1	0x24800	26856	0x100	ok	raw	46454c07
MLG\disc0_rel\ADEMOHQ\0058d376.pdt	2	0x2b800	1367048	0x100	ok	raw	46454c07
MLG\disc0_rel\ADEMOHQ\0058d376.pdt	3	0x179800	229660	0x100	ok	raw	46454c07
MLG\disc0_rel\ADEMOHQ\0058d376.pdt	4	0x1b2000	796532	0x100	ok	raw	46454c07
MLG\disc0_rel\ADEMOHQ\0058d376.pdt	5	0x274800	907728	0x100	ok	raw	46454c07
MLG\disc0_rel\ADEMOHQ\0058d376.pdt	6	0x352800	88464	0x100	ok	raw	46454c07
MLG\disc0_rel\ADEMOHQ\0058d376.pdt	7	0x368800	196296	0x100	ok	raw	46454c07
MLG\disc0_rel\ADEMOHQ\0058d376.pdt	8	0x398800	116404	0x100	ok	raw	46454c07
MLG\disc0_rel\ADEMOHQ\0058d376.pdt	9	0x3b5000	1423272	0x100	ok	raw	46454c07
MLG\disc0_rel\ADEMOHQ\0058d376.pdt	10	0x510800	760556	0x100	ok	raw	46454c07
MLG\disc0_rel\ADEMOHQ\0058d376.pdt	11	0x5ca800	118068240	0x100	ok	raw	00000000
MLG\disc0_rel\ADEMOHQ\0058d6b6.pdt	0	0x800	1211184	0x100	ok	raw	46454c07
MLG\disc0_rel\ADEMOHQ\0058d6b6.pdt	1	0x128800	123584	0x100	ok	raw	46454c07
MLG\disc0_rel\ADEMOHQ\0058d6b6.pdt	2	0x147000	53976	0x100	ok	raw	46454c07
MLG\disc0_rel\ADEMOHQ\0058d6b6.pdt	3	0x154800	220864	0x100	ok	raw	46454c07
MLG\disc0_rel\ADEMOHQ\0058d6b6.pdt	4	0x18a800	146112	0x100	ok	raw	46454c07
MLG\disc0_rel\ADEMOHQ\0058d6b6.pdt	5	0x1ae800	103916640	0x100	ok	raw	00000000
MLG\disc0_rel\ADEMOHQ\0058d2b6.pdt	0	0x800	111212	0x100	ok	raw	46454c07
MLG\disc0_rel\ADEMOHQ\0058d2b6.pdt	1	0x1c000	1261212	0x100	ok	raw	46454c07
MLG\disc0_rel\ADEMOHQ\0058d2b6.pdt	2	0x150000	196116	0x100	ok	raw	46454c07
MLG\disc0_rel\ADEMOHQ\0058d2b6.pdt	3	0x180000	1383944	0x100	ok	raw	46454c07
MLG\disc0_rel\ADEMOHQ\0058d2b6.pdt	4	0x2d2000	161692	0x100	ok	raw	46454c07
MLG\disc0_rel\ADEMOHQ\0058d2b6.pdt	5	0x2f9800	88124	0x100	ok	raw	46454c07
MLG\disc0_rel\ADEMOHQ\0058d2b6.pdt	6	0x30f800	2061316	0x100	ok	raw	46454c07
MLG\disc0_rel\ADEMOHQ\0058d2b6.pdt	7	0x507000	369068	0x100	ok	raw	46454c07
MLG\disc0_rel\ADEMOHQ\0058d2b6.pdt	8	0x561800	1444	0x100	ok	raw	46454c07
MLG\disc0_rel\ADEMOHQ\0058d2b6.pdt	9	0x562000	1660	0x100	ok	raw	46454c07
MLG\disc0_rel\ADEMOHQ\0058d2b6.pdt	10	0x562800	149251984	0x100	ok	raw	00000000
ms0\EU\DLCBGM\e41b91fc.PDT	0	0x800	1105	0x100	ok	raw	444c4342
ms0\EU\DLCBGM\e41b91fc.PDT	1	0x1000	212	0x100	ok	raw	7a170000
ms0\EU\DLCBGM\e41b91fc.PDT	2	0x1800	2658304	0x100	ok	raw	53500400
ms0\EU\DLCBGM\e41b91fc.PDT	3	0x28a800	67584	0x100	ok	raw	53500600
ms0\EU\DLCBGM\e41b91fb.PDT	0	0x800	1105	0x100	ok	raw	444c4342
ms0\EU\DLCBGM\e41b91fb.PDT	1	0x1000	212	0x100	ok	raw	70170000
ms0\EU\DLCBGM\e41b91fb.PDT	2	0x1800	5007360	0x100	ok	raw	53500000
ms0\EU\DLCBGM\e41b91fb.PDT	3	0x4c8000	77824	0x100	ok	raw	53500200
MLG\disc0_rel\00b2b4b6.PDT	0	0x14800	6144	0x100	ok	raw	53506900
MLG\disc0_rel\00b2b4b6.PDT	1	0x16000	6144	0x100	ok	raw	53506b00
MLG\disc0_rel\00b2b4b6.PDT	2	0x17800	6144	0x100	ok	raw	53506c00
MLG\disc0_rel\00b2b4b6.PDT	3	0x19000	6144	0x100	ok	raw	53506f00
MLG\disc0_rel\00b2b4b6.PDT	4	0x1a800	6144	0x100	ok	raw	53507100
MLG\disc0_rel\00b2b4b6.PDT	5	0x1c000	6144	0x100	ok	raw	53507300
MLG\disc0_rel\00b2b4b6.PDT	6	0x1d800	6144	0x100	ok	raw	53507500
MLG\disc0_rel\00b2b4b6.PDT	7	0x1f000	6144	0x100	ok	raw	53507600
MLG\disc0_rel\00b2b4b6.PDT	8	0x20800	6144	0x100	ok	raw	53507900
MLG\disc0_rel\00b2b4b6.PDT	9	0x22000	6144	0x100	ok	raw	53507b00
MLG\disc0_rel\00b2b4b6.PDT	10	0x23800	6144	0x100	ok	raw	53507d00
MLG\disc0_rel\00b2b4b6.PDT	11	0x25000	6144	0x100	ok	raw	53507f00
MLG\disc0_rel\00b2b4b6.PDT	12	0x26800	20480	0x100	ok	raw	53509900
MLG\disc0_rel\00b2b4b6.PDT	13	0x2b800	24576	0x100	ok	raw	53509b00
MLG\disc0_rel\00b2b4b6.PDT	14	0x31800	28672	0x100	ok	raw	53509c00
MLG\disc0_rel\00b2b4b6.PDT	15	0x38800	34816	0x100	ok	raw	53509d00
MLG\disc0_rel\00b2b4b6.PDT	16	0x41000	32768	0x100	ok	raw	53509e00
MLG\disc0_rel\00b2b4b6.PDT	17	0x49000	45056	0x100	ok	raw	53509f00
MLG\disc0_rel\00b2b4b6.PDT	18	0x54000	40960	0x100	ok	raw	5350a000
MLG\disc0_rel\00b2b4b6.PDT	19	0x5e000	24576	0x100	ok	raw	5350a100
MLG\disc0_rel\00b2b4b6.PDT	20	0x64000	30720	0x100	ok	raw	5350a200
MLG\disc0_rel\00b2b4b6.PDT	21	0x6b800	30720	0x100	ok	raw	5350a300
MLG\disc0_rel\00b2b4b6.PDT	22	0x73000	26624	0x100	ok	raw	5350a400
MLG\disc0_rel\00b2b4b6.PDT	23	0x79800	40960	0x100	ok	raw	5350a500
MLG\disc0_rel\00b2b4b6.PDT	24	0x83800	36864	0x100	ok	raw	5350a600
MLG\disc0_rel\00b2b4b6.PDT	25	0x8c800	51200	0x100	ok	raw	5350a700
MLG\disc0_rel\00b2b4b6.PDT	26	0x99000	45056	0x100	ok	raw	5350a800
MLG\disc0_rel\00b2b4b6.PDT	27	0xa4000	36864	0x100	ok	raw	5350a900
MLG\disc0_rel\00b2b4b6.PDT	28	0xad000	18432	0x100	ok	raw	5350aa00
MLG\disc0_rel\00b2b4b6.PDT	29	0xb1800	30720	0x100	ok	raw	5350ab00
MLG\disc0_rel\00b2b4b6.PDT	30	0xb9000	24576	0x100	ok	raw	5350ac00
MLG\disc0_rel\00b2b4b6.PDT	31	0xbf000	28672	0x100	ok	raw	5350ad00
MLG\disc0_rel\00b2b4b6.PDT	32	0xc6000	30720	0x100	ok	raw	5350ae00
MLG\disc0_rel\00b2b4b6.PDT	33	0xcd800	26624	0x100	ok	raw	5350af00
MLG\disc0_rel\00b2b4b6.PDT	34	0xd4000	26624	0x100	ok	raw	5350b000
MLG\disc0_rel\00b2b4b6.PDT	35	0xda800	28672	0x100	ok	raw	5350b100
MLG\disc0_rel\00b2b4b6.PDT	36	0xe1800	30720	0x100	ok	raw	5350b200
MLG\disc0_rel\00b2b4b6.PDT	37	0xe9000	26624	0x100	ok	raw	5350b300
MLG\disc0_rel\00b2b4b6.PDT	38	0xef800	24576	0x100	ok	raw	5350b400
MLG\disc0_rel\00b2b4b6.PDT	39	0xf5800	32768	0x100	ok	raw	5350b500
MLG\disc0_rel\00b2b4b6.PDT	40	0xfd800	40960	0x100	ok	raw	5350b600
MLG\disc0_rel\00b2b4b6.PDT	41	0x107800	30720	0x100	ok	raw	5350b700
MLG\disc0_rel\00b2b4b6.PDT	42	0x10f000	28672	0x100	ok	raw	5350b800
MLG\disc0_rel\00b2b4b6.PDT	43	0x116000	49152	0x100	ok	raw	5350b900
MLG\disc0_rel\00b2b4b6.PDT	44	0x122000	43008	0x100	ok	raw	5350ba00
MLG\disc0_rel\00b2b4b6.PDT	45	0x12c800	49152	0x100	ok	raw	5350cd00
MLG\disc0_rel\00b2b4b6.PDT	46	0x138800	53248	0x100	ok	raw	5350ce00
MLG\disc0_rel\00b2b4b6.PDT	47	0x145800	151552	0x100	ok	raw	5350cf00
MLG\disc0_rel\00b2b4b6.PDT	48	0x16a800	49152	0x100	ok	raw	5350d000
MLG\disc0_rel\00b2b4b6.PDT	49	0x176800	18432	0x100	ok	raw	5350d100
MLG\disc0_rel\00b2b4b6.PDT	50	0x17b000	61440	0x100	ok	raw	5350d300
MLG\disc0_rel\00b2b4b6.PDT	51	0x18a000	36864	0x100	ok	raw	5350d400
MLG\disc0_rel\00b2b4b6.PDT	52	0x193000	45056	0x100	ok	raw	5350d500
MLG\disc0_rel\00b2b4b6.PDT	53	0x19e000	8192	0x100	ok	raw	5350d600
MLG\disc0_rel\00b2b4b6.PDT	54	0x1a0000	8192	0x100	ok	raw	5350d700
MLG\disc0_rel\00b2b4b6.PDT	55	0x1a2000	24576	0x100	ok	raw	5350d800
MLG\disc0_rel\00b2b4b6.PDT	56	0x1a8000	24576	0x100	ok	raw	5350db00
MLG\disc0_rel\00b2b4b6.PDT	57	0x1ae000	55296	0x100	ok	raw	5350dc00
MLG\disc0_rel\00b2b4b6.PDT	58	0x1bb800	57344	0x100	ok	raw	5350de00
MLG\disc0_rel\00b2b4b6.PDT	59	0x1c9800	47104	0x100	ok	raw	5350df00
MLG\disc0_rel\00b2b4b6.PDT	60	0x1d5000	43008	0x100	ok	raw	5350e000
MLG\disc0_rel\00b2b4b6.PDT	61	0x1df800	26624	0x100	ok	raw	5350e100
MLG\disc0_rel\00b2b4b6.PDT	62	0x1e6000	59392	0x100	ok	raw	5350e200
MLG\disc0_rel\00b2b4b6.PDT	63	0x1f4800	79872	0x100	ok	raw	5350e300
MLG\disc0_rel\00b2b4b6.PDT	64	0x208000	36864	0x100	ok	raw	5350e400
MLG\disc0_rel\00b2b4b6.PDT	65	0x211000	71680	0x100	ok	raw	5350e500
MLG\disc0_rel\00b2b4b6.PDT	66	0x222800	34816	0x100	ok	raw	5350e600
MLG\disc0_rel\00b2b4b6.PDT	67	0x22b000	43008	0x100	ok	raw	5350e700
MLG\disc0_rel\00b2b4b6.PDT	68	0x235800	30720	0x100	ok	raw	5350e800
MLG\disc0_rel\00b2b4b6.PDT	69	0x23d000	34816	0x100	ok	raw	5350e900
MLG\disc0_rel\00b2b4b6.PDT	70	0x245800	22528	0x100	ok	raw	5350ea00
MLG\disc0_rel\00b2b4b6.PDT	71	0x24b000	22528	0x100	ok	raw	5350eb00
MLG\disc0_rel\00b2b4b6.PDT	72	0x250800	24576	0x100	ok	raw	5350ec00
MLG\disc0_rel\00b2b4b6.PDT	73	0x256800	12288	0x100	ok	raw	5350ed00
MLG\disc0_rel\00b2b4b6.PDT	74	0x259800	10240	0x100	ok	raw	5350ee00
MLG\disc0_rel\00b2b4b6.PDT	75	0x25c000	32768	0x100	ok	raw	5350ef00
MLG\disc0_rel\00b2b4b6.PDT	76	0x264000	30720	0x100	ok	raw	5350f000
MLG\disc0_rel\00b2b4b6.PDT	77	0x26b800	34816	0x100	ok	raw	5350f100
MLG\disc0_rel\00b2b4b6.PDT	78	0x274000	32768	0x100	ok	raw	5350f200
MLG\disc0_rel\00b2b4b6.PDT	79	0x27c000	77824	0x100	ok	raw	5350f300
MLG\disc0_rel\00b2b4b6.PDT	80	0x28f000	73728	0x100	ok	raw	5350f400
MLG\disc0_rel\00b2b4b6.PDT	81	0x2a1000	38912	0x100	ok	raw	5350f500
MLG\disc0_rel\00b2b4b6.PDT	82	0x2aa800	57344	0x100	ok	raw	5350f600
MLG\disc0_rel\00b2b4b6.PDT	83	0x2b8800	67584	0x100	ok	raw	5350f800
MLG\disc0_rel\00b2b4b6.PDT	84	0x2c9000	24576	0x100	ok	raw	5350f900
MLG\disc0_rel\00b2b4b6.PDT	85	0x2cf000	83968	0x100	ok	raw	5350fa00
MLG\disc0_rel\00b2b4b6.PDT	86	0x2e3800	61440	0x100	ok	raw	5350fb00
MLG\disc0_rel\00b2b4b6.PDT	87	0x2f2800	30720	0x100	ok	raw	5350fc00
MLG\disc0_rel\00b2b4b6.PDT	88	0x2fa000	24576	0x100	ok	raw	5350fd00
MLG\disc0_rel\00b2b4b6.PDT	89	0x300000	18432	0x100	ok	raw	5350fe00
MLG\disc0_rel\00b2b4b6.PDT	90	0x304800	22528	0x100	ok	raw	5350ff00
MLG\disc0_rel\00b2b4b6.PDT	91	0x30a000	26624	0x100	ok	raw	53500001
MLG\disc0_rel\00b2b4b6.PDT	92	0x310800	32768	0x100	ok	raw	53500101
MLG\disc0_rel\00b2b4b6.PDT	93	0x318800	45056	0x100	ok	raw	53500201
MLG\disc0_rel\00b2b4b6.PDT	94	0x323800	16384	0x100	ok	raw	53500301
MLG\disc0_rel\00b2b4b6.PDT	95	0x327800	16384	0x100	ok	raw	53500401
MLG\disc0_rel\00b2b4b6.PDT	96	0x32b800	34816	0x100	ok	raw	53500501
MLG\disc0_rel\00b2b4b6.PDT	97	0x334000	20480	0x100	ok	raw	53500601
MLG\disc0_rel\00b2b4b6.PDT	98	0x339000	20480	0x100	ok	raw	53500701
MLG\disc0_rel\00b2b4b6.PDT	99	0x33e000	49152	0x100	ok	raw	53500801
MLG\disc0_rel\00b2b4b6.PDT	100	0x34a000	47104	0x100	ok	raw	53500901
MLG\disc0_rel\00b2b4b6.PDT	101	0x355800	14336	0x100	ok	raw	53500a01
MLG\disc0_rel\00b2b4b6.PDT	102	0x359000	24576	0x100	ok	raw	53500b01
MLG\disc0_rel\00b2b4b6.PDT	103	0x35f000	26624	0x100	ok	raw	53500c01
MLG\disc0_rel\00b2b4b6.PDT	104	0x365800	28672	0x100	ok	raw	53500d01
MLG\disc0_rel\00b2b4b6.PDT	105	0x36c800	28672	0x100	ok	raw	53500e01
MLG\disc0_rel\00b2b4b6.PDT	106	0x373800	34816	0x100	ok	raw	53500f01
MLG\disc0_rel\00b2b4b6.PDT	107	0x37c000	65536	0x100	ok	raw	53501001
MLG\disc0_rel\00b2b4b6.PDT	108	0x38c000	22528	0x100	ok	raw	53501201
MLG\disc0_rel\00b2b4b6.PDT	109	0x391800	34816	0x100	ok	raw	53501301
MLG\disc0_rel\00b2b4b6.PDT	110	0x39a000	51200	0x100	ok	raw	53501401
MLG\disc0_rel\00b2b4b6.PDT	111	0x3a6800	36864	0x100	ok	raw	53501501
MLG\disc0_rel\00b2b4b6.PDT	112	0x3af800	49152	0x100	ok	raw	53501601
MLG\disc0_rel\00b2b4b6.PDT	113	0x3bb800	28672	0x100	ok	raw	53501701
MLG\disc0_rel\00b2b4b6.PDT	114	0x3c2800	45056	0x100	ok	raw	53501801
MLG\disc0_rel\00b2b4b6.PDT	115	0x3cd800	20480	0x100	ok	raw	53501901
MLG\disc0_rel\00b2b4b6.PDT	116	0x3d2800	32768	0x100	ok	raw	53501a01
MLG\disc0_rel\00b2b4b6.PDT	117	0x3da800	32768	0x100	ok	raw	53501b01
MLG\disc0_rel\00b2b4b6.PDT	118	0x3e2800	47104	0x100	ok	raw	53501c01
MLG\disc0_rel\00b2b4b6.PDT	119	0x3ee000	40960	0x100	ok	raw	53501d01
MLG\disc0_rel\00b2b4b6.PDT	120	0x3f8000	61440	0x100	ok	raw	53501e01
MLG\disc0_rel\00b2b4b6.PDT	121	0x407000	26624	0x100	ok	raw	53501f01
MLG\disc0_rel\00b2b4b6.PDT	122	0x40d800	22528	0x100	ok	raw	53502001
MLG\disc0_rel\00b2b4b6.PDT	123	0x413000	24576	0x100	ok	raw	53502101
MLG\disc0_rel\00b2b4b6.PDT	124	0x419000	26624	0x100	ok	raw	53502201
MLG\disc0_rel\00b2b4b6.PDT	125	0x41f800	43008	0x100	ok	raw	53502301
MLG\disc0_rel\00b2b4b6.PDT	126	0x42a000	34816	0x100	ok	raw	53502401
MLG\disc0_rel\00b2b4b6.PDT	127	0x432800	28672	0x100	ok	raw	53502501
MLG\disc0_rel\00b2b4b6.PDT	128	0x439800	26624	0x100	ok	raw	53502601
MLG\disc0_rel\00b2b4b6.PDT	129	0x440000	34816	0x100	ok	raw	53502701
MLG\disc0_rel\00b2b4b6.PDT	130	0x448800	26624	0x100	ok	raw	53502801
MLG\disc0_rel\00b2b4b6.PDT	131	0x44f000	30720	0x100	ok	raw	53502901
MLG\disc0_rel\00b2b4b6.PDT	132	0x456800	34816	0x100	ok	raw	53502a01
MLG\disc0_rel\00b2b4b6.PDT	133	0x45f000	59392	0x100	ok	raw	53502b01
MLG\disc0_rel\00b2b4b6.PDT	134	0x46d800	22528	0x100	ok	raw	53502c01
MLG\disc0_rel\00b2b4b6.PDT	135	0x473000	28672	0x100	ok	raw	53502d01
MLG\disc0_rel\00b2b4b6.PDT	136	0x47a000	26624	0x100	ok	raw	53502e01
MLG\disc0_rel\00b2b4b6.PDT	137	0x480800	18432	0x100	ok	raw	53502f01
MLG\disc0_rel\00b2b4b6.PDT	138	0x485000	24576	0x100	ok	raw	53503001
MLG\disc0_rel\00b2b4b6.PDT	139	0x48b000	28672	0x100	ok	raw	53503101
MLG\disc0_rel\00b2b4b6.PDT	140	0x492000	22528	0x100	ok	raw	53503201
MLG\disc0_rel\00b2b4b6.PDT	141	0x497800	22528	0x100	ok	raw	53503301
MLG\disc0_rel\00b2b4b6.PDT	142	0x49d000	18432	0x100	ok	raw	53503401
MLG\disc0_rel\00b2b4b6.PDT	143	0x4a1800	34816	0x100	ok	raw	53503501
MLG\disc0_rel\00b2b4b6.PDT	144	0x4aa000	38912	0x100	ok	raw	53503601
MLG\disc0_rel\00b2b4b6.PDT	145	0x4b3800	28672	0x100	ok	raw	53503701
MLG\disc0_rel\00b2b4b6.PDT	146	0x4ba800	47104	0x100	ok	raw	53503801
MLG\disc0_rel\00b2b4b6.PDT	147	0x4c6000	36864	0x100	ok	raw	53503901
MLG\disc0_rel\00b2b4b6.PDT	148	0x4cf000	32768	0x100	ok	raw	53503a01
MLG\disc0_rel\00b2b4b6.PDT	149	0x4d7000	18432	0x100	ok	raw	53503b01
MLG\disc0_rel\00b2b4b6.PDT	150	0x4db800	32768	0x100	ok	raw	53503c01
MLG\disc0_rel\00b2b4b6.PDT	151	0x4e3800	28672	0x100	ok	raw	53503d01
MLG\disc0_rel\00b2b4b6.PDT	152	0x4ea800	28672	0x100	ok	raw	53503e01
MLG\disc0_rel\00b2b4b6.PDT	153	0x4f1800	20480	0x100	ok	raw	53503f01
MLG\disc0_rel\00b2b4b6.PDT	154	0x4f6800	24576	0x100	ok	raw	53504001
MLG\disc0_rel\00b2b4b6.PDT	155	0x4fc800	20480	0x100	ok	raw	53504101
MLG\disc0_rel\00b2b4b6.PDT	156	0x501800	36864	0x100	ok	raw	53504301
MLG\disc0_rel\00b2b4b6.PDT	157	0x50a800	24576	0x100	ok	raw	53504401
MLG\disc0_rel\00b2b4b6.PDT	158	0x510800	34816	0x100	ok	raw	53504501
MLG\disc0_rel\00b2b4b6.PDT	159	0x519000	172032	0x100	ok	raw	53507301
MLG\disc0_rel\00b2b4b6.PDT	160	0x543000	32768	0x100	ok	raw	53504d01
MLG\disc0_rel\00b2b4b6.PDT	161	0x54b000	30720	0x100	ok	raw	53504e01
MLG\disc0_rel\00b2b4b6.PDT	162	0x552800	98304	0x100	ok	raw	53504f01
MLG\disc0_rel\00b2b4b6.PDT	163	0x56a800	40960	0x100	ok	raw	53505001
MLG\disc0_rel\00b2b4b6.PDT	164	0x574800	32768	0x100	ok	raw	53505101
MLG\disc0_rel\00b2b4b6.PDT	165	0x57c800	79872	0x100	ok	raw	53505201
MLG\disc0_rel\00b2b4b6.PDT	166	0x590000	59392	0x100	ok	raw	53505301
MLG\disc0_rel\00b2b4b6.PDT	167	0x59e800	40960	0x100	ok	raw	53505401
MLG\disc0_rel\00b2b4b6.PDT	168	0x5a8800	55296	0x100	ok	raw	53505501
MLG\disc0_rel\00b2b4b6.PDT	169	0x5b6000	36864	0x100	ok	raw	53505601
MLG\disc0_rel\00b2b4b6.PDT	170	0x5bf000	86016	0x100	ok	raw	53505701
MLG\disc0_rel\00b2b4b6.PDT	171	0x5d4000	16384	0x100	ok	raw	53505801
MLG\disc0_rel\00b2b4b6.PDT	172	0x5d8000	20480	0x100	ok	raw	53505901
MLG\disc0_rel\00b2b4b6.PDT	173	0x5dd000	26624	0x100	ok	raw	53505a01
MLG\disc0_rel\00b2b4b6.PDT	174	0x5e3800	36864	0x100	ok	raw	53505b01
MLG\disc0_rel\00b2b4b6.PDT	175	0x5ec800	24576	0x100	ok	raw	53505c01
MLG\disc0_rel\00b2b4b6.PDT	176	0x5f2800	24576	0x100	ok	raw	53505d01
MLG\disc0_rel\00b2b4b6.PDT	177	0x5f8800	24576	0x100	ok	raw	53505e01
MLG\disc0_rel\00b2b4b6.PDT	178	0x5fe800	14336	0x100	ok	raw	53505f01
MLG\disc0_rel\00b2b4b6.PDT	179	0x602000	26624	0x100	ok	raw	53506001
MLG\disc0_rel\00b2b4b6.PDT	180	0x608800	20480	0x100	ok	raw	53506101
MLG\disc0_rel\00b2b4b6.PDT	181	0x60d800	28672	0x100	ok	raw	53506201
MLG\disc0_rel\00b2b4b6.PDT	182	0x614800	20480	0x100	ok	raw	53506301
MLG\disc0_rel\00b2b4b6.PDT	183	0x619800	40960	0x100	ok	raw	53506401
MLG\disc0_rel\00b2b4b6.PDT	184	0x623800	36864	0x100	ok	raw	53506501
MLG\disc0_rel\00b2b4b6.PDT	185	0x62c800	22528	0x100	ok	raw	53506601
MLG\disc0_rel\00b2b4b6.PDT	186	0x632000	22528	0x100	ok	raw	53506701
MLG\disc0_rel\00b2b4b6.PDT	187	0x637800	28672	0x100	ok	raw	53506801
MLG\disc0_rel\00b2b4b6.PDT	188	0x63e800	32768	0x100	ok	raw	53506901
MLG\disc0_rel\00b2b4b6.PDT	189	0x646800	47104	0x100	ok	raw	53506a01
MLG\disc0_rel\00b2b4b6.PDT	190	0x652000	30720	0x100	ok	raw	53506b01
MLG\disc0_rel\00b2b4b6.PDT	191	0x659800	28672	0x100	ok	raw	53506c01
MLG\disc0_rel\00b2b4b6.PDT	192	0x660800	26624	0x100	ok	raw	53506d01
MLG\disc0_rel\00b2b4b6.PDT	193	0x667000	26624	0x100	ok	raw	53506e01
MLG\disc0_rel\00b2b4b6.PDT	194	0x66d800	12288	0x100	ok	raw	53506f01
MLG\disc0_rel\00b2b4b6.PDT	195	0x670800	38912	0x100	ok	raw	53507001
MLG\disc0_rel\00b2b4b6.PDT	196	0x67a000	24576	0x100	ok	raw	53507101
MLG\disc0_rel\00b2b4b6.PDT	197	0x680000	26624	0x100	ok	raw	53507201
MLG\disc0_rel\00b2b4b6.PDT	198	0x686800	51200	0x100	ok	raw	53505302
MLG\disc0_rel\00b2b4b6.PDT	199	0x693000	36864	0x100	ok	raw	53505402
MLG\disc0_rel\00b2b4b6.PDT	200	0x69c000	32768	0x100	ok	raw	53505502
MLG\disc0_rel\00b2b4b6.PDT	201	0x6a4000	28672	0x100	ok	raw	53505602
MLG\disc0_rel\00b2b4b6.PDT	202	0x6ab000	43008	0x100	ok	raw	53505702
MLG\disc0_rel\00b2b4b6.PDT	203	0x6b5800	26624	0x100	ok	raw	53505802
MLG\disc0_rel\00b2b4b6.PDT	204	0x6bc000	24576	0x100	ok	raw	53505902
MLG\disc0_rel\00b2b4b6.PDT	205	0x6c2000	45056	0x100	ok	raw	53505a02
MLG\disc0_rel\00b2b4b6.PDT	206	0x6cd000	45056	0x100	ok	raw	53505b02
MLG\disc0_rel\00b2b4b6.PDT	207	0x6d8000	34816	0x100	ok	raw	53505c02
MLG\disc0_rel\00b2b4b6.PDT	208	0x6e0800	61440	0x100	ok	raw	53505d02
MLG\disc0_rel\00b2b4b6.PDT	209	0x6ef800	45056	0x100	ok	raw	53505e02
MLG\disc0_rel\00b2b4b6.PDT	210	0x6fa800	34816	0x100	ok	raw	53505f02
MLG\disc0_rel\00b2b4b6.PDT	211	0x703000	32768	0x100	ok	raw	53506002
MLG\disc0_rel\00b2b4b6.PDT	212	0x70b000	38912	0x100	ok	raw	53506102
MLG\disc0_rel\00b2b4b6.PDT	213	0x714800	32768	0x100	ok	raw	53506202
MLG\disc0_rel\00b2b4b6.PDT	214	0x71c800	34816	0x100	ok	raw	53506302
MLG\disc0_rel\00b2b4b6.PDT	215	0x725000	28672	0x100	ok	raw	53506402
MLG\disc0_rel\00b2b4b6.PDT	216	0x72c000	32768	0x100	ok	raw	53506502
MLG\disc0_rel\00b2b4b6.PDT	217	0x734000	40960	0x100	ok	raw	53506602
MLG\disc0_rel\00b2b4b6.PDT	218	0x73e000	36864	0x100	ok	raw	53506702
MLG\disc0_rel\00b2b4b6.PDT	219	0x747000	49152	0x100	ok	raw	53506802
MLG\disc0_rel\00b2b4b6.PDT	220	0x753000	32768	0x100	ok	raw	53506902
MLG\disc0_rel\00b2b4b6.PDT	221	0x75b000	26624	0x100	ok	raw	53506a02
MLG\disc0_rel\00b2b4b6.PDT	222	0x761800	32768	0x100	ok	raw	53506b02
MLG\disc0_rel\00b2b4b6.PDT	223	0x769800	43008	0x100	ok	raw	53506c02
MLG\disc0_rel\00b2b4b6.PDT	224	0x774000	34816	0x100	ok	raw	53506d02
MLG\disc0_rel\00b2b4b6.PDT	225	0x77c800	43008	0x100	ok	raw	53506e02
MLG\disc0_rel\00b2b4b6.PDT	226	0x787000	40960	0x100	ok	raw	53506f02
MLG\disc0_rel\00b2b4b6.PDT	227	0x791000	24576	0x100	ok	raw	53507002
MLG\disc0_rel\00b2b4b6.PDT	228	0x797000	28672	0x100	ok	raw	53507102
MLG\disc0_rel\00b2b4b6.PDT	229	0x79e000	47104	0x100	ok	raw	53507202
MLG\disc0_rel\00b2b4b6.PDT	230	0x7a9800	45056	0x100	ok	raw	53507302
MLG\disc0_rel\00b2b4b6.PDT	231	0x7b4800	26624	0x100	ok	raw	53507402
MLG\disc0_rel\00b2b4b6.PDT	232	0x7bb000	24576	0x100	ok	raw	53507502
MLG\disc0_rel\00b2b4b6.PDT	233	0x7c1000	22528	0x100	ok	raw	53507602
MLG\disc0_rel\00b2b4b6.PDT	234	0x7c6800	34816	0x100	ok	raw	53507702
MLG\disc0_rel\00b2b4b6.PDT	235	0x7cf000	30720	0x100	ok	raw	53507802
MLG\disc0_rel\00b2b4b6.PDT	236	0x7d6800	22528	0x100	ok	raw	53507902
MLG\disc0_rel\00b2b4b6.PDT	237	0x7dc000	20480	0x100	ok	raw	53507a02
MLG\disc0_rel\00b2b4b6.PDT	238	0x7e1000	24576	0x100	ok	raw	53507b02
MLG\disc0_rel\00b2b4b6.PDT	239	0x7e7000	53248	0x100	ok	raw	53507c02
MLG\disc0_rel\00b2b4b6.PDT	240	0x7f4000	34816	0x100	ok	raw	53507d02
MLG\disc0_rel\00b2b4b6.PDT	241	0x7fc800	20480	0x100	ok	raw	53507e02
MLG\disc0_rel\00b2b4b6.PDT	242	0x801800	26624	0x100	ok	raw	53507f02
MLG\disc0_rel\00b2b4b6.PDT	243	0x808000	30720	0x100	ok	raw	53508002
MLG\disc0_rel\00b2b4b6.PDT	244	0x80f800	28672	0x100	ok	raw	53508102
MLG\disc0_rel\00b2b4b6.PDT	245	0x816800	30720	0x100	ok	raw	53508202
MLG\disc0_rel\00b2b4b6.PDT	246	0x81e000	36864	0x100	ok	raw	53508302
MLG\disc0_rel\00b2b4b6.PDT	247	0x827000	6144	0x100	ok	raw	53508402
MLG\disc0_rel\00b2b4b6.PDT	248	0x828800	32768	0x100	ok	raw	53508502
MLG\disc0_rel\00b2b4b6.PDT	249	0x830800	26624	0x100	ok	raw	53508602
MLG\disc0_rel\00b2b4b6.PDT	250	0x837000	24576	0x100	ok	raw	53508702
MLG\disc0_rel\00b2b4b6.PDT	251	0x83d000	28672	0x100	ok	raw	53508802
MLG\disc0_rel\00b2b4b6.PDT	252	0x844000	22528	0x100	ok	raw	53508902
MLG\disc0_rel\00b2b4b6.PDT	253	0x849800	36864	0x100	ok	raw	53508a02
MLG\disc0_rel\00b2b4b6.PDT	254	0x852800	26624	0x100	ok	raw	53508b02
MLG\disc0_rel\00b2b4b6.PDT	255	0x859000	36864	0x100	ok	raw	53508c02
MLG\disc0_rel\00b2b4b6.PDT	256	0x862000	38912	0x100	ok	raw	53508d02
MLG\disc0_rel\00b2b4b6.PDT	257	0x86b800	24576	0x100	ok	raw	53508e02
MLG\disc0_rel\00b2b4b6.PDT	258	0x871800	30720	0x100	ok	raw	53508f02
MLG\disc0_rel\00b2b4b6.PDT	259	0x879000	24576	0x100	ok	raw	53509002
MLG\disc0_rel\00b2b4b6.PDT	260	0x87f000	32768	0x100	ok	raw	53509102
MLG\disc0_rel\00b2b4b6.PDT	261	0x887000	28672	0x100	ok	raw	53509202
MLG\disc0_rel\00b2b4b6.PDT	262	0x88e000	26624	0x100	ok	raw	53509302
MLG\disc0_rel\00b2b4b6.PDT	263	0x894800	22528	0x100	ok	raw	53509402
MLG\disc0_rel\00b2b4b6.PDT	264	0x89a000	28672	0x100	ok	raw	53509502
MLG\disc0_rel\00b2b4b6.PDT	265	0x8a1000	24576	0x100	ok	raw	53509602
MLG\disc0_rel\00b2b4b6.PDT	266	0x8a7000	32768	0x100	ok	raw	53509702
MLG\disc0_rel\00b2b4b6.PDT	267	0x8af000	22528	0x100	ok	raw	53509802
MLG\disc0_rel\00b2b4b6.PDT	268	0x8b4800	53248	0x100	ok	raw	53509902
MLG\disc0_rel\00b2b4b6.PDT	269	0x8c1800	51200	0x100	ok	raw	53509a02
MLG\disc0_rel\00b2b4b6.PDT	270	0x8ce000	59392	0x100	ok	raw	53509b02
MLG\disc0_rel\00b2b4b6.PDT	271	0x8dc800	22528	0x100	ok	raw	53509c02
MLG\disc0_rel\00b2b4b6.PDT	272	0x8e2000	18432	0x100	ok	raw	53509d02
MLG\disc0_rel\00b2b4b6.PDT	273	0x8e6800	49152	0x100	ok	raw	53509e02
MLG\disc0_rel\00b2b4b6.PDT	274	0x8f2800	36864	0x100	ok	raw	53509f02
MLG\disc0_rel\00b2b4b6.PDT	275	0x8fb800	30720	0x100	ok	raw	5350a002
MLG\disc0_rel\00b2b4b6.PDT	276	0x903000	32768	0x100	ok	raw	5350a102
MLG\disc0_rel\00b2b4b6.PDT	277	0x90b000	28672	0x100	ok	raw	5350a202
MLG\disc0_rel\00b2b4b6.PDT	278	0x912000	22528	0x100	ok	raw	5350a302
MLG\disc0_rel\00b2b4b6.PDT	279	0x917800	26624	0x100	ok	raw	5350a402
MLG\disc0_rel\00b2b4b6.PDT	280	0x91e000	28672	0x100	ok	raw	5350a502
MLG\disc0_rel\00b2b4b6.PDT	281	0x925000	34816	0x100	ok	raw	5350a602
MLG\disc0_rel\00b2b4b6.PDT	282	0x92d800	45056	0x100	ok	raw	5350a702
MLG\disc0_rel\00b2b4b6.PDT	283	0x938800	45056	0x100	ok	raw	5350a802
MLG\disc0_rel\00b2b4b6.PDT	284	0x943800	28672	0x100	ok	raw	5350a902
MLG\disc0_rel\00b2b4b6.PDT	285	0x94a800	22528	0x100	ok	raw	5350aa02
MLG\disc0_rel\00b2b4b6.PDT	286	0x950000	26624	0x100	ok	raw	5350ab02
MLG\disc0_rel\00b2b4b6.PDT	287	0x956800	40960	0x100	ok	raw	5350ac02
MLG\disc0_rel\00b2b4b6.PDT	288	0x960800	61440	0x100	ok	raw	5350ad02
MLG\disc0_rel\00b2b4b6.PDT	289	0x96f800	53248	0x100	ok	raw	5350ae02
MLG\disc0_rel\00b2b4b6.PDT	290	0x97c800	47104	0x100	ok	raw	5350af02
MLG\disc0_rel\00b2b4b6.PDT	291	0x988000	51200	0x100	ok	raw	5350b002
MLG\disc0_rel\00b2b4b6.PDT	292	0x994800	24576	0x100	ok	raw	5350b102
MLG\disc0_rel\00b2b4b6.PDT	293	0x99a800	61440	0x100	ok	raw	5350b202
MLG\disc0_rel\00b2b4b6.PDT	294	0x9a9800	30720	0x100	ok	raw	5350b302
MLG\disc0_rel\00b2b4b6.PDT	295	0x9b1000	51200	0x100	ok	raw	5350b402
MLG\disc0_rel\00b2b4b6.PDT	296	0x9bd800	63488	0x100	ok	raw	5350b502
MLG\disc0_rel\00b2b4b6.PDT	297	0x9cd000	47104	0x100	ok	raw	5350b602
MLG\disc0_rel\00b2b4b6.PDT	298	0x9d8800	32768	0x100	ok	raw	5350b702
MLG\disc0_rel\00b2b4b6.PDT	299	0x9e0800	63488	0x100	ok	raw	5350b802
MLG\disc0_rel\00b2b4b6.PDT	300	0x9f0000	36864	0x100	ok	raw	5350b902
MLG\disc0_rel\00b2b4b6.PDT	301	0x9f9000	26624	0x100	ok	raw	5350ba02
MLG\disc0_rel\00b2b4b6.PDT	302	0x9ff800	36864	0x100	ok	raw	5350bb02
MLG\disc0_rel\00b2b4b6.PDT	303	0xa08800	24576	0x100	ok	raw	5350bc02
MLG\disc0_rel\00b2b4b6.PDT	304	0xa0e800	36864	0x100	ok	raw	5350bd02
MLG\disc0_rel\00b2b4b6.PDT	305	0xa17800	38912	0x100	ok	raw	5350be02
MLG\disc0_rel\00b2b4b6.PDT	306	0xa21000	36864	0x100	ok	raw	5350bf02
MLG\disc0_rel\00b2b4b6.PDT	307	0xa2a000	30720	0x100	ok	raw	5350c002
MLG\disc0_rel\00b2b4b6.PDT	308	0xa31800	49152	0x100	ok	raw	5350c102
MLG\disc0_rel\00b2b4b6.PDT	309	0xa3d800	14336	0x100	ok	raw	5350c202
MLG\disc0_rel\00b2b4b6.PDT	310	0xa41000	16384	0x100	ok	raw	5350c302
MLG\disc0_rel\00b2b4b6.PDT	311	0xa45000	22528	0x100	ok	raw	5350c402
MLG\disc0_rel\00b2b4b6.PDT	312	0xa4a800	16384	0x100	ok	raw	5350c502
MLG\disc0_rel\00b2b4b6.PDT	313	0xa4e800	34816	0x100	ok	raw	5350c602
MLG\disc0_rel\00b2b4b6.PDT	314	0xa57000	34816	0x100	ok	raw	5350c702
MLG\disc0_rel\00b2b4b6.PDT	315	0xa5f800	36864	0x100	ok	raw	5350c802
MLG\disc0_rel\00b2b4b6.PDT	316	0xa68800	45056	0x100	ok	raw	5350c902
MLG\disc0_rel\00b2b4b6.PDT	317	0xa73800	36864	0x100	ok	raw	5350ca02
MLG\disc0_rel\00b2b4b6.PDT	318	0xa7c800	30720	0x100	ok	raw	5350cb02
MLG\disc0_rel\00b2b4b6.PDT	319	0xa84000	30720	0x100	ok	raw	5350cc02
MLG\disc0_rel\00b2b4b6.PDT	320	0xa8b800	34816	0x100	ok	raw	5350cd02
MLG\disc0_rel\00b2b4b6.PDT	321	0xa94000	28672	0x100	ok	raw	5350ce02
MLG\disc0_rel\00b2b4b6.PDT	322	0xa9b000	16384	0x100	ok	raw	5350cf02
MLG\disc0_rel\00b2b4b6.PDT	323	0xa9f000	26624	0x100	ok	raw	5350d002
MLG\disc0_rel\00b2b4b6.PDT	324	0xaa5800	24576	0x100	ok	raw	5350d102
MLG\disc0_rel\00b2b4b6.PDT	325	0xaab800	26624	0x100	ok	raw	5350d202
MLG\disc0_rel\00b2b4b6.PDT	326	0xab2000	18432	0x100	ok	raw	5350d302
MLG\disc0_rel\00b2b4b6.PDT	327	0xab6800	16384	0x100	ok	raw	5350d402
MLG\disc0_rel\00b2b4b6.PDT	328	0xaba800	22528	0x100	ok	raw	5350d502
MLG\disc0_rel\00b2b4b6.PDT	329	0xac0000	28672	0x100	ok	raw	5350d602
MLG\disc0_rel\00b2b4b6.PDT	330	0xac7000	32768	0x100	ok	raw	5350d702
MLG\disc0_rel\00b2b4b6.PDT	331	0xacf000	36864	0x100	ok	raw	5350d802
MLG\disc0_rel\00b2b4b6.PDT	332	0xad8000	24576	0x100	ok	raw	5350d902
MLG\disc0_rel\00b2b4b6.PDT	333	0xade000	22528	0x100	ok	raw	5350da02
MLG\disc0_rel\00b2b4b6.PDT	334	0xae3800	24576	0x100	ok	raw	5350db02
MLG\disc0_rel\00b2b4b6.PDT	335	0xae9800	51200	0x100	ok	raw	5350dc02
MLG\disc0_rel\00b2b4b6.PDT	336	0xaf6000	34816	0x100	ok	raw	5350dd02
MLG\disc0_rel\00b2b4b6.PDT	337	0xafe800	32768	0x100	ok	raw	5350de02
MLG\disc0_rel\00b2b4b6.PDT	338	0xb06800	6144	0x100	ok	raw	5350df02
MLG\disc0_rel\00b2b4b6.PDT	339	0xb08000	43008	0x100	ok	raw	5350e002
MLG\disc0_rel\00b2b4b6.PDT	340	0xb12800	45056	0x100	ok	raw	5350e102
MLG\disc0_rel\00b2b4b6.PDT	341	0xb1d800	26624	0x100	ok	raw	5350e202
MLG\disc0_rel\00b2b4b6.PDT	342	0xb24000	28672	0x100	ok	raw	5350e302
MLG\disc0_rel\00b2b4b6.PDT	343	0xb2b000	73728	0x100	ok	raw	5350e402
MLG\disc0_rel\00b2b4b6.PDT	344	0xb3d000	59392	0x100	ok	raw	5350e502
MLG\disc0_rel\00b2b4b6.PDT	345	0xb4b800	32768	0x100	ok	raw	5350e602
MLG\disc0_rel\00b2b4b6.PDT	346	0xb53800	55296	0x100	ok	raw	5350e702
MLG\disc0_rel\00b2b4b6.PDT	347	0xb61000	36864	0x100	ok	raw	5350e802
MLG\disc0_rel\00b2b4b6.PDT	348	0xb6a000	32768	0x100	ok	raw	5350e902
MLG\disc0_rel\00b2b4b6.PDT	349	0xb72000	22528	0x100	ok	raw	5350ea02
MLG\disc0_rel\00b2b4b6.PDT	350	0xb77800	36864	0x100	ok	raw	5350eb02
MLG\disc0_rel\00b2b4b6.PDT	351	0xb80800	30720	0x100	ok	raw	5350ec02
MLG\disc0_rel\00b2b4b6.PDT	352	0xb88000	30720	0x100	ok	raw	5350ed02
MLG\disc0_rel\00b2b4b6.PDT	353	0xb8f800	6144	0x100	ok	raw	5350ee02
MLG\disc0_rel\00b2b4b6.PDT	354	0xb91000	30720	0x100	ok	raw	5350ef02
MLG\disc0_rel\00b2b4b6.PDT	355	0xb98800	28672	0x100	ok	raw	5350f002
MLG\disc0_rel\00b2b4b6.PDT	356	0xb9f800	24576	0x100	ok	raw	5350f102
MLG\disc0_rel\00b2b4b6.PDT	357	0xba5800	22528	0x100	ok	raw	5350f202
MLG\disc0_rel\00b2b4b6.PDT	358	0xbab000	32768	0x100	ok	raw	5350f302
MLG\disc0_rel\00b2b4b6.PDT	359	0xbb3000	36864	0x100	ok	raw	5350f402
MLG\disc0_rel\00b2b4b6.PDT	360	0xbbc000	30720	0x100	ok	raw	5350f502
MLG\disc0_rel\00b2b4b6.PDT	361	0xbc3800	36864	0x100	ok	raw	5350f602
MLG\disc0_rel\00b2b4b6.PDT	362	0xbcc800	34816	0x100	ok	raw	5350f702
MLG\disc0_rel\00b2b4b6.PDT	363	0xbd5000	32768	0x100	ok	raw	5350f802
MLG\disc0_rel\00b2b4b6.PDT	364	0xbdd000	26624	0x100	ok	raw	5350f902
MLG\disc0_rel\00b2b4b6.PDT	365	0xbe3800	32768	0x100	ok	raw	5350fa02
MLG\disc0_rel\00b2b4b6.PDT	366	0xbeb800	20480	0x100	ok	raw	5350fb02
MLG\disc0_rel\00b2b4b6.PDT	367	0xbf0800	34816	0x100	ok	raw	5350fc02
MLG\disc0_rel\00b2b4b6.PDT	368	0xbf9000	24576	0x100	ok	raw	5350fd02
MLG\disc0_rel\00b2b4b6.PDT	369	0xbff000	18432	0x100	ok	raw	5350fe02
MLG\disc0_rel\00b2b4b6.PDT	370	0xc03800	22528	0x100	ok	raw	5350ff02
MLG\disc0_rel\00b2b4b6.PDT	371	0xc09000	22528	0x100	ok	raw	53500003
MLG\disc0_rel\00b2b4b6.PDT	372	0xc0e800	18432	0x100	ok	raw	53500103
MLG\disc0_rel\00b2b4b6.PDT	373	0xc13000	40960	0x100	ok	raw	53500203
MLG\disc0_rel\00b2b4b6.PDT	374	0xc1d000	28672	0x100	ok	raw	53500303
MLG\disc0_rel\00b2b4b6.PDT	375	0xc24000	28672	0x100	ok	raw	53500403
MLG\disc0_rel\00b2b4b6.PDT	376	0xc2b000	18432	0x100	ok	raw	53500503
MLG\disc0_rel\00b2b4b6.PDT	377	0xc2f800	20480	0x100	ok	raw	53500603
MLG\disc0_rel\00b2b4b6.PDT	378	0xc34800	24576	0x100	ok	raw	53500703
MLG\disc0_rel\00b2b4b6.PDT	379	0xc3a800	28672	0x100	ok	raw	53500803
MLG\disc0_rel\00b2b4b6.PDT	380	0xc41800	20480	0x100	ok	raw	53500903
MLG\disc0_rel\00b2b4b6.PDT	381	0xc46800	34816	0x100	ok	raw	53500a03
MLG\disc0_rel\00b2b4b6.PDT	382	0xc4f000	24576	0x100	ok	raw	53500b03
MLG\disc0_rel\00b2b4b6.PDT	383	0xc55000	26624	0x100	ok	raw	53500c03
MLG\disc0_rel\00b2b4b6.PDT	384	0xc5b800	36864	0x100	ok	raw	53500d03
MLG\disc0_rel\00b2b4b6.PDT	385	0xc64800	53248	0x100	ok	raw	53500e03
MLG\disc0_rel\00b2b4b6.PDT	386	0xc71800	24576	0x100	ok	raw	53500f03
MLG\disc0_rel\00b2b4b6.PDT	387	0xc77800	38912	0x100	ok	raw	53501003
MLG\disc0_rel\00b2b4b6.PDT	388	0xc81000	28672	0x100	ok	raw	53501103
MLG\disc0_rel\00b2b4b6.PDT	389	0xc88000	32768	0x100	ok	raw	53501203
MLG\disc0_rel\00b2b4b6.PDT	390	0xc90000	22528	0x100	ok	raw	53501303
MLG\disc0_rel\00b2b4b6.PDT	391	0xc95800	22528	0x100	ok	raw	53501403
MLG\disc0_rel\00b2b4b6.PDT	392	0xc9b000	30720	0x100	ok	raw	53501503
MLG\disc0_rel\00b2b4b6.PDT	393	0xca2800	38912	0x100	ok	raw	53501603
MLG\disc0_rel\00b2b4b6.PDT	394	0xcac000	24576	0x100	ok	raw	53501703
MLG\disc0_rel\00b2b4b6.PDT	395	0xcb2000	24576	0x100	ok	raw	53501803
MLG\disc0_rel\00b2b4b6.PDT	396	0xcb8000	24576	0x100	ok	raw	53501903
MLG\disc0_rel\00b2b4b6.PDT	397	0xcbe000	14336	0x100	ok	raw	53501a03
MLG\disc0_rel\00b2b4b6.PDT	398	0xcc1800	12288	0x100	ok	raw	53501b03
MLG\disc0_rel\00b2b4b6.PDT	399	0xcc4800	22528	0x100	ok	raw	53501c03
MLG\disc0_rel\00b2b4b6.PDT	400	0xcca000	26624	0x100	ok	raw	53501d03
MLG\disc0_rel\00b2b4b6.PDT	401	0xcd0800	14336	0x100	ok	raw	53501e03
MLG\disc0_rel\00b2b4b6.PDT	402	0xcd4000	16384	0x100	ok	raw	53501f03
MLG\disc0_rel\00b2b4b6.PDT	403	0xcd8000	18432	0x100	ok	raw	53502003
MLG\disc0_rel\00b2b4b6.PDT	404	0xcdc800	26624	0x100	ok	raw	53502103
MLG\disc0_rel\00b2b4b6.PDT	405	0xce3000	32768	0x100	ok	raw	53502203
MLG\disc0_rel\00b2b4b6.PDT	406	0xceb000	28672	0x100	ok	raw	53502303
MLG\disc0_rel\00b2b4b6.PDT	407	0xcf2000	22528	0x100	ok	raw	53502403
MLG\disc0_rel\00b2b4b6.PDT	408	0xcf7800	34816	0x100	ok	raw	53507401
MLG\disc0_rel\00b2b4b6.PDT	409	0xd00000	43008	0x100	ok	raw	53507501
MLG\disc0_rel\00b2b4b6.PDT	410	0xd0a800	73728	0x100	ok	raw	53507601
MLG\disc0_rel\00b2b4b6.PDT	411	0xd1c800	90112	0x100	ok	raw	53507701
MLG\disc0_rel\00b2b4b6.PDT	412	0xd32800	65536	0x100	ok	raw	53507801
MLG\disc0_rel\00b2b4b6.PDT	413	0xd42800	81920	0x100	ok	raw	53507901
MLG\disc0_rel\00b2b4b6.PDT	414	0xd56800	57344	0x100	ok	raw	53507a01
MLG\disc0_rel\00b2b4b6.PDT	415	0xd64800	71680	0x100	ok	raw	53507b01
MLG\disc0_rel\00b2b4b6.PDT	416	0xd76000	67584	0x100	ok	raw	53507c01
MLG\disc0_rel\00b2b4b6.PDT	417	0xd86800	88064	0x100	ok	raw	53507d01
MLG\disc0_rel\00b2b4b6.PDT	418	0xd9c000	18432	0x100	ok	raw	53507e01
MLG\disc0_rel\00b2b4b6.PDT	419	0xda0800	16384	0x100	ok	raw	53507f01
MLG\disc0_rel\00b2b4b6.PDT	420	0xda4800	28672	0x100	ok	raw	53508001
MLG\disc0_rel\00b2b4b6.PDT	421	0xdab800	30720	0x100	ok	raw	53508101
MLG\disc0_rel\00b2b4b6.PDT	422	0xdb3000	28672	0x100	ok	raw	53508201
MLG\disc0_rel\00b2b4b6.PDT	423	0xdba000	30720	0x100	ok	raw	53508301
MLG\disc0_rel\00b2b4b6.PDT	424	0xdc1800	18432	0x100	ok	raw	53508401
MLG\disc0_rel\00b2b4b6.PDT	425	0xdc6000	49152	0x100	ok	raw	53508501
MLG\disc0_rel\00b2b4b6.PDT	426	0xdd2000	24576	0x100	ok	raw	53508601
MLG\disc0_rel\00b2b4b6.PDT	427	0xdd8000	34816	0x100	ok	raw	53508701
MLG\disc0_rel\00b2b4b6.PDT	428	0xde0800	40960	0x100	ok	raw	53508801
MLG\disc0_rel\00b2b4b6.PDT	429	0xdea800	28672	0x100	ok	raw	53508901
MLG\disc0_rel\00b2b4b6.PDT	430	0xdf1800	43008	0x100	ok	raw	53508a01
MLG\disc0_rel\00b2b4b6.PDT	431	0xdfc000	26624	0x100	ok	raw	53508b01
MLG\disc0_rel\00b2b4b6.PDT	432	0xe02800	22528	0x100	ok	raw	53508c01
MLG\disc0_rel\00b2b4b6.PDT	433	0xe08000	40960	0x100	ok	raw	53508d01
MLG\disc0_rel\00b2b4b6.PDT	434	0xe12000	28672	0x100	ok	raw	53508e01
MLG\disc0_rel\00b2b4b6.PDT	435	0xe19000	28672	0x100	ok	raw	53508f01
MLG\disc0_rel\00b2b4b6.PDT	436	0xe20000	36864	0x100	ok	raw	53509001
MLG\disc0_rel\00b2b4b6.PDT	437	0xe29000	34816	0x100	ok	raw	53509101
MLG\disc0_rel\00b2b4b6.PDT	438	0xe31800	32768	0x100	ok	raw	53509201
MLG\disc0_rel\00b2b4b6.PDT	439	0xe39800	38912	0x100	ok	raw	53509301
MLG\disc0_rel\00b2b4b6.PDT	440	0xe43000	57344	0x100	ok	raw	53509401
MLG\disc0_rel\00b2b4b6.PDT	441	0xe51000	43008	0x100	ok	raw	53509501
MLG\disc0_rel\00b2b4b6.PDT	442	0xe5b800	43008	0x100	ok	raw	53509601
MLG\disc0_rel\00b2b4b6.PDT	443	0xe66000	51200	0x100	ok	raw	53509701
MLG\disc0_rel\00b2b4b6.PDT	444	0xe72800	45056	0x100	ok	raw	53509801
MLG\disc0_rel\00b2b4b6.PDT	445	0xe7d800	32768	0x100	ok	raw	53509901
MLG\disc0_rel\00b2b4b6.PDT	446	0xe85800	40960	0x100	ok	raw	53509a01
MLG\disc0_rel\00b2b4b6.PDT	447	0xe8f800	45056	0x100	ok	raw	53509b01
MLG\disc0_rel\00b2b4b6.PDT	448	0xe9a800	38912	0x100	ok	raw	53509c01
MLG\disc0_rel\00b2b4b6.PDT	449	0xea4000	47104	0x100	ok	raw	53509d01
MLG\disc0_rel\00b2b4b6.PDT	450	0xeaf800	38912	0x100	ok	raw	53509e01
MLG\disc0_rel\00b2b4b6.PDT	451	0xeb9000	24576	0x100	ok	raw	53509f01
MLG\disc0_rel\00b2b4b6.PDT	452	0xebf000	30720	0x100	ok	raw	5350a001
MLG\disc0_rel\00b2b4b6.PDT	453	0xec6800	18432	0x100	ok	raw	5350a101
MLG\disc0_rel\00b2b4b6.PDT	454	0xecb000	47104	0x100	ok	raw	5350a201
MLG\disc0_rel\00b2b4b6.PDT	455	0xed6800	28672	0x100	ok	raw	5350a301
MLG\disc0_rel\00b2b4b6.PDT	456	0xedd800	20480	0x100	ok	raw	5350a401
MLG\disc0_rel\00b2b4b6.PDT	457	0xee2800	40960	0x100	ok	raw	5350a501
MLG\disc0_rel\00b2b4b6.PDT	458	0xeec800	49152	0x100	ok	raw	5350a601
MLG\disc0_rel\00b2b4b6.PDT	459	0xef8800	53248	0x100	ok	raw	5350a701
MLG\disc0_rel\00b2b4b6.PDT	460	0xf05800	32768	0x100	ok	raw	5350a801
MLG\disc0_rel\00b2b4b6.PDT	461	0xf0d800	47104	0x100	ok	raw	5350a901
MLG\disc0_rel\00b2b4b6.PDT	462	0xf19000	69632	0x100	ok	raw	5350aa01
MLG\disc0_rel\00b2b4b6.PDT	463	0xf2a000	32768	0x100	ok	raw	5350ab01
MLG\disc0_rel\00b2b4b6.PDT	464	0xf32000	26624	0x100	ok	raw	5350ac01
MLG\disc0_rel\00b2b4b6.PDT	465	0xf38800	30720	0x100	ok	raw	5350ad01
MLG\disc0_rel\00b2b4b6.PDT	466	0xf40000	28672	0x100	ok	raw	5350ae01
MLG\disc0_rel\00b2b4b6.PDT	467	0xf47000	30720	0x100	ok	raw	5350af01
MLG\disc0_rel\00b2b4b6.PDT	468	0xf4e800	51200	0x100	ok	raw	5350b001
MLG\disc0_rel\00b2b4b6.PDT	469	0xf5b000	51200	0x100	ok	raw	5350b101
MLG\disc0_rel\00b2b4b6.PDT	470	0xf67800	49152	0x100	ok	raw	5350b201
MLG\disc0_rel\00b2b4b6.PDT	471	0xf73800	40960	0x100	ok	raw	5350b301
MLG\disc0_rel\00b2b4b6.PDT	472	0xf7d800	69632	0x100	ok	raw	5350b401
MLG\disc0_rel\00b2b4b6.PDT	473	0xf8e800	69632	0x100	ok	raw	5350b501
MLG\disc0_rel\00b2b4b6.PDT	474	0xf9f800	51200	0x100	ok	raw	5350b601
MLG\disc0_rel\00b2b4b6.PDT	475	0xfac000	61440	0x100	ok	raw	5350b701
MLG\disc0_rel\00b2b4b6.PDT	476	0xfbb000	69632	0x100	ok	raw	5350b801
MLG\disc0_rel\00b2b4b6.PDT	477	0xfcc000	12288	0x100	ok	raw	5350b901
MLG\disc0_rel\00b2b4b6.PDT	478	0xfcf000	18432	0x100	ok	raw	5350ba01
MLG\disc0_rel\00b2b4b6.PDT	479	0xfd3800	16384	0x100	ok	raw	5350bb01
MLG\disc0_rel\00b2b4b6.PDT	480	0xfd7800	28672	0x100	ok	raw	5350bc01
MLG\disc0_rel\00b2b4b6.PDT	481	0xfde800	30720	0x100	ok	raw	5350bd01
MLG\disc0_rel\00b2b4b6.PDT	482	0xfe6000	36864	0x100	ok	raw	5350be01
MLG\disc0_rel\00b2b4b6.PDT	483	0xfef000	34816	0x100	ok	raw	5350bf01
MLG\disc0_rel\00b2b4b6.PDT	484	0xff7800	24576	0x100	ok	raw	5350c001
MLG\disc0_rel\00b2b4b6.PDT	485	0xffd800	24576	0x100	ok	raw	5350c101
MLG\disc0_rel\00b2b4b6.PDT	486	0x1003800	59392	0x100	ok	raw	5350c201
MLG\disc0_rel\00b2b4b6.PDT	487	0x1012000	73728	0x100	ok	raw	5350c301
MLG\disc0_rel\00b2b4b6.PDT	488	0x1024000	32768	0x100	ok	raw	5350c401
MLG\disc0_rel\00b2b4b6.PDT	489	0x102c000	47104	0x100	ok	raw	5350c501
MLG\disc0_rel\00b2b4b6.PDT	490	0x1037800	32768	0x100	ok	raw	5350c601
MLG\disc0_rel\00b2b4b6.PDT	491	0x103f800	28672	0x100	ok	raw	5350c701
MLG\disc0_rel\00b2b4b6.PDT	492	0x1046800	26624	0x100	ok	raw	5350c801
MLG\disc0_rel\00b2b4b6.PDT	493	0x104d000	36864	0x100	ok	raw	5350c901
MLG\disc0_rel\00b2b4b6.PDT	494	0x1056000	36864	0x100	ok	raw	5350ca01
MLG\disc0_rel\00b2b4b6.PDT	495	0x105f000	38912	0x100	ok	raw	5350cb01
MLG\disc0_rel\00b2b4b6.PDT	496	0x1068800	36864	0x100	ok	raw	5350cc01
MLG\disc0_rel\00b2b4b6.PDT	497	0x1071800	53248	0x100	ok	raw	5350cd01
MLG\disc0_rel\00b2b4b6.PDT	498	0x107e800	61440	0x100	ok	raw	5350ce01
MLG\disc0_rel\00b2b4b6.PDT	499	0x108d800	28672	0x100	ok	raw	5350cf01
MLG\disc0_rel\00b2b4b6.PDT	500	0x1094800	49152	0x100	ok	raw	5350d001
MLG\disc0_rel\00b2b4b6.PDT	501	0x10a0800	55296	0x100	ok	raw	5350d101
MLG\disc0_rel\00b2b4b6.PDT	502	0x10ae000	49152	0x100	ok	raw	5350d201
MLG\disc0_rel\00b2b4b6.PDT	503	0x10ba000	38912	0x100	ok	raw	5350d301
MLG\disc0_rel\00b2b4b6.PDT	504	0x10c3800	40960	0x100	ok	raw	5350d401
MLG\disc0_rel\00b2b4b6.PDT	505	0x10cd800	51200	0x100	ok	raw	5350d501
MLG\disc0_rel\00b2b4b6.PDT	506	0x10da000	36864	0x100	ok	raw	5350d601
MLG\disc0_rel\00b2b4b6.PDT	507	0x10e3000	40960	0x100	ok	raw	5350d701
MLG\disc0_rel\00b2b4b6.PDT	508	0x10ed000	26624	0x100	ok	raw	5350d801
MLG\disc0_rel\00b2b4b6.PDT	509	0x10f3800	49152	0x100	ok	raw	5350d901
MLG\disc0_rel\00b2b4b6.PDT	510	0x10ff800	22528	0x100	ok	raw	5350da01
MLG\disc0_rel\00b2b4b6.PDT	511	0x1105000	34816	0x100	ok	raw	5350db01
MLG\disc0_rel\00b2b4b6.PDT	512	0x110d800	26624	0x100	ok	raw	5350dc01
MLG\disc0_rel\00b2b4b6.PDT	513	0x1114000	32768	0x100	ok	raw	5350dd01
MLG\disc0_rel\00b2b4b6.PDT	514	0x111c000	49152	0x100	ok	raw	5350de01
MLG\disc0_rel\00b2b4b6.PDT	515	0x1128000	38912	0x100	ok	raw	5350df01
MLG\disc0_rel\00b2b4b6.PDT	516	0x1131800	18432	0x100	ok	raw	5350e001
MLG\disc0_rel\00b2b4b6.PDT	517	0x1136000	30720	0x100	ok	raw	5350e101
MLG\disc0_rel\00b2b4b6.PDT	518	0x113d800	34816	0x100	ok	raw	5350e201
MLG\disc0_rel\00b2b4b6.PDT	519	0x1146000	34816	0x100	ok	raw	5350e301
MLG\disc0_rel\00b2b4b6.PDT	520	0x114e800	38912	0x100	ok	raw	5350e401
MLG\disc0_rel\00b2b4b6.PDT	521	0x1158000	55296	0x100	ok	raw	5350e501
MLG\disc0_rel\00b2b4b6.PDT	522	0x1165800	47104	0x100	ok	raw	5350e601
MLG\disc0_rel\00b2b4b6.PDT	523	0x1171000	43008	0x100	ok	raw	5350e701
MLG\disc0_rel\00b2b4b6.PDT	524	0x117b800	51200	0x100	ok	raw	5350e801
MLG\disc0_rel\00b2b4b6.PDT	525	0x1188000	55296	0x100	ok	raw	5350e901
MLG\disc0_rel\00b2b4b6.PDT	526	0x1195800	26624	0x100	ok	raw	5350ea01
MLG\disc0_rel\00b2b4b6.PDT	527	0x119c000	34816	0x100	ok	raw	5350eb01
MLG\disc0_rel\00b2b4b6.PDT	528	0x11a4800	32768	0x100	ok	raw	5350ec01
MLG\disc0_rel\00b2b4b6.PDT	529	0x11ac800	34816	0x100	ok	raw	5350ed01
MLG\disc0_rel\00b2b4b6.PDT	530	0x11b5000	32768	0x100	ok	raw	5350ee01
MLG\disc0_rel\00b2b4b6.PDT	531	0x11bd000	26624	0x100	ok	raw	5350ef01
MLG\disc0_rel\00b2b4b6.PDT	532	0x11c3800	40960	0x100	ok	raw	5350f001
MLG\disc0_rel\00b2b4b6.PDT	533	0x11cd800	36864	0x100	ok	raw	5350f101
MLG\disc0_rel\00b2b4b6.PDT	534	0x11d6800	10240	0x100	ok	raw	5350f201
MLG\disc0_rel\00b2b4b6.PDT	535	0x11d9000	12288	0x100	ok	raw	5350f301
MLG\disc0_rel\00b2b4b6.PDT	536	0x11dc000	14336	0x100	ok	raw	5350f401
MLG\disc0_rel\00b2b4b6.PDT	537	0x11df800	10240	0x100	ok	raw	5350f501
MLG\disc0_rel\00b2b4b6.PDT	538	0x11e2000	20480	0x100	ok	raw	5350f601
MLG\disc0_rel\00b2b4b6.PDT	539	0x11e7000	14336	0x100	ok	raw	5350f701
MLG\disc0_rel\00b2b4b6.PDT	540	0x11ea800	20480	0x100	ok	raw	5350f801
MLG\disc0_rel\00b2b4b6.PDT	541	0x11ef800	6144	0x100	ok	raw	5350f901
MLG\disc0_rel\00b2b4b6.PDT	542	0x11f1000	6144	0x100	ok	raw	5350fa01
MLG\disc0_rel\00b2b4b6.PDT	543	0x11f2800	24576	0x100	ok	raw	5350fb01
MLG\disc0_rel\00b2b4b6.PDT	544	0x11f8800	38912	0x100	ok	raw	5350fc01
MLG\disc0_rel\00b2b4b6.PDT	545	0x1202000	22528	0x100	ok	raw	5350fd01
MLG\disc0_rel\00b2b4b6.PDT	546	0x1207800	26624	0x100	ok	raw	5350fe01
MLG\disc0_rel\00b2b4b6.PDT	547	0x120e000	26624	0x100	ok	raw	5350ff01
MLG\disc0_rel\00b2b4b6.PDT	548	0x1214800	32768	0x100	ok	raw	53500002
MLG\disc0_rel\00b2b4b6.PDT	549	0x121c800	26624	0x100	ok	raw	53500102
MLG\disc0_rel\00b2b4b6.PDT	550	0x1223000	6144	0x100	ok	raw	53500202
MLG\disc0_rel\00b2b4b6.PDT	551	0x1224800	22528	0x100	ok	raw	53500302
MLG\disc0_rel\00b2b4b6.PDT	552	0x122a000	14336	0x100	ok	raw	53500402
MLG\disc0_rel\00b2b4b6.PDT	553	0x122d800	16384	0x100	ok	raw	53500502
MLG\disc0_rel\00b2b4b6.PDT	554	0x1231800	6144	0x100	ok	raw	53500602
MLG\disc0_rel\00b2b4b6.PDT	555	0x1233000	6144	0x100	ok	raw	53500702
MLG\disc0_rel\00b2b4b6.PDT	556	0x1234800	6144	0x100	ok	raw	53500802
MLG\disc0_rel\00b2b4b6.PDT	557	0x1236000	6144	0x100	ok	raw	53500902
MLG\disc0_rel\00b2b4b6.PDT	558	0x1237800	6144	0x100	ok	raw	53500a02
MLG\disc0_rel\00b2b4b6.PDT	559	0x1239000	6144	0x100	ok	raw	53500b02
MLG\disc0_rel\00b2b4b6.PDT	560	0x123a800	6144	0x100	ok	raw	53500c02
MLG\disc0_rel\00b2b4b6.PDT	561	0x123c000	24576	0x100	ok	raw	53500d02
MLG\disc0_rel\00b2b4b6.PDT	562	0x1242000	45056	0x100	ok	raw	53500e02
MLG\disc0_rel\00b2b4b6.PDT	563	0x124d000	43008	0x100	ok	raw	53500f02
MLG\disc0_rel\00b2b4b6.PDT	564	0x1257800	20480	0x100	ok	raw	53501002
MLG\disc0_rel\00b2b4b6.PDT	565	0x125c800	28672	0x100	ok	raw	53501102
MLG\disc0_rel\00b2b4b6.PDT	566	0x1263800	22528	0x100	ok	raw	53501202
MLG\disc0_rel\00b2b4b6.PDT	567	0x1269000	36864	0x100	ok	raw	53501302
MLG\disc0_rel\00b2b4b6.PDT	568	0x1272000	30720	0x100	ok	raw	53501402
MLG\disc0_rel\00b2b4b6.PDT	569	0x1279800	34816	0x100	ok	raw	53501502
MLG\disc0_rel\00b2b4b6.PDT	570	0x1282000	53248	0x100	ok	raw	53501602
MLG\disc0_rel\00b2b4b6.PDT	571	0x128f000	86016	0x100	ok	raw	53501702
MLG\disc0_rel\00b2b4b6.PDT	572	0x12a4000	59392	0x100	ok	raw	53501802
MLG\disc0_rel\00b2b4b6.PDT	573	0x12b2800	75776	0x100	ok	raw	53501902
MLG\disc0_rel\00b2b4b6.PDT	574	0x12c5000	59392	0x100	ok	raw	53501a02
MLG\disc0_rel\00b2b4b6.PDT	575	0x12d3800	59392	0x100	ok	raw	53501b02
MLG\disc0_rel\00b2b4b6.PDT	576	0x12e2000	28672	0x100	ok	raw	53501c02
MLG\disc0_rel\00b2b4b6.PDT	577	0x12e9000	36864	0x100	ok	raw	53501d02
MLG\disc0_rel\00b2b4b6.PDT	578	0x12f2000	38912	0x100	ok	raw	53501e02
MLG\disc0_rel\00b2b4b6.PDT	579	0x12fb800	24576	0x100	ok	raw	53501f02
MLG\disc0_rel\00b2b4b6.PDT	580	0x1301800	24576	0x100	ok	raw	53502002
MLG\disc0_rel\00b2b4b6.PDT	581	0x1307800	24576	0x100	ok	raw	53502102
MLG\disc0_rel\00b2b4b6.PDT	582	0x130d800	16384	0x100	ok	raw	53502202
MLG\disc0_rel\00b2b4b6.PDT	583	0x1311800	14336	0x100	ok	raw	53502302
MLG\disc0_rel\00b2b4b6.PDT	584	0x1315000	36864	0x100	ok	raw	53502402
MLG\disc0_rel\00b2b4b6.PDT	585	0x131e000	38912	0x100	ok	raw	53502502
MLG\disc0_rel\00b2b4b6.PDT	586	0x1327800	24576	0x100	ok	raw	53502602
MLG\disc0_rel\00b2b4b6.PDT	587	0x132d800	22528	0x100	ok	raw	53502702
MLG\disc0_rel\00b2b4b6.PDT	588	0x1333000	12288	0x100	ok	raw	53502802
MLG\disc0_rel\00b2b4b6.PDT	589	0x1336000	18432	0x100	ok	raw	53502902
MLG\disc0_rel\00b2b4b6.PDT	590	0x133a800	22528	0x100	ok	raw	53502a02
MLG\disc0_rel\00b2b4b6.PDT	591	0x1340000	14336	0x100	ok	raw	53502b02
MLG\disc0_rel\00b2b4b6.PDT	592	0x1343800	22528	0x100	ok	raw	53502c02
MLG\disc0_rel\00b2b4b6.PDT	593	0x1349000	32768	0x100	ok	raw	53502d02
MLG\disc0_rel\00b2b4b6.PDT	594	0x1351000	20480	0x100	ok	raw	53502e02
MLG\disc0_rel\00b2b4b6.PDT	595	0x1356000	26624	0x100	ok	raw	53502f02
MLG\disc0_rel\00b2b4b6.PDT	596	0x135c800	34816	0x100	ok	raw	53503002
MLG\disc0_rel\00b2b4b6.PDT	597	0x1365000	57344	0x100	ok	raw	53503102
MLG\disc0_rel\00b2b4b6.PDT	598	0x1373000	43008	0x100	ok	raw	53503202
MLG\disc0_rel\00b2b4b6.PDT	599	0x137d800	20480	0x100	ok	raw	53503302
MLG\disc0_rel\00b2b4b6.PDT	600	0x1382800	49152	0x100	ok	raw	53503402
MLG\disc0_rel\00b2b4b6.PDT	601	0x138e800	26624	0x100	ok	raw	53503502
MLG\disc0_rel\00b2b4b6.PDT	602	0x1395000	51200	0x100	ok	raw	53503602
MLG\disc0_rel\00b2b4b6.PDT	603	0x13a1800	22528	0x100	ok	raw	53503702
MLG\disc0_rel\00b2b4b6.PDT	604	0x13a7000	22528	0x100	ok	raw	53503802
MLG\disc0_rel\00b2b4b6.PDT	605	0x13ac800	38912	0x100	ok	raw	53503902
MLG\disc0_rel\00b2b4b6.PDT	606	0x13b6000	32768	0x100	ok	raw	53503a02
MLG\disc0_rel\00b2b4b6.PDT	607	0x13be000	26624	0x100	ok	raw	53503b02
MLG\disc0_rel\00b2b4b6.PDT	608	0x13c4800	24576	0x100	ok	raw	53503c02
MLG\disc0_rel\00b2b4b6.PDT	609	0x13ca800	36864	0x100	ok	raw	53503d02
MLG\disc0_rel\00b2b4b6.PDT	610	0x13d3800	34816	0x100	ok	raw	53503e02
MLG\disc0_rel\00b2b4b6.PDT	611	0x13dc000	38912	0x100	ok	raw	53503f02
MLG\disc0_rel\00b2b4b6.PDT	612	0x13e5800	51200	0x100	ok	raw	53504002
MLG\disc0_rel\00b2b4b6.PDT	613	0x13f2000	55296	0x100	ok	raw	53504102
MLG\disc0_rel\00b2b4b6.PDT	614	0x13ff800	34816	0x100	ok	raw	53504202
MLG\disc0_rel\00b2b4b6.PDT	615	0x1408000	22528	0x100	ok	raw	53504302
MLG\disc0_rel\00b2b4b6.PDT	616	0x140d800	26624	0x100	ok	raw	53504402
MLG\disc0_rel\00b2b4b6.PDT	617	0x1414000	40960	0x100	ok	raw	53504502
MLG\disc0_rel\00b2b4b6.PDT	618	0x141e000	49152	0x100	ok	raw	53504602
MLG\disc0_rel\00b2b4b6.PDT	619	0x142a000	32768	0x100	ok	raw	53504702
MLG\disc0_rel\00b2b4b6.PDT	620	0x1432000	38912	0x100	ok	raw	53504802
MLG\disc0_rel\00b2b4b6.PDT	621	0x143b800	20480	0x100	ok	raw	53504902
MLG\disc0_rel\00b2b4b6.PDT	622	0x1440800	40960	0x100	ok	raw	53504a02
MLG\disc0_rel\00b2b4b6.PDT	623	0x144a800	40960	0x100	ok	raw	53504b02
MLG\disc0_rel\00b2b4b6.PDT	624	0x1454800	43008	0x100	ok	raw	53504c02
MLG\disc0_rel\00b2b4b6.PDT	625	0x145f000	43008	0x100	ok	raw	53504d02
MLG\disc0_rel\00b2b4b6.PDT	626	0x1469800	24576	0x100	ok	raw	53504e02
MLG\disc0_rel\00b2b4b6.PDT	627	0x146f800	38912	0x100	ok	raw	53504f02
MLG\disc0_rel\00b2b4b6.PDT	628	0x1479000	36864	0x100	ok	raw	53505002
MLG\disc0_rel\00b2b4b6.PDT	629	0x1482000	36864	0x100	ok	raw	53505102
MLG\disc0_rel\00b2b4b6.PDT	630	0x148b000	20480	0x100	ok	raw	53505202
MLG\disc0_rel\00b2b4b6.PDT	631	0x1490000	20480	0x100	ok	raw	53502503
MLG\disc0_rel\00b2b4b6.PDT	632	0x1495000	30720	0x100	ok	raw	53502603
MLG\disc0_rel\00b2b4b6.PDT	633	0x149c800	45056	0x100	ok	raw	53502803
MLG\disc0_rel\00b2b4b6.PDT	634	0x14a7800	34816	0x100	ok	raw	53502903
MLG\disc0_rel\00b2b4b6.PDT	635	0x14b0000	28672	0x100	ok	raw	53502a03
MLG\disc0_rel\00b2b4b6.PDT	636	0x14b7000	38912	0x100	ok	raw	53502b03
MLG\disc0_rel\00b2b4b6.PDT	637	0x14c0800	26624	0x100	ok	raw	53502c03
MLG\disc0_rel\00b2b4b6.PDT	638	0x14c7000	22528	0x100	ok	raw	53502d03
MLG\disc0_rel\00b2b4b6.PDT	639	0x14cc800	36864	0x100	ok	raw	53502e03
MLG\disc0_rel\00b2b4b6.PDT	640	0x14d5800	28672	0x100	ok	raw	53502f03
MLG\disc0_rel\00b2b4b6.PDT	641	0x14dc800	43008	0x100	ok	raw	53503003
MLG\disc0_rel\00b2b4b6.PDT	642	0x14e7000	24576	0x100	ok	raw	53503103
MLG\disc0_rel\00b2b4b6.PDT	643	0x14ed000	24576	0x100	ok	raw	53502703
MLG\disc0_rel\00b2b4b6.PDT	644	0x14f3000	28672	0x100	ok	raw	53503203
MLG\disc0_rel\00b2b4b6.PDT	645	0x14fa000	32768	0x100	ok	raw	53503303
MLG\disc0_rel\00b2b4b6.PDT	646	0x1502000	16384	0x100	ok	raw	53503403
MLG\disc0_rel\00b2b4b6.PDT	647	0x1506000	30720	0x100	ok	raw	53503503
MLG\disc0_rel\00b2b4b6.PDT	648	0x150d800	20480	0x100	ok	raw	53503603
MLG\disc0_rel\00b2b4b6.PDT	649	0x1512800	22528	0x100	ok	raw	53503703
MLG\disc0_rel\00b2b4b6.PDT	650	0x1518000	24576	0x100	ok	raw	53503803
MLG\disc0_rel\00b2b4b6.PDT	651	0x151e000	14336	0x100	ok	raw	53503903
MLG\disc0_rel\00b2b4b6.PDT	652	0x1521800	20480	0x100	ok	raw	53503a03
MLG\disc0_rel\00b2b4b6.PDT	653	0x1526800	28672	0x100	ok	raw	53503b03
MLG\disc0_rel\00b2b4b6.PDT	654	0x152d800	18432	0x100	ok	raw	53503c03
MLG\disc0_rel\00b2b4b6.PDT	655	0x1532000	34816	0x100	ok	raw	53503d03
MLG\disc0_rel\00b2b4b6.PDT	656	0x153a800	32768	0x100	ok	raw	53503e03
MLG\disc0_rel\00b2b4b6.PDT	657	0x1542800	61440	0x100	ok	raw	53503f03
MLG\disc0_rel\00b2b4b6.PDT	658	0x1551800	30720	0x100	ok	raw	53504003
MLG\disc0_rel\00b2b4b6.PDT	659	0x1559000	43008	0x100	ok	raw	53504103
MLG\disc0_rel\00b2b4b6.PDT	660	0x1563800	26624	0x100	ok	raw	53504203
MLG\disc0_rel\00b2b4b6.PDT	661	0x156a000	43008	0x100	ok	raw	53504303
MLG\disc0_rel\00b2b4b6.PDT	662	0x1574800	28672	0x100	ok	raw	53504403
MLG\disc0_rel\00b2b4b6.PDT	663	0x157b800	32768	0x100	ok	raw	53504503
MLG\disc0_rel\00b2b4b6.PDT	664	0x1583800	18432	0x100	ok	raw	53504603
MLG\disc0_rel\00b2b4b6.PDT	665	0x1588000	49152	0x100	ok	raw	53504703
MLG\disc0_rel\00b2b4b6.PDT	666	0x1594000	26624	0x100	ok	raw	53504803
MLG\disc0_rel\00b2b4b6.PDT	667	0x159a800	20480	0x100	ok	raw	53504903
MLG\disc0_rel\00b2b4b6.PDT	668	0x159f800	28672	0x100	ok	raw	53504a03
MLG\disc0_rel\00b2b4b6.PDT	669	0x15a6800	28672	0x100	ok	raw	53504b03
MLG\disc0_rel\00b2b4b6.PDT	670	0x15ad800	26624	0x100	ok	raw	53504c03
MLG\disc0_rel\00b2b4b6.PDT	671	0x15b4000	32768	0x100	ok	raw	53504d03
MLG\disc0_rel\00b2b4b6.PDT	672	0x15bc000	45056	0x100	ok	raw	53504e03
MLG\disc0_rel\00b2b4b6.PDT	673	0x15c7000	16384	0x100	ok	raw	53504f03
MLG\disc0_rel\00b2b4b6.PDT	674	0x15cb000	45056	0x100	ok	raw	53505003
MLG\disc0_rel\00b2b4b6.PDT	675	0x15d6000	34816	0x100	ok	raw	53505103
MLG\disc0_rel\00b2b4b6.PDT	676	0x15de800	16384	0x100	ok	raw	53505203
MLG\disc0_rel\00b2b4b6.PDT	677	0x15e2800	26624	0x100	ok	raw	53505303
MLG\disc0_rel\00b2b4b6.PDT	678	0x15e9000	22528	0x100	ok	raw	53505403
MLG\disc0_rel\00b2b4b6.PDT	679	0x15ee800	30720	0x100	ok	raw	53505503
MLG\disc0_rel\00b2b4b6.PDT	680	0x15f6000	28672	0x100	ok	raw	53505603
MLG\disc0_rel\00b2b4b6.PDT	681	0x15fd000	30720	0x100	ok	raw	53505703
MLG\disc0_rel\00b2b4b6.PDT	682	0x1604800	32768	0x100	ok	raw	53505803
MLG\disc0_rel\00b2b4b6.PDT	683	0x160c800	20480	0x100	ok	raw	53505903
MLG\disc0_rel\00b2b4b6.PDT	684	0x1611800	16384	0x100	ok	raw	53505b03
MLG\disc0_rel\00b2b4b6.PDT	685	0x1615800	24576	0x100	ok	raw	53505c03
MLG\disc0_rel\00b2b4b6.PDT	686	0x161b800	28672	0x100	ok	raw	53505d03
MLG\disc0_rel\00b2b4b6.PDT	687	0x1622800	8192	0x100	ok	raw	53505e03
MLG\disc0_rel\00b2b4b6.PDT	688	0x1624800	18432	0x100	ok	raw	53505f03
MLG\disc0_rel\00b2b4b6.PDT	689	0x1629000	49152	0x100	ok	raw	53506003
MLG\disc0_rel\00b2b4b6.PDT	690	0x1635000	34816	0x100	ok	raw	53506103
MLG\disc0_rel\00b2b4b6.PDT	691	0x163d800	49152	0x100	ok	raw	53506203
MLG\disc0_rel\00b2b4b6.PDT	692	0x1649800	40960	0x100	ok	raw	53506303
MLG\disc0_rel\00b2b4b6.PDT	693	0x1653800	40960	0x100	ok	raw	53506403
MLG\disc0_rel\00b2b4b6.PDT	694	0x165d800	43008	0x100	ok	raw	53506503
MLG\disc0_rel\00b2b4b6.PDT	695	0x1668000	77824	0x100	ok	raw	53506603
MLG\disc0_rel\00b2b4b6.PDT	696	0x167b000	53248	0x100	ok	raw	53506703
MLG\disc0_rel\00b2b4b6.PDT	697	0x1688000	18432	0x100	ok	raw	53506803
MLG\disc0_rel\00b2b4b6.PDT	698	0x168c800	38912	0x100	ok	raw	53506903
MLG\disc0_rel\00b2b4b6.PDT	699	0x1696000	45056	0x100	ok	raw	53506a03
MLG\disc0_rel\00b2b4b6.PDT	700	0x16a1000	59392	0x100	ok	raw	53506b03
MLG\disc0_rel\00b2b4b6.PDT	701	0x16af800	38912	0x100	ok	raw	53506c03
MLG\disc0_rel\00b2b4b6.PDT	702	0x16b9000	14336	0x100	ok	raw	5350c503
MLG\disc0_rel\00b2b4b6.PDT	703	0x16bc800	108544	0x100	ok	raw	5350c603
MLG\disc0_rel\00b2b4b6.PDT	704	0x16d7000	6144	0x100	ok	raw	5350c703
MLG\disc0_rel\00b2b4b6.PDT	705	0x16d8800	20480	0x100	ok	raw	5350c803
MLG\disc0_rel\00b2b4b6.PDT	706	0x16dd800	24576	0x100	ok	raw	5350c903
MLG\disc0_rel\00b2b4b6.PDT	707	0x16e3800	26624	0x100	ok	raw	5350ca03
MLG\disc0_rel\00b2b4b6.PDT	708	0x16ea000	26624	0x100	ok	raw	5350cb03
MLG\disc0_rel\00b2b4b6.PDT	709	0x16f0800	32768	0x100	ok	raw	5350cc03
MLG\disc0_rel\00b2b4b6.PDT	710	0x16f8800	38912	0x100	ok	raw	5350cd03
MLG\disc0_rel\00b2b4b6.PDT	711	0x1702000	26624	0x100	ok	raw	5350ce03
MLG\disc0_rel\00b2b4b6.PDT	712	0x1708800	22528	0x100	ok	raw	5350cf03
MLG\disc0_rel\00b2b4b6.PDT	713	0x170e000	26624	0x100	ok	raw	5350d003
MLG\disc0_rel\00b2b4b6.PDT	714	0x1714800	32768	0x100	ok	raw	5350d103
MLG\disc0_rel\00b2b4b6.PDT	715	0x171c800	24576	0x100	ok	raw	5350d203
MLG\disc0_rel\00b2b4b6.PDT	716	0x1722800	30720	0x100	ok	raw	5350d303
MLG\disc0_rel\00b2b4b6.PDT	717	0x172a000	55296	0x100	ok	raw	5350d403
MLG\disc0_rel\00b2b4b6.PDT	718	0x1737800	32768	0x100	ok	raw	5350d503
MLG\disc0_rel\00b2b4b6.PDT	719	0x173f800	32768	0x100	ok	raw	5350d603
MLG\disc0_rel\00b2b4b6.PDT	720	0x1747800	34816	0x100	ok	raw	5350d703
MLG\disc0_rel\00b2b4b6.PDT	721	0x1750000	36864	0x100	ok	raw	5350d803
MLG\disc0_rel\00b2b4b6.PDT	722	0x1759000	30720	0x100	ok	raw	5350d903
MLG\disc0_rel\00b2b4b6.PDT	723	0x1760800	38912	0x100	ok	raw	5350da03
MLG\disc0_rel\00b2b4b6.PDT	724	0x176a000	34816	0x100	ok	raw	5350db03
MLG\disc0_rel\00b2b4b6.PDT	725	0x1772800	38912	0x100	ok	raw	5350dc03
MLG\disc0_rel\00b2b4b6.PDT	726	0x177c000	55296	0x100	ok	raw	5350dd03
MLG\disc0_rel\00b2b4b6.PDT	727	0x1789800	30720	0x100	ok	raw	5350de03
MLG\disc0_rel\00b2b4b6.PDT	728	0x1791000	55296	0x100	ok	raw	5350df03
MLG\disc0_rel\00b2b4b6.PDT	729	0x179e800	36864	0x100	ok	raw	5350e003
MLG\disc0_rel\00b2b4b6.PDT	730	0x17a7800	18432	0x100	ok	raw	5350e103
MLG\disc0_rel\00b2b4b6.PDT	731	0x17ac000	61440	0x100	ok	raw	5350e203
MLG\disc0_rel\00b2b4b6.PDT	732	0x17bb000	6144	0x100	ok	raw	5350e303
MLG\disc0_rel\00b2b4b6.PDT	733	0x17bc800	47104	0x100	ok	raw	5350e403
MLG\disc0_rel\00b2b4b6.PDT	734	0x17c8000	40960	0x100	ok	raw	5350e503
MLG\disc0_rel\00b2b4b6.PDT	735	0x17d2000	26624	0x100	ok	raw	5350e603
MLG\disc0_rel\00b2b4b6.PDT	736	0x17d8800	67584	0x100	ok	raw	5350e703
MLG\disc0_rel\00b2b4b6.PDT	737	0x17e9000	22528	0x100	ok	raw	5350e803
MLG\disc0_rel\00b2b4b6.PDT	738	0x17ee800	22528	0x100	ok	raw	5350e903
MLG\disc0_rel\00b2b4b6.PDT	739	0x17f4000	63488	0x100	ok	raw	5350ea03
MLG\disc0_rel\00b2b4b6.PDT	740	0x1803800	51200	0x100	ok	raw	5350eb03
MLG\disc0_rel\00b2b4b6.PDT	741	0x1810000	59392	0x100	ok	raw	5350ec03
MLG\disc0_rel\00b2b4b6.PDT	742	0x181e800	34816	0x100	ok	raw	5350ed03
MLG\disc0_rel\00b2b4b6.PDT	743	0x1827000	65536	0x100	ok	raw	5350ee03
MLG\disc0_rel\00b2b4b6.PDT	744	0x1837000	43008	0x100	ok	raw	5350ef03
MLG\disc0_rel\00b2b4b6.PDT	745	0x1841800	24576	0x100	ok	raw	5350f003
MLG\disc0_rel\00b2b4b6.PDT	746	0x1847800	36864	0x100	ok	raw	5350f103
MLG\disc0_rel\00b2b4b6.PDT	747	0x1850800	71680	0x100	ok	raw	5350f203
MLG\disc0_rel\00b2b4b6.PDT	748	0x1862000	49152	0x100	ok	raw	5350f303
MLG\disc0_rel\00b2b4b6.PDT	749	0x186e000	43008	0x100	ok	raw	5350f403
MLG\disc0_rel\00b2b4b6.PDT	750	0x1878800	47104	0x100	ok	raw	5350f503
MLG\disc0_rel\00b2b4b6.PDT	751	0x1884000	40960	0x100	ok	raw	5350f603
MLG\disc0_rel\00b2b4b6.PDT	752	0x188e000	6144	0x100	ok	raw	5350f703
MLG\disc0_rel\00b2b4b6.PDT	753	0x188f800	73728	0x100	ok	raw	5350f803
MLG\disc0_rel\00b2b4b6.PDT	754	0x18a1800	6144	0x100	ok	raw	5350f903
MLG\disc0_rel\00b2b4b6.PDT	755	0x18a3000	6144	0x100	ok	raw	5350fa03
MLG\disc0_rel\00b2b4b6.PDT	756	0x18a4800	24576	0x100	ok	raw	5350fb03
MLG\disc0_rel\00b2b4b6.PDT	757	0x18aa800	28672	0x100	ok	raw	5350fc03
MLG\disc0_rel\00b2b4b6.PDT	758	0x18b1800	20480	0x100	ok	raw	5350fd03
MLG\disc0_rel\00b2b4b6.PDT	759	0x18b6800	28672	0x100	ok	raw	5350fe03
MLG\disc0_rel\00b2b4b6.PDT	760	0x18bd800	4096	0x100	ok	raw	5350ff03
MLG\disc0_rel\00b2b4b6.PDT	761	0x18be800	22528	0x100	ok	raw	53500004
MLG\disc0_rel\00b2b4b6.PDT	762	0x18c4000	30720	0x100	ok	raw	53500104
MLG\disc0_rel\00b2b4b6.PDT	763	0x18cb800	38912	0x100	ok	raw	53500204
MLG\disc0_rel\00b2b4b6.PDT	764	0x18d5000	36864	0x100	ok	raw	53500304
MLG\disc0_rel\00b2b4b6.PDT	765	0x18de000	40960	0x100	ok	raw	53500404
MLG\disc0_rel\00b2b4b6.PDT	766	0x18e8000	63488	0x100	ok	raw	53500504
MLG\disc0_rel\00b2b4b6.PDT	767	0x18f7800	24576	0x100	ok	raw	53500604
MLG\disc0_rel\00b2b4b6.PDT	768	0x18fd800	24576	0x100	ok	raw	53500704
MLG\disc0_rel\00b2b4b6.PDT	769	0x1903800	24576	0x100	ok	raw	53500804
MLG\disc0_rel\00b2b4b6.PDT	770	0x1909800	43008	0x100	ok	raw	53500904
MLG\disc0_rel\00b2b4b6.PDT	771	0x1914000	40960	0x100	ok	raw	53500a04
MLG\disc0_rel\00b2b4b6.PDT	772	0x191e000	16384	0x100	ok	raw	53500b04
MLG\disc0_rel\00b2b4b6.PDT	773	0x1922000	26624	0x100	ok	raw	53500c04
MLG\disc0_rel\00b2b4b6.PDT	774	0x1928800	20480	0x100	ok	raw	53500d04
MLG\disc0_rel\00b2b4b6.PDT	775	0x192d800	26624	0x100	ok	raw	53500e04
MLG\disc0_rel\00b2b4b6.PDT	776	0x1934000	49152	0x100	ok	raw	53500f04
MLG\disc0_rel\00b2b4b6.PDT	777	0x1940000	34816	0x100	ok	raw	53501004
MLG\disc0_rel\00b2b4b6.PDT	778	0x1948800	38912	0x100	ok	raw	53501104
MLG\disc0_rel\00b2b4b6.PDT	779	0x1952000	30720	0x100	ok	raw	53501204
MLG\disc0_rel\00b2b4b6.PDT	780	0x1959800	59392	0x100	ok	raw	53501304
MLG\disc0_rel\00b2b4b6.PDT	781	0x1968000	28672	0x100	ok	raw	53501404
MLG\disc0_rel\00b2b4b6.PDT	782	0x196f000	59392	0x100	ok	raw	53501504
MLG\disc0_rel\00b2b4b6.PDT	783	0x197d800	22528	0x100	ok	raw	53501604
MLG\disc0_rel\00b2b4b6.PDT	784	0x1983000	26624	0x100	ok	raw	53501704
MLG\disc0_rel\00b2b4b6.PDT	785	0x1989800	55296	0x100	ok	raw	53501804
MLG\disc0_rel\00b2b4b6.PDT	786	0x1997000	24576	0x100	ok	raw	53501904
MLG\disc0_rel\00b2b4b6.PDT	787	0x199d000	26624	0x100	ok	raw	53501a04
MLG\disc0_rel\00b2b4b6.PDT	788	0x19a3800	38912	0x100	ok	raw	53501b04
MLG\disc0_rel\00b2b4b6.PDT	789	0x19ad000	20480	0x100	ok	raw	53501c04
MLG\disc0_rel\00b2b4b6.PDT	790	0x19b2000	28672	0x100	ok	raw	53502704
MLG\disc0_rel\00b2b4b6.PDT	791	0x19b9000	32768	0x100	ok	raw	53502804
MLG\disc0_rel\00b2b4b6.PDT	792	0x19c1000	6144	0x100	ok	raw	53502904
MLG\disc0_rel\00b2b4b6.PDT	793	0x19c2800	6144	0x100	ok	raw	53502a04
MLG\disc0_rel\00b2b4b6.PDT	794	0x19c4000	34816	0x100	ok	raw	53502b04
MLG\disc0_rel\00b2b4b6.PDT	795	0x19cc800	20480	0x100	ok	raw	53502c04
MLG\disc0_rel\00b2b4b6.PDT	796	0x19d1800	32768	0x100	ok	raw	53502d04
MLG\disc0_rel\00b2b4b6.PDT	797	0x19d9800	36864	0x100	ok	raw	53502e04
MLG\disc0_rel\00b2b4b6.PDT	798	0x19e2800	6144	0x100	ok	raw	53502f04
MLG\disc0_rel\00b2b4b6.PDT	799	0x19e4000	45056	0x100	ok	raw	53503004
MLG\disc0_rel\00b2b4b6.PDT	800	0x19ef000	36864	0x100	ok	raw	53503104
MLG\disc0_rel\00b2b4b6.PDT	801	0x19f8000	22528	0x100	ok	raw	53503204
MLG\disc0_rel\00b2b4b6.PDT	802	0x19fd800	22528	0x100	ok	raw	53503304
MLG\disc0_rel\00b2b4b6.PDT	803	0x1a03000	24576	0x100	ok	raw	53503404
MLG\disc0_rel\00b2b4b6.PDT	804	0x1a09000	30720	0x100	ok	raw	53503504
MLG\disc0_rel\00b2b4b6.PDT	805	0x1a10800	28672	0x100	ok	raw	53503604
MLG\disc0_rel\00b2b4b6.PDT	806	0x1a17800	26624	0x100	ok	raw	53503704
MLG\disc0_rel\00b2b4b6.PDT	807	0x1a1e000	32768	0x100	ok	raw	53503804
MLG\disc0_rel\00b2b4b6.PDT	808	0x1a26000	20480	0x100	ok	raw	53503904
MLG\disc0_rel\00b2b4b6.PDT	809	0x1a2b000	38912	0x100	ok	raw	53503a04
MLG\disc0_rel\00b2b4b6.PDT	810	0x1a34800	34816	0x100	ok	raw	53503b04
MLG\disc0_rel\00b2b4b6.PDT	811	0x1a3d000	53248	0x100	ok	raw	53503c04
MLG\disc0_rel\00b2b4b6.PDT	812	0x1a4a000	69632	0x100	ok	raw	53503d04
MLG\disc0_rel\00b2b4b6.PDT	813	0x1a5b000	18432	0x100	ok	raw	53503f04
MLG\disc0_rel\00b2b4b6.PDT	814	0x1a5f800	28672	0x100	ok	raw	53504004
MLG\disc0_rel\00b2b4b6.PDT	815	0x1a66800	20480	0x100	ok	raw	53504104
MLG\disc0_rel\00b2b4b6.PDT	816	0x1a6b800	28672	0x100	ok	raw	53504204
MLG\disc0_rel\00b2b4b6.PDT	817	0x1a72800	32768	0x100	ok	raw	53504304
MLG\disc0_rel\00b2b4b6.PDT	818	0x1a7a800	26624	0x100	ok	raw	53504404
MLG\disc0_rel\00b2b4b6.PDT	819	0x1a81000	34816	0x100	ok	raw	53504504
MLG\disc0_rel\00b2b4b6.PDT	820	0x1a89800	30720	0x100	ok	raw	53504604
MLG\disc0_rel\00b2b4b6.PDT	821	0x1a91000	30720	0x100	ok	raw	53504704
MLG\disc0_rel\00b2b4b6.PDT	822	0x1a98800	40960	0x100	ok	raw	53504804
MLG\disc0_rel\00b2b4b6.PDT	823	0x1aa2800	18432	0x100	ok	raw	53504904
MLG\disc0_rel\00b2b4b6.PDT	824	0x1aa7000	26624	0x100	ok	raw	53504a04
MLG\disc0_rel\00b2b4b6.PDT	825	0x1aad800	26624	0x100	ok	raw	53504b04
MLG\disc0_rel\00b2b4b6.PDT	826	0x1ab4000	22528	0x100	ok	raw	53504c04
MLG\disc0_rel\00b2b4b6.PDT	827	0x1ab9800	32768	0x100	ok	raw	53504d04
MLG\disc0_rel\00b2b4b6.PDT	828	0x1ac1800	26624	0x100	ok	raw	53504e04
MLG\disc0_rel\00b2b4b6.PDT	829	0x1ac8000	34816	0x100	ok	raw	53504f04
MLG\disc0_rel\00b2b4b6.PDT	830	0x1ad0800	49152	0x100	ok	raw	53505004
MLG\disc0_rel\00b2b4b6.PDT	831	0x1adc800	34816	0x100	ok	raw	53505104
MLG\disc0_rel\00b2b4b6.PDT	832	0x1ae5000	24576	0x100	ok	raw	53505204
MLG\disc0_rel\00b2b4b6.PDT	833	0x1aeb000	40960	0x100	ok	raw	53505304
MLG\disc0_rel\00b2b4b6.PDT	834	0x1af5000	38912	0x100	ok	raw	53505804
MLG\disc0_rel\00b2b4b6.PDT	835	0x1afe800	38912	0x100	ok	raw	53506104
MLG\disc0_rel\00b2b4b6.PDT	836	0x1b08000	43008	0x100	ok	raw	53506204
MLG\disc0_rel\00b2b4b6.PDT	837	0x1b12800	28672	0x100	ok	raw	53506304
MLG\disc0_rel\00b2b4b6.PDT	838	0x1b19800	34816	0x100	ok	raw	53506404
MLG\disc0_rel\00b2b4b6.PDT	839	0x1b22000	32768	0x100	ok	raw	53506504
MLG\disc0_rel\00b2b4b6.PDT	840	0x1b2a000	34816	0x100	ok	raw	53506604
MLG\disc0_rel\00b2b4b6.PDT	841	0x1b32800	34816	0x100	ok	raw	53506704
MLG\disc0_rel\00b2b4b6.PDT	842	0x1b3b000	28672	0x100	ok	raw	53506804
MLG\disc0_rel\00b2b4b6.PDT	843	0x1b42000	32768	0x100	ok	raw	53506904
MLG\disc0_rel\00b2b4b6.PDT	844	0x1b4a000	45056	0x100	ok	raw	53506a04
MLG\disc0_rel\00b2b4b6.PDT	845	0x1b55000	20480	0x100	ok	raw	53506b04
MLG\disc0_rel\00b2b4b6.PDT	846	0x1b5a000	32768	0x100	ok	raw	53506c04
MLG\disc0_rel\00b2b4b6.PDT	847	0x1b62000	32768	0x100	ok	raw	53506d04
MLG\disc0_rel\00b2b4b6.PDT	848	0x1b6a000	18432	0x100	ok	raw	53506e04
MLG\disc0_rel\00b2b4b6.PDT	849	0x1b6e800	28672	0x100	ok	raw	53507404
MLG\disc0_rel\00b2b4b6.PDT	850	0x1b75800	34816	0x100	ok	raw	53507504
MLG\disc0_rel\00b2b4b6.PDT	851	0x1b7e000	57344	0x100	ok	raw	53507604
MLG\disc0_rel\00b2b4b6.PDT	852	0x1b8c000	45056	0x100	ok	raw	53507704
MLG\disc0_rel\00b2b4b6.PDT	853	0x1b97000	28672	0x100	ok	raw	53507804
MLG\disc0_rel\00b2b4b6.PDT	854	0x1b9e000	32768	0x100	ok	raw	53507904
MLG\disc0_rel\00b2b4b6.PDT	855	0x1ba6000	88064	0x100	ok	raw	53507a04
MLG\disc0_rel\00b2b4b6.PDT	856	0x1bbb800	45056	0x100	ok	raw	53507b04
MLG\disc0_rel\00b2b4b6.PDT	857	0x1bc6800	53248	0x100	ok	raw	53507c04
MLG\disc0_rel\00b2b4b6.PDT	858	0x1bd3800	45056	0x100	ok	raw	53507d04
MLG\disc0_rel\00b2b4b6.PDT	859	0x1bde800	38912	0x100	ok	raw	53507f04
MLG\disc0_rel\00b2b4b6.PDT	860	0x1be8000	28672	0x100	ok	raw	53508004
MLG\disc0_rel\00b2b4b6.PDT	861	0x1bef000	34816	0x100	ok	raw	53508104
MLG\disc0_rel\00b2b4b6.PDT	862	0x1bf7800	30720	0x100	ok	raw	53508204
MLG\disc0_rel\00b2b4b6.PDT	863	0x1bff000	38912	0x100	ok	raw	53508404
MLG\disc0_rel\00b2b4b6.PDT	864	0x1c08800	53248	0x100	ok	raw	53508504
MLG\disc0_rel\00b2b4b6.PDT	865	0x1c15800	6144	0x100	ok	raw	53508604
MLG\disc0_rel\00b2b4b6.PDT	866	0x1c17000	47104	0x100	ok	raw	53508704
MLG\disc0_rel\00b2b4b6.PDT	867	0x1c22800	16384	0x100	ok	raw	53508804
MLG\disc0_rel\00b2b4b6.PDT	868	0x1c26800	12288	0x100	ok	raw	53508904
MLG\disc0_rel\00b2b4b6.PDT	869	0x1c29800	16384	0x100	ok	raw	53508a04
MLG\disc0_rel\00b2b4b6.PDT	870	0x1c2d800	34816	0x100	ok	raw	53508b04
MLG\disc0_rel\00b2b4b6.PDT	871	0x1c36000	30720	0x100	ok	raw	53508c04
MLG\disc0_rel\00b2b4b6.PDT	872	0x1c3d800	36864	0x100	ok	raw	53508d04
MLG\disc0_rel\00b2b4b6.PDT	873	0x1c46800	49152	0x100	ok	raw	53508e04
MLG\disc0_rel\00b2b4b6.PDT	874	0x1c52800	45056	0x100	ok	raw	53508f04
MLG\disc0_rel\00b2b4b6.PDT	875	0x1c5d800	32768	0x100	ok	raw	53509004
MLG\disc0_rel\00b2b4b6.PDT	876	0x1c65800	49152	0x100	ok	raw	53509104
MLG\disc0_rel\00b2b4b6.PDT	877	0x1c71800	55296	0x100	ok	raw	53509204
MLG\disc0_rel\00b2b4b6.PDT	878	0x1c7f000	49152	0x100	ok	raw	53509304
MLG\disc0_rel\00b2b4b6.PDT	879	0x1c8b000	36864	0x100	ok	raw	53509404
MLG\disc0_rel\00b2b4b6.PDT	880	0x1c94000	24576	0x100	ok	raw	53509504
MLG\disc0_rel\00b2b4b6.PDT	881	0x1c9a000	32768	0x100	ok	raw	53509604
MLG\disc0_rel\00b2b4b6.PDT	882	0x1ca2000	26624	0x100	ok	raw	53509704
MLG\disc0_rel\00b2b4b6.PDT	883	0x1ca8800	32768	0x100	ok	raw	53509804
MLG\disc0_rel\00b2b4b6.PDT	884	0x1cb0800	55296	0x100	ok	raw	53509904
MLG\disc0_rel\00b2b4b6.PDT	885	0x1cbe000	34816	0x100	ok	raw	53509a04
MLG\disc0_rel\00b2b4b6.PDT	886	0x1cc6800	32768	0x100	ok	raw	53509b04
MLG\disc0_rel\00b2b4b6.PDT	887	0x1cce800	30720	0x100	ok	raw	53509c04
MLG\disc0_rel\00b2b4b6.PDT	888	0x1cd6000	57344	0x100	ok	raw	53509d04
MLG\disc0_rel\00b2b4b6.PDT	889	0x1ce4000	53248	0x100	ok	raw	53509e04
MLG\disc0_rel\00b2b4b6.PDT	890	0x1cf1000	59392	0x100	ok	raw	53509f04
MLG\disc0_rel\00b2b4b6.PDT	891	0x1cff800	43008	0x100	ok	raw	5350a004
MLG\disc0_rel\00b2b4b6.PDT	892	0x1d0a000	40960	0x100	ok	raw	5350a104
MLG\disc0_rel\00b2b4b6.PDT	893	0x1d14000	36864	0x100	ok	raw	5350a204
MLG\disc0_rel\00b2b4b6.PDT	894	0x1d1d000	32768	0x100	ok	raw	5350a304
MLG\disc0_rel\00b2b4b6.PDT	895	0x1d25000	24576	0x100	ok	raw	5350a404
MLG\disc0_rel\00b2b4b6.PDT	896	0x1d2b000	43008	0x100	ok	raw	5350a704
MLG\disc0_rel\00b2b4b6.PDT	897	0x1d35800	26624	0x100	ok	raw	5350a804
MLG\disc0_rel\00b2b4b6.PDT	898	0x1d3c000	28672	0x100	ok	raw	5350a904
MLG\disc0_rel\00b2b4b6.PDT	899	0x1d43000	36864	0x100	ok	raw	5350aa04
MLG\disc0_rel\00b2b4b6.PDT	900	0x1d4c000	30720	0x100	ok	raw	5350ab04
MLG\disc0_rel\00b2b4b6.PDT	901	0x1d53800	75776	0x100	ok	raw	5350ac04
MLG\disc0_rel\00b2b4b6.PDT	902	0x1d66000	43008	0x100	ok	raw	5350ad04
MLG\disc0_rel\00b2b4b6.PDT	903	0x1d70800	45056	0x100	ok	raw	5350ae04
MLG\disc0_rel\00b2b4b6.PDT	904	0x1d7b800	34816	0x100	ok	raw	5350af04
MLG\disc0_rel\00b2b4b6.PDT	905	0x1d84000	40960	0x100	ok	raw	5350b004
MLG\disc0_rel\00b2b4b6.PDT	906	0x1d8e000	38912	0x100	ok	raw	5350b104
MLG\disc0_rel\00b2b4b6.PDT	907	0x1d97800	26624	0x100	ok	raw	5350b204
MLG\disc0_rel\00b2b4b6.PDT	908	0x1d9e000	45056	0x100	ok	raw	5350b304
MLG\disc0_rel\00b2b4b6.PDT	909	0x1da9000	43008	0x100	ok	raw	5350b404
MLG\disc0_rel\00b2b4b6.PDT	910	0x1db3800	36864	0x100	ok	raw	5350b504
MLG\disc0_rel\00b2b4b6.PDT	911	0x1dbc800	26624	0x100	ok	raw	5350b604
MLG\disc0_rel\00b2b4b6.PDT	912	0x1dc3000	36864	0x100	ok	raw	5350b704
MLG\disc0_rel\00b2b4b6.PDT	913	0x1dcc000	43008	0x100	ok	raw	5350b804
MLG\disc0_rel\00b2b4b6.PDT	914	0x1dd6800	55296	0x100	ok	raw	5350b904
MLG\disc0_rel\00b2b4b6.PDT	915	0x1de4000	81920	0x100	ok	raw	5350ba04
MLG\disc0_rel\00b2b4b6.PDT	916	0x1df8000	55296	0x100	ok	raw	5350bb04
MLG\disc0_rel\00b2b4b6.PDT	917	0x1e05800	53248	0x100	ok	raw	5350bc04
MLG\disc0_rel\00b2b4b6.PDT	918	0x1e12800	45056	0x100	ok	raw	5350bd04
MLG\disc0_rel\00b2b4b6.PDT	919	0x1e1d800	24576	0x100	ok	raw	5350be04
MLG\disc0_rel\00b2b4b6.PDT	920	0x1e23800	38912	0x100	ok	raw	5350bf04
MLG\disc0_rel\00b2b4b6.PDT	921	0x1e2d000	43008	0x100	ok	raw	5350c004
MLG\disc0_rel\00b2b4b6.PDT	922	0x1e37800	40960	0x100	ok	raw	5350c104
MLG\disc0_rel\00b2b4b6.PDT	923	0x1e41800	63488	0x100	ok	raw	5350c204
MLG\disc0_rel\00b2b4b6.PDT	924	0x1e51000	32768	0x100	ok	raw	5350c304
MLG\disc0_rel\00b2b4b6.PDT	925	0x1e59000	51200	0x100	ok	raw	5350c404
MLG\disc0_rel\00b2b4b6.PDT	926	0x1e65800	49152	0x100	ok	raw	5350c504
MLG\disc0_rel\00b2b4b6.PDT	927	0x1e71800	40960	0x100	ok	raw	5350c604
MLG\disc0_rel\00b2b4b6.PDT	928	0x1e7b800	43008	0x100	ok	raw	5350c704
MLG\disc0_rel\00b2b4b6.PDT	929	0x1e86000	55296	0x100	ok	raw	5350c804
MLG\disc0_rel\00b2b4b6.PDT	930	0x1e93800	57344	0x100	ok	raw	5350c904
MLG\disc0_rel\00b2b4b6.PDT	931	0x1ea1800	49152	0x100	ok	raw	5350ca04
MLG\disc0_rel\00b2b4b6.PDT	932	0x1ead800	36864	0x100	ok	raw	5350cb04
MLG\disc0_rel\00b2b4b6.PDT	933	0x1eb6800	30720	0x100	ok	raw	5350cc04
MLG\disc0_rel\00b2b4b6.PDT	934	0x1ebe000	32768	0x100	ok	raw	5350cd04
MLG\disc0_rel\00b2b4b6.PDT	935	0x1ec6000	30720	0x100	ok	raw	5350ce04
MLG\disc0_rel\00b2b4b6.PDT	936	0x1ecd800	51200	0x100	ok	raw	5350cf04
MLG\disc0_rel\00b2b4b6.PDT	937	0x1eda000	40960	0x100	ok	raw	5350d004
MLG\disc0_rel\00b2b4b6.PDT	938	0x1ee4000	30720	0x100	ok	raw	5350d104
MLG\disc0_rel\00b2b4b6.PDT	939	0x1eeb800	79872	0x100	ok	raw	5350d204
MLG\disc0_rel\00b2b4b6.PDT	940	0x1eff000	67584	0x100	ok	raw	5350d304
MLG\disc0_rel\00b2b4b6.PDT	941	0x1f0f800	47104	0x100	ok	raw	5350d404
MLG\disc0_rel\00b2b4b6.PDT	942	0x1f1b000	59392	0x100	ok	raw	5350d504
MLG\disc0_rel\00b2b4b6.PDT	943	0x1f29800	51200	0x100	ok	raw	5350d604
MLG\disc0_rel\00b2b4b6.PDT	944	0x1f36000	36864	0x100	ok	raw	5350d704
MLG\disc0_rel\00b2b4b6.PDT	945	0x1f3f000	65536	0x100	ok	raw	5350d804
MLG\disc0_rel\00b2b4b6.PDT	946	0x1f4f000	59392	0x100	ok	raw	5350d904
MLG\disc0_rel\00b2b4b6.PDT	947	0x1f5d800	65536	0x100	ok	raw	5350da04
MLG\disc0_rel\00b2b4b6.PDT	948	0x1f6d800	55296	0x100	ok	raw	5350db04
MLG\disc0_rel\00b2b4b6.PDT	949	0x1f7b000	43008	0x100	ok	raw	5350dc04
MLG\disc0_rel\00b2b4b6.PDT	950	0x1f85800	38912	0x100	ok	raw	5350dd04
MLG\disc0_rel\00b2b4b6.PDT	951	0x1f8f000	59392	0x100	ok	raw	5350de04
MLG\disc0_rel\00b2b4b6.PDT	952	0x1f9d800	30720	0x100	ok	raw	5350df04
MLG\disc0_rel\00b2b4b6.PDT	953	0x1fa5000	49152	0x100	ok	raw	5350e004
MLG\disc0_rel\00b2b4b6.PDT	954	0x1fb1000	61440	0x100	ok	raw	5350e104
MLG\disc0_rel\00b2b4b6.PDT	955	0x1fc0000	38912	0x100	ok	raw	5350e204
MLG\disc0_rel\00b2b4b6.PDT	956	0x1fc9800	20480	0x100	ok	raw	5350e304
MLG\disc0_rel\00b2b4b6.PDT	957	0x1fce800	26624	0x100	ok	raw	5350e404
MLG\disc0_rel\00b2b4b6.PDT	958	0x1fd5000	24576	0x100	ok	raw	5350e504
MLG\disc0_rel\00b2b4b6.PDT	959	0x1fdb000	38912	0x100	ok	raw	5350e604
MLG\disc0_rel\00b2b4b6.PDT	960	0x1fe4800	47104	0x100	ok	raw	5350e704
MLG\disc0_rel\00b2b4b6.PDT	961	0x1ff0000	32768	0x100	ok	raw	5350e804
MLG\disc0_rel\00b2b4b6.PDT	962	0x1ff8000	18432	0x100	ok	raw	5350e904
MLG\disc0_rel\00b2b4b6.PDT	963	0x1ffc800	51200	0x100	ok	raw	5350ea04
MLG\disc0_rel\00b2b4b6.PDT	964	0x2009000	61440	0x100	ok	raw	5350eb04
MLG\disc0_rel\00b2b4b6.PDT	965	0x2018000	40960	0x100	ok	raw	5350ec04
MLG\disc0_rel\00b2b4b6.PDT	966	0x2022000	47104	0x100	ok	raw	5350ed04
MLG\disc0_rel\00b2b4b6.PDT	967	0x202d800	45056	0x100	ok	raw	5350ee04
MLG\disc0_rel\00b2b4b6.PDT	968	0x2038800	28672	0x100	ok	raw	5350ef04
MLG\disc0_rel\00b2b4b6.PDT	969	0x203f800	51200	0x100	ok	raw	5350f004
MLG\disc0_rel\00b2b4b6.PDT	970	0x204c000	47104	0x100	ok	raw	5350f104
MLG\disc0_rel\00b2b4b6.PDT	971	0x2057800	28672	0x100	ok	raw	5350f204
MLG\disc0_rel\00b2b4b6.PDT	972	0x205e800	45056	0x100	ok	raw	5350f304
MLG\disc0_rel\00b2b4b6.PDT	973	0x2069800	51200	0x100	ok	raw	5350f404
MLG\disc0_rel\00b2b4b6.PDT	974	0x2076000	36864	0x100	ok	raw	5350f504
MLG\disc0_rel\00b2b4b6.PDT	975	0x207f000	49152	0x100	ok	raw	5350f604
MLG\disc0_rel\00b2b4b6.PDT	976	0x208b000	53248	0x100	ok	raw	5350f704
MLG\disc0_rel\00b2b4b6.PDT	977	0x2098000	73728	0x100	ok	raw	5350f804
MLG\disc0_rel\00b2b4b6.PDT	978	0x20aa000	24576	0x100	ok	raw	5350f904
MLG\disc0_rel\00b2b4b6.PDT	979	0x20b0000	57344	0x100	ok	raw	5350fa04
MLG\disc0_rel\00b2b4b6.PDT	980	0x20be000	18432	0x100	ok	raw	5350fb04
MLG\disc0_rel\00b2b4b6.PDT	981	0x20c2800	26624	0x100	ok	raw	5350fc04
MLG\disc0_rel\00b2b4b6.PDT	982	0x20c9000	67584	0x100	ok	raw	5350fd04
MLG\disc0_rel\00b2b4b6.PDT	983	0x20d9800	6144	0x100	ok	raw	5350fe04
MLG\disc0_rel\00b2b4b6.PDT	984	0x20db000	67584	0x100	ok	raw	5350ff04
MLG\disc0_rel\00b2b4b6.PDT	985	0x20eb800	47104	0x100	ok	raw	53500005
MLG\disc0_rel\00b2b4b6.PDT	986	0x20f7000	28672	0x100	ok	raw	53500105
MLG\disc0_rel\00b2b4b6.PDT	987	0x20fe000	71680	0x100	ok	raw	53500905
MLG\disc0_rel\00b2b4b6.PDT	988	0x210f800	61440	0x100	ok	raw	53500a05
MLG\disc0_rel\00b2b4b6.PDT	989	0x211e800	77824	0x100	ok	raw	53500b05
MLG\disc0_rel\00b2b4b6.PDT	990	0x2131800	65536	0x100	ok	raw	53500c05
MLG\disc0_rel\00b2b4b6.PDT	991	0x2141800	34816	0x100	ok	raw	53500d05
MLG\disc0_rel\00b2b4b6.PDT	992	0x214a000	24576	0x100	ok	raw	53500e05
MLG\disc0_rel\00b2b4b6.PDT	993	0x2150000	63488	0x100	ok	raw	53500f05
MLG\disc0_rel\00b2b4b6.PDT	994	0x215f800	49152	0x100	ok	raw	53501005
MLG\disc0_rel\00b2b4b6.PDT	995	0x216b800	28672	0x100	ok	raw	53501105
MLG\disc0_rel\00b2b4b6.PDT	996	0x2172800	49152	0x100	ok	raw	53501205
MLG\disc0_rel\00b2b4b6.PDT	997	0x217e800	45056	0x100	ok	raw	53501305
MLG\disc0_rel\00b2b4b6.PDT	998	0x2189800	57344	0x100	ok	raw	53501405
MLG\disc0_rel\00b2b4b6.PDT	999	0x2197800	43008	0x100	ok	raw	53501505
MLG\disc0_rel\00b2b4b6.PDT	1000	0x21a2000	53248	0x100	ok	raw	53501605
MLG\disc0_rel\00b2b4b6.PDT	1001	0x21af000	51200	0x100	ok	raw	53501705
MLG\disc0_rel\00b2b4b6.PDT	1002	0x21bb800	32768	0x100	ok	raw	53501805
MLG\disc0_rel\00b2b4b6.PDT	1003	0x21c3800	34816	0x100	ok	raw	53501905
MLG\disc0_rel\00b2b4b6.PDT	1004	0x21cc000	30720	0x100	ok	raw	53501a05
MLG\disc0_rel\00b2b4b6.PDT	1005	0x21d3800	30720	0x100	ok	raw	53501b05
MLG\disc0_rel\00b2b4b6.PDT	1006	0x21db000	34816	0x100	ok	raw	53501c05
MLG\disc0_rel\00b2b4b6.PDT	1007	0x21e3800	22528	0x100	ok	raw	53501d05
MLG\disc0_rel\00b2b4b6.PDT	1008	0x21e9000	43008	0x100	ok	raw	53501e05
MLG\disc0_rel\00b2b4b6.PDT	1009	0x21f3800	38912	0x100	ok	raw	53501f05
MLG\disc0_rel\00b2b4b6.PDT	1010	0x21fd000	28672	0x100	ok	raw	53502005
MLG\disc0_rel\00b2b4b6.PDT	1011	0x2204000	36864	0x100	ok	raw	53502105
MLG\disc0_rel\00b2b4b6.PDT	1012	0x220d000	34816	0x100	ok	raw	53502205
MLG\disc0_rel\00b2b4b6.PDT	1013	0x2215800	55296	0x100	ok	raw	53502305
MLG\disc0_rel\00b2b4b6.PDT	1014	0x2223000	49152	0x100	ok	raw	53502405
MLG\disc0_rel\00b2b4b6.PDT	1015	0x222f000	28672	0x100	ok	raw	53502505
MLG\disc0_rel\00b2b4b6.PDT	1016	0x2236000	47104	0x100	ok	raw	53502605
MLG\disc0_rel\00b2b4b6.PDT	1017	0x2241800	71680	0x100	ok	raw	53502705
MLG\disc0_rel\00b2b4b6.PDT	1018	0x2253000	49152	0x100	ok	raw	53502805
MLG\disc0_rel\00b2b4b6.PDT	1019	0x225f000	6144	0x100	ok	raw	53502905
MLG\disc0_rel\00b2b4b6.PDT	1020	0x2260800	6144	0x100	ok	raw	53502a05
MLG\disc0_rel\00b2b4b6.PDT	1021	0x2262000	6144	0x100	ok	raw	53502b05
MLG\disc0_rel\00b2b4b6.PDT	1022	0x2263800	28672	0x100	ok	raw	53502c05
MLG\disc0_rel\00b2b4b6.PDT	1023	0x226a800	28672	0x100	ok	raw	53502d05
MLG\disc0_rel\00b2b4b6.PDT	1024	0x2271800	45056	0x100	ok	raw	53502e05
MLG\disc0_rel\00b2b4b6.PDT	1025	0x227c800	49152	0x100	ok	raw	53502f05
MLG\disc0_rel\00b2b4b6.PDT	1026	0x2288800	69632	0x100	ok	raw	53503005
MLG\disc0_rel\00b2b4b6.PDT	1027	0x2299800	75776	0x100	ok	raw	53503105
MLG\disc0_rel\00b2b4b6.PDT	1028	0x22ac000	63488	0x100	ok	raw	53503205
MLG\disc0_rel\00b2b4b6.PDT	1029	0x22bb800	32768	0x100	ok	raw	53503405
MLG\disc0_rel\00b2b4b6.PDT	1030	0x22c3800	32768	0x100	ok	raw	53503505
MLG\disc0_rel\00b2b4b6.PDT	1031	0x22cb800	26624	0x100	ok	raw	53503605
MLG\disc0_rel\00b2b4b6.PDT	1032	0x22d2000	26624	0x100	ok	raw	53503705
MLG\disc0_rel\00b2b4b6.PDT	1033	0x22d8800	34816	0x100	ok	raw	53503805
MLG\disc0_rel\00b2b4b6.PDT	1034	0x22e1000	18432	0x100	ok	raw	53503905
MLG\disc0_rel\00b2b4b6.PDT	1035	0x22e5800	20480	0x100	ok	raw	53503a05
MLG\disc0_rel\00b2b4b6.PDT	1036	0x22ea800	22528	0x100	ok	raw	53503b05
MLG\disc0_rel\00b2b4b6.PDT	1037	0x22f0000	26624	0x100	ok	raw	53503c05
MLG\disc0_rel\00b2b4b6.PDT	1038	0x22f6800	28672	0x100	ok	raw	53503d05
MLG\disc0_rel\00b2b4b6.PDT	1039	0x22fd800	38912	0x100	ok	raw	53503e05
MLG\disc0_rel\00b2b4b6.PDT	1040	0x2307000	32768	0x100	ok	raw	53503f05
MLG\disc0_rel\00b2b4b6.PDT	1041	0x230f000	24576	0x100	ok	raw	53504005
MLG\disc0_rel\00b2b4b6.PDT	1042	0x2315000	24576	0x100	ok	raw	53504105
MLG\disc0_rel\00b2b4b6.PDT	1043	0x231b000	30720	0x100	ok	raw	53504205
MLG\disc0_rel\00b2b4b6.PDT	1044	0x2322800	24576	0x100	ok	raw	53504305
MLG\disc0_rel\00b2b4b6.PDT	1045	0x2328800	28672	0x100	ok	raw	53504405
MLG\disc0_rel\00b2b4b6.PDT	1046	0x232f800	26624	0x100	ok	raw	53504505
MLG\disc0_rel\00b2b4b6.PDT	1047	0x2336000	30720	0x100	ok	raw	53504605
MLG\disc0_rel\00b2b4b6.PDT	1048	0x233d800	18432	0x100	ok	raw	53504705
MLG\disc0_rel\00b2b4b6.PDT	1049	0x2342000	18432	0x100	ok	raw	53504805
MLG\disc0_rel\00b2b4b6.PDT	1050	0x2346800	22528	0x100	ok	raw	53504905
MLG\disc0_rel\00b2b4b6.PDT	1051	0x234c000	24576	0x100	ok	raw	53504a05
MLG\disc0_rel\00b2b4b6.PDT	1052	0x2352000	26624	0x100	ok	raw	53504b05
MLG\disc0_rel\00b2b4b6.PDT	1053	0x2358800	45056	0x100	ok	raw	53504c05
MLG\disc0_rel\00b2b4b6.PDT	1054	0x2363800	26624	0x100	ok	raw	53504d05
MLG\disc0_rel\00b2b4b6.PDT	1055	0x236a000	22528	0x100	ok	raw	53504e05
MLG\disc0_rel\00b2b4b6.PDT	1056	0x236f800	71680	0x100	ok	raw	53504f05
MLG\disc0_rel\00b2b4b6.PDT	1057	0x2381000	55296	0x100	ok	raw	53505005
MLG\disc0_rel\00b2b4b6.PDT	1058	0x238e800	43008	0x100	ok	raw	53505105
MLG\disc0_rel\00b2b4b6.PDT	1059	0x2399000	38912	0x100	ok	raw	53505205
MLG\disc0_rel\00b2b4b6.PDT	1060	0x23a2800	65536	0x100	ok	raw	53505305
MLG\disc0_rel\00b2b4b6.PDT	1061	0x23b2800	108544	0x100	ok	raw	53505405
MLG\disc0_rel\00b2b4b6.PDT	1062	0x23cd000	18432	0x100	ok	raw	53505505
MLG\disc0_rel\00b2b4b6.PDT	1063	0x23d1800	24576	0x100	ok	raw	53505605
MLG\disc0_rel\00b2b4b6.PDT	1064	0x23d7800	51200	0x100	ok	raw	53505705
MLG\disc0_rel\00b2b4b6.PDT	1065	0x23e4000	34816	0x100	ok	raw	53505805
MLG\disc0_rel\00b2b4b6.PDT	1066	0x23ec800	36864	0x100	ok	raw	53505905
MLG\disc0_rel\00b2b4b6.PDT	1067	0x23f5800	114688	0x100	ok	raw	53505a05
MLG\disc0_rel\00b2b4b6.PDT	1068	0x2411800	22528	0x100	ok	raw	53505b05
MLG\disc0_rel\00b2b4b6.PDT	1069	0x2417000	30720	0x100	ok	raw	53505c05
MLG\disc0_rel\00b2b4b6.PDT	1070	0x241e800	49152	0x100	ok	raw	53505d05
MLG\disc0_rel\00b2b4b6.PDT	1071	0x242a800	98304	0x100	ok	raw	53505e05
MLG\disc0_rel\00b2b4b6.PDT	1072	0x2442800	63488	0x100	ok	raw	53505f05
MLG\disc0_rel\00b2b4b6.PDT	1073	0x2452000	30720	0x100	ok	raw	53506005
MLG\disc0_rel\00b2b4b6.PDT	1074	0x2459800	30720	0x100	ok	raw	53506105
MLG\disc0_rel\00b2b4b6.PDT	1075	0x2461000	26624	0x100	ok	raw	53506205
MLG\disc0_rel\00b2b4b6.PDT	1076	0x2467800	43008	0x100	ok	raw	53506305
MLG\disc0_rel\00b2b4b6.PDT	1077	0x2472000	30720	0x100	ok	raw	53506405
MLG\disc0_rel\00b2b4b6.PDT	1078	0x2479800	43008	0x100	ok	raw	53506505
MLG\disc0_rel\00b2b4b6.PDT	1079	0x2484000	24576	0x100	ok	raw	53506605
MLG\disc0_rel\00b2b4b6.PDT	1080	0x248a000	28672	0x100	ok	raw	53506705
MLG\disc0_rel\00b2b4b6.PDT	1081	0x2491000	12288	0x100	ok	raw	53506805
MLG\disc0_rel\00b2b4b6.PDT	1082	0x2494000	53248	0x100	ok	raw	53506905
MLG\disc0_rel\00b2b4b6.PDT	1083	0x24a1000	45056	0x100	ok	raw	53506a05
MLG\disc0_rel\00b2b4b6.PDT	1084	0x24ac000	51200	0x100	ok	raw	53506b05
MLG\disc0_rel\00b2b4b6.PDT	1085	0x24b8800	22528	0x100	ok	raw	53506c05
MLG\disc0_rel\00b2b4b6.PDT	1086	0x24be000	40960	0x100	ok	raw	53506d05
MLG\disc0_rel\00b2b4b6.PDT	1087	0x24c8000	45056	0x100	ok	raw	53507405
MLG\disc0_rel\00b2b4b6.PDT	1088	0x24d3000	55296	0x100	ok	raw	53507505
MLG\disc0_rel\00b2b4b6.PDT	1089	0x24e0800	26624	0x100	ok	raw	53507605
MLG\disc0_rel\00b2b4b6.PDT	1090	0x24e7000	28672	0x100	ok	raw	53507705
MLG\disc0_rel\00b2b4b6.PDT	1091	0x24ee000	22528	0x100	ok	raw	53507805
MLG\disc0_rel\00b2b4b6.PDT	1092	0x24f3800	26624	0x100	ok	raw	53507905
MLG\disc0_rel\00b2b4b6.PDT	1093	0x24fa000	18432	0x100	ok	raw	53507a05
MLG\disc0_rel\00b2b4b6.PDT	1094	0x24fe800	12288	0x100	ok	raw	53507b05
MLG\disc0_rel\00b2b4b6.PDT	1095	0x2501800	18432	0x100	ok	raw	53507c05
MLG\disc0_rel\00b2b4b6.PDT	1096	0x2506000	34816	0x100	ok	raw	53507d05
MLG\disc0_rel\00b2b4b6.PDT	1097	0x250e800	34816	0x100	ok	raw	53507e05
MLG\disc0_rel\00b2b4b6.PDT	1098	0x2517000	28672	0x100	ok	raw	53507f05
MLG\disc0_rel\00b2b4b6.PDT	1099	0x251e000	30720	0x100	ok	raw	53508005
MLG\disc0_rel\00b2b4b6.PDT	1100	0x2525800	20480	0x100	ok	raw	53508105
MLG\disc0_rel\00b2b4b6.PDT	1101	0x252a800	20480	0x100	ok	raw	53508205
MLG\disc0_rel\00b2b4b6.PDT	1102	0x252f800	49152	0x100	ok	raw	53508305
MLG\disc0_rel\00b2b4b6.PDT	1103	0x253b800	36864	0x100	ok	raw	53508405
MLG\disc0_rel\00b2b4b6.PDT	1104	0x2544800	40960	0x100	ok	raw	53508505
MLG\disc0_rel\00b2b4b6.PDT	1105	0x254e800	30720	0x100	ok	raw	53508605
MLG\disc0_rel\00b2b4b6.PDT	1106	0x2556000	18432	0x100	ok	raw	53508705
MLG\disc0_rel\00b2b4b6.PDT	1107	0x255a800	65536	0x100	ok	raw	53508805
MLG\disc0_rel\00b2b4b6.PDT	1108	0x256a800	24576	0x100	ok	raw	53508905
MLG\disc0_rel\00b2b4b6.PDT	1109	0x2570800	45056	0x100	ok	raw	53508a05
MLG\disc0_rel\00b2b4b6.PDT	1110	0x257b800	28672	0x100	ok	raw	53508b05
MLG\disc0_rel\00b2b4b6.PDT	1111	0x2582800	24576	0x100	ok	raw	53508c05
MLG\disc0_rel\00b2b4b6.PDT	1112	0x2588800	28672	0x100	ok	raw	53508d05
MLG\disc0_rel\00b2b4b6.PDT	1113	0x258f800	26624	0x100	ok	raw	53508e05
MLG\disc0_rel\00b2b4b6.PDT	1114	0x2596000	63488	0x100	ok	raw	53508f05
MLG\disc0_rel\00b2b4b6.PDT	1115	0x25a5800	18432	0x100	ok	raw	53509005
MLG\disc0_rel\00b2b4b6.PDT	1116	0x25aa000	36864	0x100	ok	raw	53509105
MLG\disc0_rel\00b2b4b6.PDT	1117	0x25b3000	18432	0x100	ok	raw	53509205
MLG\disc0_rel\00b2b4b6.PDT	1118	0x25b7800	40960	0x100	ok	raw	53509305
MLG\disc0_rel\00b2b4b6.PDT	1119	0x25c1800	6144	0x100	ok	raw	53509405
MLG\disc0_rel\00b2b4b6.PDT	1120	0x25c3000	6144	0x100	ok	raw	53509505
MLG\disc0_rel\00b2b4b6.PDT	1121	0x25c4800	28672	0x100	ok	raw	53509605
MLG\disc0_rel\00b2b4b6.PDT	1122	0x25cb800	24576	0x100	ok	raw	53509705
MLG\disc0_rel\00b2b4b6.PDT	1123	0x25d1800	32768	0x100	ok	raw	53509805
MLG\disc0_rel\00b2b4b6.PDT	1124	0x25d9800	18432	0x100	ok	raw	53509905
MLG\disc0_rel\00b2b4b6.PDT	1125	0x25de000	6144	0x100	ok	raw	53509a05
MLG\disc0_rel\00b2b4b6.PDT	1126	0x25df800	30720	0x100	ok	raw	53509b05
MLG\disc0_rel\00b2b4b6.PDT	1127	0x25e7000	4096	0x100	ok	raw	53509c05
MLG\disc0_rel\00b2b4b6.PDT	1128	0x25e8000	53248	0x100	ok	raw	53509d05
MLG\disc0_rel\00b2b4b6.PDT	1129	0x25f5000	86016	0x100	ok	raw	53509e05
MLG\disc0_rel\00b2b4b6.PDT	1130	0x260a000	79872	0x100	ok	raw	53509f05
MLG\disc0_rel\00b2b4b6.PDT	1131	0x261d800	79872	0x100	ok	raw	5350a005
MLG\disc0_rel\00b2b4b6.PDT	1132	0x2631000	53248	0x100	ok	raw	5350a105
MLG\disc0_rel\00b2b4b6.PDT	1133	0x263e000	20480	0x100	ok	raw	5350a205
MLG\disc0_rel\00b2b4b6.PDT	1134	0x2643000	18432	0x100	ok	raw	5350a305
MLG\disc0_rel\00b2b4b6.PDT	1135	0x2647800	22528	0x100	ok	raw	5350a405
MLG\disc0_rel\00b2b4b6.PDT	1136	0x264d000	63488	0x100	ok	raw	5350a505
MLG\disc0_rel\00b2b4b6.PDT	1137	0x265c800	71680	0x100	ok	raw	5350a605
MLG\disc0_rel\00b2b4b6.PDT	1138	0x266e000	38912	0x100	ok	raw	5350a705
MLG\disc0_rel\00b2b4b6.PDT	1139	0x2677800	67584	0x100	ok	raw	5350a805
MLG\disc0_rel\00b2b4b6.PDT	1140	0x2688000	59392	0x100	ok	raw	5350a905
MLG\disc0_rel\00b2b4b6.PDT	1141	0x2696800	63488	0x100	ok	raw	5350aa05
MLG\disc0_rel\00b2b4b6.PDT	1142	0x26a6000	24576	0x100	ok	raw	5350ab05
MLG\disc0_rel\00b2b4b6.PDT	1143	0x26ac000	30720	0x100	ok	raw	5350ac05
MLG\disc0_rel\00b2b4b6.PDT	1144	0x26b3800	28672	0x100	ok	raw	5350ad05
MLG\disc0_rel\00b2b4b6.PDT	1145	0x26ba800	30720	0x100	ok	raw	5350ae05
MLG\disc0_rel\00b2b4b6.PDT	1146	0x26c2000	49152	0x100	ok	raw	5350af05
MLG\disc0_rel\00b2b4b6.PDT	1147	0x26ce000	38912	0x100	ok	raw	5350b005
MLG\disc0_rel\00b2b4b6.PDT	1148	0x26d7800	20480	0x100	ok	raw	5350b105
MLG\disc0_rel\00b2b4b6.PDT	1149	0x26dc800	6144	0x100	ok	raw	5350b205
MLG\disc0_rel\00b2b4b6.PDT	1150	0x26de000	49152	0x100	ok	raw	5350b305
MLG\disc0_rel\00b2b4b6.PDT	1151	0x26ea000	92160	0x100	ok	raw	5350b405
MLG\disc0_rel\00b2b4b6.PDT	1152	0x2700800	28672	0x100	ok	raw	5350b505
MLG\disc0_rel\00b2b4b6.PDT	1153	0x2707800	40960	0x100	ok	raw	5350b605
MLG\disc0_rel\00b2b4b6.PDT	1154	0x2711800	32768	0x100	ok	raw	5350b705
MLG\disc0_rel\00b2b4b6.PDT	1155	0x2719800	32768	0x100	ok	raw	5350b805
MLG\disc0_rel\00b2b4b6.PDT	1156	0x2721800	22528	0x100	ok	raw	5350b905
MLG\disc0_rel\00b2b4b6.PDT	1157	0x2727000	40960	0x100	ok	raw	5350ba05
MLG\disc0_rel\00b2b4b6.PDT	1158	0x2731000	59392	0x100	ok	raw	5350bb05
MLG\disc0_rel\00b2b4b6.PDT	1159	0x273f800	49152	0x100	ok	raw	5350bc05
MLG\disc0_rel\00b2b4b6.PDT	1160	0x274b800	45056	0x100	ok	raw	5350bd05
MLG\disc0_rel\00b2b4b6.PDT	1161	0x2756800	28672	0x100	ok	raw	5350be05
MLG\disc0_rel\00b2b4b6.PDT	1162	0x275d800	47104	0x100	ok	raw	5350bf05
MLG\disc0_rel\00b2b4b6.PDT	1163	0x2769000	49152	0x100	ok	raw	5350c005
MLG\disc0_rel\00b2b4b6.PDT	1164	0x2775000	51200	0x100	ok	raw	5350c105
MLG\disc0_rel\00b2b4b6.PDT	1165	0x2781800	108544	0x100	ok	raw	5350c205
MLG\disc0_rel\00b2b4b6.PDT	1166	0x279c000	40960	0x100	ok	raw	5350c305
MLG\disc0_rel\00b2b4b6.PDT	1167	0x27a6000	79872	0x100	ok	raw	5350c405
MLG\disc0_rel\00b2b4b6.PDT	1168	0x27b9800	38912	0x100	ok	raw	5350c505
MLG\disc0_rel\00b2b4b6.PDT	1169	0x27c3000	51200	0x100	ok	raw	5350c605
MLG\disc0_rel\00b2b4b6.PDT	1170	0x27cf800	34816	0x100	ok	raw	5350c705
MLG\disc0_rel\00b2b4b6.PDT	1171	0x27d8000	26624	0x100	ok	raw	5350c805
MLG\disc0_rel\00b2b4b6.PDT	1172	0x27de800	55296	0x100	ok	raw	5350c905
MLG\disc0_rel\00b2b4b6.PDT	1173	0x27ec000	49152	0x100	ok	raw	5350ca05
MLG\disc0_rel\00b2b4b6.PDT	1174	0x27f8000	32768	0x100	ok	raw	5350cb05
MLG\disc0_rel\00b2b4b6.PDT	1175	0x2800000	63488	0x100	ok	raw	5350cc05
MLG\disc0_rel\00b2b4b6.PDT	1176	0x280f800	6144	0x100	ok	raw	5350cd05
MLG\disc0_rel\00b2b4b6.PDT	1177	0x2811000	63488	0x100	ok	raw	5350ce05
MLG\disc0_rel\00b2b4b6.PDT	1178	0x2820800	61440	0x100	ok	raw	5350cf05
MLG\disc0_rel\00b2b4b6.PDT	1179	0x282f800	55296	0x100	ok	raw	5350d005
MLG\disc0_rel\00b2b4b6.PDT	1180	0x283d000	36864	0x100	ok	raw	5350d105
MLG\disc0_rel\00b2b4b6.PDT	1181	0x2846000	43008	0x100	ok	raw	5350d205
MLG\disc0_rel\00b2b4b6.PDT	1182	0x2850800	34816	0x100	ok	raw	5350d305
MLG\disc0_rel\00b2b4b6.PDT	1183	0x2859000	32768	0x100	ok	raw	5350d405
MLG\disc0_rel\00b2b4b6.PDT	1184	0x2861000	83968	0x100	ok	raw	5350d505
MLG\disc0_rel\00b2b4b6.PDT	1185	0x2875800	51200	0x100	ok	raw	5350e105
MLG\disc0_rel\00b2b4b6.PDT	1186	0x2882000	47104	0x100	ok	raw	5350e205
MLG\disc0_rel\00b2b4b6.PDT	1187	0x288d800	67584	0x100	ok	raw	5350e305
MLG\disc0_rel\00b2b4b6.PDT	1188	0x289e000	34816	0x100	ok	raw	5350e405
MLG\disc0_rel\00b2b4b6.PDT	1189	0x28a6800	55296	0x100	ok	raw	5350e505
MLG\disc0_rel\00b2b4b6.PDT	1190	0x28b4000	67584	0x100	ok	raw	5350e605
MLG\disc0_rel\00b2b4b6.PDT	1191	0x28c4800	38912	0x100	ok	raw	5350e705
MLG\disc0_rel\00b2b4b6.PDT	1192	0x28ce000	30720	0x100	ok	raw	5350e805
MLG\disc0_rel\00b2b4b6.PDT	1193	0x28d5800	43008	0x100	ok	raw	5350e905
MLG\disc0_rel\00b2b4b6.PDT	1194	0x28e0000	38912	0x100	ok	raw	5350ea05
MLG\disc0_rel\00b2b4b6.PDT	1195	0x28e9800	43008	0x100	ok	raw	5350eb05
MLG\disc0_rel\00b2b4b6.PDT	1196	0x28f4000	32768	0x100	ok	raw	5350ec05
MLG\disc0_rel\00b2b4b6.PDT	1197	0x28fc000	24576	0x100	ok	raw	5350ed05
MLG\disc0_rel\00b2b4b6.PDT	1198	0x2902000	47104	0x100	ok	raw	5350ee05
MLG\disc0_rel\00b2b4b6.PDT	1199	0x290d800	47104	0x100	ok	raw	5350ef05
MLG\disc0_rel\00b2b4b6.PDT	1200	0x2919000	24576	0x100	ok	raw	5350f005
MLG\disc0_rel\00b2b4b6.PDT	1201	0x291f000	30720	0x100	ok	raw	5350f105
MLG\disc0_rel\00b2b4b6.PDT	1202	0x2926800	20480	0x100	ok	raw	5350f205
MLG\disc0_rel\00b2b4b6.PDT	1203	0x292b800	40960	0x100	ok	raw	5350f305
MLG\disc0_rel\00b2b4b6.PDT	1204	0x2935800	6144	0x100	ok	raw	5350f405
MLG\disc0_rel\00b2b4b6.PDT	1205	0x2937000	6144	0x100	ok	raw	5350f505
MLG\disc0_rel\00b2b4b6.PDT	1206	0x2938800	45056	0x100	ok	raw	5350f605
MLG\disc0_rel\00b2b4b6.PDT	1207	0x2943800	32768	0x100	ok	raw	5350f705
MLG\disc0_rel\00b2b4b6.PDT	1208	0x294b800	38912	0x100	ok	raw	5350f805
MLG\disc0_rel\00b2b4b6.PDT	1209	0x2955000	26624	0x100	ok	raw	5350f905
MLG\disc0_rel\00b2b4b6.PDT	1210	0x295b800	26624	0x100	ok	raw	5350fa05
MLG\disc0_rel\00b2b4b6.PDT	1211	0x2962000	18432	0x100	ok	raw	5350fb05
MLG\disc0_rel\00b2b4b6.PDT	1212	0x2966800	4096	0x100	ok	raw	5350fc05
MLG\disc0_rel\00b2b4b6.PDT	1213	0x2967800	4096	0x100	ok	raw	5350fd05
MLG\disc0_rel\00b2b4b6.PDT	1214	0x2968800	4096	0x100	ok	raw	5350fe05
MLG\disc0_rel\00b2b4b6.PDT	1215	0x2969800	49152	0x100	ok	raw	5350ff05
MLG\disc0_rel\00b2b4b6.PDT	1216	0x2975800	24576	0x100	ok	raw	53500006
MLG\disc0_rel\00b2b4b6.PDT	1217	0x297b800	28672	0x100	ok	raw	53500106
MLG\disc0_rel\00b2b4b6.PDT	1218	0x2982800	26624	0x100	ok	raw	53500206
MLG\disc0_rel\00b2b4b6.PDT	1219	0x2989000	20480	0x100	ok	raw	53500306
MLG\disc0_rel\00b2b4b6.PDT	1220	0x298e000	22528	0x100	ok	raw	53500406
MLG\disc0_rel\00b2b4b6.PDT	1221	0x2993800	20480	0x100	ok	raw	53500506
MLG\disc0_rel\00b2b4b6.PDT	1222	0x2998800	24576	0x100	ok	raw	53500606
MLG\disc0_rel\00b2b4b6.PDT	1223	0x299e800	16384	0x100	ok	raw	53500706
MLG\disc0_rel\00b2b4b6.PDT	1224	0x29a2800	26624	0x100	ok	raw	53500806
MLG\disc0_rel\00b2b4b6.PDT	1225	0x29a9000	26624	0x100	ok	raw	53500906
MLG\disc0_rel\00b2b4b6.PDT	1226	0x29af800	16384	0x100	ok	raw	53500a06
MLG\disc0_rel\00b2b4b6.PDT	1227	0x29b3800	22528	0x100	ok	raw	53500b06
MLG\disc0_rel\00b2b4b6.PDT	1228	0x29b9000	16384	0x100	ok	raw	53500c06
MLG\disc0_rel\00b2b4b6.PDT	1229	0x29bd000	24576	0x100	ok	raw	53500d06
MLG\disc0_rel\00b2b4b6.PDT	1230	0x29c3000	26624	0x100	ok	raw	53500e06
MLG\disc0_rel\00b2b4b6.PDT	1231	0x29c9800	22528	0x100	ok	raw	53500f06
MLG\disc0_rel\00b2b4b6.PDT	1232	0x29cf000	26624	0x100	ok	raw	53501006
MLG\disc0_rel\00b2b4b6.PDT	1233	0x29d5800	36864	0x100	ok	raw	53501106
MLG\disc0_rel\00b2b4b6.PDT	1234	0x29de800	36864	0x100	ok	raw	53501206
MLG\disc0_rel\00b2b4b6.PDT	1235	0x29e7800	24576	0x100	ok	raw	53501306
MLG\disc0_rel\00b2b4b6.PDT	1236	0x29ed800	55296	0x100	ok	raw	53501406
MLG\disc0_rel\00b2b4b6.PDT	1237	0x29fb000	32768	0x100	ok	raw	53501506
MLG\disc0_rel\00b2b4b6.PDT	1238	0x2a03000	14336	0x100	ok	raw	53501606
MLG\disc0_rel\00b2b4b6.PDT	1239	0x2a06800	18432	0x100	ok	raw	53501706
MLG\disc0_rel\00b2b4b6.PDT	1240	0x2a0b000	20480	0x100	ok	raw	53501806
MLG\disc0_rel\00b2b4b6.PDT	1241	0x2a10000	28672	0x100	ok	raw	53501906
MLG\disc0_rel\00b2b4b6.PDT	1242	0x2a17000	22528	0x100	ok	raw	53501a06
MLG\disc0_rel\00b2b4b6.PDT	1243	0x2a1c800	20480	0x100	ok	raw	53501b06
MLG\disc0_rel\00b2b4b6.PDT	1244	0x2a21800	26624	0x100	ok	raw	53501c06
MLG\disc0_rel\00b2b4b6.PDT	1245	0x2a28000	26624	0x100	ok	raw	53501d06
MLG\disc0_rel\00b2b4b6.PDT	1246	0x2a2e800	36864	0x100	ok	raw	53501e06
MLG\disc0_rel\00b2b4b6.PDT	1247	0x2a37800	22528	0x100	ok	raw	53501f06
MLG\disc0_rel\00b2b4b6.PDT	1248	0x2a3d000	18432	0x100	ok	raw	53502006
MLG\disc0_rel\00b2b4b6.PDT	1249	0x2a41800	26624	0x100	ok	raw	53502106
MLG\disc0_rel\00b2b4b6.PDT	1250	0x2a48000	26624	0x100	ok	raw	53502206
MLG\disc0_rel\00b2b4b6.PDT	1251	0x2a4e800	32768	0x100	ok	raw	53502306
MLG\disc0_rel\00b2b4b6.PDT	1252	0x2a56800	40960	0x100	ok	raw	53502406
MLG\disc0_rel\00b2b4b6.PDT	1253	0x2a60800	22528	0x100	ok	raw	53502506
MLG\disc0_rel\00b2b4b6.PDT	1254	0x2a66000	16384	0x100	ok	raw	53502606
MLG\disc0_rel\00b2b4b6.PDT	1255	0x2a6a000	24576	0x100	ok	raw	53502706
MLG\disc0_rel\00b2b4b6.PDT	1256	0x2a70000	45056	0x100	ok	raw	53502806
MLG\disc0_rel\00b2b4b6.PDT	1257	0x2a7b000	24576	0x100	ok	raw	53502906
MLG\disc0_rel\00b2b4b6.PDT	1258	0x2a81000	36864	0x100	ok	raw	53502a06
MLG\disc0_rel\00b2b4b6.PDT	1259	0x2a8a000	40960	0x100	ok	raw	53502b06
MLG\disc0_rel\00b2b4b6.PDT	1260	0x2a94000	32768	0x100	ok	raw	53502c06
MLG\disc0_rel\00b2b4b6.PDT	1261	0x2a9c000	32768	0x100	ok	raw	53502d06
MLG\disc0_rel\00b2b4b6.PDT	1262	0x2aa4000	34816	0x100	ok	raw	53502e06
MLG\disc0_rel\00b2b4b6.PDT	1263	0x2aac800	34816	0x100	ok	raw	53502f06
MLG\disc0_rel\00b2b4b6.PDT	1264	0x2ab5000	26624	0x100	ok	raw	53503006
MLG\disc0_rel\00b2b4b6.PDT	1265	0x2abb800	30720	0x100	ok	raw	53503106
MLG\disc0_rel\00b2b4b6.PDT	1266	0x2ac3000	36864	0x100	ok	raw	53503206
MLG\disc0_rel\00b2b4b6.PDT	1267	0x2acc000	20480	0x100	ok	raw	53503306
MLG\disc0_rel\00b2b4b6.PDT	1268	0x2ad1000	24576	0x100	ok	raw	53503406
MLG\disc0_rel\00b2b4b6.PDT	1269	0x2ad7000	24576	0x100	ok	raw	53503506
MLG\disc0_rel\00b2b4b6.PDT	1270	0x2add000	34816	0x100	ok	raw	53503606
MLG\disc0_rel\00b2b4b6.PDT	1271	0x2ae5800	20480	0x100	ok	raw	53503706
MLG\disc0_rel\00b2b4b6.PDT	1272	0x2aea800	22528	0x100	ok	raw	53503806
MLG\disc0_rel\00b2b4b6.PDT	1273	0x2af0000	20480	0x100	ok	raw	53503906
MLG\disc0_rel\00b2b4b6.PDT	1274	0x2af5000	24576	0x100	ok	raw	53503a06
MLG\disc0_rel\00b2b4b6.PDT	1275	0x2afb000	24576	0x100	ok	raw	53503c06
MLG\disc0_rel\00b2b4b6.PDT	1276	0x2b01000	38912	0x100	ok	raw	53503d06
MLG\disc0_rel\00b2b4b6.PDT	1277	0x2b0a800	53248	0x100	ok	raw	53503e06
MLG\disc0_rel\00b2b4b6.PDT	1278	0x2b17800	38912	0x100	ok	raw	53503f06
MLG\disc0_rel\00b2b4b6.PDT	1279	0x2b21000	55296	0x100	ok	raw	53504006
MLG\disc0_rel\00b2b4b6.PDT	1280	0x2b2e800	34816	0x100	ok	raw	53504106
MLG\disc0_rel\00b2b4b6.PDT	1281	0x2b37000	28672	0x100	ok	raw	53504206
MLG\disc0_rel\00b2b4b6.PDT	1282	0x2b3e000	45056	0x100	ok	raw	53504306
MLG\disc0_rel\00b2b4b6.PDT	1283	0x2b49000	26624	0x100	ok	raw	53504406
MLG\disc0_rel\00b2b4b6.PDT	1284	0x2b4f800	51200	0x100	ok	raw	53504506
MLG\disc0_rel\00b2b4b6.PDT	1285	0x2b5c000	55296	0x100	ok	raw	53504606
MLG\disc0_rel\00b2b4b6.PDT	1286	0x2b69800	18432	0x100	ok	raw	53504706
MLG\disc0_rel\00b2b4b6.PDT	1287	0x2b6e000	43008	0x100	ok	raw	53504806
MLG\disc0_rel\00b2b4b6.PDT	1288	0x2b78800	55296	0x100	ok	raw	53504906
MLG\disc0_rel\00b2b4b6.PDT	1289	0x2b86000	40960	0x100	ok	raw	53504a06
MLG\disc0_rel\00b2b4b6.PDT	1290	0x2b90000	26624	0x100	ok	raw	53504b06
MLG\disc0_rel\00b2b4b6.PDT	1291	0x2b96800	26624	0x100	ok	raw	53504c06
MLG\disc0_rel\00b2b4b6.PDT	1292	0x2b9d000	40960	0x100	ok	raw	53504d06
MLG\disc0_rel\00b2b4b6.PDT	1293	0x2ba7000	51200	0x100	ok	raw	53504e06
MLG\disc0_rel\00b2b4b6.PDT	1294	0x2bb3800	24576	0x100	ok	raw	53504f06
MLG\disc0_rel\00b2b4b6.PDT	1295	0x2bb9800	26624	0x100	ok	raw	53505006
MLG\disc0_rel\00b2b4b6.PDT	1296	0x2bc0000	14336	0x100	ok	raw	53505106
MLG\disc0_rel\00b2b4b6.PDT	1297	0x2bc3800	22528	0x100	ok	raw	53505206
MLG\disc0_rel\00b2b4b6.PDT	1298	0x2bc9000	18432	0x100	ok	raw	53505306
MLG\disc0_rel\00b2b4b6.PDT	1299	0x2bcd800	26624	0x100	ok	raw	53505406
MLG\disc0_rel\00b2b4b6.PDT	1300	0x2bd4000	34816	0x100	ok	raw	53505506
MLG\disc0_rel\00b2b4b6.PDT	1301	0x2bdc800	43008	0x100	ok	raw	53505606
MLG\disc0_rel\00b2b4b6.PDT	1302	0x2be7000	6144	0x100	ok	raw	53505706
MLG\disc0_rel\00b2b4b6.PDT	1303	0x2be8800	6144	0x100	ok	raw	53505806
MLG\disc0_rel\00b2b4b6.PDT	1304	0x2bea000	63488	0x100	ok	raw	53505906
MLG\disc0_rel\00b2b4b6.PDT	1305	0x2bf9800	6144	0x100	ok	raw	53505a06
MLG\disc0_rel\00b2b4b6.PDT	1306	0x2bfb000	40960	0x100	ok	raw	53505b06
MLG\disc0_rel\00b2b4b6.PDT	1307	0x2c05000	49152	0x100	ok	raw	53505c06
MLG\disc0_rel\00b2b4b6.PDT	1308	0x2c11000	40960	0x100	ok	raw	53505d06
MLG\disc0_rel\00b2b4b6.PDT	1309	0x2c1b000	77824	0x100	ok	raw	53505e06
MLG\disc0_rel\00b2b4b6.PDT	1310	0x2c2e000	49152	0x100	ok	raw	53505f06
MLG\disc0_rel\00b2b4b6.PDT	1311	0x2c3a000	43008	0x100	ok	raw	53506006
MLG\disc0_rel\00b2b4b6.PDT	1312	0x2c44800	18432	0x100	ok	raw	53506106
MLG\disc0_rel\00b2b4b6.PDT	1313	0x2c49000	40960	0x100	ok	raw	53506206
MLG\disc0_rel\00b2b4b6.PDT	1314	0x2c53000	36864	0x100	ok	raw	53506306
MLG\disc0_rel\00b2b4b6.PDT	1315	0x2c5c000	45056	0x100	ok	raw	53506406
MLG\disc0_rel\00b2b4b6.PDT	1316	0x2c67000	57344	0x100	ok	raw	53506506
MLG\disc0_rel\00b2b4b6.PDT	1317	0x2c75000	30720	0x100	ok	raw	53506606
MLG\disc0_rel\00b2b4b6.PDT	1318	0x2c7c800	34816	0x100	ok	raw	53506706
MLG\disc0_rel\00b2b4b6.PDT	1319	0x2c85000	22528	0x100	ok	raw	53506806
MLG\disc0_rel\00b2b4b6.PDT	1320	0x2c8a800	34816	0x100	ok	raw	53506906
MLG\disc0_rel\00b2b4b6.PDT	1321	0x2c93000	34816	0x100	ok	raw	53506a06
MLG\disc0_rel\00b2b4b6.PDT	1322	0x2c9b800	26624	0x100	ok	raw	53506b06
MLG\disc0_rel\00b2b4b6.PDT	1323	0x2ca2000	34816	0x100	ok	raw	53506c06
MLG\disc0_rel\00b2b4b6.PDT	1324	0x2caa800	36864	0x100	ok	raw	53506d06
MLG\disc0_rel\00b2b4b6.PDT	1325	0x2cb3800	40960	0x100	ok	raw	53506e06
MLG\disc0_rel\00b2b4b6.PDT	1326	0x2cbd800	36864	0x100	ok	raw	53506f06
MLG\disc0_rel\00b2b4b6.PDT	1327	0x2cc6800	18432	0x100	ok	raw	53507006
MLG\disc0_rel\00b2b4b6.PDT	1328	0x2ccb000	30720	0x100	ok	raw	53507106
MLG\disc0_rel\00b2b4b6.PDT	1329	0x2cd2800	63488	0x100	ok	raw	53507206
MLG\disc0_rel\00b2b4b6.PDT	1330	0x2ce2000	47104	0x100	ok	raw	53507306
MLG\disc0_rel\00b2b4b6.PDT	1331	0x2ced800	34816	0x100	ok	raw	53507406
MLG\disc0_rel\00b2b4b6.PDT	1332	0x2cf6000	20480	0x100	ok	raw	53507506
MLG\disc0_rel\00b2b4b6.PDT	1333	0x2cfb000	36864	0x100	ok	raw	53507606
MLG\disc0_rel\00b2b4b6.PDT	1334	0x2d04000	34816	0x100	ok	raw	53507706
MLG\disc0_rel\00b2b4b6.PDT	1335	0x2d0c800	30720	0x100	ok	raw	53507806
MLG\disc0_rel\00b2b4b6.PDT	1336	0x2d14000	28672	0x100	ok	raw	53508406
MLG\disc0_rel\00b2b4b6.PDT	1337	0x2d1b000	22528	0x100	ok	raw	53508506
MLG\disc0_rel\00b2b4b6.PDT	1338	0x2d20800	32768	0x100	ok	raw	53508606
MLG\disc0_rel\00b2b4b6.PDT	1339	0x2d28800	59392	0x100	ok	raw	53508706
MLG\disc0_rel\00b2b4b6.PDT	1340	0x2d37000	75776	0x100	ok	raw	53508806
MLG\disc0_rel\00b2b4b6.PDT	1341	0x2d49800	36864	0x100	ok	raw	53508906
MLG\disc0_rel\00b2b4b6.PDT	1342	0x2d52800	22528	0x100	ok	raw	53508a06
MLG\disc0_rel\00b2b4b6.PDT	1343	0x2d58000	45056	0x100	ok	raw	53508b06
MLG\disc0_rel\00b2b4b6.PDT	1344	0x2d63000	34816	0x100	ok	raw	53508c06
MLG\disc0_rel\00b2b4b6.PDT	1345	0x2d6b800	40960	0x100	ok	raw	53508d06
MLG\disc0_rel\00b2b4b6.PDT	1346	0x2d75800	26624	0x100	ok	raw	53508e06
MLG\disc0_rel\00b2b4b6.PDT	1347	0x2d7c000	36864	0x100	ok	raw	53508f06
MLG\disc0_rel\00b2b4b6.PDT	1348	0x2d85000	22528	0x100	ok	raw	53509006
MLG\disc0_rel\00b2b4b6.PDT	1349	0x2d8a800	28672	0x100	ok	raw	53509106
MLG\disc0_rel\00b2b4b6.PDT	1350	0x2d91800	22528	0x100	ok	raw	53509206
MLG\disc0_rel\00b2b4b6.PDT	1351	0x2d97000	34816	0x100	ok	raw	53509306
MLG\disc0_rel\00b2b4b6.PDT	1352	0x2d9f800	28672	0x100	ok	raw	53509406
MLG\disc0_rel\00b2b4b6.PDT	1353	0x2da6800	55296	0x100	ok	raw	53509506
MLG\disc0_rel\00b2b4b6.PDT	1354	0x2db4000	43008	0x100	ok	raw	53509606
MLG\disc0_rel\00b2b4b6.PDT	1355	0x2dbe800	40960	0x100	ok	raw	53509706
MLG\disc0_rel\00b2b4b6.PDT	1356	0x2dc8800	26624	0x100	ok	raw	53509806
MLG\disc0_rel\00b2b4b6.PDT	1357	0x2dcf000	24576	0x100	ok	raw	53509906
MLG\disc0_rel\00b2b4b6.PDT	1358	0x2dd5000	32768	0x100	ok	raw	53509a06
MLG\disc0_rel\00b2b4b6.PDT	1359	0x2ddd000	30720	0x100	ok	raw	53509b06
MLG\disc0_rel\00b2b4b6.PDT	1360	0x2de4800	24576	0x100	ok	raw	53509c06
MLG\disc0_rel\00b2b4b6.PDT	1361	0x2dea800	45056	0x100	ok	raw	53509d06
MLG\disc0_rel\00b2b4b6.PDT	1362	0x2df5800	26624	0x100	ok	raw	53509e06
MLG\disc0_rel\00b2b4b6.PDT	1363	0x2dfc000	43008	0x100	ok	raw	53509f06
MLG\disc0_rel\00b2b4b6.PDT	1364	0x2e06800	30720	0x100	ok	raw	5350a006
MLG\disc0_rel\00b2b4b6.PDT	1365	0x2e0e000	63488	0x100	ok	raw	5350a106
MLG\disc0_rel\00b2b4b6.PDT	1366	0x2e1d800	43008	0x100	ok	raw	5350a206
MLG\disc0_rel\00b2b4b6.PDT	1367	0x2e28000	36864	0x100	ok	raw	5350a306
MLG\disc0_rel\00b2b4b6.PDT	1368	0x2e31000	18432	0x100	ok	raw	5350a406
MLG\disc0_rel\00b2b4b6.PDT	1369	0x2e35800	43008	0x100	ok	raw	5350a506
MLG\disc0_rel\00b2b4b6.PDT	1370	0x2e40000	55296	0x100	ok	raw	5350a606
MLG\disc0_rel\00b2b4b6.PDT	1371	0x2e4d800	26624	0x100	ok	raw	5350a706
MLG\disc0_rel\00b2b4b6.PDT	1372	0x2e54000	40960	0x100	ok	raw	5350a806
MLG\disc0_rel\00b2b4b6.PDT	1373	0x2e5e000	6144	0x100	ok	raw	5350a906
MLG\disc0_rel\00b2b4b6.PDT	1374	0x2e5f800	63488	0x100	ok	raw	5350aa06
MLG\disc0_rel\00b2b4b6.PDT	1375	0x2e6f000	6144	0x100	ok	raw	5350ab06
MLG\disc0_rel\00b2b4b6.PDT	1376	0x2e70800	38912	0x100	ok	raw	5350ac06
MLG\disc0_rel\00b2b4b6.PDT	1377	0x2e7a000	4096	0x100	ok	raw	5350ad06
MLG\disc0_rel\00b2b4b6.PDT	1378	0x2e7b000	26624	0x100	ok	raw	5350ae06
MLG\disc0_rel\00b2b4b6.PDT	1379	0x2e81800	26624	0x100	ok	raw	5350af06
MLG\disc0_rel\00b2b4b6.PDT	1380	0x2e88000	26624	0x100	ok	raw	5350b006
MLG\disc0_rel\00b2b4b6.PDT	1381	0x2e8e800	12288	0x100	ok	raw	5350b106
MLG\disc0_rel\00b2b4b6.PDT	1382	0x2e91800	14336	0x100	ok	raw	5350b206
MLG\disc0_rel\00b2b4b6.PDT	1383	0x2e95000	22528	0x100	ok	raw	5350b306
MLG\disc0_rel\00b2b4b6.PDT	1384	0x2e9a800	32768	0x100	ok	raw	5350b406
MLG\disc0_rel\00b2b4b6.PDT	1385	0x2ea2800	40960	0x100	ok	raw	5350b506
MLG\disc0_rel\00b2b4b6.PDT	1386	0x2eac800	24576	0x100	ok	raw	5350b606
MLG\disc0_rel\00b2b4b6.PDT	1387	0x2eb2800	22528	0x100	ok	raw	5350b706
MLG\disc0_rel\00b2b4b6.PDT	1388	0x2eb8000	22528	0x100	ok	raw	5350b806
MLG\disc0_rel\00b2b4b6.PDT	1389	0x2ebd800	22528	0x100	ok	raw	5350b906
MLG\disc0_rel\00b2b4b6.PDT	1390	0x2ec3000	20480	0x100	ok	raw	5350ba06
MLG\disc0_rel\00b2b4b6.PDT	1391	0x2ec8000	24576	0x100	ok	raw	5350bb06
MLG\disc0_rel\00b2b4b6.PDT	1392	0x2ece000	20480	0x100	ok	raw	5350bc06
MLG\disc0_rel\00b2b4b6.PDT	1393	0x2ed3000	26624	0x100	ok	raw	5350bd06
MLG\disc0_rel\00b2b4b6.PDT	1394	0x2ed9800	26624	0x100	ok	raw	5350be06
MLG\disc0_rel\00b2b4b6.PDT	1395	0x2ee0000	14336	0x100	ok	raw	5350bf06
MLG\disc0_rel\00b2b4b6.PDT	1396	0x2ee3800	34816	0x100	ok	raw	5350c006
MLG\disc0_rel\00b2b4b6.PDT	1397	0x2eec000	28672	0x100	ok	raw	5350c106
MLG\disc0_rel\00b2b4b6.PDT	1398	0x2ef3000	34816	0x100	ok	raw	5350c206
MLG\disc0_rel\00b2b4b6.PDT	1399	0x2efb800	43008	0x100	ok	raw	5350c306
MLG\disc0_rel\00b2b4b6.PDT	1400	0x2f06000	53248	0x100	ok	raw	5350c406
MLG\disc0_rel\00b2b4b6.PDT	1401	0x2f13000	53248	0x100	ok	raw	5350c506
MLG\disc0_rel\00b2b4b6.PDT	1402	0x2f20000	32768	0x100	ok	raw	5350c606
MLG\disc0_rel\00b2b4b6.PDT	1403	0x2f28000	47104	0x100	ok	raw	5350c706
MLG\disc0_rel\00b2b4b6.PDT	1404	0x2f33800	28672	0x100	ok	raw	5350c806
MLG\disc0_rel\00b2b4b6.PDT	1405	0x2f3a800	28672	0x100	ok	raw	5350c906
MLG\disc0_rel\00b2b4b6.PDT	1406	0x2f41800	34816	0x100	ok	raw	5350ca06
MLG\disc0_rel\00b2b4b6.PDT	1407	0x2f4a000	40960	0x100	ok	raw	5350cb06
MLG\disc0_rel\00b2b4b6.PDT	1408	0x2f54000	26624	0x100	ok	raw	5350d606
MLG\disc0_rel\00b2b4b6.PDT	1409	0x2f5a800	26624	0x100	ok	raw	5350d706
MLG\disc0_rel\00b2b4b6.PDT	1410	0x2f61000	28672	0x100	ok	raw	5350d806
MLG\disc0_rel\00b2b4b6.PDT	1411	0x2f68000	22528	0x100	ok	raw	5350d906
MLG\disc0_rel\00b2b4b6.PDT	1412	0x2f6d800	55296	0x100	ok	raw	5350da06
MLG\disc0_rel\00b2b4b6.PDT	1413	0x2f7b000	47104	0x100	ok	raw	5350db06
MLG\disc0_rel\00b2b4b6.PDT	1414	0x2f86800	26624	0x100	ok	raw	5350dc06
MLG\disc0_rel\00b2b4b6.PDT	1415	0x2f8d000	30720	0x100	ok	raw	5350dd06
MLG\disc0_rel\00b2b4b6.PDT	1416	0x2f94800	43008	0x100	ok	raw	5350de06
MLG\disc0_rel\00b2b4b6.PDT	1417	0x2f9f000	49152	0x100	ok	raw	5350df06
MLG\disc0_rel\00b2b4b6.PDT	1418	0x2fab000	43008	0x100	ok	raw	5350e006
MLG\disc0_rel\00b2b4b6.PDT	1419	0x2fb5800	38912	0x100	ok	raw	5350e106
MLG\disc0_rel\00b2b4b6.PDT	1420	0x2fbf000	51200	0x100	ok	raw	5350e206
MLG\disc0_rel\00b2b4b6.PDT	1421	0x2fcb800	47104	0x100	ok	raw	5350e306
MLG\disc0_rel\00b2b4b6.PDT	1422	0x2fd7000	47104	0x100	ok	raw	5350e406
MLG\disc0_rel\00b2b4b6.PDT	1423	0x2fe2800	30720	0x100	ok	raw	5350e506
MLG\disc0_rel\00b2b4b6.PDT	1424	0x2fea000	28672	0x100	ok	raw	5350e606
MLG\disc0_rel\00b2b4b6.PDT	1425	0x2ff1000	51200	0x100	ok	raw	5350e706
MLG\disc0_rel\00b2b4b6.PDT	1426	0x2ffd800	38912	0x100	ok	raw	5350e806
MLG\disc0_rel\00b2b4b6.PDT	1427	0x3007000	30720	0x100	ok	raw	5350e906
MLG\disc0_rel\00b2b4b6.PDT	1428	0x300e800	45056	0x100	ok	raw	5350ea06
MLG\disc0_rel\00b2b4b6.PDT	1429	0x3019800	28672	0x100	ok	raw	5350eb06
MLG\disc0_rel\00b2b4b6.PDT	1430	0x3020800	28672	0x100	ok	raw	5350ec06
MLG\disc0_rel\00b2b4b6.PDT	1431	0x3027800	45056	0x100	ok	raw	5350ed06
MLG\disc0_rel\00b2b4b6.PDT	1432	0x3032800	28672	0x100	ok	raw	5350ee06
MLG\disc0_rel\00b2b4b6.PDT	1433	0x3039800	49152	0x100	ok	raw	5350ef06
MLG\disc0_rel\00b2b4b6.PDT	1434	0x3045800	6144	0x100	ok	raw	5350f006
MLG\disc0_rel\00b2b4b6.PDT	1435	0x3047000	6144	0x100	ok	raw	5350f106
MLG\disc0_rel\00b2b4b6.PDT	1436	0x3048800	53248	0x100	ok	raw	5350f206
MLG\disc0_rel\00b2b4b6.PDT	1437	0x3055800	28672	0x100	ok	raw	5350f306
MLG\disc0_rel\00b2b4b6.PDT	1438	0x305c800	53248	0x100	ok	raw	5350f406
MLG\disc0_rel\00b2b4b6.PDT	1439	0x3069800	47104	0x100	ok	raw	5350f506
MLG\disc0_rel\00b2b4b6.PDT	1440	0x3075000	6144	0x100	ok	raw	5350f606
MLG\disc0_rel\00b2b4b6.PDT	1441	0x3076800	4096	0x100	ok	raw	5350f706
MLG\disc0_rel\00b2b4b6.PDT	1442	0x3077800	6144	0x100	ok	raw	5350f806
MLG\disc0_rel\00b2b4b6.PDT	1443	0x3079000	43008	0x100	ok	raw	5350f906
MLG\disc0_rel\00b2b4b6.PDT	1444	0x3083800	20480	0x100	ok	raw	5350fa06
MLG\disc0_rel\00b2b4b6.PDT	1445	0x3088800	51200	0x100	ok	raw	5350fb06
MLG\disc0_rel\00b2b4b6.PDT	1446	0x3095000	67584	0x100	ok	raw	5350fc06
MLG\disc0_rel\00b2b4b6.PDT	1447	0x30a5800	38912	0x100	ok	raw	5350fd06
MLG\disc0_rel\00b2b4b6.PDT	1448	0x30af000	22528	0x100	ok	raw	5350f607
MLG\disc0_rel\00b2b4b6.PDT	1449	0x30b4800	22528	0x100	ok	raw	5350fe06
MLG\disc0_rel\00b2b4b6.PDT	1450	0x30ba000	20480	0x100	ok	raw	5350ff06
MLG\disc0_rel\00b2b4b6.PDT	1451	0x30bf000	20480	0x100	ok	raw	53500007
MLG\disc0_rel\00b2b4b6.PDT	1452	0x30c4000	26624	0x100	ok	raw	53500107
MLG\disc0_rel\00b2b4b6.PDT	1453	0x30ca800	34816	0x100	ok	raw	53500207
MLG\disc0_rel\00b2b4b6.PDT	1454	0x30d3000	24576	0x100	ok	raw	53500307
MLG\disc0_rel\00b2b4b6.PDT	1455	0x30d9000	32768	0x100	ok	raw	53500407
MLG\disc0_rel\00b2b4b6.PDT	1456	0x30e1000	49152	0x100	ok	raw	53500507
MLG\disc0_rel\00b2b4b6.PDT	1457	0x30ed000	61440	0x100	ok	raw	53500607
MLG\disc0_rel\00b2b4b6.PDT	1458	0x30fc000	43008	0x100	ok	raw	53500707
MLG\disc0_rel\00b2b4b6.PDT	1459	0x3106800	47104	0x100	ok	raw	53500807
MLG\disc0_rel\00b2b4b6.PDT	1460	0x3112000	61440	0x100	ok	raw	53500907
MLG\disc0_rel\00b2b4b6.PDT	1461	0x3121000	18432	0x100	ok	raw	53500a07
MLG\disc0_rel\00b2b4b6.PDT	1462	0x3125800	16384	0x100	ok	raw	53500b07
MLG\disc0_rel\00b2b4b6.PDT	1463	0x3129800	26624	0x100	ok	raw	53500c07
MLG\disc0_rel\00b2b4b6.PDT	1464	0x3130000	34816	0x100	ok	raw	53500d07
MLG\disc0_rel\00b2b4b6.PDT	1465	0x3138800	28672	0x100	ok	raw	53500e07
MLG\disc0_rel\00b2b4b6.PDT	1466	0x313f800	43008	0x100	ok	raw	53500f07
MLG\disc0_rel\00b2b4b6.PDT	1467	0x314a000	47104	0x100	ok	raw	53501007
MLG\disc0_rel\00b2b4b6.PDT	1468	0x3155800	40960	0x100	ok	raw	53501107
MLG\disc0_rel\00b2b4b6.PDT	1469	0x315f800	38912	0x100	ok	raw	53501207
MLG\disc0_rel\00b2b4b6.PDT	1470	0x3169000	26624	0x100	ok	raw	53501307
MLG\disc0_rel\00b2b4b6.PDT	1471	0x316f800	20480	0x100	ok	raw	53501407
MLG\disc0_rel\00b2b4b6.PDT	1472	0x3174800	40960	0x100	ok	raw	53501507
MLG\disc0_rel\00b2b4b6.PDT	1473	0x317e800	49152	0x100	ok	raw	53501607
MLG\disc0_rel\00b2b4b6.PDT	1474	0x318a800	51200	0x100	ok	raw	53501707
MLG\disc0_rel\00b2b4b6.PDT	1475	0x3197000	53248	0x100	ok	raw	53501807
MLG\disc0_rel\00b2b4b6.PDT	1476	0x31a4000	51200	0x100	ok	raw	53501907
MLG\disc0_rel\00b2b4b6.PDT	1477	0x31b0800	61440	0x100	ok	raw	53501a07
MLG\disc0_rel\00b2b4b6.PDT	1478	0x31bf800	65536	0x100	ok	raw	53501b07
MLG\disc0_rel\00b2b4b6.PDT	1479	0x31cf800	51200	0x100	ok	raw	53501c07
MLG\disc0_rel\00b2b4b6.PDT	1480	0x31dc000	57344	0x100	ok	raw	53501d07
MLG\disc0_rel\00b2b4b6.PDT	1481	0x31ea000	47104	0x100	ok	raw	53501e07
MLG\disc0_rel\00b2b4b6.PDT	1482	0x31f5800	32768	0x100	ok	raw	53501f07
MLG\disc0_rel\00b2b4b6.PDT	1483	0x31fd800	67584	0x100	ok	raw	53502007
MLG\disc0_rel\00b2b4b6.PDT	1484	0x320e000	45056	0x100	ok	raw	53502107
MLG\disc0_rel\00b2b4b6.PDT	1485	0x3219000	4096	0x100	ok	raw	53502207
MLG\disc0_rel\00b2b4b6.PDT	1486	0x321a000	4096	0x100	ok	raw	53502307
MLG\disc0_rel\00b2b4b6.PDT	1487	0x321b000	86016	0x100	ok	raw	53502407
MLG\disc0_rel\00b2b4b6.PDT	1488	0x3230000	81920	0x100	ok	raw	53502507
MLG\disc0_rel\00b2b4b6.PDT	1489	0x3244000	57344	0x100	ok	raw	53502607
MLG\disc0_rel\00b2b4b6.PDT	1490	0x3252000	40960	0x100	ok	raw	53502707
MLG\disc0_rel\00b2b4b6.PDT	1491	0x325c000	36864	0x100	ok	raw	53502807
MLG\disc0_rel\00b2b4b6.PDT	1492	0x3265000	40960	0x100	ok	raw	53502907
MLG\disc0_rel\00b2b4b6.PDT	1493	0x326f000	26624	0x100	ok	raw	53502a07
MLG\disc0_rel\00b2b4b6.PDT	1494	0x3275800	32768	0x100	ok	raw	53502b07
MLG\disc0_rel\00b2b4b6.PDT	1495	0x327d800	22528	0x100	ok	raw	53502c07
MLG\disc0_rel\00b2b4b6.PDT	1496	0x3283000	32768	0x100	ok	raw	53502d07
MLG\disc0_rel\00b2b4b6.PDT	1497	0x328b000	36864	0x100	ok	raw	53502e07
MLG\disc0_rel\00b2b4b6.PDT	1498	0x3294000	28672	0x100	ok	raw	53502f07
MLG\disc0_rel\00b2b4b6.PDT	1499	0x329b000	28672	0x100	ok	raw	53503007
MLG\disc0_rel\00b2b4b6.PDT	1500	0x32a2000	43008	0x100	ok	raw	53503107
MLG\disc0_rel\00b2b4b6.PDT	1501	0x32ac800	49152	0x100	ok	raw	53503207
MLG\disc0_rel\00b2b4b6.PDT	1502	0x32b8800	28672	0x100	ok	raw	53503307
MLG\disc0_rel\00b2b4b6.PDT	1503	0x32bf800	34816	0x100	ok	raw	53503407
MLG\disc0_rel\00b2b4b6.PDT	1504	0x32c8000	16384	0x100	ok	raw	53503507
MLG\disc0_rel\00b2b4b6.PDT	1505	0x32cc000	26624	0x100	ok	raw	53503607
MLG\disc0_rel\00b2b4b6.PDT	1506	0x32d2800	43008	0x100	ok	raw	53503707
MLG\disc0_rel\00b2b4b6.PDT	1507	0x32dd000	51200	0x100	ok	raw	53503807
MLG\disc0_rel\00b2b4b6.PDT	1508	0x32e9800	28672	0x100	ok	raw	53503907
MLG\disc0_rel\00b2b4b6.PDT	1509	0x32f0800	36864	0x100	ok	raw	53503a07
MLG\disc0_rel\00b2b4b6.PDT	1510	0x32f9800	38912	0x100	ok	raw	53503b07
MLG\disc0_rel\00b2b4b6.PDT	1511	0x3303000	30720	0x100	ok	raw	53503c07
MLG\disc0_rel\00b2b4b6.PDT	1512	0x330a800	38912	0x100	ok	raw	53503d07
MLG\disc0_rel\00b2b4b6.PDT	1513	0x3314000	55296	0x100	ok	raw	53503e07
MLG\disc0_rel\00b2b4b6.PDT	1514	0x3321800	32768	0x100	ok	raw	53503f07
MLG\disc0_rel\00b2b4b6.PDT	1515	0x3329800	51200	0x100	ok	raw	53504007
MLG\disc0_rel\00b2b4b6.PDT	1516	0x3336000	30720	0x100	ok	raw	53504107
MLG\disc0_rel\00b2b4b6.PDT	1517	0x333d800	43008	0x100	ok	raw	53504207
MLG\disc0_rel\00b2b4b6.PDT	1518	0x3348000	30720	0x100	ok	raw	53504307
MLG\disc0_rel\00b2b4b6.PDT	1519	0x334f800	51200	0x100	ok	raw	53504407
MLG\disc0_rel\00b2b4b6.PDT	1520	0x335c000	30720	0x100	ok	raw	53504507
MLG\disc0_rel\00b2b4b6.PDT	1521	0x3363800	36864	0x100	ok	raw	53504607
MLG\disc0_rel\00b2b4b6.PDT	1522	0x336c800	51200	0x100	ok	raw	53504707
MLG\disc0_rel\00b2b4b6.PDT	1523	0x3379000	45056	0x100	ok	raw	53504807
MLG\disc0_rel\00b2b4b6.PDT	1524	0x3384000	47104	0x100	ok	raw	53504907
MLG\disc0_rel\00b2b4b6.PDT	1525	0x338f800	49152	0x100	ok	raw	53504a07
MLG\disc0_rel\00b2b4b6.PDT	1526	0x339b800	36864	0x100	ok	raw	53504b07
MLG\disc0_rel\00b2b4b6.PDT	1527	0x33a4800	38912	0x100	ok	raw	53504c07
MLG\disc0_rel\00b2b4b6.PDT	1528	0x33ae000	36864	0x100	ok	raw	53504d07
MLG\disc0_rel\00b2b4b6.PDT	1529	0x33b7000	40960	0x100	ok	raw	53504e07
MLG\disc0_rel\00b2b4b6.PDT	1530	0x33c1000	40960	0x100	ok	raw	53504f07
MLG\disc0_rel\00b2b4b6.PDT	1531	0x33cb000	69632	0x100	ok	raw	53505007
MLG\disc0_rel\00b2b4b6.PDT	1532	0x33dc000	65536	0x100	ok	raw	53505107
MLG\disc0_rel\00b2b4b6.PDT	1533	0x33ec000	24576	0x100	ok	raw	53505207
MLG\disc0_rel\00b2b4b6.PDT	1534	0x33f2000	28672	0x100	ok	raw	53505307
MLG\disc0_rel\00b2b4b6.PDT	1535	0x33f9000	36864	0x100	ok	raw	53505407
MLG\disc0_rel\00b2b4b6.PDT	1536	0x3402000	24576	0x100	ok	raw	53505607
MLG\disc0_rel\00b2b4b6.PDT	1537	0x3408000	26624	0x100	ok	raw	53505707
MLG\disc0_rel\00b2b4b6.PDT	1538	0x340e800	24576	0x100	ok	raw	53505807
MLG\disc0_rel\00b2b4b6.PDT	1539	0x3414800	49152	0x100	ok	raw	53505907
MLG\disc0_rel\00b2b4b6.PDT	1540	0x3420800	30720	0x100	ok	raw	53505a07
MLG\disc0_rel\00b2b4b6.PDT	1541	0x3428000	20480	0x100	ok	raw	53505b07
MLG\disc0_rel\00b2b4b6.PDT	1542	0x342d000	22528	0x100	ok	raw	53505c07
MLG\disc0_rel\00b2b4b6.PDT	1543	0x3432800	22528	0x100	ok	raw	53505d07
MLG\disc0_rel\00b2b4b6.PDT	1544	0x3438000	36864	0x100	ok	raw	53505e07
MLG\disc0_rel\00b2b4b6.PDT	1545	0x3441000	16384	0x100	ok	raw	53505f07
MLG\disc0_rel\00b2b4b6.PDT	1546	0x3445000	40960	0x100	ok	raw	53506007
MLG\disc0_rel\00b2b4b6.PDT	1547	0x344f000	26624	0x100	ok	raw	53506107
MLG\disc0_rel\00b2b4b6.PDT	1548	0x3455800	43008	0x100	ok	raw	53506207
MLG\disc0_rel\00b2b4b6.PDT	1549	0x3460000	55296	0x100	ok	raw	53506307
MLG\disc0_rel\00b2b4b6.PDT	1550	0x346d800	32768	0x100	ok	raw	53506407
MLG\disc0_rel\00b2b4b6.PDT	1551	0x3475800	24576	0x100	ok	raw	53506507
MLG\disc0_rel\00b2b4b6.PDT	1552	0x347b800	32768	0x100	ok	raw	5350f707
MLG\disc0_rel\00b2b4b6.PDT	1553	0x3483800	43008	0x100	ok	raw	5350f807
MLG\disc0_rel\00b2b4b6.PDT	1554	0x348e000	43008	0x100	ok	raw	5350f907
MLG\disc0_rel\00b2b4b6.PDT	1555	0x3498800	59392	0x100	ok	raw	5350fa07
MLG\disc0_rel\00b2b4b6.PDT	1556	0x34a7000	59392	0x100	ok	raw	5350fc07
MLG\disc0_rel\00b2b4b6.PDT	1557	0x34b5800	59392	0x100	ok	raw	5350fd07
MLG\disc0_rel\00b2b4b6.PDT	1558	0x34c4000	59392	0x100	ok	raw	5350ff07
MLG\disc0_rel\00b2b4b6.PDT	1559	0x34d2800	40960	0x100	ok	raw	53500008
MLG\disc0_rel\00b2b4b6.PDT	1560	0x34dc800	26624	0x100	ok	raw	53500108
MLG\disc0_rel\00b2b4b6.PDT	1561	0x34e3000	32768	0x100	ok	raw	53500208
MLG\disc0_rel\00b2b4b6.PDT	1562	0x34eb000	47104	0x100	ok	raw	53500308
MLG\disc0_rel\00b2b4b6.PDT	1563	0x34f6800	34816	0x100	ok	raw	53500408
MLG\disc0_rel\00b2b4b6.PDT	1564	0x34ff000	57344	0x100	ok	raw	53500508
MLG\disc0_rel\00b2b4b6.PDT	1565	0x350d000	28672	0x100	ok	raw	53500608
MLG\disc0_rel\00b2b4b6.PDT	1566	0x3514000	20480	0x100	ok	raw	53500908
MLG\disc0_rel\00b2b4b6.PDT	1567	0x3519000	36864	0x100	ok	raw	53500d08
MLG\disc0_rel\00b2b4b6.PDT	1568	0x3522000	26624	0x100	ok	raw	53500e08
MLG\disc0_rel\00b2b4b6.PDT	1569	0x3528800	26624	0x100	ok	raw	53500f08
MLG\disc0_rel\00b2b4b6.PDT	1570	0x352f000	47104	0x100	ok	raw	53508109
MLG\disc0_rel\00b2b4b6.PDT	1571	0x353a800	18432	0x100	ok	raw	53508209
MLG\disc0_rel\00b2b4b6.PDT	1572	0x353f000	51200	0x100	ok	raw	53501008
MLG\disc0_rel\00b2b4b6.PDT	1573	0x354b800	51200	0x100	ok	raw	53501108
MLG\disc0_rel\00b2b4b6.PDT	1574	0x3558000	47104	0x100	ok	raw	53501208
MLG\disc0_rel\00b2b4b6.PDT	1575	0x3563800	40960	0x100	ok	raw	53501308
MLG\disc0_rel\00b2b4b6.PDT	1576	0x356d800	40960	0x100	ok	raw	53501408
MLG\disc0_rel\00b2b4b6.PDT	1577	0x3577800	45056	0x100	ok	raw	53501508
MLG\disc0_rel\00b2b4b6.PDT	1578	0x3582800	55296	0x100	ok	raw	53501608
MLG\disc0_rel\00b2b4b6.PDT	1579	0x3590000	40960	0x100	ok	raw	53501708
MLG\disc0_rel\00b2b4b6.PDT	1580	0x359a000	36864	0x100	ok	raw	53501808
MLG\disc0_rel\00b2b4b6.PDT	1581	0x35a3000	36864	0x100	ok	raw	53501908
MLG\disc0_rel\00b2b4b6.PDT	1582	0x35ac000	24576	0x100	ok	raw	53501a08
MLG\disc0_rel\00b2b4b6.PDT	1583	0x35b2000	34816	0x100	ok	raw	53501b08
MLG\disc0_rel\00b2b4b6.PDT	1584	0x35ba800	20480	0x100	ok	raw	53501c08
MLG\disc0_rel\00b2b4b6.PDT	1585	0x35bf800	43008	0x100	ok	raw	53501d08
MLG\disc0_rel\00b2b4b6.PDT	1586	0x35ca000	51200	0x100	ok	raw	53501e08
MLG\disc0_rel\00b2b4b6.PDT	1587	0x35d6800	49152	0x100	ok	raw	53501f08
MLG\disc0_rel\00b2b4b6.PDT	1588	0x35e2800	43008	0x100	ok	raw	53502008
MLG\disc0_rel\00b2b4b6.PDT	1589	0x35ed000	47104	0x100	ok	raw	53502108
MLG\disc0_rel\00b2b4b6.PDT	1590	0x35f8800	38912	0x100	ok	raw	53502208
MLG\disc0_rel\00b2b4b6.PDT	1591	0x3602000	30720	0x100	ok	raw	53502308
MLG\disc0_rel\00b2b4b6.PDT	1592	0x3609800	16384	0x100	ok	raw	53502408
MLG\disc0_rel\00b2b4b6.PDT	1593	0x360d800	32768	0x100	ok	raw	53502508
MLG\disc0_rel\00b2b4b6.PDT	1594	0x3615800	45056	0x100	ok	raw	53502608
MLG\disc0_rel\00b2b4b6.PDT	1595	0x3620800	45056	0x100	ok	raw	53502708
MLG\disc0_rel\00b2b4b6.PDT	1596	0x362b800	43008	0x100	ok	raw	53502808
MLG\disc0_rel\00b2b4b6.PDT	1597	0x3636000	26624	0x100	ok	raw	53502908
MLG\disc0_rel\00b2b4b6.PDT	1598	0x363c800	30720	0x100	ok	raw	53502a08
MLG\disc0_rel\00b2b4b6.PDT	1599	0x3644000	38912	0x100	ok	raw	53502b08
MLG\disc0_rel\00b2b4b6.PDT	1600	0x364d800	36864	0x100	ok	raw	53502c08
MLG\disc0_rel\00b2b4b6.PDT	1601	0x3656800	63488	0x100	ok	raw	53502d08
MLG\disc0_rel\00b2b4b6.PDT	1602	0x3666000	40960	0x100	ok	raw	53502e08
MLG\disc0_rel\00b2b4b6.PDT	1603	0x3670000	34816	0x100	ok	raw	53502f08
MLG\disc0_rel\00b2b4b6.PDT	1604	0x3678800	28672	0x100	ok	raw	53503008
MLG\disc0_rel\00b2b4b6.PDT	1605	0x367f800	22528	0x100	ok	raw	53503108
MLG\disc0_rel\00b2b4b6.PDT	1606	0x3685000	38912	0x100	ok	raw	53503208
MLG\disc0_rel\00b2b4b6.PDT	1607	0x368e800	43008	0x100	ok	raw	53503308
MLG\disc0_rel\00b2b4b6.PDT	1608	0x3699000	34816	0x100	ok	raw	53503408
MLG\disc0_rel\00b2b4b6.PDT	1609	0x36a1800	43008	0x100	ok	raw	53503508
MLG\disc0_rel\00b2b4b6.PDT	1610	0x36ac000	40960	0x100	ok	raw	53503608
MLG\disc0_rel\00b2b4b6.PDT	1611	0x36b6000	59392	0x100	ok	raw	53503708
MLG\disc0_rel\00b2b4b6.PDT	1612	0x36c4800	34816	0x100	ok	raw	53503808
MLG\disc0_rel\00b2b4b6.PDT	1613	0x36cd000	20480	0x100	ok	raw	53503908
MLG\disc0_rel\00b2b4b6.PDT	1614	0x36d2000	38912	0x100	ok	raw	53503a08
MLG\disc0_rel\00b2b4b6.PDT	1615	0x36db800	34816	0x100	ok	raw	53503b08
MLG\disc0_rel\00b2b4b6.PDT	1616	0x36e4000	34816	0x100	ok	raw	53503c08
MLG\disc0_rel\00b2b4b6.PDT	1617	0x36ec800	26624	0x100	ok	raw	53503d08
MLG\disc0_rel\00b2b4b6.PDT	1618	0x36f3000	12288	0x100	ok	raw	53503e08
MLG\disc0_rel\00b2b4b6.PDT	1619	0x36f6000	55296	0x100	ok	raw	53503f08
MLG\disc0_rel\00b2b4b6.PDT	1620	0x3703800	57344	0x100	ok	raw	53504008
MLG\disc0_rel\00b2b4b6.PDT	1621	0x3711800	53248	0x100	ok	raw	53504108
MLG\disc0_rel\00b2b4b6.PDT	1622	0x371e800	36864	0x100	ok	raw	53504208
MLG\disc0_rel\00b2b4b6.PDT	1623	0x3727800	49152	0x100	ok	raw	53508309
MLG\disc0_rel\00b2b4b6.PDT	1624	0x3733800	45056	0x100	ok	raw	53508409
MLG\disc0_rel\00b2b4b6.PDT	1625	0x373e800	55296	0x100	ok	raw	53504308
MLG\disc0_rel\00b2b4b6.PDT	1626	0x374c000	40960	0x100	ok	raw	53504408
MLG\disc0_rel\00b2b4b6.PDT	1627	0x3756000	63488	0x100	ok	raw	53504508
MLG\disc0_rel\00b2b4b6.PDT	1628	0x3765800	34816	0x100	ok	raw	53504608
MLG\disc0_rel\00b2b4b6.PDT	1629	0x376e000	47104	0x100	ok	raw	53504708
MLG\disc0_rel\00b2b4b6.PDT	1630	0x3779800	40960	0x100	ok	raw	53504808
MLG\disc0_rel\00b2b4b6.PDT	1631	0x3783800	40960	0x100	ok	raw	53504908
MLG\disc0_rel\00b2b4b6.PDT	1632	0x378d800	30720	0x100	ok	raw	53504a08
MLG\disc0_rel\00b2b4b6.PDT	1633	0x3795000	51200	0x100	ok	raw	53504b08
MLG\disc0_rel\00b2b4b6.PDT	1634	0x37a1800	47104	0x100	ok	raw	53504c08
MLG\disc0_rel\00b2b4b6.PDT	1635	0x37ad000	6144	0x100	ok	raw	53504d08
MLG\disc0_rel\00b2b4b6.PDT	1636	0x37ae800	32768	0x100	ok	raw	53504e08
MLG\disc0_rel\00b2b4b6.PDT	1637	0x37b6800	47104	0x100	ok	raw	53504f08
MLG\disc0_rel\00b2b4b6.PDT	1638	0x37c2000	55296	0x100	ok	raw	53505008
MLG\disc0_rel\00b2b4b6.PDT	1639	0x37cf800	47104	0x100	ok	raw	53505108
MLG\disc0_rel\00b2b4b6.PDT	1640	0x37db000	36864	0x100	ok	raw	53505208
MLG\disc0_rel\00b2b4b6.PDT	1641	0x37e4000	36864	0x100	ok	raw	53505408
MLG\disc0_rel\00b2b4b6.PDT	1642	0x37ed000	43008	0x100	ok	raw	53505508
MLG\disc0_rel\00b2b4b6.PDT	1643	0x37f7800	36864	0x100	ok	raw	53505608
MLG\disc0_rel\00b2b4b6.PDT	1644	0x3800800	24576	0x100	ok	raw	53505708
MLG\disc0_rel\00b2b4b6.PDT	1645	0x3806800	36864	0x100	ok	raw	53505808
MLG\disc0_rel\00b2b4b6.PDT	1646	0x380f800	51200	0x100	ok	raw	53505908
MLG\disc0_rel\00b2b4b6.PDT	1647	0x381c000	53248	0x100	ok	raw	53505a08
MLG\disc0_rel\00b2b4b6.PDT	1648	0x3829000	43008	0x100	ok	raw	53505b08
MLG\disc0_rel\00b2b4b6.PDT	1649	0x3833800	40960	0x100	ok	raw	53505c08
MLG\disc0_rel\00b2b4b6.PDT	1650	0x383d800	47104	0x100	ok	raw	53505d08
MLG\disc0_rel\00b2b4b6.PDT	1651	0x3849000	49152	0x100	ok	raw	53505e08
MLG\disc0_rel\00b2b4b6.PDT	1652	0x3855000	57344	0x100	ok	raw	53505f08
MLG\disc0_rel\00b2b4b6.PDT	1653	0x3863000	26624	0x100	ok	raw	53506008
MLG\disc0_rel\00b2b4b6.PDT	1654	0x3869800	30720	0x100	ok	raw	53506108
MLG\disc0_rel\00b2b4b6.PDT	1655	0x3871000	32768	0x100	ok	raw	53506208
MLG\disc0_rel\00b2b4b6.PDT	1656	0x3879000	40960	0x100	ok	raw	53506308
MLG\disc0_rel\00b2b4b6.PDT	1657	0x3883000	28672	0x100	ok	raw	53506408
MLG\disc0_rel\00b2b4b6.PDT	1658	0x388a000	22528	0x100	ok	raw	53506508
MLG\disc0_rel\00b2b4b6.PDT	1659	0x388f800	32768	0x100	ok	raw	53506608
MLG\disc0_rel\00b2b4b6.PDT	1660	0x3897800	47104	0x100	ok	raw	53506708
MLG\disc0_rel\00b2b4b6.PDT	1661	0x38a3000	34816	0x100	ok	raw	53506808
MLG\disc0_rel\00b2b4b6.PDT	1662	0x38ab800	53248	0x100	ok	raw	53506908
MLG\disc0_rel\00b2b4b6.PDT	1663	0x38b8800	55296	0x100	ok	raw	53506a08
MLG\disc0_rel\00b2b4b6.PDT	1664	0x38c6000	53248	0x100	ok	raw	53506b08
MLG\disc0_rel\00b2b4b6.PDT	1665	0x38d3000	53248	0x100	ok	raw	53506d08
MLG\disc0_rel\00b2b4b6.PDT	1666	0x38e0000	67584	0x100	ok	raw	53506f08
MLG\disc0_rel\00b2b4b6.PDT	1667	0x38f0800	57344	0x100	ok	raw	53507008
MLG\disc0_rel\00b2b4b6.PDT	1668	0x38fe800	30720	0x100	ok	raw	53507108
MLG\disc0_rel\00b2b4b6.PDT	1669	0x3906000	20480	0x100	ok	raw	53507208
MLG\disc0_rel\00b2b4b6.PDT	1670	0x390b000	14336	0x100	ok	raw	53507308
MLG\disc0_rel\00b2b4b6.PDT	1671	0x390e800	14336	0x100	ok	raw	53507408
MLG\disc0_rel\00b2b4b6.PDT	1672	0x3912000	47104	0x100	ok	raw	53507508
MLG\disc0_rel\00b2b4b6.PDT	1673	0x391d800	32768	0x100	ok	raw	53507608
MLG\disc0_rel\00b2b4b6.PDT	1674	0x3925800	34816	0x100	ok	raw	53507708
MLG\disc0_rel\00b2b4b6.PDT	1675	0x392e000	40960	0x100	ok	raw	53507808
MLG\disc0_rel\00b2b4b6.PDT	1676	0x3938000	30720	0x100	ok	raw	53507908
MLG\disc0_rel\00b2b4b6.PDT	1677	0x393f800	47104	0x100	ok	raw	53507a08
MLG\disc0_rel\00b2b4b6.PDT	1678	0x394b000	63488	0x100	ok	raw	53507b08
MLG\disc0_rel\00b2b4b6.PDT	1679	0x395a800	38912	0x100	ok	raw	53507c08
MLG\disc0_rel\00b2b4b6.PDT	1680	0x3964000	34816	0x100	ok	raw	53507d08
MLG\disc0_rel\00b2b4b6.PDT	1681	0x396c800	40960	0x100	ok	raw	53507e08
MLG\disc0_rel\00b2b4b6.PDT	1682	0x3976800	40960	0x100	ok	raw	53507f08
MLG\disc0_rel\00b2b4b6.PDT	1683	0x3980800	30720	0x100	ok	raw	53508008
MLG\disc0_rel\00b2b4b6.PDT	1684	0x3988000	47104	0x100	ok	raw	53508108
MLG\disc0_rel\00b2b4b6.PDT	1685	0x3993800	36864	0x100	ok	raw	53508208
MLG\disc0_rel\00b2b4b6.PDT	1686	0x399c800	49152	0x100	ok	raw	53508308
MLG\disc0_rel\00b2b4b6.PDT	1687	0x39a8800	30720	0x100	ok	raw	53508408
MLG\disc0_rel\00b2b4b6.PDT	1688	0x39b0000	18432	0x100	ok	raw	53508508
MLG\disc0_rel\00b2b4b6.PDT	1689	0x39b4800	14336	0x100	ok	raw	53508608
MLG\disc0_rel\00b2b4b6.PDT	1690	0x39b8000	16384	0x100	ok	raw	53508708
MLG\disc0_rel\00b2b4b6.PDT	1691	0x39bc000	24576	0x100	ok	raw	53508808
MLG\disc0_rel\00b2b4b6.PDT	1692	0x39c2000	34816	0x100	ok	raw	53508908
MLG\disc0_rel\00b2b4b6.PDT	1693	0x39ca800	51200	0x100	ok	raw	53508a08
MLG\disc0_rel\00b2b4b6.PDT	1694	0x39d7000	34816	0x100	ok	raw	53508b08
MLG\disc0_rel\00b2b4b6.PDT	1695	0x39df800	40960	0x100	ok	raw	53508c08
MLG\disc0_rel\00b2b4b6.PDT	1696	0x39e9800	26624	0x100	ok	raw	53508d08
MLG\disc0_rel\00b2b4b6.PDT	1697	0x39f0000	38912	0x100	ok	raw	53508e08
MLG\disc0_rel\00b2b4b6.PDT	1698	0x39f9800	40960	0x100	ok	raw	53508f08
MLG\disc0_rel\00b2b4b6.PDT	1699	0x3a03800	28672	0x100	ok	raw	53509008
MLG\disc0_rel\00b2b4b6.PDT	1700	0x3a0a800	36864	0x100	ok	raw	53509108
MLG\disc0_rel\00b2b4b6.PDT	1701	0x3a13800	30720	0x100	ok	raw	53509208
MLG\disc0_rel\00b2b4b6.PDT	1702	0x3a1b000	30720	0x100	ok	raw	53509308
MLG\disc0_rel\00b2b4b6.PDT	1703	0x3a22800	20480	0x100	ok	raw	53509408
MLG\disc0_rel\00b2b4b6.PDT	1704	0x3a27800	38912	0x100	ok	raw	53509508
MLG\disc0_rel\00b2b4b6.PDT	1705	0x3a31000	51200	0x100	ok	raw	53509608
MLG\disc0_rel\00b2b4b6.PDT	1706	0x3a3d800	55296	0x100	ok	raw	53509708
MLG\disc0_rel\00b2b4b6.PDT	1707	0x3a4b000	28672	0x100	ok	raw	53509808
MLG\disc0_rel\00b2b4b6.PDT	1708	0x3a52000	18432	0x100	ok	raw	53509908
MLG\disc0_rel\00b2b4b6.PDT	1709	0x3a56800	36864	0x100	ok	raw	53509a08
MLG\disc0_rel\00b2b4b6.PDT	1710	0x3a5f800	32768	0x100	ok	raw	53509b08
MLG\disc0_rel\00b2b4b6.PDT	1711	0x3a67800	36864	0x100	ok	raw	53509c08
MLG\disc0_rel\00b2b4b6.PDT	1712	0x3a70800	16384	0x100	ok	raw	53509d08
MLG\disc0_rel\00b2b4b6.PDT	1713	0x3a74800	32768	0x100	ok	raw	53509e08
MLG\disc0_rel\00b2b4b6.PDT	1714	0x3a7c800	28672	0x100	ok	raw	53509f08
MLG\disc0_rel\00b2b4b6.PDT	1715	0x3a83800	36864	0x100	ok	raw	5350a008
MLG\disc0_rel\00b2b4b6.PDT	1716	0x3a8c800	30720	0x100	ok	raw	5350a108
MLG\disc0_rel\00b2b4b6.PDT	1717	0x3a94000	30720	0x100	ok	raw	5350a208
MLG\disc0_rel\00b2b4b6.PDT	1718	0x3a9b800	32768	0x100	ok	raw	5350a308
MLG\disc0_rel\00b2b4b6.PDT	1719	0x3aa3800	34816	0x100	ok	raw	5350a408
MLG\disc0_rel\00b2b4b6.PDT	1720	0x3aac000	24576	0x100	ok	raw	5350a508
MLG\disc0_rel\00b2b4b6.PDT	1721	0x3ab2000	34816	0x100	ok	raw	5350a608
MLG\disc0_rel\00b2b4b6.PDT	1722	0x3aba800	22528	0x100	ok	raw	5350a708
MLG\disc0_rel\00b2b4b6.PDT	1723	0x3ac0000	59392	0x100	ok	raw	5350a808
MLG\disc0_rel\00b2b4b6.PDT	1724	0x3ace800	40960	0x100	ok	raw	5350aa08
MLG\disc0_rel\00b2b4b6.PDT	1725	0x3ad8800	32768	0x100	ok	raw	5350ab08
MLG\disc0_rel\00b2b4b6.PDT	1726	0x3ae0800	55296	0x100	ok	raw	5350ac08
MLG\disc0_rel\00b2b4b6.PDT	1727	0x3aee000	20480	0x100	ok	raw	5350ae08
MLG\disc0_rel\00b2b4b6.PDT	1728	0x3af3000	24576	0x100	ok	raw	5350af08
MLG\disc0_rel\00b2b4b6.PDT	1729	0x3af9000	22528	0x100	ok	raw	5350b008
MLG\disc0_rel\00b2b4b6.PDT	1730	0x3afe800	30720	0x100	ok	raw	5350b108
MLG\disc0_rel\00b2b4b6.PDT	1731	0x3b06000	20480	0x100	ok	raw	5350b208
MLG\disc0_rel\00b2b4b6.PDT	1732	0x3b0b000	24576	0x100	ok	raw	5350b308
MLG\disc0_rel\00b2b4b6.PDT	1733	0x3b11000	24576	0x100	ok	raw	5350b408
MLG\disc0_rel\00b2b4b6.PDT	1734	0x3b17000	32768	0x100	ok	raw	5350b508
MLG\disc0_rel\00b2b4b6.PDT	1735	0x3b1f000	36864	0x100	ok	raw	5350b608
MLG\disc0_rel\00b2b4b6.PDT	1736	0x3b28000	36864	0x100	ok	raw	5350b708
MLG\disc0_rel\00b2b4b6.PDT	1737	0x3b31000	45056	0x100	ok	raw	5350b808
MLG\disc0_rel\00b2b4b6.PDT	1738	0x3b3c000	28672	0x100	ok	raw	5350b908
MLG\disc0_rel\00b2b4b6.PDT	1739	0x3b43000	30720	0x100	ok	raw	5350ba08
MLG\disc0_rel\00b2b4b6.PDT	1740	0x3b4a800	55296	0x100	ok	raw	5350bb08
MLG\disc0_rel\00b2b4b6.PDT	1741	0x3b58000	47104	0x100	ok	raw	5350bc08
MLG\disc0_rel\00b2b4b6.PDT	1742	0x3b63800	20480	0x100	ok	raw	5350bd08
MLG\disc0_rel\00b2b4b6.PDT	1743	0x3b68800	26624	0x100	ok	raw	5350be08
MLG\disc0_rel\00b2b4b6.PDT	1744	0x3b6f000	26624	0x100	ok	raw	5350bf08
MLG\disc0_rel\00b2b4b6.PDT	1745	0x3b75800	32768	0x100	ok	raw	5350c008
MLG\disc0_rel\00b2b4b6.PDT	1746	0x3b7d800	47104	0x100	ok	raw	5350c108
MLG\disc0_rel\00b2b4b6.PDT	1747	0x3b89000	28672	0x100	ok	raw	5350c208
MLG\disc0_rel\00b2b4b6.PDT	1748	0x3b90000	61440	0x100	ok	raw	5350c308
MLG\disc0_rel\00b2b4b6.PDT	1749	0x3b9f000	45056	0x100	ok	raw	5350c508
MLG\disc0_rel\00b2b4b6.PDT	1750	0x3baa000	45056	0x100	ok	raw	5350c608
MLG\disc0_rel\00b2b4b6.PDT	1751	0x3bb5000	47104	0x100	ok	raw	5350c708
MLG\disc0_rel\00b2b4b6.PDT	1752	0x3bc0800	40960	0x100	ok	raw	5350c808
MLG\disc0_rel\00b2b4b6.PDT	1753	0x3bca800	43008	0x100	ok	raw	5350c908
MLG\disc0_rel\00b2b4b6.PDT	1754	0x3bd5000	34816	0x100	ok	raw	5350ca08
MLG\disc0_rel\00b2b4b6.PDT	1755	0x3bdd800	30720	0x100	ok	raw	5350cb08
MLG\disc0_rel\00b2b4b6.PDT	1756	0x3be5000	38912	0x100	ok	raw	5350cc08
MLG\disc0_rel\00b2b4b6.PDT	1757	0x3bee800	86016	0x100	ok	raw	5350cd08
MLG\disc0_rel\00b2b4b6.PDT	1758	0x3c03800	53248	0x100	ok	raw	5350ce08
MLG\disc0_rel\00b2b4b6.PDT	1759	0x3c10800	69632	0x100	ok	raw	5350cf08
MLG\disc0_rel\00b2b4b6.PDT	1760	0x3c21800	86016	0x100	ok	raw	53508509
MLG\disc0_rel\00b2b4b6.PDT	1761	0x3c36800	92160	0x100	ok	raw	5350d008
MLG\disc0_rel\00b2b4b6.PDT	1762	0x3c4d000	79872	0x100	ok	raw	5350d108
MLG\disc0_rel\00b2b4b6.PDT	1763	0x3c60800	36864	0x100	ok	raw	5350d508
MLG\disc0_rel\00b2b4b6.PDT	1764	0x3c69800	22528	0x100	ok	raw	5350d608
MLG\disc0_rel\00b2b4b6.PDT	1765	0x3c6f000	83968	0x100	ok	raw	5350d708
MLG\disc0_rel\00b2b4b6.PDT	1766	0x3c83800	47104	0x100	ok	raw	5350d808
MLG\disc0_rel\00b2b4b6.PDT	1767	0x3c8f000	30720	0x100	ok	raw	5350d908
MLG\disc0_rel\00b2b4b6.PDT	1768	0x3c96800	24576	0x100	ok	raw	5350da08
MLG\disc0_rel\00b2b4b6.PDT	1769	0x3c9c800	28672	0x100	ok	raw	5350db08
MLG\disc0_rel\00b2b4b6.PDT	1770	0x3ca3800	38912	0x100	ok	raw	5350dc08
MLG\disc0_rel\00b2b4b6.PDT	1771	0x3cad000	40960	0x100	ok	raw	5350dd08
MLG\disc0_rel\00b2b4b6.PDT	1772	0x3cb7000	47104	0x100	ok	raw	5350de08
MLG\disc0_rel\00b2b4b6.PDT	1773	0x3cc2800	24576	0x100	ok	raw	5350df08
MLG\disc0_rel\00b2b4b6.PDT	1774	0x3cc8800	18432	0x100	ok	raw	5350e008
MLG\disc0_rel\00b2b4b6.PDT	1775	0x3ccd000	65536	0x100	ok	raw	5350e108
MLG\disc0_rel\00b2b4b6.PDT	1776	0x3cdd000	38912	0x100	ok	raw	5350e208
MLG\disc0_rel\00b2b4b6.PDT	1777	0x3ce6800	38912	0x100	ok	raw	5350e308
MLG\disc0_rel\00b2b4b6.PDT	1778	0x3cf0000	18432	0x100	ok	raw	5350e408
MLG\disc0_rel\00b2b4b6.PDT	1779	0x3cf4800	24576	0x100	ok	raw	5350e508
MLG\disc0_rel\00b2b4b6.PDT	1780	0x3cfa800	30720	0x100	ok	raw	5350e608
MLG\disc0_rel\00b2b4b6.PDT	1781	0x3d02000	16384	0x100	ok	raw	5350e708
MLG\disc0_rel\00b2b4b6.PDT	1782	0x3d06000	24576	0x100	ok	raw	5350e808
MLG\disc0_rel\00b2b4b6.PDT	1783	0x3d0c000	47104	0x100	ok	raw	5350e908
MLG\disc0_rel\00b2b4b6.PDT	1784	0x3d17800	34816	0x100	ok	raw	5350ea08
MLG\disc0_rel\00b2b4b6.PDT	1785	0x3d20000	22528	0x100	ok	raw	5350eb08
MLG\disc0_rel\00b2b4b6.PDT	1786	0x3d25800	24576	0x100	ok	raw	5350ec08
MLG\disc0_rel\00b2b4b6.PDT	1787	0x3d2b800	43008	0x100	ok	raw	5350ed08
MLG\disc0_rel\00b2b4b6.PDT	1788	0x3d36000	36864	0x100	ok	raw	5350ee08
MLG\disc0_rel\00b2b4b6.PDT	1789	0x3d3f000	6144	0x100	ok	raw	5350ef08
MLG\disc0_rel\00b2b4b6.PDT	1790	0x3d40800	6144	0x100	ok	raw	5350f008
MLG\disc0_rel\00b2b4b6.PDT	1791	0x3d42000	32768	0x100	ok	raw	5350f108
MLG\disc0_rel\00b2b4b6.PDT	1792	0x3d4a000	38912	0x100	ok	raw	5350f208
MLG\disc0_rel\00b2b4b6.PDT	1793	0x3d53800	38912	0x100	ok	raw	5350f308
MLG\disc0_rel\00b2b4b6.PDT	1794	0x3d5d000	45056	0x100	ok	raw	5350f408
MLG\disc0_rel\00b2b4b6.PDT	1795	0x3d68000	28672	0x100	ok	raw	5350f508
MLG\disc0_rel\00b2b4b6.PDT	1796	0x3d6f000	38912	0x100	ok	raw	5350f608
MLG\disc0_rel\00b2b4b6.PDT	1797	0x3d78800	47104	0x100	ok	raw	5350f708
MLG\disc0_rel\00b2b4b6.PDT	1798	0x3d84000	34816	0x100	ok	raw	5350fa08
MLG\disc0_rel\00b2b4b6.PDT	1799	0x3d8c800	26624	0x100	ok	raw	5350fb08
MLG\disc0_rel\00b2b4b6.PDT	1800	0x3d93000	32768	0x100	ok	raw	5350fc08
MLG\disc0_rel\00b2b4b6.PDT	1801	0x3d9b000	43008	0x100	ok	raw	5350fd08
MLG\disc0_rel\00b2b4b6.PDT	1802	0x3da5800	26624	0x100	ok	raw	5350fe08
MLG\disc0_rel\00b2b4b6.PDT	1803	0x3dac000	18432	0x100	ok	raw	5350ff08
MLG\disc0_rel\00b2b4b6.PDT	1804	0x3db0800	28672	0x100	ok	raw	53500009
MLG\disc0_rel\00b2b4b6.PDT	1805	0x3db7800	65536	0x100	ok	raw	53500109
MLG\disc0_rel\00b2b4b6.PDT	1806	0x3dc7800	32768	0x100	ok	raw	53500209
MLG\disc0_rel\00b2b4b6.PDT	1807	0x3dcf800	49152	0x100	ok	raw	53500309
MLG\disc0_rel\00b2b4b6.PDT	1808	0x3ddb800	40960	0x100	ok	raw	53500409
MLG\disc0_rel\00b2b4b6.PDT	1809	0x3de5800	28672	0x100	ok	raw	53500509
MLG\disc0_rel\00b2b4b6.PDT	1810	0x3dec800	40960	0x100	ok	raw	53500609
MLG\disc0_rel\00b2b4b6.PDT	1811	0x3df6800	14336	0x100	ok	raw	53500709
MLG\disc0_rel\00b2b4b6.PDT	1812	0x3dfa000	59392	0x100	ok	raw	53500809
MLG\disc0_rel\00b2b4b6.PDT	1813	0x3e08800	22528	0x100	ok	raw	53500909
MLG\disc0_rel\00b2b4b6.PDT	1814	0x3e0e000	51200	0x100	ok	raw	53500a09
MLG\disc0_rel\00b2b4b6.PDT	1815	0x3e1a800	47104	0x100	ok	raw	53500b09
MLG\disc0_rel\00b2b4b6.PDT	1816	0x3e26000	43008	0x100	ok	raw	53500c09
MLG\disc0_rel\00b2b4b6.PDT	1817	0x3e30800	40960	0x100	ok	raw	53500d09
MLG\disc0_rel\00b2b4b6.PDT	1818	0x3e3a800	24576	0x100	ok	raw	53500e09
MLG\disc0_rel\00b2b4b6.PDT	1819	0x3e40800	28672	0x100	ok	raw	53500f09
MLG\disc0_rel\00b2b4b6.PDT	1820	0x3e47800	26624	0x100	ok	raw	53501009
MLG\disc0_rel\00b2b4b6.PDT	1821	0x3e4e000	22528	0x100	ok	raw	53501109
MLG\disc0_rel\00b2b4b6.PDT	1822	0x3e53800	43008	0x100	ok	raw	53501209
MLG\disc0_rel\00b2b4b6.PDT	1823	0x3e5e000	40960	0x100	ok	raw	53501309
MLG\disc0_rel\00b2b4b6.PDT	1824	0x3e68000	63488	0x100	ok	raw	53501409
MLG\disc0_rel\00b2b4b6.PDT	1825	0x3e77800	53248	0x100	ok	raw	53501509
MLG\disc0_rel\00b2b4b6.PDT	1826	0x3e84800	14336	0x100	ok	raw	53501609
MLG\disc0_rel\00b2b4b6.PDT	1827	0x3e88000	57344	0x100	ok	raw	53501709
MLG\disc0_rel\00b2b4b6.PDT	1828	0x3e96000	38912	0x100	ok	raw	53501809
MLG\disc0_rel\00b2b4b6.PDT	1829	0x3e9f800	6144	0x100	ok	raw	53501909
MLG\disc0_rel\00b2b4b6.PDT	1830	0x3ea1000	38912	0x100	ok	raw	53501a09
MLG\disc0_rel\00b2b4b6.PDT	1831	0x3eaa800	51200	0x100	ok	raw	53501b09
MLG\disc0_rel\00b2b4b6.PDT	1832	0x3eb7000	43008	0x100	ok	raw	53501c09
MLG\disc0_rel\00b2b4b6.PDT	1833	0x3ec1800	51200	0x100	ok	raw	53501f09
MLG\disc0_rel\00b2b4b6.PDT	1834	0x3ece000	32768	0x100	ok	raw	53502409
MLG\disc0_rel\00b2b4b6.PDT	1835	0x3ed6000	24576	0x100	ok	raw	53502509
MLG\disc0_rel\00b2b4b6.PDT	1836	0x3edc000	36864	0x100	ok	raw	53502609
MLG\disc0_rel\00b2b4b6.PDT	1837	0x3ee5000	14336	0x100	ok	raw	53502709
MLG\disc0_rel\00b2b4b6.PDT	1838	0x3ee8800	34816	0x100	ok	raw	53502809
MLG\disc0_rel\00b2b4b6.PDT	1839	0x3ef1000	30720	0x100	ok	raw	53502909
MLG\disc0_rel\00b2b4b6.PDT	1840	0x3ef8800	30720	0x100	ok	raw	53502a09
MLG\disc0_rel\00b2b4b6.PDT	1841	0x3f00000	30720	0x100	ok	raw	53502b09
MLG\disc0_rel\00b2b4b6.PDT	1842	0x3f07800	28672	0x100	ok	raw	53502c09
MLG\disc0_rel\00b2b4b6.PDT	1843	0x3f0e800	20480	0x100	ok	raw	53502d09
MLG\disc0_rel\00b2b4b6.PDT	1844	0x3f13800	24576	0x100	ok	raw	53502e09
MLG\disc0_rel\00b2b4b6.PDT	1845	0x3f19800	24576	0x100	ok	raw	53502f09
MLG\disc0_rel\00b2b4b6.PDT	1846	0x3f1f800	18432	0x100	ok	raw	53503009
MLG\disc0_rel\00b2b4b6.PDT	1847	0x3f24000	32768	0x100	ok	raw	53503109
MLG\disc0_rel\00b2b4b6.PDT	1848	0x3f2c000	32768	0x100	ok	raw	53503209
MLG\disc0_rel\00b2b4b6.PDT	1849	0x3f34000	40960	0x100	ok	raw	53503309
MLG\disc0_rel\00b2b4b6.PDT	1850	0x3f3e000	51200	0x100	ok	raw	53503409
MLG\disc0_rel\00b2b4b6.PDT	1851	0x3f4a800	28672	0x100	ok	raw	53503509
MLG\disc0_rel\00b2b4b6.PDT	1852	0x3f51800	38912	0x100	ok	raw	53503609
MLG\disc0_rel\00b2b4b6.PDT	1853	0x3f5b000	45056	0x100	ok	raw	53503a09
MLG\disc0_rel\00b2b4b6.PDT	1854	0x3f66000	100352	0x100	ok	raw	53503b09
MLG\disc0_rel\00b2b4b6.PDT	1855	0x3f7e800	38912	0x100	ok	raw	53503c09
MLG\disc0_rel\00b2b4b6.PDT	1856	0x3f88000	28672	0x100	ok	raw	53503d09
MLG\disc0_rel\00b2b4b6.PDT	1857	0x3f8f000	43008	0x100	ok	raw	53503e09
MLG\disc0_rel\00b2b4b6.PDT	1858	0x3f99800	26624	0x100	ok	raw	53503f09
MLG\disc0_rel\00b2b4b6.PDT	1859	0x3fa0000	20480	0x100	ok	raw	53504009
MLG\disc0_rel\00b2b4b6.PDT	1860	0x3fa5000	30720	0x100	ok	raw	53504109
MLG\disc0_rel\00b2b4b6.PDT	1861	0x3fac800	32768	0x100	ok	raw	53504209
MLG\disc0_rel\00b2b4b6.PDT	1862	0x3fb4800	53248	0x100	ok	raw	53504309
MLG\disc0_rel\00b2b4b6.PDT	1863	0x3fc1800	47104	0x100	ok	raw	53504409
MLG\disc0_rel\00b2b4b6.PDT	1864	0x3fcd000	47104	0x100	ok	raw	53504509
MLG\disc0_rel\00b2b4b6.PDT	1865	0x3fd8800	34816	0x100	ok	raw	53504609
MLG\disc0_rel\00b2b4b6.PDT	1866	0x3fe1000	34816	0x100	ok	raw	53504709
MLG\disc0_rel\00b2b4b6.PDT	1867	0x3fe9800	28672	0x100	ok	raw	53504809
MLG\disc0_rel\00b2b4b6.PDT	1868	0x3ff0800	30720	0x100	ok	raw	53504909
MLG\disc0_rel\00b2b4b6.PDT	1869	0x3ff8000	16384	0x100	ok	raw	53504a09
MLG\disc0_rel\00b2b4b6.PDT	1870	0x3ffc000	32768	0x100	ok	raw	53504b09
MLG\disc0_rel\00b2b4b6.PDT	1871	0x4004000	47104	0x100	ok	raw	53504c09
MLG\disc0_rel\00b2b4b6.PDT	1872	0x400f800	20480	0x100	ok	raw	53504d09
MLG\disc0_rel\00b2b4b6.PDT	1873	0x4014800	55296	0x100	ok	raw	53504e09
MLG\disc0_rel\00b2b4b6.PDT	1874	0x4022000	22528	0x100	ok	raw	53504f09
MLG\disc0_rel\00b2b4b6.PDT	1875	0x4027800	6144	0x100	ok	raw	53505109
MLG\disc0_rel\00b2b4b6.PDT	1876	0x4029000	6144	0x100	ok	raw	53505209
MLG\disc0_rel\00b2b4b6.PDT	1877	0x402a800	6144	0x100	ok	raw	53505309
MLG\disc0_rel\00b2b4b6.PDT	1878	0x402c000	6144	0x100	ok	raw	53505409
MLG\disc0_rel\00b2b4b6.PDT	1879	0x402d800	6144	0x100	ok	raw	53505509
MLG\disc0_rel\00b2b4b6.PDT	1880	0x402f000	6144	0x100	ok	raw	53505609
MLG\disc0_rel\00b2b4b6.PDT	1881	0x4030800	61440	0x100	ok	raw	53505709
MLG\disc0_rel\00b2b4b6.PDT	1882	0x403f800	57344	0x100	ok	raw	53505809
MLG\disc0_rel\00b2b4b6.PDT	1883	0x404d800	53248	0x100	ok	raw	53505909
MLG\disc0_rel\00b2b4b6.PDT	1884	0x405a800	55296	0x100	ok	raw	53505a09
MLG\disc0_rel\00b2b4b6.PDT	1885	0x4068000	43008	0x100	ok	raw	53505b09
MLG\disc0_rel\00b2b4b6.PDT	1886	0x4072800	43008	0x100	ok	raw	53505c09
MLG\disc0_rel\00b2b4b6.PDT	1887	0x407d000	36864	0x100	ok	raw	53505d09
MLG\disc0_rel\00b2b4b6.PDT	1888	0x4086000	47104	0x100	ok	raw	53505e09
MLG\disc0_rel\00b2b4b6.PDT	1889	0x4091800	53248	0x100	ok	raw	53505f09
MLG\disc0_rel\00b2b4b6.PDT	1890	0x409e800	30720	0x100	ok	raw	53506009
MLG\disc0_rel\00b2b4b6.PDT	1891	0x40a6000	34816	0x100	ok	raw	53508609
MLG\disc0_rel\00b2b4b6.PDT	1892	0x40ae800	4096	0x100	ok	raw	53506109
MLG\disc0_rel\00b2b4b6.PDT	1893	0x40af800	38912	0x100	ok	raw	53506309
MLG\disc0_rel\00b2b4b6.PDT	1894	0x40b9000	45056	0x100	ok	raw	53506409
MLG\disc0_rel\00b2b4b6.PDT	1895	0x40c4000	49152	0x100	ok	raw	53508709
MLG\disc0_rel\00b2b4b6.PDT	1896	0x40d0000	38912	0x100	ok	raw	53506509
MLG\disc0_rel\00b2b4b6.PDT	1897	0x40d9800	40960	0x100	ok	raw	53508809
MLG\disc0_rel\00b2b4b6.PDT	1898	0x40e3800	47104	0x100	ok	raw	53506609
MLG\disc0_rel\00b2b4b6.PDT	1899	0x40ef000	32768	0x100	ok	raw	53506709
MLG\disc0_rel\00b2b4b6.PDT	1900	0x40f7000	34816	0x100	ok	raw	53506809
MLG\disc0_rel\00b2b4b6.PDT	1901	0x40ff800	40960	0x100	ok	raw	53508909
MLG\disc0_rel\00b2b4b6.PDT	1902	0x4109800	26624	0x100	ok	raw	53506909
MLG\disc0_rel\00b2b4b6.PDT	1903	0x4110000	6144	0x100	ok	raw	53506a09
MLG\disc0_rel\00b2b4b6.PDT	1904	0x4111800	38912	0x100	ok	raw	53506b09
MLG\disc0_rel\00b2b4b6.PDT	1905	0x411b000	26624	0x100	ok	raw	53506c09
MLG\disc0_rel\00b2b4b6.PDT	1906	0x4121800	34816	0x100	ok	raw	53506d09
MLG\disc0_rel\00b2b4b6.PDT	1907	0x412a000	28672	0x100	ok	raw	53508a09
MLG\disc0_rel\00b2b4b6.PDT	1908	0x4131000	22528	0x100	ok	raw	53508b09
MLG\disc0_rel\00b2b4b6.PDT	1909	0x4136800	34816	0x100	ok	raw	53508c09
MLG\disc0_rel\00b2b4b6.PDT	1910	0x413f000	28672	0x100	ok	raw	53508d09
MLG\disc0_rel\00b2b4b6.PDT	1911	0x4146000	36864	0x100	ok	raw	53508e09
MLG\disc0_rel\00b2b4b6.PDT	1912	0x414f000	36864	0x100	ok	raw	53508f09
MLG\disc0_rel\00b2b4b6.PDT	1913	0x4158000	32768	0x100	ok	raw	53509009
MLG\disc0_rel\00b2b4b6.PDT	1914	0x4160000	22528	0x100	ok	raw	53509109
MLG\disc0_rel\00b2b4b6.PDT	1915	0x4165800	22528	0x100	ok	raw	53509209
MLG\disc0_rel\00b2b4b6.PDT	1916	0x416b000	45056	0x100	ok	raw	53509309
MLG\disc0_rel\00b2b4b6.PDT	1917	0x4176000	36864	0x100	ok	raw	53509409
MLG\disc0_rel\00b2b4b6.PDT	1918	0x417f000	63488	0x100	ok	raw	53509509
MLG\disc0_rel\00b2b4b6.PDT	1919	0x418e800	51200	0x100	ok	raw	53509609
MLG\disc0_rel\00b2b4b6.PDT	1920	0x419b000	36864	0x100	ok	raw	53509709
MLG\disc0_rel\00b2b4b6.PDT	1921	0x41a4000	40960	0x100	ok	raw	53509809
MLG\disc0_rel\00b2b4b6.PDT	1922	0x41ae000	81920	0x100	ok	raw	53509909
MLG\disc0_rel\00b2b4b6.PDT	1923	0x41c2000	38912	0x100	ok	raw	53509a09
MLG\disc0_rel\00b2b4b6.PDT	1924	0x41cb800	36864	0x100	ok	raw	53509b09
MLG\disc0_rel\00b2b4b6.PDT	1925	0x41d4800	18432	0x100	ok	raw	53509c09
MLG\disc0_rel\00b2b4b6.PDT	1926	0x41d9000	26624	0x100	ok	raw	53509d09
MLG\disc0_rel\00b2b4b6.PDT	1927	0x41df800	40960	0x100	ok	raw	53509e09
MLG\disc0_rel\00b2b4b6.PDT	1928	0x41e9800	22528	0x100	ok	raw	53509f09
MLG\disc0_rel\00b2b4b6.PDT	1929	0x41ef000	18432	0x100	ok	raw	5350a009
MLG\disc0_rel\00b2b4b6.PDT	1930	0x41f3800	30720	0x100	ok	raw	5350a109
MLG\disc0_rel\00b2b4b6.PDT	1931	0x41fb000	36864	0x100	ok	raw	5350a209
MLG\disc0_rel\00b2b4b6.PDT	1932	0x4204000	47104	0x100	ok	raw	5350a309
MLG\disc0_rel\00b2b4b6.PDT	1933	0x420f800	43008	0x100	ok	raw	5350a409
MLG\disc0_rel\00b2b4b6.PDT	1934	0x421a000	32768	0x100	ok	raw	5350a509
MLG\disc0_rel\00b2b4b6.PDT	1935	0x4222000	30720	0x100	ok	raw	5350a609
MLG\disc0_rel\00b2b4b6.PDT	1936	0x4229800	26624	0x100	ok	raw	5350a709
MLG\disc0_rel\00b2b4b6.PDT	1937	0x4230000	36864	0x100	ok	raw	5350a809
MLG\disc0_rel\00b2b4b6.PDT	1938	0x4239000	34816	0x100	ok	raw	5350a909
MLG\disc0_rel\00b2b4b6.PDT	1939	0x4241800	28672	0x100	ok	raw	5350aa09
MLG\disc0_rel\00b2b4b6.PDT	1940	0x4248800	36864	0x100	ok	raw	5350ab09
MLG\disc0_rel\00b2b4b6.PDT	1941	0x4251800	81920	0x100	ok	raw	5350ac09
MLG\disc0_rel\00b2b4b6.PDT	1942	0x4265800	20480	0x100	ok	raw	5350ad09
MLG\disc0_rel\00b2b4b6.PDT	1943	0x426a800	34816	0x100	ok	raw	5350ae09
MLG\disc0_rel\00b2b4b6.PDT	1944	0x4273000	40960	0x100	ok	raw	5350af09
MLG\disc0_rel\00b2b4b6.PDT	1945	0x427d000	26624	0x100	ok	raw	5350b009
MLG\disc0_rel\00b2b4b6.PDT	1946	0x4283800	38912	0x100	ok	raw	5350b109
MLG\disc0_rel\00b2b4b6.PDT	1947	0x428d000	22528	0x100	ok	raw	5350b209
MLG\disc0_rel\00b2b4b6.PDT	1948	0x4292800	40960	0x100	ok	raw	5350b309
MLG\disc0_rel\00b2b4b6.PDT	1949	0x429c800	24576	0x100	ok	raw	5350b409
MLG\disc0_rel\00b2b4b6.PDT	1950	0x42a2800	36864	0x100	ok	raw	5350b509
MLG\disc0_rel\00b2b4b6.PDT	1951	0x42ab800	43008	0x100	ok	raw	5350b609
MLG\disc0_rel\00b2b4b6.PDT	1952	0x42b6000	40960	0x100	ok	raw	5350b709
MLG\disc0_rel\00b2b4b6.PDT	1953	0x42c0000	34816	0x100	ok	raw	5350b809
MLG\disc0_rel\00b2b4b6.PDT	1954	0x42c8800	20480	0x100	ok	raw	5350b909
MLG\disc0_rel\00b2b4b6.PDT	1955	0x42cd800	26624	0x100	ok	raw	5350ba09
MLG\disc0_rel\00b2b4b6.PDT	1956	0x42d4000	30720	0x100	ok	raw	5350bb09
MLG\disc0_rel\00b2b4b6.PDT	1957	0x42db800	61440	0x100	ok	raw	5350bc09
MLG\disc0_rel\00b2b4b6.PDT	1958	0x42ea800	55296	0x100	ok	raw	5350bd09
MLG\disc0_rel\00b2b4b6.PDT	1959	0x42f8000	57344	0x100	ok	raw	5350be09
MLG\disc0_rel\00b2b4b6.PDT	1960	0x4306000	34816	0x100	ok	raw	5350bf09
MLG\disc0_rel\00b2b4b6.PDT	1961	0x430e800	38912	0x100	ok	raw	5350c009
MLG\disc0_rel\00b2b4b6.PDT	1962	0x4318000	36864	0x100	ok	raw	5350c109
MLG\disc0_rel\00b2b4b6.PDT	1963	0x4321000	55296	0x100	ok	raw	5350c209
MLG\disc0_rel\00b2b4b6.PDT	1964	0x432e800	67584	0x100	ok	raw	5350c409
MLG\disc0_rel\00b2b4b6.PDT	1965	0x433f000	43008	0x100	ok	raw	5350c509
MLG\disc0_rel\00b2b4b6.PDT	1966	0x4349800	79872	0x100	ok	raw	5350c809
MLG\disc0_rel\00b2b4b6.PDT	1967	0x435d000	26624	0x100	ok	raw	5350c909
MLG\disc0_rel\00b2b4b6.PDT	1968	0x4363800	24576	0x100	ok	raw	5350ca09
MLG\disc0_rel\00b2b4b6.PDT	1969	0x4369800	49152	0x100	ok	raw	5350cb09
MLG\disc0_rel\00b2b4b6.PDT	1970	0x4375800	49152	0x100	ok	raw	5350cc09
MLG\disc0_rel\00b2b4b6.PDT	1971	0x4381800	28672	0x100	ok	raw	5350cd09
MLG\disc0_rel\00b2b4b6.PDT	1972	0x4388800	32768	0x100	ok	raw	5350ce09
MLG\disc0_rel\00b2b4b6.PDT	1973	0x4390800	36864	0x100	ok	raw	5350cf09
MLG\disc0_rel\00b2b4b6.PDT	1974	0x4399800	53248	0x100	ok	raw	5350d009
MLG\disc0_rel\00b2b4b6.PDT	1975	0x43a6800	63488	0x100	ok	raw	5350d109
MLG\disc0_rel\00b2b4b6.PDT	1976	0x43b6000	73728	0x100	ok	raw	5350d209
MLG\disc0_rel\00b2b4b6.PDT	1977	0x43c8000	88064	0x100	ok	raw	5350d309
MLG\disc0_rel\00b2b4b6.PDT	1978	0x43dd800	45056	0x100	ok	raw	5350d409
MLG\disc0_rel\00b2b4b6.PDT	1979	0x43e8800	59392	0x100	ok	raw	5350d509
MLG\disc0_rel\00b2b4b6.PDT	1980	0x43f7000	34816	0x100	ok	raw	5350d609
MLG\disc0_rel\00b2b4b6.PDT	1981	0x43ff800	104448	0x100	ok	raw	5350d709
MLG\disc0_rel\00b2b4b6.PDT	1982	0x4419000	49152	0x100	ok	raw	5350d809
MLG\disc0_rel\00b2b4b6.PDT	1983	0x4425000	55296	0x100	ok	raw	5350d909
MLG\disc0_rel\00b2b4b6.PDT	1984	0x4432800	51200	0x100	ok	raw	5350dc09
MLG\disc0_rel\00b2b4b6.PDT	1985	0x443f000	51200	0x100	ok	raw	5350dd09
MLG\disc0_rel\00b2b4b6.PDT	1986	0x444b800	57344	0x100	ok	raw	5350de09
MLG\disc0_rel\00b2b4b6.PDT	1987	0x4459800	6144	0x100	ok	raw	5350df09
MLG\disc0_rel\00b2b4b6.PDT	1988	0x445b000	57344	0x100	ok	raw	5350e009
MLG\disc0_rel\00b2b4b6.PDT	1989	0x4469000	53248	0x100	ok	raw	5350e109
MLG\disc0_rel\00b2b4b6.PDT	1990	0x4476000	30720	0x100	ok	raw	5350e209
MLG\disc0_rel\00b2b4b6.PDT	1991	0x447d800	61440	0x100	ok	raw	5350e609
MLG\disc0_rel\00b2b4b6.PDT	1992	0x448c800	55296	0x100	ok	raw	5350e709
MLG\disc0_rel\00b2b4b6.PDT	1993	0x449a000	65536	0x100	ok	raw	5350e809
MLG\disc0_rel\00b2b4b6.PDT	1994	0x44aa000	22528	0x100	ok	raw	5350e909
MLG\disc0_rel\00b2b4b6.PDT	1995	0x44af800	22528	0x100	ok	raw	5350ea09
MLG\disc0_rel\00b2b4b6.PDT	1996	0x44b5000	26624	0x100	ok	raw	5350eb09
MLG\disc0_rel\00b2b4b6.PDT	1997	0x44bb800	26624	0x100	ok	raw	5350ec09
MLG\disc0_rel\00b2b4b6.PDT	1998	0x44c2000	47104	0x100	ok	raw	5350ed09
MLG\disc0_rel\00b2b4b6.PDT	1999	0x44cd800	49152	0x100	ok	raw	5350ee09
MLG\disc0_rel\00b2b4b6.PDT	2000	0x44d9800	49152	0x100	ok	raw	5350ef09
MLG\disc0_rel\00b2b4b6.PDT	2001	0x44e5800	38912	0x100	ok	raw	5350f009
MLG\disc0_rel\00b2b4b6.PDT	2002	0x44ef000	47104	0x100	ok	raw	5350f109
MLG\disc0_rel\00b2b4b6.PDT	2003	0x44fa800	43008	0x100	ok	raw	5350f209
MLG\disc0_rel\00b2b4b6.PDT	2004	0x4505000	40960	0x100	ok	raw	5350f309
MLG\disc0_rel\00b2b4b6.PDT	2005	0x450f000	61440	0x100	ok	raw	5350f409
MLG\disc0_rel\00b2b4b6.PDT	2006	0x451e000	4096	0x100	ok	raw	5350f509
MLG\disc0_rel\00b2b4b6.PDT	2007	0x451f000	4096	0x100	ok	raw	5350f609
MLG\disc0_rel\00b2b4b6.PDT	2008	0x4520000	4096	0x100	ok	raw	5350f709
MLG\disc0_rel\00b2b4b6.PDT	2009	0x4521000	4096	0x100	ok	raw	5350f809
MLG\disc0_rel\00b2b4b6.PDT	2010	0x4522000	4096	0x100	ok	raw	5350f909
MLG\disc0_rel\00b2b4b6.PDT	2011	0x4523000	4096	0x100	ok	raw	5350fa09
MLG\disc0_rel\00b2b4b6.PDT	2012	0x4524000	4096	0x100	ok	raw	5350fb09
MLG\disc0_rel\00b2b4b6.PDT	2013	0x4525000	69632	0x100	ok	raw	5350fc09
MLG\disc0_rel\00b2b4b6.PDT	2014	0x4536000	36864	0x100	ok	raw	5350fd09
MLG\disc0_rel\00b2b4b6.PDT	2015	0x453f000	36864	0x100	ok	raw	5350fe09
MLG\disc0_rel\00b2b4b6.PDT	2016	0x4548000	32768	0x100	ok	raw	5350ff09
MLG\disc0_rel\00b2b4b6.PDT	2017	0x4550000	32768	0x100	ok	raw	5350000a
MLG\disc0_rel\00b2b4b6.PDT	2018	0x4558000	32768	0x100	ok	raw	5350010a
MLG\disc0_rel\00b2b4b6.PDT	2019	0x4560000	40960	0x100	ok	raw	5350020a
MLG\disc0_rel\00b2b4b6.PDT	2020	0x456a000	28672	0x100	ok	raw	5350030a
MLG\disc0_rel\00b2b4b6.PDT	2021	0x4571000	38912	0x100	ok	raw	5350040a
MLG\disc0_rel\00b2b4b6.PDT	2022	0x457a800	34816	0x100	ok	raw	5350050a
MLG\disc0_rel\00b2b4b6.PDT	2023	0x4583000	71680	0x100	ok	raw	5350060a
MLG\disc0_rel\00b2b4b6.PDT	2024	0x4594800	30720	0x100	ok	raw	5350070a
MLG\disc0_rel\00b2b4b6.PDT	2025	0x459c000	34816	0x100	ok	raw	5350080a
MLG\disc0_rel\00b2b4b6.PDT	2026	0x45a4800	24576	0x100	ok	raw	5350090a
MLG\disc0_rel\00b2b4b6.PDT	2027	0x45aa800	34816	0x100	ok	raw	53500a0a
MLG\disc0_rel\00b2b4b6.PDT	2028	0x45b3000	40960	0x100	ok	raw	53500b0a
MLG\disc0_rel\00b2b4b6.PDT	2029	0x45bd000	34816	0x100	ok	raw	53500c0a
MLG\disc0_rel\00b2b4b6.PDT	2030	0x45c5800	26624	0x100	ok	raw	53500d0a
MLG\disc0_rel\00b2b4b6.PDT	2031	0x45cc000	30720	0x100	ok	raw	53500e0a
MLG\disc0_rel\00b2b4b6.PDT	2032	0x45d3800	30720	0x100	ok	raw	53500f0a
MLG\disc0_rel\00b2b4b6.PDT	2033	0x45db000	30720	0x100	ok	raw	5350100a
MLG\disc0_rel\00b2b4b6.PDT	2034	0x45e2800	53248	0x100	ok	raw	5350110a
MLG\disc0_rel\00b2b4b6.PDT	2035	0x45ef800	36864	0x100	ok	raw	5350120a
MLG\disc0_rel\00b2b4b6.PDT	2036	0x45f8800	32768	0x100	ok	raw	5350130a
MLG\disc0_rel\00b2b4b6.PDT	2037	0x4600800	20480	0x100	ok	raw	5350140a
MLG\disc0_rel\00b2b4b6.PDT	2038	0x4605800	36864	0x100	ok	raw	5350150a
MLG\disc0_rel\00b2b4b6.PDT	2039	0x460e800	30720	0x100	ok	raw	5350160a
MLG\disc0_rel\00b2b4b6.PDT	2040	0x4616000	36864	0x100	ok	raw	5350170a
MLG\disc0_rel\00b2b4b6.PDT	2041	0x461f000	53248	0x100	ok	raw	5350180a
MLG\disc0_rel\00b2b4b6.PDT	2042	0x462c000	22528	0x100	ok	raw	5350190a
MLG\disc0_rel\00b2b4b6.PDT	2043	0x4631800	30720	0x100	ok	raw	53501a0a
MLG\disc0_rel\00b2b4b6.PDT	2044	0x4639000	71680	0x100	ok	raw	53501b0a
MLG\disc0_rel\00b2b4b6.PDT	2045	0x464a800	20480	0x100	ok	raw	53501c0a
MLG\disc0_rel\00b2b4b6.PDT	2046	0x464f800	40960	0x100	ok	raw	53501d0a
MLG\disc0_rel\00b2b4b6.PDT	2047	0x4659800	47104	0x100	ok	raw	53501e0a
MLG\disc0_rel\00b2b4b6.PDT	2048	0x4665000	43008	0x100	ok	raw	53501f0a
MLG\disc0_rel\00b2b4b6.PDT	2049	0x466f800	59392	0x100	ok	raw	5350200a
MLG\disc0_rel\00b2b4b6.PDT	2050	0x467e000	28672	0x100	ok	raw	5350210a
MLG\disc0_rel\00b2b4b6.PDT	2051	0x4685000	40960	0x100	ok	raw	5350220a
MLG\disc0_rel\00b2b4b6.PDT	2052	0x468f000	67584	0x100	ok	raw	5350230a
MLG\disc0_rel\00b2b4b6.PDT	2053	0x469f800	32768	0x100	ok	raw	5350240a
MLG\disc0_rel\00b2b4b6.PDT	2054	0x46a7800	49152	0x100	ok	raw	5350250a
MLG\disc0_rel\00b2b4b6.PDT	2055	0x46b3800	47104	0x100	ok	raw	5350260a
MLG\disc0_rel\00b2b4b6.PDT	2056	0x46bf000	20480	0x100	ok	raw	53506e09
MLG\disc0_rel\00b2b4b6.PDT	2057	0x46c4000	32768	0x100	ok	raw	53506f09
MLG\disc0_rel\00b2b4b6.PDT	2058	0x46cc000	22528	0x100	ok	raw	53507009
MLG\disc0_rel\00b2b4b6.PDT	2059	0x46d1800	26624	0x100	ok	raw	53507109
MLG\disc0_rel\00b2b4b6.PDT	2060	0x46d8000	38912	0x100	ok	raw	53507209
MLG\disc0_rel\00b2b4b6.PDT	2061	0x46e1800	34816	0x100	ok	raw	53507309
MLG\disc0_rel\00b2b4b6.PDT	2062	0x46ea000	20480	0x100	ok	raw	53507609
MLG\disc0_rel\00b2b4b6.PDT	2063	0x46ef000	30720	0x100	ok	raw	53507709
MLG\disc0_rel\00b2b4b6.PDT	2064	0x46f6800	16384	0x100	ok	raw	53507809
MLG\disc0_rel\00b2b4b6.PDT	2065	0x46fa800	34816	0x100	ok	raw	53507a09
MLG\disc0_rel\00b2b4b6.PDT	2066	0x4703000	28672	0x100	ok	raw	53507b09
MLG\disc0_rel\00b2b4b6.PDT	2067	0x470a000	4096	0x100	ok	raw	53507c09
MLG\disc0_rel\00b2b4b6.PDT	2068	0x470b000	4096	0x100	ok	raw	53507d09
MLG\disc0_rel\00b2b4b6.PDT	2069	0x470c000	4096	0x100	ok	raw	53507e09
MLG\disc0_rel\00b2b4b6.PDT	2070	0x470d000	4096	0x100	ok	raw	53507f09
MLG\disc0_rel\00b2b4b6.PDT	2071	0x470e000	4096	0x100	ok	raw	53508009
MLG\disc0_rel\00b2b4b6.PDT	2072	0x470f000	4096	0x100	ok	raw	5350e309
MLG\disc0_rel\00b2b4b6.PDT	2073	0x4710000	4096	0x100	ok	raw	5350e409
MLG\disc0_rel\00b2b4b6.PDT	2074	0x4711000	4096	0x100	ok	raw	5350e509
MLG\disc0_rel\00b2b4b6.PDT	2075	0x4712000	26624	0x100	ok	raw	5350270a
MLG\disc0_rel\00b2b4b6.PDT	2076	0x4718800	22528	0x100	ok	raw	5350280a
MLG\disc0_rel\00b2b4b6.PDT	2077	0x471e000	36864	0x100	ok	raw	5350290a
MLG\disc0_rel\00b2b4b6.PDT	2078	0x4727000	59392	0x100	ok	raw	53502a0a
MLG\disc0_rel\00b2b4b6.PDT	2079	0x4735800	38912	0x100	ok	raw	53502b0a
MLG\disc0_rel\00b2b4b6.PDT	2080	0x473f000	43008	0x100	ok	raw	53502c0a
MLG\disc0_rel\00b2b4b6.PDT	2081	0x4749800	30720	0x100	ok	raw	53502d0a
MLG\disc0_rel\00b2b4b6.PDT	2082	0x4751000	32768	0x100	ok	raw	53502e0a
MLG\disc0_rel\00b2b4b6.PDT	2083	0x4759000	24576	0x100	ok	raw	53502f0a
MLG\disc0_rel\00b2b4b6.PDT	2084	0x475f000	16384	0x100	ok	raw	5350300a
MLG\disc0_rel\00b2b4b6.PDT	2085	0x4763000	34816	0x100	ok	raw	5350310a
MLG\disc0_rel\00b2b4b6.PDT	2086	0x476b800	32768	0x100	ok	raw	5350320a
MLG\disc0_rel\00b2b4b6.PDT	2087	0x4773800	34816	0x100	ok	raw	5350330a
MLG\disc0_rel\00b2b4b6.PDT	2088	0x477c000	45056	0x100	ok	raw	5350340a
MLG\disc0_rel\00b2b4b6.PDT	2089	0x4787000	59392	0x100	ok	raw	5350350a
MLG\disc0_rel\00b2b4b6.PDT	2090	0x4795800	12288	0x100	ok	raw	5350370a
MLG\disc0_rel\00b2b4b6.PDT	2091	0x4798800	10240	0x100	ok	raw	5350380a
MLG\disc0_rel\00b2b4b6.PDT	2092	0x479b000	12288	0x100	ok	raw	5350390a
MLG\disc0_rel\00b2b4b6.PDT	2093	0x479e000	53248	0x100	ok	raw	53503a0a
MLG\disc0_rel\00b2b4b6.PDT	2094	0x47ab000	32768	0x100	ok	raw	53503b0a
MLG\disc0_rel\00b2b4b6.PDT	2095	0x47b3000	16384	0x100	ok	raw	53503d0a
MLG\disc0_rel\00b2b4b6.PDT	2096	0x47b7000	20480	0x100	ok	raw	53503e0a
MLG\disc0_rel\00b2b4b6.PDT	2097	0x47bc000	30720	0x100	ok	raw	53503f0a
MLG\disc0_rel\00b2b4b6.PDT	2098	0x47c3800	26624	0x100	ok	raw	5350400a
MLG\disc0_rel\00b2b4b6.PDT	2099	0x47ca000	34816	0x100	ok	raw	5350410a
MLG\disc0_rel\00b2b4b6.PDT	2100	0x47d2800	36864	0x100	ok	raw	5350420a
MLG\disc0_rel\00b2b4b6.PDT	2101	0x47db800	34816	0x100	ok	raw	5350430a
MLG\disc0_rel\00b2b4b6.PDT	2102	0x47e4000	26624	0x100	ok	raw	5350440a
MLG\disc0_rel\00b2b4b6.PDT	2103	0x47ea800	49152	0x100	ok	raw	5350450a
MLG\disc0_rel\00b2b4b6.PDT	2104	0x47f6800	22528	0x100	ok	raw	5350460a
MLG\disc0_rel\00b2b4b6.PDT	2105	0x47fc000	12288	0x100	ok	raw	5350470a
MLG\disc0_rel\00b2b4b6.PDT	2106	0x47ff000	43008	0x100	ok	raw	5350480a
MLG\disc0_rel\00b2b4b6.PDT	2107	0x4809800	34816	0x100	ok	raw	5350490a
MLG\disc0_rel\00b2b4b6.PDT	2108	0x4812000	24576	0x100	ok	raw	53504a0a
MLG\disc0_rel\00b2b4b6.PDT	2109	0x4818000	14336	0x100	ok	raw	53504b0a
MLG\disc0_rel\00b2b4b6.PDT	2110	0x481b800	45056	0x100	ok	raw	53504c0a
MLG\disc0_rel\00b2b4b6.PDT	2111	0x4826800	40960	0x100	ok	raw	53504d0a
MLG\disc0_rel\00b2b4b6.PDT	2112	0x4830800	43008	0x100	ok	raw	53504e0a
MLG\disc0_rel\00b2b4b6.PDT	2113	0x483b000	32768	0x100	ok	raw	53504f0a
MLG\disc0_rel\00b2b4b6.PDT	2114	0x4843000	28672	0x100	ok	raw	5350500a
MLG\disc0_rel\00b2b4b6.PDT	2115	0x484a000	63488	0x100	ok	raw	5350510a
MLG\disc0_rel\00b2b4b6.PDT	2116	0x4859800	59392	0x100	ok	raw	5350520a
MLG\disc0_rel\00b2b4b6.PDT	2117	0x4868000	34816	0x100	ok	raw	5350530a
MLG\disc0_rel\00b2b4b6.PDT	2118	0x4870800	30720	0x100	ok	raw	5350540a
MLG\disc0_rel\00b2b4b6.PDT	2119	0x4878000	45056	0x100	ok	raw	5350550a
MLG\disc0_rel\00b2b4b6.PDT	2120	0x4883000	40960	0x100	ok	raw	5350560a
MLG\disc0_rel\00b2b4b6.PDT	2121	0x488d000	34816	0x100	ok	raw	5350570a
MLG\disc0_rel\00b2b4b6.PDT	2122	0x4895800	53248	0x100	ok	raw	5350580a
MLG\disc0_rel\00b2b4b6.PDT	2123	0x48a2800	32768	0x100	ok	raw	5350590a
MLG\disc0_rel\00b2b4b6.PDT	2124	0x48aa800	38912	0x100	ok	raw	53505a0a
MLG\disc0_rel\00b2b4b6.PDT	2125	0x48b4000	45056	0x100	ok	raw	53505b0a
MLG\disc0_rel\00b2b4b6.PDT	2126	0x48bf000	36864	0x100	ok	raw	53505c0a
MLG\disc0_rel\00b2b4b6.PDT	2127	0x48c8000	63488	0x100	ok	raw	53505d0a
MLG\disc0_rel\00b2b4b6.PDT	2128	0x48d7800	12288	0x100	ok	raw	53505e0a
MLG\disc0_rel\00b2b4b6.PDT	2129	0x48da800	12288	0x100	ok	raw	53505f0a
MLG\disc0_rel\00b2b4b6.PDT	2130	0x48dd800	12288	0x100	ok	raw	5350600a
MLG\disc0_rel\00b2b4b6.PDT	2131	0x48e0800	12288	0x100	ok	raw	5350610a
MLG\disc0_rel\00b2b4b6.PDT	2132	0x48e3800	22528	0x100	ok	raw	5350650a
MLG\disc0_rel\00b2b4b6.PDT	2133	0x48e9000	47104	0x100	ok	raw	53506b0a
MLG\disc0_rel\00b2b4b6.PDT	2134	0x48f4800	22528	0x100	ok	raw	53506c0a
MLG\disc0_rel\00b2b4b6.PDT	2135	0x48fa000	61440	0x100	ok	raw	53506f0a
MLG\disc0_rel\00b2b4b6.PDT	2136	0x4909000	6144	0x100	ok	raw	53501e09
MLG\disc0_rel\00b2b4b6.PDT	2137	0x490a800	65536	0x100	ok	raw	53502009
MLG\disc0_rel\00b2b4b6.PDT	2138	0x491a800	38912	0x100	ok	raw	53502109
MLG\disc0_rel\00b2b4b6.PDT	2139	0x4924000	20480	0x100	ok	raw	53502209
MLG\disc0_rel\00b2b4b6.PDT	2140	0x4929000	26624	0x100	ok	raw	53502309
MLG\disc0_rel\00b2b4b6.PDT	2141	0x492f800	6144	0x100	ok	raw	53507409
MLG\disc0_rel\00b2b4b6.PDT	2142	0x4931000	4096	0x100	ok	raw	53507909
MLG\disc0_rel\00b2b4b6.PDT	2143	0x4932000	14336	0x100	ok	raw	5350700a
MLG\disc0_rel\00b2b4b6.PDT	2144	0x4935800	4096	0x100	ok	raw	5350710a
MLG\disc0_rel\00b2b4b6.PDT	2145	0x4936800	43008	0x100	ok	raw	53507a0a
MLG\disc0_rel\00b2b4b6.PDT	2146	0x4941000	18432	0x100	ok	raw	53507b0a
MLG\disc0_rel\00b2b4b6.PDT	2147	0x4945800	26624	0x100	ok	raw	53507c0a
MLG\disc0_rel\00b2b4b6.PDT	2148	0x494c000	20480	0x100	ok	raw	53507d0a
MLG\disc0_rel\00b2b4b6.PDT	2149	0x4951000	59392	0x100	ok	raw	53507e0a
MLG\disc0_rel\00b2b4b6.PDT	2150	0x495f800	69632	0x100	ok	raw	53507f0a
MLG\disc0_rel\00b2b4b6.PDT	2151	0x4970800	36864	0x100	ok	raw	5350810a
MLG\disc0_rel\00b2b4b6.PDT	2152	0x4979800	30720	0x100	ok	raw	5350820a
MLG\disc0_rel\00b2b4b6.PDT	2153	0x4981000	53248	0x100	ok	raw	5350830a
MLG\disc0_rel\00b2b4b6.PDT	2154	0x498e000	57344	0x100	ok	raw	5350840a
MLG\disc0_rel\00b2b4b6.PDT	2155	0x499c000	36864	0x100	ok	raw	5350850a
MLG\disc0_rel\00b2b4b6.PDT	2156	0x49a5000	43008	0x100	ok	raw	5350860a
MLG\disc0_rel\00b2b4b6.PDT	2157	0x49af800	47104	0x100	ok	raw	5350870a
MLG\disc0_rel\00b2b4b6.PDT	2158	0x49bb000	59392	0x100	ok	raw	5350880a
MLG\disc0_rel\00b2b4b6.PDT	2159	0x49c9800	69632	0x100	ok	raw	53508d0a
MLG\disc0_rel\00b2b4b6.PDT	2160	0x49da800	71680	0x100	ok	raw	53508f0a
MLG\disc0_rel\00b2b4b6.PDT	2161	0x49ec000	4096	0x100	ok	raw	5350900a
MLG\disc0_rel\00b2b4b6.PDT	2162	0x49ed000	83968	0x100	ok	raw	5350910a
MLG\disc0_rel\00b2b4b6.PDT	2163	0x4a01800	32768	0x100	ok	raw	5350920a
MLG\disc0_rel\00b2b4b6.PDT	2164	0x4a09800	32768	0x100	ok	raw	5350930a
MLG\disc0_rel\00b2b4b6.PDT	2165	0x4a11800	30720	0x100	ok	raw	5350940a
MLG\disc0_rel\00b2b4b6.PDT	2166	0x4a19000	30720	0x100	ok	raw	5350950a
MLG\disc0_rel\00b2b4b6.PDT	2167	0x4a20800	40960	0x100	ok	raw	5350960a
MLG\disc0_rel\00b2b4b6.PDT	2168	0x4a2a800	40960	0x100	ok	raw	5350970a
MLG\disc0_rel\00b2b4b6.PDT	2169	0x4a34800	43008	0x100	ok	raw	5350980a
MLG\disc0_rel\00b2b4b6.PDT	2170	0x4a3f000	61440	0x100	ok	raw	5350990a
MLG\disc0_rel\00b2b4b6.PDT	2171	0x4a4e000	51200	0x100	ok	raw	53509a0a
MLG\disc0_rel\00b2b4b6.PDT	2172	0x4a5a800	22528	0x100	ok	raw	53509b0a
MLG\disc0_rel\00b2b4b6.PDT	2173	0x4a60000	53248	0x100	ok	raw	53509c0a
MLG\disc0_rel\00b2b4b6.PDT	2174	0x4a6d000	49152	0x100	ok	raw	53509d0a
MLG\disc0_rel\00b2b4b6.PDT	2175	0x4a79000	49152	0x100	ok	raw	53509f0a
MLG\disc0_rel\00b2b4b6.PDT	2176	0x4a85000	59392	0x100	ok	raw	5350a00a
MLG\disc0_rel\00b2b4b6.PDT	2177	0x4a93800	24576	0x100	ok	raw	5350a10a
MLG\disc0_rel\00b2b4b6.PDT	2178	0x4a99800	47104	0x100	ok	raw	5350a20a
MLG\disc0_rel\00b2b4b6.PDT	2179	0x4aa5000	32768	0x100	ok	raw	5350a30a
MLG\disc0_rel\00b2b4b6.PDT	2180	0x4aad000	36864	0x100	ok	raw	5350a40a
MLG\disc0_rel\00b2b4b6.PDT	2181	0x4ab6000	40960	0x100	ok	raw	5350a50a
MLG\disc0_rel\00b2b4b6.PDT	2182	0x4ac0000	47104	0x100	ok	raw	5350a60a
MLG\disc0_rel\00b2b4b6.PDT	2183	0x4acb800	20480	0x100	ok	raw	5350a70a
MLG\disc0_rel\00b2b4b6.PDT	2184	0x4ad0800	28672	0x100	ok	raw	5350a80a
MLG\disc0_rel\00b2b4b6.PDT	2185	0x4ad7800	26624	0x100	ok	raw	5350a90a
MLG\disc0_rel\00b2b4b6.PDT	2186	0x4ade000	16384	0x100	ok	raw	5350aa0a
MLG\disc0_rel\00b2b4b6.PDT	2187	0x4ae2000	24576	0x100	ok	raw	5350ab0a
MLG\disc0_rel\00b2b4b6.PDT	2188	0x4ae8000	16384	0x100	ok	raw	5350ac0a
MLG\disc0_rel\00b2b4b6.PDT	2189	0x4aec000	30720	0x100	ok	raw	5350ad0a
MLG\disc0_rel\00b2b4b6.PDT	2190	0x4af3800	14336	0x100	ok	raw	5350ae0a
MLG\disc0_rel\00b2b4b6.PDT	2191	0x4af7000	26624	0x100	ok	raw	5350af0a
MLG\disc0_rel\00b2b4b6.PDT	2192	0x4afd800	36864	0x100	ok	raw	5350b00a
MLG\disc0_rel\00b2b4b6.PDT	2193	0x4b06800	26624	0x100	ok	raw	5350b10a
MLG\disc0_rel\00b2b4b6.PDT	2194	0x4b0d000	24576	0x100	ok	raw	5350b20a
MLG\disc0_rel\00b2b4b6.PDT	2195	0x4b13000	43008	0x100	ok	raw	5350b30a
MLG\disc0_rel\00b2b4b6.PDT	2196	0x4b1d800	45056	0x100	ok	raw	5350b40a
MLG\disc0_rel\00b2b4b6.PDT	2197	0x4b28800	24576	0x100	ok	raw	5350b50a
MLG\disc0_rel\00b2b4b6.PDT	2198	0x4b2e800	30720	0x100	ok	raw	5350b60a
MLG\disc0_rel\00b2b4b6.PDT	2199	0x4b36000	36864	0x100	ok	raw	5350b70a
MLG\disc0_rel\00b2b4b6.PDT	2200	0x4b3f000	34816	0x100	ok	raw	5350b80a
MLG\disc0_rel\00b2b4b6.PDT	2201	0x4b47800	61440	0x100	ok	raw	5350b90a
MLG\disc0_rel\00b2b4b6.PDT	2202	0x4b56800	30720	0x100	ok	raw	5350ba0a
MLG\disc0_rel\00b2b4b6.PDT	2203	0x4b5e000	43008	0x100	ok	raw	5350bb0a
MLG\disc0_rel\00b2b4b6.PDT	2204	0x4b68800	47104	0x100	ok	raw	5350bc0a
MLG\disc0_rel\00b2b4b6.PDT	2205	0x4b74000	47104	0x100	ok	raw	5350bd0a
MLG\disc0_rel\00b2b4b6.PDT	2206	0x4b7f800	38912	0x100	ok	raw	5350be0a
MLG\disc0_rel\00b2b4b6.PDT	2207	0x4b89000	6144	0x100	ok	raw	5350bf0a
MLG\disc0_rel\00b2b4b6.PDT	2208	0x4b8a800	6144	0x100	ok	raw	5350c00a
MLG\disc0_rel\00b2b4b6.PDT	2209	0x4b8c000	6144	0x100	ok	raw	5350c10a
MLG\disc0_rel\00b2b4b6.PDT	2210	0x4b8d800	6144	0x100	ok	raw	5350c20a
MLG\disc0_rel\00b2b4b6.PDT	2211	0x4b8f000	43008	0x100	ok	raw	5350d30a
MLG\disc0_rel\00b2b4b6.PDT	2212	0x4b99800	71680	0x100	ok	raw	5350d40a
MLG\disc0_rel\00b2b4b6.PDT	2213	0x4bab000	71680	0x100	ok	raw	5350d50a
MLG\disc0_rel\00b2b4b6.PDT	2214	0x4bbc800	36864	0x100	ok	raw	5350d80a
MLG\disc0_rel\00b2b4b6.PDT	2215	0x4bc5800	45056	0x100	ok	raw	5350d90a
MLG\disc0_rel\00b2b4b6.PDT	2216	0x4bd0800	45056	0x100	ok	raw	5350da0a
MLG\disc0_rel\00b2b4b6.PDT	2217	0x4bdb800	24576	0x100	ok	raw	5350db0a
MLG\disc0_rel\00b2b4b6.PDT	2218	0x4be1800	45056	0x100	ok	raw	5350dc0a
MLG\disc0_rel\00b2b4b6.PDT	2219	0x4bec800	49152	0x100	ok	raw	5350dd0a
MLG\disc0_rel\00b2b4b6.PDT	2220	0x4bf8800	43008	0x100	ok	raw	5350de0a
MLG\disc0_rel\00b2b4b6.PDT	2221	0x4c03000	28672	0x100	ok	raw	5350df0a
MLG\disc0_rel\00b2b4b6.PDT	2222	0x4c0a000	22528	0x100	ok	raw	5350e00a
MLG\disc0_rel\00b2b4b6.PDT	2223	0x4c0f800	32768	0x100	ok	raw	5350e10a
MLG\disc0_rel\00b2b4b6.PDT	2224	0x4c17800	94208	0x100	ok	raw	5350e20a
MLG\disc0_rel\00b2b4b6.PDT	2225	0x4c2e800	59392	0x100	ok	raw	5350e30a
MLG\disc0_rel\00b2b4b6.PDT	2226	0x4c3d000	43008	0x100	ok	raw	5350e40a
MLG\disc0_rel\00b2b4b6.PDT	2227	0x4c47800	49152	0x100	ok	raw	5350e50a
MLG\disc0_rel\00b2b4b6.PDT	2228	0x4c53800	40960	0x100	ok	raw	5350e60a
MLG\disc0_rel\00b2b4b6.PDT	2229	0x4c5d800	43008	0x100	ok	raw	5350e70a
MLG\disc0_rel\00b2b4b6.PDT	2230	0x4c68000	32768	0x100	ok	raw	5350e80a
MLG\disc0_rel\00b2b4b6.PDT	2231	0x4c70000	26624	0x100	ok	raw	5350e90a
MLG\disc0_rel\00b2b4b6.PDT	2232	0x4c76800	14336	0x100	ok	raw	5350ea0a
MLG\disc0_rel\00b2b4b6.PDT	2233	0x4c7a000	38912	0x100	ok	raw	5350eb0a
MLG\disc0_rel\00b2b4b6.PDT	2234	0x4c83800	47104	0x100	ok	raw	5350d60a
MLG\disc0_rel\00b2b4b6.PDT	2235	0x4c8f000	45056	0x100	ok	raw	5350d70a
MLG\disc0_rel\00b2b4b6.PDT	2236	0x4c9a000	6144	0x100	ok	raw	5350ec0a
MLG\disc0_rel\00b2b4b6.PDT	2237	0x4c9b800	6144	0x100	ok	raw	5350ed0a
MLG\disc0_rel\00b2b4b6.PDT	2238	0x4c9d000	32768	0x100	ok	raw	5350ee0a
MLG\disc0_rel\00b2b4b6.PDT	2239	0x4ca5000	40960	0x100	ok	raw	5350ef0a
MLG\disc0_rel\00b2b4b6.PDT	2240	0x4caf000	24576	0x100	ok	raw	5350f00a
MLG\disc0_rel\00b2b4b6.PDT	2241	0x4cb5000	24576	0x100	ok	raw	5350f10a
MLG\disc0_rel\00b2b4b6.PDT	2242	0x4cbb000	24576	0x100	ok	raw	5350f20a
MLG\disc0_rel\00b2b4b6.PDT	2243	0x4cc1000	4096	0x100	ok	raw	53506209
MLG\disc0_rel\00b2b4b6.PDT	2244	0x4cc2000	30720	0x100	ok	raw	5350620a
MLG\disc0_rel\00b2b4b6.PDT	2245	0x4cc9800	20480	0x100	ok	raw	5350630a
MLG\disc0_rel\00b2b4b6.PDT	2246	0x4cce800	22528	0x100	ok	raw	5350640a
MLG\disc0_rel\00b2b4b6.PDT	2247	0x4cd4000	28672	0x100	ok	raw	5350660a
MLG\disc0_rel\00b2b4b6.PDT	2248	0x4cdb000	26624	0x100	ok	raw	5350670a
MLG\disc0_rel\00b2b4b6.PDT	2249	0x4ce1800	26624	0x100	ok	raw	5350680a
MLG\disc0_rel\00b2b4b6.PDT	2250	0x4ce8000	36864	0x100	ok	raw	5350690a
MLG\disc0_rel\00b2b4b6.PDT	2251	0x4cf1000	28672	0x100	ok	raw	53506a0a
MLG\disc0_rel\00b2b4b6.PDT	2252	0x4cf8000	26624	0x100	ok	raw	53506a07
MLG\disc0_rel\00b2b4b6.PDT	2253	0x4cfe800	38912	0x100	ok	raw	53506b07
MLG\disc0_rel\00b2b4b6.PDT	2254	0x4d08000	32768	0x100	ok	raw	53506607
MLG\disc0_rel\00b2b4b6.PDT	2255	0x4d10000	40960	0x100	ok	raw	53507c07
MLG\disc0_rel\00b2b4b6.PDT	2256	0x4d1a000	18432	0x100	ok	raw	5350760a
MLG\disc0_rel\00b2b4b6.PDT	2257	0x4d1e800	12288	0x100	ok	raw	5350770a
MLG\disc0_rel\00b2b4b6.PDT	2258	0x4d21800	18432	0x100	ok	raw	5350780a
MLG\disc0_rel\00b2b4b6.PDT	2259	0x4d26000	22528	0x100	ok	raw	5350790a
MLG\disc0_rel\00b2b4b6.PDT	2260	0x4d2b800	24576	0x100	ok	raw	53506807
MLG\disc0_rel\00b2b4b6.PDT	2261	0x4d31800	34816	0x100	ok	raw	53506907
MLG\disc0_rel\00b2b4b6.PDT	2262	0x4d3a000	26624	0x100	ok	raw	53506707
MLG\disc0_rel\00b2b4b6.PDT	2263	0x4d40800	32768	0x100	ok	raw	53507a07
MLG\disc0_rel\00b2b4b6.PDT	2264	0x4d48800	18432	0x100	ok	raw	5350720a
MLG\disc0_rel\00b2b4b6.PDT	2265	0x4d4d000	12288	0x100	ok	raw	5350730a
MLG\disc0_rel\00b2b4b6.PDT	2266	0x4d50000	16384	0x100	ok	raw	5350740a
MLG\disc0_rel\00b2b4b6.PDT	2267	0x4d54000	20480	0x100	ok	raw	5350750a
MLG\disc0_rel\00b2b4b6.PDT	2268	0x4d59000	30720	0x100	ok	raw	5350d20a
MLG\disc0_rel\00b2b4b6.PDT	2269	0x4d60800	32768	0x100	ok	raw	5350d10a
MLG\disc0_rel\00b2b4b6.PDT	2270	0x4d68800	22528	0x100	ok	raw	53505a03
MLG\disc0_rel\00b2b4b6.PDT	2271	0x4d6e000	24576	0x100	ok	raw	5350d200
MLG\disc0_rel\00b2b4b6.PDT	2272	0x4d74000	20480	0x100	ok	raw	5350d900
MLG\disc0_rel\00b2b4b6.PDT	2273	0x4d79000	24576	0x100	ok	raw	5350da00
MLG\disc0_rel\00b2b4b6.PDT	2274	0x4d7f000	55296	0x100	ok	raw	5350dd00
MLG\disc0_rel\00b2b4b6.PDT	2275	0x4d8c800	59392	0x100	ok	raw	5350f700
MLG\disc0_rel\00b2b4b6.PDT	2276	0x4d9b000	61440	0x100	ok	raw	53501101
MLG\disc0_rel\00b2b4b6.PDT	2277	0x4daa000	24576	0x100	ok	raw	53504201
MLG\disc0_rel\00b2b4b6.PDT	2278	0x4db0000	36864	0x100	ok	raw	53505507
MLG\disc0_rel\00b2b4b6.PDT	2279	0x4db9000	63488	0x100	ok	raw	5350fb07
MLG\disc0_rel\00b2b4b6.PDT	2280	0x4dc8800	63488	0x100	ok	raw	5350fe07
MLG\disc0_rel\00b2b4b6.PDT	2281	0x4dd8000	26624	0x100	ok	raw	53500708
MLG\disc0_rel\00b2b4b6.PDT	2282	0x4dde800	30720	0x100	ok	raw	53500808
MLG\disc0_rel\00b2b4b6.PDT	2283	0x4de6000	36864	0x100	ok	raw	53500a08
MLG\disc0_rel\00b2b4b6.PDT	2284	0x4def000	43008	0x100	ok	raw	53500b08
MLG\disc0_rel\00b2b4b6.PDT	2285	0x4df9800	40960	0x100	ok	raw	53500c08
MLG\disc0_rel\00b2b4b6.PDT	2286	0x4e03800	51200	0x100	ok	raw	53506c08
MLG\disc0_rel\00b2b4b6.PDT	2287	0x4e10000	49152	0x100	ok	raw	53506e08
MLG\disc0_rel\00b2b4b6.PDT	2288	0x4e1c000	63488	0x100	ok	raw	5350a908
MLG\disc0_rel\00b2b4b6.PDT	2289	0x4e2b800	51200	0x100	ok	raw	5350ad08
MLG\disc0_rel\00b2b4b6.PDT	2290	0x4e38000	63488	0x100	ok	raw	5350c408
MLG\disc0_rel\00b2b4b6.PDT	2291	0x4e47800	69632	0x100	ok	raw	5350f808
MLG\disc0_rel\00b2b4b6.PDT	2292	0x4e58800	67584	0x100	ok	raw	5350f908
MLG\disc0_rel\00b2b4b6.PDT	2293	0x4e69000	53248	0x100	ok	raw	5350c309
MLG\disc0_rel\00b2b4b6.PDT	2294	0x4e76000	40960	0x100	ok	raw	5350c609
MLG\disc0_rel\00b2b4b6.PDT	2295	0x4e80000	45056	0x100	ok	raw	5350c709
MLG\disc0_rel\00b2b4b6.PDT	2296	0x4e8b000	47104	0x100	ok	raw	5350da09
MLG\disc0_rel\00b2b4b6.PDT	2297	0x4e96800	59392	0x100	ok	raw	5350db09
MLG\disc0_rel\00b2b4b6.PDT	2298	0x4ea5000	65536	0x100	ok	raw	5350800a
MLG\disc0_rel\00b2b4b6.PDT	2299	0x4eb5000	61440	0x100	ok	raw	5350360a
MLG\disc0_rel\00b2b4b6.PDT	2300	0x4ec4000	30720	0x100	ok	raw	53503c0a
MLG\disc0_rel\00b2b4b6.PDT	2301	0x4ecb800	53248	0x100	ok	raw	53509e0a
MLG\disc0_rel\00b2b4b6.PDT	2302	0x4ed8800	24576	0x100	ok	raw	53503b06
MLG\disc0_rel\00b2b4b6.PDT	2303	0x4ede800	4096	0x100	ok	raw	5350c403
ms0\EU\DLCBGM\e41b91fd.PDT	0	0x800	1105	0x100	ok	raw	444c4342
ms0\EU\DLCBGM\e41b91fd.PDT	1	0x1000	212	0x100	ok	raw	84170000
ms0\EU\DLCBGM\e41b91fd.PDT	2	0x1800	2727936	0x100	ok	raw	53500800
ms0\EU\DLCBGM\e41b91fd.PDT	3	0x29b800	77824	0x100	ok	raw	53500a00
ms0\EU\DLCBGM\e41b91ff.PDT	0	0x800	1105	0x100	ok	raw	444c4342
ms0\EU\DLCBGM\e41b91ff.PDT	1	0x1000	212	0x100	ok	raw	98170000
ms0\EU\DLCBGM\e41b91ff.PDT	2	0x1800	2834432	0x100	ok	raw	53501000
ms0\EU\DLCBGM\e41b91ff.PDT	3	0x2b5800	75776	0x100	ok	raw	53501200
ms0\EU\DLCBGM\e41b91fe.PDT	0	0x800	1105	0x100	ok	raw	444c4342
ms0\EU\DLCBGM\e41b91fe.PDT	1	0x1000	212	0x100	ok	raw	8e170000
ms0\EU\DLCBGM\e41b91fe.PDT	2	0x1800	5486592	0x100	ok	raw	53500c00
ms0\EU\DLCBGM\e41b91fe.PDT	3	0x53d000	81920	0x100	ok	raw	53500e00
ms0\EU\DLCBGM\e41b9200.PDT	0	0x800	1105	0x100	ok	raw	444c4342
ms0\EU\DLCBGM\e41b9200.PDT	1	0x1000	212	0x100	ok	raw	a2170000
ms0\EU\DLCBGM\e41b9200.PDT	2	0x1800	4620288	0x100	ok	raw	53501400
ms0\EU\DLCBGM\e41b9200.PDT	3	0x469800	77824	0x100	ok	raw	53501600
ms0\EU\DLCBGM\e41b9201.PDT	0	0x800	1105	0x100	ok	raw	444c4342
ms0\EU\DLCBGM\e41b9201.PDT	1	0x1000	212	0x100	ok	raw	ac170000
ms0\EU\DLCBGM\e41b9201.PDT	2	0x1800	4816896	0x100	ok	raw	53501800
ms0\EU\DLCBGM\e41b9201.PDT	3	0x499800	73728	0x100	ok	raw	53501a00
ms0\EU\DLCBGM\e41b9202.PDT	0	0x800	1105	0x100	ok	raw	444c4342
ms0\EU\DLCBGM\e41b9202.PDT	1	0x1000	212	0x100	ok	raw	b6170000
ms0\EU\DLCBGM\e41b9202.PDT	2	0x1800	3774464	0x100	ok	raw	53502800
ms0\EU\DLCBGM\e41b9202.PDT	3	0x39b000	79872	0x100	ok	raw	53502b00
ms0\EU\DLCBGM\f01b9213.PDT	0	0x800	1105	0x100	ok	raw	444c4342
ms0\EU\DLCBGM\f01b9213.PDT	1	0x1000	212	0x100	ok	raw	801b0000
ms0\EU\DLCBGM\f01b9213.PDT	2	0x1800	3872768	0x100	ok	raw	53500000
ms0\EU\DLCBGM\f01b9213.PDT	3	0x3b3000	79872	0x100	ok	raw	53501000
ms0\EU\DLCBGM\f01b9214.PDT	0	0x800	1105	0x100	ok	raw	444c4342
ms0\EU\DLCBGM\f01b9214.PDT	1	0x1000	212	0x100	ok	raw	8a1b0000
ms0\EU\DLCBGM\f01b9214.PDT	2	0x1800	2418688	0x100	ok	raw	53500100
ms0\EU\DLCBGM\f01b9214.PDT	3	0x250000	88064	0x100	ok	raw	53501100
ms0\EU\DLCBGM\f01b9215.PDT	0	0x800	1105	0x100	ok	raw	444c4342
ms0\EU\DLCBGM\f01b9215.PDT	1	0x1000	212	0x100	ok	raw	941b0000
ms0\EU\DLCBGM\f01b9215.PDT	2	0x1800	2232320	0x100	ok	raw	53500200
ms0\EU\DLCBGM\f01b9215.PDT	3	0x222800	90112	0x100	ok	raw	53501200
ms0\EU\DLCBGM\f01b9216.PDT	0	0x800	1105	0x100	ok	raw	444c4342
ms0\EU\DLCBGM\f01b9216.PDT	1	0x1000	212	0x100	ok	raw	9e1b0000
ms0\EU\DLCBGM\f01b9216.PDT	2	0x1800	2158592	0x100	ok	raw	53500300
ms0\EU\DLCBGM\f01b9216.PDT	3	0x210800	67584	0x100	ok	raw	53501300
MLG\disc0_rel\ADEMOHQ\0058d2bb.pdt	0	0x800	110432	0x100	ok	raw	46454c07
MLG\disc0_rel\ADEMOHQ\0058d2bb.pdt	1	0x1b800	1261212	0x100	ok	raw	46454c07
MLG\disc0_rel\ADEMOHQ\0058d2bb.pdt	2	0x14f800	132880	0x100	ok	raw	46454c07
MLG\disc0_rel\ADEMOHQ\0058d2bb.pdt	3	0x170000	372576	0x100	ok	raw	46454c07
MLG\disc0_rel\ADEMOHQ\0058d2bb.pdt	4	0x1cb000	1400272	0x100	ok	raw	46454c07
MLG\disc0_rel\ADEMOHQ\0058d2bb.pdt	5	0x321000	172096	0x100	ok	raw	46454c07
MLG\disc0_rel\ADEMOHQ\0058d2bb.pdt	6	0x34b800	122680	0x100	ok	raw	46454c07
MLG\disc0_rel\ADEMOHQ\0058d2bb.pdt	7	0x369800	2061316	0x100	ok	raw	46454c07
MLG\disc0_rel\ADEMOHQ\0058d2bb.pdt	8	0x561000	366732	0x100	ok	raw	46454c07
MLG\disc0_rel\ADEMOHQ\0058d2bb.pdt	9	0x5bb000	1444	0x100	ok	raw	46454c07
MLG\disc0_rel\ADEMOHQ\0058d2bb.pdt	10	0x5bb800	1660	0x100	ok	raw	46454c07
MLG\disc0_rel\ADEMOHQ\0058d2bb.pdt	11	0x5bc000	166893616	0x100	ok	raw	00000000
ms0\EU\DLCBGM\f01b9217.PDT	0	0x800	1105	0x100	ok	raw	444c4342
ms0\EU\DLCBGM\f01b9217.PDT	1	0x1000	212	0x100	ok	raw	a81b0000
ms0\EU\DLCBGM\f01b9217.PDT	2	0x1800	2727936	0x100	ok	raw	53500400
ms0\EU\DLCBGM\f01b9217.PDT	3	0x29b800	77824	0x100	ok	raw	53501400
ms0\EU\DLCBGM\f01b9219.PDT	0	0x800	1105	0x100	ok	raw	444c4342
ms0\EU\DLCBGM\f01b9219.PDT	1	0x1000	212	0x100	ok	raw	621b0000
ms0\EU\DLCBGM\f01b9219.PDT	2	0x1800	3977216	0x100	ok	raw	53500600
ms0\EU\DLCBGM\f01b9219.PDT	3	0x3cc800	75776	0x100	ok	raw	53501600
ms0\EU\DLCBGM\f01b9218.PDT	0	0x800	1105	0x100	ok	raw	444c4342
ms0\EU\DLCBGM\f01b9218.PDT	1	0x1000	212	0x100	ok	raw	581b0000
ms0\EU\DLCBGM\f01b9218.PDT	2	0x1800	4464640	0x100	ok	raw	53500500
ms0\EU\DLCBGM\f01b9218.PDT	3	0x443800	73728	0x100	ok	raw	53501500
ms0\EU\DLCBGM\f01b921a.PDT	0	0x800	1105	0x100	ok	raw	444c4342
ms0\EU\DLCBGM\f01b921a.PDT	1	0x1000	212	0x100	ok	raw	6c1b0000
ms0\EU\DLCBGM\f01b921a.PDT	2	0x1800	3524608	0x100	ok	raw	53500700
ms0\EU\DLCBGM\f01b921a.PDT	3	0x35e000	71680	0x100	ok	raw	53501700
ms0\EU\DLCBGM\f01b921b.PDT	0	0x800	1105	0x100	ok	raw	444c4342
ms0\EU\DLCBGM\f01b921b.PDT	1	0x1000	212	0x100	ok	raw	761b0000
ms0\EU\DLCBGM\f01b921b.PDT	2	0x1800	2689024	0x100	ok	raw	53500800
ms0\EU\DLCBGM\f01b921b.PDT	3	0x292000	67584	0x100	ok	raw	53501800
ms0\EU\DLCBGM\f01b921c.PDT	0	0x800	1105	0x100	ok	raw	444c4342
ms0\EU\DLCBGM\f01b921c.PDT	1	0x1000	212	0x100	ok	raw	b21b0000
ms0\EU\DLCBGM\f01b921c.PDT	2	0x1800	2643968	0x100	ok	raw	53500900
ms0\EU\DLCBGM\f01b921c.PDT	3	0x287000	73728	0x100	ok	raw	53501900
ms0\EU\DLCBGM\f01b9233.PDT	0	0x800	1105	0x100	ok	raw	444c4342
ms0\EU\DLCBGM\f01b9233.PDT	1	0x1000	212	0x100	ok	raw	bc1b0000
ms0\EU\DLCBGM\f01b9233.PDT	2	0x1800	1734656	0x100	ok	raw	53500a00
ms0\EU\DLCBGM\f01b9233.PDT	3	0x1a9000	75776	0x100	ok	raw	53501a00
MLG\disc0_rel\ADEMOHQ\0058dad6.pdt	0	0x800	610704	0x100	ok	raw	46454c07
MLG\disc0_rel\ADEMOHQ\0058dad6.pdt	1	0x96000	41223280	0x100	ok	raw	00000000
ms0\EU\DLCBGM\f01b9234.PDT	0	0x800	1105	0x100	ok	raw	444c4342
ms0\EU\DLCBGM\f01b9234.PDT	1	0x1000	212	0x100	ok	raw	c61b0000
ms0\EU\DLCBGM\f01b9234.PDT	2	0x1800	3170304	0x100	ok	raw	53500b00
ms0\EU\DLCBGM\f01b9234.PDT	3	0x307800	79872	0x100	ok	raw	53501b00
ms0\EU\DLCBGM\f01b9235.PDT	0	0x800	1105	0x100	ok	raw	444c4342
ms0\EU\DLCBGM\f01b9235.PDT	1	0x1000	212	0x100	ok	raw	d01b0000
ms0\EU\DLCBGM\f01b9235.PDT	2	0x1800	2955264	0x100	ok	raw	53500c00
ms0\EU\DLCBGM\f01b9235.PDT	3	0x2d3000	81920	0x100	ok	raw	53501c00
ms0\EU\DLCTEX\ad1af1fb.PDT	0	0x800	1101	0x100	ok	raw	444c4342
ms0\EU\DLCTEX\ad1af1fb.PDT	1	0x1000	118432	0x100	ok	raw	434d4610
ms0\EU\DLCTEX\ad1af1fb.PDT	2	0x1e000	10240	0x100	ok	raw	56617269
ms0\EU\DLCBGM\f01b9236.PDT	0	0x800	1105	0x100	ok	raw	444c4342
ms0\EU\DLCBGM\f01b9236.PDT	1	0x1000	212	0x100	ok	raw	da1b0000
ms0\EU\DLCBGM\f01b9236.PDT	2	0x1800	3364864	0x100	ok	raw	53500d00
ms0\EU\DLCBGM\f01b9236.PDT	3	0x337000	79872	0x100	ok	raw	53501d00
ms0\EU\DLCTEX\ad1af1fc.PDT	0	0x800	1101	0x100	ok	raw	444c4342
ms0\EU\DLCTEX\ad1af1fc.PDT	1	0x1000	118432	0x100	ok	raw	434d4610
ms0\EU\DLCTEX\ad1af1fc.PDT	2	0x1e000	10240	0x100	ok	raw	56617269
ms0\EU\DLCBGM\f01b9237.PDT	0	0x800	1105	0x100	ok	raw	444c4342
ms0\EU\DLCBGM\f01b9237.PDT	1	0x1000	212	0x100	ok	raw	e41b0000
ms0\EU\DLCBGM\f01b9237.PDT	2	0x1800	2213888	0x100	ok	raw	53500e00
ms0\EU\DLCBGM\f01b9237.PDT	3	0x21e000	77824	0x100	ok	raw	53501e00
ms0\EU\DLCBGM\f01b9238.PDT	0	0x800	1105	0x100	ok	raw	444c4342
ms0\EU\DLCBGM\f01b9238.PDT	1	0x1000	212	0x100	ok	raw	ee1b0000
ms0\EU\DLCBGM\f01b9238.PDT	2	0x1800	3170304	0x100	ok	raw	53500f00
ms0\EU\DLCBGM\f01b9238.PDT	3	0x307800	81920	0x100	ok	raw	53501f00
ms0\EU\DLCTEX\ad1af1fd.PDT	0	0x800	1101	0x100	ok	raw	444c4342
ms0\EU\DLCTEX\ad1af1fd.PDT	1	0x1000	118432	0x100	ok	raw	434d4610
ms0\EU\DLCTEX\ad1af1fd.PDT	2	0x1e000	10240	0x100	ok	raw	56617269
ms0\EU\DLCTEX\ad1af1ff.PDT	0	0x800	1101	0x100	ok	raw	444c4342
ms0\EU\DLCTEX\ad1af1ff.PDT	1	0x1000	118432	0x100	ok	raw	434d4610
ms0\EU\DLCTEX\ad1af1ff.PDT	2	0x1e000	10240	0x100	ok	raw	56617269
ms0\EU\DLCTEX\ad1af1fe.PDT	0	0x800	1101	0x100	ok	raw	444c4342
ms0\EU\DLCTEX\ad1af1fe.PDT	1	0x1000	118432	0x100	ok	raw	434d4610
ms0\EU\DLCTEX\ad1af1fe.PDT	2	0x1e000	10240	0x100	ok	raw	56617269
ms0\EU\DLCTEX\ad1af200.PDT	0	0x800	1101	0x100	ok	raw	444c4342
ms0\EU\DLCTEX\ad1af200.PDT	1	0x1000	118432	0x100	ok	raw	434d4610
ms0\EU\DLCTEX\ad1af200.PDT	2	0x1e000	10240	0x100	ok	raw	56617269
ms0\EU\DLCTEX\ad1af201.PDT	0	0x800	1101	0x100	ok	raw	444c4342
ms0\EU\DLCTEX\ad1af201.PDT	1	0x1000	118432	0x100	ok	raw	434d4610
ms0\EU\DLCTEX\ad1af201.PDT	2	0x1e000	10240	0x100	ok	raw	56617269
ms0\EU\DLCTEX\ad1af202.PDT	0	0x800	1101	0x100	ok	raw	444c4342
ms0\EU\DLCTEX\ad1af202.PDT	1	0x1000	118432	0x100	ok	raw	434d4610
ms0\EU\DLCTEX\ad1af202.PDT	2	0x1e000	10240	0x100	ok	raw	56617269
MLG\disc0_rel\ADEMOHQ\0058d6d6.pdt	0	0x800	177248	0x100	ok	raw	46454c07
MLG\disc0_rel\ADEMOHQ\0058d6d6.pdt	1	0x2c000	609716	0x100	ok	raw	46454c07
MLG\disc0_rel\ADEMOHQ\0058d6d6.pdt	2	0xc1000	1842068	0x100	ok	raw	46454c07
MLG\disc0_rel\ADEMOHQ\0058d6d6.pdt	3	0x283000	233240	0x100	ok	raw	46454c07
MLG\disc0_rel\ADEMOHQ\0058d6d6.pdt	4	0x2bc000	153077296	0x100	ok	raw	00000000
ms0\EU\DLCTEX\ad1af21b.PDT	0	0x800	1101	0x100	ok	raw	444c4342
ms0\EU\DLCTEX\ad1af21b.PDT	1	0x1000	118432	0x100	ok	raw	434d4610
ms0\EU\DLCTEX\ad1af21b.PDT	2	0x1e000	10240	0x100	ok	raw	56617269
ms0\EU\DLCTEX\ad1af204.PDT	0	0x800	1101	0x100	ok	raw	444c4342
ms0\EU\DLCTEX\ad1af204.PDT	1	0x1000	118432	0x100	ok	raw	434d4610
ms0\EU\DLCTEX\ad1af204.PDT	2	0x1e000	10240	0x100	ok	raw	56617269
ms0\EU\DLCTEX\ad1af203.PDT	0	0x800	1101	0x100	ok	raw	444c4342
ms0\EU\DLCTEX\ad1af203.PDT	1	0x1000	118432	0x100	ok	raw	434d4610
ms0\EU\DLCTEX\ad1af203.PDT	2	0x1e000	10240	0x100	ok	raw	56617269
ms0\EU\DLCTEX\ad1af21c.PDT	0	0x800	1101	0x100	ok	raw	444c4342
ms0\EU\DLCTEX\ad1af21c.PDT	1	0x1000	118432	0x100	ok	raw	434d4610
ms0\EU\DLCTEX\ad1af21c.PDT	2	0x1e000	10240	0x100	ok	raw	56617269
ms0\EU\DLCTEX\ad1af21f.PDT	0	0x800	1101	0x100	ok	raw	444c4342
ms0\EU\DLCTEX\ad1af21f.PDT	1	0x1000	118432	0x100	ok	raw	434d4610
ms0\EU\DLCTEX\ad1af21f.PDT	2	0x1e000	10240	0x100	ok	raw	56617269
ms0\EU\DLCTEX\ad1af21d.PDT	0	0x800	1101	0x100	ok	raw	444c4342
ms0\EU\DLCTEX\ad1af21d.PDT	1	0x1000	118432	0x100	ok	raw	434d4610
ms0\EU\DLCTEX\ad1af21d.PDT	2	0x1e000	10240	0x100	ok	raw	56617269
ms0\EU\DLCTEX\ad1af220.PDT	0	0x800	1101	0x100	ok	raw	444c4342
ms0\EU\DLCTEX\ad1af220.PDT	1	0x1000	118432	0x100	ok	raw	434d4610
ms0\EU\DLCTEX\ad1af220.PDT	2	0x1e000	10240	0x100	ok	raw	56617269
ms0\EU\DLCTEX\ad1af21e.PDT	0	0x800	1101	0x100	ok	raw	444c4342
ms0\EU\DLCTEX\ad1af21e.PDT	1	0x1000	118432	0x100	ok	raw	434d4610
ms0\EU\DLCTEX\ad1af21e.PDT	2	0x1e000	10240	0x100	ok	raw	56617269
ms0\EU\DLCTEX\ad1af221.PDT	0	0x800	1101	0x100	ok	raw	444c4342
ms0\EU\DLCTEX\ad1af221.PDT	1	0x1000	118432	0x100	ok	raw	434d4610
ms0\EU\DLCTEX\ad1af221.PDT	2	0x1e000	10240	0x100	ok	raw	56617269
ms0\EU\DLCTEX\ad1af223.PDT	0	0x800	1101	0x100	ok	raw	444c4342
ms0\EU\DLCTEX\ad1af223.PDT	1	0x1000	118432	0x100	ok	raw	434d4610
ms0\EU\DLCTEX\ad1af223.PDT	2	0x1e000	10240	0x100	ok	raw	56617269
ms0\EU\DLCTEX\ad1af222.PDT	0	0x800	1101	0x100	ok	raw	444c4342
ms0\EU\DLCTEX\ad1af222.PDT	1	0x1000	118432	0x100	ok	raw	434d4610
ms0\EU\DLCTEX\ad1af222.PDT	2	0x1e000	10240	0x100	ok	raw	56617269
ms0\EU\DLCTEX\ad1af224.PDT	0	0x800	1101	0x100	ok	raw	444c4342
ms0\EU\DLCTEX\ad1af224.PDT	1	0x1000	118432	0x100	ok	raw	434d4610
ms0\EU\DLCTEX\ad1af224.PDT	2	0x1e000	10240	0x100	ok	raw	56617269
ms0\EU\DLCTEX\ad1af23c.PDT	0	0x800	1101	0x100	ok	raw	444c4342
ms0\EU\DLCTEX\ad1af23c.PDT	1	0x1000	118432	0x100	ok	raw	434d4610
ms0\EU\DLCTEX\ad1af23c.PDT	2	0x1e000	10240	0x100	ok	raw	56617269
ms0\EU\DLCTEX\ad1af23b.PDT	0	0x800	1101	0x100	ok	raw	444c4342
ms0\EU\DLCTEX\ad1af23b.PDT	1	0x1000	118432	0x100	ok	raw	434d4610
ms0\EU\DLCTEX\ad1af23b.PDT	2	0x1e000	10240	0x100	ok	raw	56617269
ms0\EU\DLCTEX\ad1af23d.PDT	0	0x800	1101	0x100	ok	raw	444c4342
ms0\EU\DLCTEX\ad1af23d.PDT	1	0x1000	118432	0x100	ok	raw	434d4610
ms0\EU\DLCTEX\ad1af23d.PDT	2	0x1e000	10240	0x100	ok	raw	56617269
ms0\EU\DLCTEX\ad1af23e.PDT	0	0x800	1101	0x100	ok	raw	444c4342
ms0\EU\DLCTEX\ad1af23e.PDT	1	0x1000	118432	0x100	ok	raw	434d4610
ms0\EU\DLCTEX\ad1af23e.PDT	2	0x1e000	10240	0x100	ok	raw	56617269
ms0\EU\DLCTEX\ad1af240.PDT	0	0x800	1112	0x100	ok	raw	444c4342
ms0\EU\DLCTEX\ad1af240.PDT	1	0x1000	61440	0x100	ok	raw	434d4610
ms0\EU\DLCTEX\ad1af240.PDT	2	0x10000	10240	0x100	ok	raw	44554d4d
ms0\EU\DLCTEX\ad1af241.PDT	0	0x800	1112	0x100	ok	raw	444c4342
ms0\EU\DLCTEX\ad1af241.PDT	1	0x1000	61440	0x100	ok	raw	434d4610
ms0\EU\DLCTEX\ad1af241.PDT	2	0x10000	10240	0x100	ok	raw	e4bbae00
ms0\EU\DLCVOICE\1a1ae467.PDT	0	0x800	1101	0x100	ok	raw	444c4342
ms0\EU\DLCVOICE\1a1ae467.PDT	1	0x1000	20480	0x100	ok	raw	4c6f636b
ms0\EU\DLCVOICE\1a1ae467.PDT	2	0x6000	32768	0x100	ok	raw	53504000
ms0\EU\DLCVOICE\1a1ae467.PDT	3	0xe000	24576	0x100	ok	raw	53503a00
ms0\EU\DLCVOICE\1a1ae467.PDT	4	0x14000	20480	0x100	ok	raw	53503b00
ms0\EU\DLCVOICE\1a1ae467.PDT	5	0x19000	22528	0x100	ok	raw	53503c00
ms0\EU\DLCVOICE\1a1ae467.PDT	6	0x1e800	22528	0x100	ok	raw	53503d00
ms0\EU\DLCVOICE\1a1ae467.PDT	7	0x24000	20480	0x100	ok	raw	53503e00
ms0\EU\DLCVOICE\1a1ae467.PDT	8	0x29000	22528	0x100	ok	raw	53503f00
ms0\EU\DLCVOICE\1a1ae467.PDT	9	0x2e800	32768	0x100	ok	raw	53504000
ms0\EU\DLCVOICE\1a1ae467.PDT	10	0x36800	24576	0x100	ok	raw	53504100
ms0\EU\DLCVOICE\1a1ae467.PDT	11	0x3c800	57344	0x100	ok	raw	53504200
ms0\EU\DLCVOICE\1a1ae467.PDT	12	0x4a800	32768	0x100	ok	raw	53504300
ms0\EU\DLCVOICE\1a1ae467.PDT	13	0x52800	28672	0x100	ok	raw	53504400
ms0\EU\DLCVOICE\1a1ae467.PDT	14	0x59800	83968	0x100	ok	raw	53504500
ms0\EU\DLCVOICE\1a1ae467.PDT	15	0x6e000	28672	0x100	ok	raw	53504600
ms0\EU\DLCVOICE\1a1ae467.PDT	16	0x75000	30720	0x100	ok	raw	53504700
ms0\EU\DLCVOICE\1a1ae467.PDT	17	0x7c800	26624	0x100	ok	raw	53504800
ms0\EU\DLCVOICE\1a1ae467.PDT	18	0x83000	20480	0x100	ok	raw	53508e00
ms0\EU\DLCVOICE\1a1ae467.PDT	19	0x88000	22528	0x100	ok	raw	53508f00
ms0\EU\DLCVOICE\1a1ae467.PDT	20	0x8d800	28672	0x100	ok	raw	53509000
ms0\EU\DLCVOICE\1a1ae467.PDT	21	0x94800	14336	0x100	ok	raw	53509100
ms0\EU\DLCVOICE\1a1ae467.PDT	22	0x98000	18432	0x100	ok	raw	53509200
ms0\EU\DLCVOICE\1a1ae467.PDT	23	0x9c800	26624	0x100	ok	raw	53509300
ms0\EU\DLCVOICE\1a1ae467.PDT	24	0xa3000	18432	0x100	ok	raw	53509400
ms0\EU\DLCVOICE\1a1ae467.PDT	25	0xa7800	22528	0x100	ok	raw	53509500
ms0\EU\DLCVOICE\1a1ae467.PDT	26	0xad000	24576	0x100	ok	raw	53509600
ms0\EU\DLCVOICE\1a1ae467.PDT	27	0xb3000	57344	0x100	ok	raw	53509700
ms0\EU\DLCVOICE\1a1ae467.PDT	28	0xc1000	32768	0x100	ok	raw	53509800
ms0\EU\DLCVOICE\1a1ae467.PDT	29	0xc9000	28672	0x100	ok	raw	53509900
ms0\EU\DLCVOICE\1a1ae467.PDT	30	0xd0000	83968	0x100	ok	raw	53509a00
ms0\EU\DLCVOICE\1a1ae467.PDT	31	0xe4800	28672	0x100	ok	raw	53509b00
ms0\EU\DLCVOICE\1a1ae467.PDT	32	0xeb800	30720	0x100	ok	raw	53509c00
ms0\EU\DLCVOICE\1a1ae467.PDT	33	0xf3000	26624	0x100	ok	raw	53509d00
ms0\EU\DLCVOICE\191ae465.PDT	0	0x800	1101	0x100	ok	raw	444c4342
ms0\EU\DLCVOICE\191ae465.PDT	1	0x1000	17920	0x100	ok	raw	4c6f636b
ms0\EU\DLCVOICE\191ae465.PDT	2	0x5800	20480	0x100	ok	raw	53503100
ms0\EU\DLCVOICE\191ae465.PDT	3	0xa800	32768	0x100	ok	raw	53502700
ms0\EU\DLCVOICE\191ae465.PDT	4	0x12800	24576	0x100	ok	raw	53502900
ms0\EU\DLCVOICE\191ae465.PDT	5	0x18800	24576	0x100	ok	raw	53502a00
ms0\EU\DLCVOICE\191ae465.PDT	6	0x1e800	22528	0x100	ok	raw	53502c00
ms0\EU\DLCVOICE\191ae465.PDT	7	0x24000	24576	0x100	ok	raw	53502f00
ms0\EU\DLCVOICE\191ae465.PDT	8	0x2a000	20480	0x100	ok	raw	53503100
ms0\EU\DLCVOICE\191ae465.PDT	9	0x2f000	28672	0x100	ok	raw	53503200
ms0\EU\DLCVOICE\191ae465.PDT	10	0x36000	20480	0x100	ok	raw	53503300
ms0\EU\DLCVOICE\191ae465.PDT	11	0x3b000	24576	0x100	ok	raw	53503400
ms0\EU\DLCVOICE\191ae465.PDT	12	0x41000	57344	0x100	ok	raw	53503500
ms0\EU\DLCVOICE\191ae465.PDT	13	0x4f000	32768	0x100	ok	raw	53503600
ms0\EU\DLCVOICE\191ae465.PDT	14	0x57000	38912	0x100	ok	raw	53503700
ms0\EU\DLCVOICE\191ae465.PDT	15	0x60800	26624	0x100	ok	raw	53503800
ms0\EU\DLCVOICE\191ae465.PDT	16	0x67000	20480	0x100	ok	raw	53508000
ms0\EU\DLCVOICE\191ae465.PDT	17	0x6c000	22528	0x100	ok	raw	53508100
ms0\EU\DLCVOICE\191ae465.PDT	18	0x71800	26624	0x100	ok	raw	53508200
ms0\EU\DLCVOICE\191ae465.PDT	19	0x78000	16384	0x100	ok	raw	53508300
ms0\EU\DLCVOICE\191ae465.PDT	20	0x7c000	22528	0x100	ok	raw	53508400
ms0\EU\DLCVOICE\191ae465.PDT	21	0x81800	22528	0x100	ok	raw	53508500
ms0\EU\DLCVOICE\191ae465.PDT	22	0x87000	20480	0x100	ok	raw	53508600
ms0\EU\DLCVOICE\191ae465.PDT	23	0x8c000	26624	0x100	ok	raw	53508700
ms0\EU\DLCVOICE\191ae465.PDT	24	0x92800	20480	0x100	ok	raw	53508800
ms0\EU\DLCVOICE\191ae465.PDT	25	0x97800	24576	0x100	ok	raw	53508900
ms0\EU\DLCVOICE\191ae465.PDT	26	0x9d800	57344	0x100	ok	raw	53508a00
ms0\EU\DLCVOICE\191ae465.PDT	27	0xab800	32768	0x100	ok	raw	53508b00
ms0\EU\DLCVOICE\191ae465.PDT	28	0xb3800	38912	0x100	ok	raw	53508c00
ms0\EU\DLCVOICE\191ae465.PDT	29	0xbd000	26624	0x100	ok	raw	53508d00
ms0\EU\DLCVOICE\181ae463.PDT	0	0x800	1101	0x100	ok	raw	444c4342
ms0\EU\DLCVOICE\181ae463.PDT	1	0x1000	24320	0x100	ok	raw	4c6f636b
ms0\EU\DLCVOICE\181ae463.PDT	2	0x7000	18432	0x100	ok	raw	53501300
ms0\EU\DLCVOICE\181ae463.PDT	3	0xb800	18432	0x100	ok	raw	53500300
ms0\EU\DLCVOICE\181ae463.PDT	4	0x10000	22528	0x100	ok	raw	53500500
ms0\EU\DLCVOICE\181ae463.PDT	5	0x15800	22528	0x100	ok	raw	53500700
ms0\EU\DLCVOICE\181ae463.PDT	6	0x1b000	24576	0x100	ok	raw	53500900
ms0\EU\DLCVOICE\181ae463.PDT	7	0x21000	24576	0x100	ok	raw	53500b00
ms0\EU\DLCVOICE\181ae463.PDT	8	0x27000	24576	0x100	ok	raw	53500d00
ms0\EU\DLCVOICE\181ae463.PDT	9	0x2d000	26624	0x100	ok	raw	53500f00
ms0\EU\DLCVOICE\181ae463.PDT	10	0x33800	24576	0x100	ok	raw	53501100
ms0\EU\DLCVOICE\181ae463.PDT	11	0x39800	18432	0x100	ok	raw	53501300
ms0\EU\DLCVOICE\181ae463.PDT	12	0x3e000	20480	0x100	ok	raw	53501500
ms0\EU\DLCVOICE\181ae463.PDT	13	0x43000	110592	0x100	ok	raw	53501700
ms0\EU\DLCVOICE\181ae463.PDT	14	0x5e000	28672	0x100	ok	raw	53501900
ms0\EU\DLCVOICE\181ae463.PDT	15	0x65000	28672	0x100	ok	raw	53501b00
ms0\EU\DLCVOICE\181ae463.PDT	16	0x6c000	108544	0x100	ok	raw	53501d00
ms0\EU\DLCVOICE\181ae463.PDT	17	0x86800	32768	0x100	ok	raw	53501f00
ms0\EU\DLCVOICE\181ae463.PDT	18	0x8e800	30720	0x100	ok	raw	53502100
ms0\EU\DLCVOICE\181ae463.PDT	19	0x96000	26624	0x100	ok	raw	53502300
ms0\EU\DLCVOICE\181ae463.PDT	20	0x9c800	20480	0x100	ok	raw	53506e00
ms0\EU\DLCVOICE\181ae463.PDT	21	0xa1800	18432	0x100	ok	raw	53506f00
ms0\EU\DLCVOICE\181ae463.PDT	22	0xa6000	26624	0x100	ok	raw	53507000
ms0\EU\DLCVOICE\181ae463.PDT	23	0xac800	24576	0x100	ok	raw	53507100
ms0\EU\DLCVOICE\181ae463.PDT	24	0xb2800	18432	0x100	ok	raw	53507200
ms0\EU\DLCVOICE\181ae463.PDT	25	0xb7000	18432	0x100	ok	raw	53507300
ms0\EU\DLCVOICE\181ae463.PDT	26	0xbb800	24576	0x100	ok	raw	53507400
ms0\EU\DLCVOICE\181ae463.PDT	27	0xc1800	16384	0x100	ok	raw	53507500
ms0\EU\DLCVOICE\181ae463.PDT	28	0xc5800	18432	0x100	ok	raw	53507600
ms0\EU\DLCVOICE\181ae463.PDT	29	0xca000	18432	0x100	ok	raw	53507700
ms0\EU\DLCVOICE\181ae463.PDT	30	0xce800	22528	0x100	ok	raw	53507800
ms0\EU\DLCVOICE\181ae463.PDT	31	0xd4000	110592	0x100	ok	raw	53507900
ms0\EU\DLCVOICE\181ae463.PDT	32	0xef000	28672	0x100	ok	raw	53507a00
ms0\EU\DLCVOICE\181ae463.PDT	33	0xf6000	28672	0x100	ok	raw	53507b00
ms0\EU\DLCVOICE\181ae463.PDT	34	0xfd000	108544	0x100	ok	raw	53507c00
ms0\EU\DLCVOICE\181ae463.PDT	35	0x117800	32768	0x100	ok	raw	53507d00
ms0\EU\DLCVOICE\181ae463.PDT	36	0x11f800	30720	0x100	ok	raw	53507e00
ms0\EU\DLCVOICE\181ae463.PDT	37	0x127000	26624	0x100	ok	raw	53507f00
ms0\EU\DLCVOICE\181ae463.PDT	38	0x12d800	22528	0x100	ok	raw	5350c300
ms0\EU\DLCVOICE\181ae463.PDT	39	0x133000	24576	0x100	ok	raw	5350c400
ms0\EU\DLCVOICE\171ae461.PDT	0	0x1000	1101	0x100	ok	raw	444c4342
ms0\EU\DLCVOICE\171ae461.PDT	1	0x1800	47360	0x100	ok	raw	4c6f636b
ms0\EU\DLCVOICE\171ae461.PDT	2	0xd800	22528	0x100	ok	raw	53504f00
ms0\EU\DLCVOICE\171ae461.PDT	3	0x13000	24576	0x100	ok	raw	53504a00
ms0\EU\DLCVOICE\171ae461.PDT	4	0x19000	28672	0x100	ok	raw	53504b00
ms0\EU\DLCVOICE\171ae461.PDT	5	0x20000	26624	0x100	ok	raw	53504c00
ms0\EU\DLCVOICE\171ae461.PDT	6	0x26800	24576	0x100	ok	raw	53504d00
ms0\EU\DLCVOICE\171ae461.PDT	7	0x2c800	24576	0x100	ok	raw	53504e00
ms0\EU\DLCVOICE\171ae461.PDT	8	0x32800	22528	0x100	ok	raw	53504f00
ms0\EU\DLCVOICE\171ae461.PDT	9	0x38000	24576	0x100	ok	raw	53505000
ms0\EU\DLCVOICE\171ae461.PDT	10	0x3e000	16384	0x100	ok	raw	53505100
ms0\EU\DLCVOICE\171ae461.PDT	11	0x42000	24576	0x100	ok	raw	53505200
ms0\EU\DLCVOICE\171ae461.PDT	12	0x48000	26624	0x100	ok	raw	53505300
ms0\EU\DLCVOICE\171ae461.PDT	13	0x4e800	20480	0x100	ok	raw	53505400
ms0\EU\DLCVOICE\171ae461.PDT	14	0x53800	30720	0x100	ok	raw	53505500
ms0\EU\DLCVOICE\171ae461.PDT	15	0x5b000	22528	0x100	ok	raw	53505600
ms0\EU\DLCVOICE\171ae461.PDT	16	0x60800	22528	0x100	ok	raw	53505700
ms0\EU\DLCVOICE\171ae461.PDT	17	0x66000	24576	0x100	ok	raw	53505800
ms0\EU\DLCVOICE\171ae461.PDT	18	0x6c000	14336	0x100	ok	raw	53506300
ms0\EU\DLCVOICE\171ae461.PDT	19	0x6f800	14336	0x100	ok	raw	53506200
ms0\EU\DLCVOICE\171ae461.PDT	20	0x73000	14336	0x100	ok	raw	53506100
ms0\EU\DLCVOICE\171ae461.PDT	21	0x76800	14336	0x100	ok	raw	53506000
ms0\EU\DLCVOICE\171ae461.PDT	22	0x7a000	14336	0x100	ok	raw	53505f00
ms0\EU\DLCVOICE\171ae461.PDT	23	0x7d800	14336	0x100	ok	raw	53505e00
ms0\EU\DLCVOICE\171ae461.PDT	24	0x81000	14336	0x100	ok	raw	53505d00
ms0\EU\DLCVOICE\171ae461.PDT	25	0x84800	14336	0x100	ok	raw	53505c00
ms0\EU\DLCVOICE\171ae461.PDT	26	0x88000	14336	0x100	ok	raw	53505b00
ms0\EU\DLCVOICE\171ae461.PDT	27	0x8b800	14336	0x100	ok	raw	53505a00
ms0\EU\DLCVOICE\171ae461.PDT	28	0x8f000	16384	0x100	ok	raw	53505900
ms0\EU\DLCVOICE\171ae461.PDT	29	0x93000	24576	0x100	ok	raw	53506400
ms0\EU\DLCVOICE\171ae461.PDT	30	0x99000	22528	0x100	ok	raw	53506500
ms0\EU\DLCVOICE\171ae461.PDT	31	0x9e800	26624	0x100	ok	raw	53506600
ms0\EU\DLCVOICE\171ae461.PDT	32	0xa5000	22528	0x100	ok	raw	53506700
ms0\EU\DLCVOICE\171ae461.PDT	33	0xaa800	26624	0x100	ok	raw	53506800
ms0\EU\DLCVOICE\171ae461.PDT	34	0xb1000	22528	0x100	ok	raw	53506900
ms0\EU\DLCVOICE\171ae461.PDT	35	0xb6800	18432	0x100	ok	raw	53506a00
ms0\EU\DLCVOICE\171ae461.PDT	36	0xbb000	14336	0x100	ok	raw	53506b00
ms0\EU\DLCVOICE\171ae461.PDT	37	0xbe800	16384	0x100	ok	raw	53506c00
ms0\EU\DLCVOICE\171ae461.PDT	38	0xc2800	20480	0x100	ok	raw	53506d00
ms0\EU\DLCVOICE\171ae461.PDT	39	0xc7800	22528	0x100	ok	raw	53509e00
ms0\EU\DLCVOICE\171ae461.PDT	40	0xcd000	24576	0x100	ok	raw	53509f00
ms0\EU\DLCVOICE\171ae461.PDT	41	0xd3000	28672	0x100	ok	raw	5350a000
ms0\EU\DLCVOICE\171ae461.PDT	42	0xda000	26624	0x100	ok	raw	5350a100
ms0\EU\DLCVOICE\171ae461.PDT	43	0xe0800	20480	0x100	ok	raw	5350a200
ms0\EU\DLCVOICE\171ae461.PDT	44	0xe5800	24576	0x100	ok	raw	5350a300
ms0\EU\DLCVOICE\171ae461.PDT	45	0xeb800	22528	0x100	ok	raw	5350a400
ms0\EU\DLCVOICE\171ae461.PDT	46	0xf1000	16384	0x100	ok	raw	5350a500
ms0\EU\DLCVOICE\171ae461.PDT	47	0xf5000	20480	0x100	ok	raw	5350a600
ms0\EU\DLCVOICE\171ae461.PDT	48	0xfa000	24576	0x100	ok	raw	5350a700
ms0\EU\DLCVOICE\171ae461.PDT	49	0x100000	26624	0x100	ok	raw	5350a800
ms0\EU\DLCVOICE\171ae461.PDT	50	0x106800	20480	0x100	ok	raw	5350a900
ms0\EU\DLCVOICE\171ae461.PDT	51	0x10b800	30720	0x100	ok	raw	5350aa00
ms0\EU\DLCVOICE\171ae461.PDT	52	0x113000	22528	0x100	ok	raw	5350ab00
ms0\EU\DLCVOICE\171ae461.PDT	53	0x118800	22528	0x100	ok	raw	5350ac00
ms0\EU\DLCVOICE\171ae461.PDT	54	0x11e000	24576	0x100	ok	raw	5350ad00
ms0\EU\DLCVOICE\171ae461.PDT	55	0x124000	14336	0x100	ok	raw	5350b800
ms0\EU\DLCVOICE\171ae461.PDT	56	0x127800	14336	0x100	ok	raw	5350b700
ms0\EU\DLCVOICE\171ae461.PDT	57	0x12b000	14336	0x100	ok	raw	5350b600
ms0\EU\DLCVOICE\171ae461.PDT	58	0x12e800	14336	0x100	ok	raw	5350b500
ms0\EU\DLCVOICE\171ae461.PDT	59	0x132000	14336	0x100	ok	raw	5350b400
ms0\EU\DLCVOICE\171ae461.PDT	60	0x135800	14336	0x100	ok	raw	5350b300
ms0\EU\DLCVOICE\171ae461.PDT	61	0x139000	14336	0x100	ok	raw	5350b200
ms0\EU\DLCVOICE\171ae461.PDT	62	0x13c800	14336	0x100	ok	raw	5350b100
ms0\EU\DLCVOICE\171ae461.PDT	63	0x140000	14336	0x100	ok	raw	5350b000
ms0\EU\DLCVOICE\171ae461.PDT	64	0x143800	14336	0x100	ok	raw	5350af00
ms0\EU\DLCVOICE\171ae461.PDT	65	0x147000	16384	0x100	ok	raw	5350ae00
ms0\EU\DLCVOICE\171ae461.PDT	66	0x14b000	24576	0x100	ok	raw	5350b900
ms0\EU\DLCVOICE\171ae461.PDT	67	0x151000	22528	0x100	ok	raw	5350ba00
ms0\EU\DLCVOICE\171ae461.PDT	68	0x156800	26624	0x100	ok	raw	5350bb00
ms0\EU\DLCVOICE\171ae461.PDT	69	0x15d000	22528	0x100	ok	raw	5350bc00
ms0\EU\DLCVOICE\171ae461.PDT	70	0x162800	26624	0x100	ok	raw	5350bd00
ms0\EU\DLCVOICE\171ae461.PDT	71	0x169000	22528	0x100	ok	raw	5350be00
ms0\EU\DLCVOICE\171ae461.PDT	72	0x16e800	20480	0x100	ok	raw	5350bf00
ms0\EU\DLCVOICE\171ae461.PDT	73	0x173800	14336	0x100	ok	raw	5350c000
ms0\EU\DLCVOICE\171ae461.PDT	74	0x177000	16384	0x100	ok	raw	5350c100
ms0\EU\DLCVOICE\171ae461.PDT	75	0x17b000	20480	0x100	ok	raw	5350c200
MLG\disc0_rel\ADEMOHQ\0058d756.pdt	0	0x800	818696	0x100	ok	raw	46454c07
MLG\disc0_rel\ADEMOHQ\0058d756.pdt	1	0xc8800	533544	0x100	ok	raw	46454c07
MLG\disc0_rel\ADEMOHQ\0058d756.pdt	2	0x14b000	328312	0x100	ok	raw	46454c07
MLG\disc0_rel\ADEMOHQ\0058d756.pdt	3	0x19b800	128277168	0x100	ok	raw	00000000
MLG\disc0_rel\ADEMOHQ\0058dab6.pdt	0	0x800	1282248	0x100	ok	raw	46454c07
MLG\disc0_rel\ADEMOHQ\0058dab6.pdt	1	0x13a000	524992	0x100	ok	raw	46454c07
MLG\disc0_rel\ADEMOHQ\0058dab6.pdt	2	0x1ba800	486652	0x100	ok	raw	46454c07
MLG\disc0_rel\ADEMOHQ\0058dab6.pdt	3	0x231800	289360	0x100	ok	raw	46454c07
MLG\disc0_rel\ADEMOHQ\0058dab6.pdt	4	0x278800	117722560	0x100	ok	raw	00000000
