location	bytes	magic	text_runs	samples
C:\Program Files (x86)\Steam\steamapps\common\MGS_PW\mgspw\MLG\disc0_rel\00b2b475.PDT:entry0@0x2000	14336	53506d03	0	
C:\Program Files (x86)\Steam\steamapps\common\MGS_PW\mgspw\MLG\disc0_rel\00b2b475.PDT:entry1@0x5800	14336	53506e03	0	
C:\Program Files (x86)\Steam\steamapps\common\MGS_PW\mgspw\MLG\disc0_rel\00b2b475.PDT:entry2@0x9000	14336	53506f03	0	
C:\Program Files (x86)\Steam\steamapps\common\MGS_PW\mgspw\MLG\disc0_rel\00b2b475.PDT:entry3@0xc800	18432	53507003	0	
C:\Program Files (x86)\Steam\steamapps\common\MGS_PW\mgspw\MLG\disc0_rel\00b2b475.PDT:entry4@0x11000	18432	53507103	0	
C:\Program Files (x86)\Steam\steamapps\common\MGS_PW\mgspw\MLG\disc0_rel\00b2b475.PDT:entry5@0x15800	16384	53507203	0	
C:\Program Files (x86)\Steam\steamapps\common\MGS_PW\mgspw\MLG\disc0_rel\00b2b475.PDT:entry6@0x19800	12288	53507303	0	
C:\Program Files (x86)\Steam\steamapps\common\MGS_PW\mgspw\MLG\disc0_rel\00b2b475.PDT:entry7@0x1c800	12288	53507403	0	
C:\Program Files (x86)\Steam\steamapps\common\MGS_PW\mgspw\MLG\disc0_rel\00b2b475.PDT:entry8@0x1f800	12288	53507503	0	
C:\Program Files (x86)\Steam\steamapps\common\MGS_PW\mgspw\MLG\disc0_rel\00b2b475.PDT:entry9@0x22800	12288	53507603	0	
C:\Program Files (x86)\Steam\steamapps\common\MGS_PW\mgspw\MLG\disc0_rel\00b2b475.PDT:entry10@0x25800	10240	53507703	0	
C:\Program Files (x86)\Steam\steamapps\common\MGS_PW\mgspw\MLG\disc0_rel\00b2b475.PDT:entry11@0x28000	12288	53507803	0	
C:\Program Files (x86)\Steam\steamapps\common\MGS_PW\mgspw\MLG\disc0_rel\00b2b475.PDT:entry12@0x2b000	14336	53507903	0	
C:\Program Files (x86)\Steam\steamapps\common\MGS_PW\mgspw\MLG\disc0_rel\00b2b475.PDT:entry13@0x2e800	14336	53507a03	0	
C:\Program Files (x86)\Steam\steamapps\common\MGS_PW\mgspw\MLG\disc0_rel\00b2b475.PDT:entry14@0x32000	16384	53507b03	0	
C:\Program Files (x86)\Steam\steamapps\common\MGS_PW\mgspw\MLG\disc0_rel\00b2b475.PDT:entry15@0x36000	14336	53507c03	0	
C:\Program Files (x86)\Steam\steamapps\common\MGS_PW\mgspw\MLG\disc0_rel\00b2b475.PDT:entry16@0x39800	14336	53507d03	0	
C:\Program Files (x86)\Steam\steamapps\common\MGS_PW\mgspw\MLG\disc0_rel\00b2b475.PDT:entry17@0x3d000	14336	53507e03	0	
C:\Program Files (x86)\Steam\steamapps\common\MGS_PW\mgspw\MLG\disc0_rel\00b2b475.PDT:entry18@0x40800	12288	53507f03	0	
C:\Program Files (x86)\Steam\steamapps\common\MGS_PW\mgspw\MLG\disc0_rel\00b2b475.PDT:entry19@0x43800	14336	53508003	0	
C:\Program Files (x86)\Steam\steamapps\common\MGS_PW\mgspw\MLG\disc0_rel\00b2b475.PDT:entry20@0x47000	12288	53508103	0	
C:\Program Files (x86)\Steam\steamapps\common\MGS_PW\mgspw\MLG\disc0_rel\00b2b475.PDT:entry21@0x4a000	10240	53508203	0	
C:\Program Files (x86)\Steam\steamapps\common\MGS_PW\mgspw\MLG\disc0_rel\00b2b475.PDT:entry22@0x4c800	16384	53508303	0	
C:\Program Files (x86)\Steam\steamapps\common\MGS_PW\mgspw\MLG\disc0_rel\00b2b475.PDT:entry23@0x50800	16384	53508403	0	
C:\Program Files (x86)\Steam\steamapps\common\MGS_PW\mgspw\MLG\disc0_rel\00b2b475.PDT:entry24@0x54800	18432	53508503	0	
C:\Program Files (x86)\Steam\steamapps\common\MGS_PW\mgspw\MLG\disc0_rel\00b2b475.PDT:entry25@0x59000	16384	53508603	0	
C:\Program Files (x86)\Steam\steamapps\common\MGS_PW\mgspw\MLG\disc0_rel\00b2b475.PDT:entry26@0x5d000	16384	53508703	0	
C:\Program Files (x86)\Steam\steamapps\common\MGS_PW\mgspw\MLG\disc0_rel\00b2b475.PDT:entry27@0x61000	16384	53508803	0	
C:\Program Files (x86)\Steam\steamapps\common\MGS_PW\mgspw\MLG\disc0_rel\00b2b475.PDT:entry28@0x65000	12288	53508903	0	
C:\Program Files (x86)\Steam\steamapps\common\MGS_PW\mgspw\MLG\disc0_rel\00b2b475.PDT:entry29@0x68000	18432	53508a03	0	
C:\Program Files (x86)\Steam\steamapps\common\MGS_PW\mgspw\MLG\disc0_rel\00b2b475.PDT:entry30@0x6c800	14336	53508b03	0	
C:\Program Files (x86)\Steam\steamapps\common\MGS_PW\mgspw\MLG\disc0_rel\00b2b475.PDT:entry31@0x70000	10240	53508c03	0	
C:\Program Files (x86)\Steam\steamapps\common\MGS_PW\mgspw\MLG\disc0_rel\00b2b475.PDT:entry32@0x72800	10240	53508d03	0	
C:\Program Files (x86)\Steam\steamapps\common\MGS_PW\mgspw\MLG\disc0_rel\00b2b475.PDT:entry33@0x75000	10240	53508e03	0	
C:\Program Files (x86)\Steam\steamapps\common\MGS_PW\mgspw\MLG\disc0_rel\00b2b475.PDT:entry34@0x77800	10240	53508f03	0	
C:\Program Files (x86)\Steam\steamapps\common\MGS_PW\mgspw\MLG\disc0_rel\00b2b475.PDT:entry35@0x7a000	12288	53509003	0	
C:\Program Files (x86)\Steam\steamapps\common\MGS_PW\mgspw\MLG\disc0_rel\00b2b475.PDT:entry36@0x7d000	12288	53509103	0	
C:\Program Files (x86)\Steam\steamapps\common\MGS_PW\mgspw\MLG\disc0_rel\00b2b475.PDT:entry37@0x80000	12288	53509203	0	
C:\Program Files (x86)\Steam\steamapps\common\MGS_PW\mgspw\MLG\disc0_rel\00b2b475.PDT:entry38@0x83000	12288	53509303	0	
C:\Program Files (x86)\Steam\steamapps\common\MGS_PW\mgspw\MLG\disc0_rel\00b2b475.PDT:entry39@0x86000	14336	53509403	0	
C:\Program Files (x86)\Steam\steamapps\common\MGS_PW\mgspw\MLG\disc0_rel\00b2b475.PDT:entry40@0x89800	14336	53509503	0	
C:\Program Files (x86)\Steam\steamapps\common\MGS_PW\mgspw\MLG\disc0_rel\00b2b475.PDT:entry41@0x8d000	14336	53509603	0	
C:\Program Files (x86)\Steam\steamapps\common\MGS_PW\mgspw\MLG\disc0_rel\00b2b475.PDT:entry42@0x90800	16384	53509703	0	
C:\Program Files (x86)\Steam\steamapps\common\MGS_PW\mgspw\MLG\disc0_rel\00b2b475.PDT:entry43@0x94800	14336	53509803	0	
C:\Program Files (x86)\Steam\steamapps\common\MGS_PW\mgspw\MLG\disc0_rel\00b2b475.PDT:entry44@0x98000	10240	53509903	0	
C:\Program Files (x86)\Steam\steamapps\common\MGS_PW\mgspw\MLG\disc0_rel\00b2b475.PDT:entry45@0x9a800	10240	53509a03	0	
C:\Program Files (x86)\Steam\steamapps\common\MGS_PW\mgspw\MLG\disc0_rel\00b2b475.PDT:entry46@0x9d000	10240	53509b03	0	
C:\Program Files (x86)\Steam\steamapps\common\MGS_PW\mgspw\MLG\disc0_rel\00b2b475.PDT:entry47@0x9f800	12288	53509c03	0	
C:\Program Files (x86)\Steam\steamapps\common\MGS_PW\mgspw\MLG\disc0_rel\00b2b475.PDT:entry48@0xa2800	14336	53509d03	0	
C:\Program Files (x86)\Steam\steamapps\common\MGS_PW\mgspw\MLG\disc0_rel\00b2b475.PDT:entry49@0xa6000	16384	53509e03	0	
C:\Program Files (x86)\Steam\steamapps\common\MGS_PW\mgspw\MLG\disc0_rel\00b2b475.PDT:entry50@0xaa000	14336	53509f03	0	
C:\Program Files (x86)\Steam\steamapps\common\MGS_PW\mgspw\MLG\disc0_rel\00b2b475.PDT:entry51@0xad800	14336	5350a003	0	
C:\Program Files (x86)\Steam\steamapps\common\MGS_PW\mgspw\MLG\disc0_rel\00b2b475.PDT:entry52@0xb1000	12288	5350a103	0	
C:\Program Files (x86)\Steam\steamapps\common\MGS_PW\mgspw\MLG\disc0_rel\00b2b475.PDT:entry53@0xb4000	12288	5350a203	0	
C:\Program Files (x86)\Steam\steamapps\common\MGS_PW\mgspw\MLG\disc0_rel\00b2b475.PDT:entry54@0xb7000	14336	5350a303	0	
C:\Program Files (x86)\Steam\steamapps\common\MGS_PW\mgspw\MLG\disc0_rel\00b2b475.PDT:entry55@0xba800	12288	5350a403	0	
C:\Program Files (x86)\Steam\steamapps\common\MGS_PW\mgspw\MLG\disc0_rel\00b2b475.PDT:entry56@0xbd800	8192	5350a503	0	
C:\Program Files (x86)\Steam\steamapps\common\MGS_PW\mgspw\MLG\disc0_rel\00b2b475.PDT:entry57@0xbf800	10240	5350a603	0	
C:\Program Files (x86)\Steam\steamapps\common\MGS_PW\mgspw\MLG\disc0_rel\00b2b475.PDT:entry58@0xc2000	10240	5350a703	0	
C:\Program Files (x86)\Steam\steamapps\common\MGS_PW\mgspw\MLG\disc0_rel\00b2b475.PDT:entry59@0xc4800	18432	5350a803	0	
C:\Program Files (x86)\Steam\steamapps\common\MGS_PW\mgspw\MLG\disc0_rel\00b2b475.PDT:entry60@0xc9000	18432	5350a903	0	
C:\Program Files (x86)\Steam\steamapps\common\MGS_PW\mgspw\MLG\disc0_rel\00b2b475.PDT:entry61@0xcd800	16384	5350aa03	0	
C:\Program Files (x86)\Steam\steamapps\common\MGS_PW\mgspw\MLG\disc0_rel\00b2b475.PDT:entry62@0xd1800	26624	5350ab03	0	
C:\Program Files (x86)\Steam\steamapps\common\MGS_PW\mgspw\MLG\disc0_rel\00b2b475.PDT:entry63@0xd8000	14336	5350ac03	0	
C:\Program Files (x86)\Steam\steamapps\common\MGS_PW\mgspw\MLG\disc0_rel\00b2b475.PDT:entry64@0xdb800	18432	5350ad03	0	
C:\Program Files (x86)\Steam\steamapps\common\MGS_PW\mgspw\MLG\disc0_rel\00b2b475.PDT:entry65@0xe0000	18432	5350ae03	0	
C:\Program Files (x86)\Steam\steamapps\common\MGS_PW\mgspw\MLG\disc0_rel\00b2b475.PDT:entry66@0xe4800	20480	5350af03	0	
C:\Program Files (x86)\Steam\steamapps\common\MGS_PW\mgspw\MLG\disc0_rel\00b2b475.PDT:entry67@0xe9800	10240	5350b003	0	
C:\Program Files (x86)\Steam\steamapps\common\MGS_PW\mgspw\MLG\disc0_rel\00b2b475.PDT:entry68@0xec000	10240	5350b103	0	
C:\Program Files (x86)\Steam\steamapps\common\MGS_PW\mgspw\MLG\disc0_rel\00b2b475.PDT:entry69@0xee800	10240	5350b203	0	
C:\Program Files (x86)\Steam\steamapps\common\MGS_PW\mgspw\MLG\disc0_rel\00b2b475.PDT:entry70@0xf1000	16384	5350b303	0	
C:\Program Files (x86)\Steam\steamapps\common\MGS_PW\mgspw\MLG\disc0_rel\00b2b475.PDT:entry71@0xf5000	12288	5350b403	0	
C:\Program Files (x86)\Steam\steamapps\common\MGS_PW\mgspw\MLG\disc0_rel\00b2b475.PDT:entry72@0xf8000	12288	5350b503	0	
C:\Program Files (x86)\Steam\steamapps\common\MGS_PW\mgspw\MLG\disc0_rel\00b2b475.PDT:entry73@0xfb000	12288	5350b603	0	
C:\Program Files (x86)\Steam\steamapps\common\MGS_PW\mgspw\MLG\disc0_rel\00b2b475.PDT:entry74@0xfe000	8192	5350b703	0	
C:\Program Files (x86)\Steam\steamapps\common\MGS_PW\mgspw\MLG\disc0_rel\00b2b475.PDT:entry75@0x100000	14336	5350b803	0	
C:\Program Files (x86)\Steam\steamapps\common\MGS_PW\mgspw\MLG\disc0_rel\00b2b475.PDT:entry76@0x103800	14336	5350b903	0	
C:\Program Files (x86)\Steam\steamapps\common\MGS_PW\mgspw\MLG\disc0_rel\00b2b475.PDT:entry77@0x107000	20480	5350ba03	0	
C:\Program Files (x86)\Steam\steamapps\common\MGS_PW\mgspw\MLG\disc0_rel\00b2b475.PDT:entry78@0x10c000	18432	5350bb03	0	
C:\Program Files (x86)\Steam\steamapps\common\MGS_PW\mgspw\MLG\disc0_rel\00b2b475.PDT:entry79@0x110800	18432	5350bc03	0	
C:\Program Files (x86)\Steam\steamapps\common\MGS_PW\mgspw\MLG\disc0_rel\00b2b475.PDT:entry80@0x115000	12288	5350bd03	0	
C:\Program Files (x86)\Steam\steamapps\common\MGS_PW\mgspw\MLG\disc0_rel\00b2b475.PDT:entry81@0x118000	12288	5350be03	0	
C:\Program Files (x86)\Steam\steamapps\common\MGS_PW\mgspw\MLG\disc0_rel\00b2b475.PDT:entry82@0x11b000	12288	5350bf03	0	
C:\Program Files (x86)\Steam\steamapps\common\MGS_PW\mgspw\MLG\disc0_rel\00b2b475.PDT:entry83@0x11e000	20480	5350c003	0	
C:\Program Files (x86)\Steam\steamapps\common\MGS_PW\mgspw\MLG\disc0_rel\00b2b475.PDT:entry84@0x123000	22528	5350c103	0	
C:\Program Files (x86)\Steam\steamapps\common\MGS_PW\mgspw\MLG\disc0_rel\00b2b475.PDT:entry85@0x128800	14336	5350c203	0	
C:\Program Files (x86)\Steam\steamapps\common\MGS_PW\mgspw\MLG\disc0_rel\00b2b475.PDT:entry86@0x12c000	16384	53506c07	0	
C:\Program Files (x86)\Steam\steamapps\common\MGS_PW\mgspw\MLG\disc0_rel\00b2b475.PDT:entry87@0x130000	18432	53506d07	0	
C:\Program Files (x86)\Steam\steamapps\common\MGS_PW\mgspw\MLG\disc0_rel\00b2b475.PDT:entry88@0x134800	20480	53506e07	0	
C:\Program Files (x86)\Steam\steamapps\common\MGS_PW\mgspw\MLG\disc0_rel\00b2b475.PDT:entry89@0x139800	10240	53506f07	0	
C:\Program Files (x86)\Steam\steamapps\common\MGS_PW\mgspw\MLG\disc0_rel\00b2b475.PDT:entry90@0x13c000	14336	53507007	0	
C:\Program Files (x86)\Steam\steamapps\common\MGS_PW\mgspw\MLG\disc0_rel\00b2b475.PDT:entry91@0x13f800	12288	53507107	0	
C:\Program Files (x86)\Steam\steamapps\common\MGS_PW\mgspw\MLG\disc0_rel\00b2b475.PDT:entry92@0x142800	12288	53507207	0	
C:\Program Files (x86)\Steam\steamapps\common\MGS_PW\mgspw\MLG\disc0_rel\00b2b475.PDT:entry93@0x145800	12288	53507307	0	
C:\Program Files (x86)\Steam\steamapps\common\MGS_PW\mgspw\MLG\disc0_rel\00b2b475.PDT:entry94@0x148800	18432	53507407	0	
C:\Program Files (x86)\Steam\steamapps\common\MGS_PW\mgspw\MLG\disc0_rel\00b2b475.PDT:entry95@0x14d000	14336	53507507	0	
C:\Program Files (x86)\Steam\steamapps\common\MGS_PW\mgspw\MLG\disc0_rel\00b2b475.PDT:entry96@0x150800	14336	53507607	0	
C:\Program Files (x86)\Steam\steamapps\common\MGS_PW\mgspw\MLG\disc0_rel\00b2b475.PDT:entry97@0x154000	14336	53507707	0	
C:\Program Files (x86)\Steam\steamapps\common\MGS_PW\mgspw\MLG\disc0_rel\00b2b475.PDT:entry98@0x157800	12288	53507807	0	
C:\Program Files (x86)\Steam\steamapps\common\MGS_PW\mgspw\MLG\disc0_rel\00b2b475.PDT:entry99@0x15a800	14336	53507907	0	
C:\Program Files (x86)\Steam\steamapps\common\MGS_PW\mgspw\MLG\disc0_rel\00b2b475.PDT:entry100@0x15e000	10240	53507d07	0	
C:\Program Files (x86)\Steam\steamapps\common\MGS_PW\mgspw\MLG\disc0_rel\00b2b475.PDT:entry101@0x160800	8192	53507e07	0	
C:\Program Files (x86)\Steam\steamapps\common\MGS_PW\mgspw\MLG\disc0_rel\00b2b475.PDT:entry102@0x162800	8192	53507f07	0	
C:\Program Files (x86)\Steam\steamapps\common\MGS_PW\mgspw\MLG\disc0_rel\00b2b475.PDT:entry103@0x164800	10240	53508007	0	
C:\Program Files (x86)\Steam\steamapps\common\MGS_PW\mgspw\MLG\disc0_rel\00b2b475.PDT:entry104@0x167000	12288	53508107	0	
C:\Program Files (x86)\Steam\steamapps\common\MGS_PW\mgspw\MLG\disc0_rel\00b2b475.PDT:entry105@0x16a000	10240	53508207	0	
C:\Program Files (x86)\Steam\steamapps\common\MGS_PW\mgspw\MLG\disc0_rel\00b2b475.PDT:entry106@0x16c800	12288	53508307	0	
C:\Program Files (x86)\Steam\steamapps\common\MGS_PW\mgspw\MLG\disc0_rel\00b2b475.PDT:entry107@0x16f800	14336	53508407	0	
C:\Program Files (x86)\Steam\steamapps\common\MGS_PW\mgspw\MLG\disc0_rel\00b2b475.PDT:entry108@0x173000	10240	53508507	0	
C:\Program Files (x86)\Steam\steamapps\common\MGS_PW\mgspw\MLG\disc0_rel\00b2b475.PDT:entry109@0x175800	10240	53508607	0	
C:\Program Files (x86)\Steam\steamapps\common\MGS_PW\mgspw\MLG\disc0_rel\00b2b475.PDT:entry110@0x178000	12288	53508707	0	
C:\Program Files (x86)\Steam\steamapps\common\MGS_PW\mgspw\MLG\disc0_rel\00b2b475.PDT:entry111@0x17b000	10240	53508807	0	
C:\Program Files (x86)\Steam\steamapps\common\MGS_PW\mgspw\MLG\disc0_rel\00b2b475.PDT:entry112@0x17d800	12288	53508907	0	
C:\Program Files (x86)\Steam\steamapps\common\MGS_PW\mgspw\MLG\disc0_rel\00b2b475.PDT:entry113@0x180800	8192	53508a07	0	
C:\Program Files (x86)\Steam\steamapps\common\MGS_PW\mgspw\MLG\disc0_rel\00b2b475.PDT:entry114@0x182800	12288	53508b07	0	
C:\Program Files (x86)\Steam\steamapps\common\MGS_PW\mgspw\MLG\disc0_rel\00b2b475.PDT:entry115@0x185800	14336	53508c07	0	
C:\Program Files (x86)\Steam\steamapps\common\MGS_PW\mgspw\MLG\disc0_rel\00b2b475.PDT:entry116@0x189000	22528	53508d07	0	
C:\Program Files (x86)\Steam\steamapps\common\MGS_PW\mgspw\MLG\disc0_rel\00b2b475.PDT:entry117@0x18e800	10240	53508e07	0	
C:\Program Files (x86)\Steam\steamapps\common\MGS_PW\mgspw\MLG\disc0_rel\00b2b475.PDT:entry118@0x191000	8192	53508f07	0	
C:\Program Files (x86)\Steam\steamapps\common\MGS_PW\mgspw\MLG\disc0_rel\00b2b475.PDT:entry119@0x193000	10240	53509007	0	
C:\Program Files (x86)\Steam\steamapps\common\MGS_PW\mgspw\MLG\disc0_rel\00b2b475.PDT:entry120@0x195800	10240	53509107	0	
C:\Program Files (x86)\Steam\steamapps\common\MGS_PW\mgspw\MLG\disc0_rel\00b2b475.PDT:entry121@0x198000	8192	53509207	0	
C:\Program Files (x86)\Steam\steamapps\common\MGS_PW\mgspw\MLG\disc0_rel\00b2b475.PDT:entry122@0x19a000	8192	53509307	0	
C:\Program Files (x86)\Steam\steamapps\common\MGS_PW\mgspw\MLG\disc0_rel\00b2b475.PDT:entry123@0x19c000	8192	53509407	0	
C:\Program Files (x86)\Steam\steamapps\common\MGS_PW\mgspw\MLG\disc0_rel\00b2b475.PDT:entry124@0x19e000	10240	53509507	0	
C:\Program Files (x86)\Steam\steamapps\common\MGS_PW\mgspw\MLG\disc0_rel\00b2b475.PDT:entry125@0x1a0800	8192	53509607	0	
C:\Program Files (x86)\Steam\steamapps\common\MGS_PW\mgspw\MLG\disc0_rel\00b2b475.PDT:entry126@0x1a2800	10240	53509707	0	
C:\Program Files (x86)\Steam\steamapps\common\MGS_PW\mgspw\MLG\disc0_rel\00b2b475.PDT:entry127@0x1a5000	10240	53509807	0	
C:\Program Files (x86)\Steam\steamapps\common\MGS_PW\mgspw\MLG\disc0_rel\00b2b475.PDT:entry128@0x1a7800	10240	53509907	0	
C:\Program Files (x86)\Steam\steamapps\common\MGS_PW\mgspw\MLG\disc0_rel\00b2b475.PDT:entry129@0x1aa000	12288	53509a07	0	
C:\Program Files (x86)\Steam\steamapps\common\MGS_PW\mgspw\MLG\disc0_rel\00b2b475.PDT:entry130@0x1ad000	14336	53509b07	0	
C:\Program Files (x86)\Steam\steamapps\common\MGS_PW\mgspw\MLG\disc0_rel\00b2b475.PDT:entry131@0x1b0800	12288	53509c07	0	
C:\Program Files (x86)\Steam\steamapps\common\MGS_PW\mgspw\MLG\disc0_rel\00b2b475.PDT:entry132@0x1b3800	16384	53509d07	0	
C:\Program Files (x86)\Steam\steamapps\common\MGS_PW\mgspw\MLG\disc0_rel\00b2b475.PDT:entry133@0x1b7800	8192	53509e07	0	
C:\Program Files (x86)\Steam\steamapps\common\MGS_PW\mgspw\MLG\disc0_rel\00b2b475.PDT:entry134@0x1b9800	12288	53509f07	0	
C:\Program Files (x86)\Steam\steamapps\common\MGS_PW\mgspw\MLG\disc0_rel\00b2b475.PDT:entry135@0x1bc800	18432	5350a007	0	
C:\Program Files (x86)\Steam\steamapps\common\MGS_PW\mgspw\MLG\disc0_rel\00b2b475.PDT:entry136@0x1c1000	12288	5350a107	0	
C:\Program Files (x86)\Steam\steamapps\common\MGS_PW\mgspw\MLG\disc0_rel\00b2b475.PDT:entry137@0x1c4000	10240	5350a207	0	
C:\Program Files (x86)\Steam\steamapps\common\MGS_PW\mgspw\MLG\disc0_rel\00b2b475.PDT:entry138@0x1c6800	16384	5350a307	0	
C:\Program Files (x86)\Steam\steamapps\common\MGS_PW\mgspw\MLG\disc0_rel\00b2b475.PDT:entry139@0x1ca800	10240	5350a407	0	
C:\Program Files (x86)\Steam\steamapps\common\MGS_PW\mgspw\MLG\disc0_rel\00b2b475.PDT:entry140@0x1cd000	12288	5350a507	0	
C:\Program Files (x86)\Steam\steamapps\common\MGS_PW\mgspw\MLG\disc0_rel\00b2b475.PDT:entry141@0x1d0000	12288	5350a607	0	
C:\Program Files (x86)\Steam\steamapps\common\MGS_PW\mgspw\MLG\disc0_rel\00b2b475.PDT:entry142@0x1d3000	12288	5350a707	0	
C:\Program Files (x86)\Steam\steamapps\common\MGS_PW\mgspw\MLG\disc0_rel\00b2b475.PDT:entry143@0x1d6000	14336	5350a807	0	
C:\Program Files (x86)\Steam\steamapps\common\MGS_PW\mgspw\MLG\disc0_rel\00b2b475.PDT:entry144@0x1d9800	12288	5350a907	0	
C:\Program Files (x86)\Steam\steamapps\common\MGS_PW\mgspw\MLG\disc0_rel\00b2b475.PDT:entry145@0x1dc800	10240	5350aa07	0	
C:\Program Files (x86)\Steam\steamapps\common\MGS_PW\mgspw\MLG\disc0_rel\00b2b475.PDT:entry146@0x1df000	12288	5350ab07	0	
C:\Program Files (x86)\Steam\steamapps\common\MGS_PW\mgspw\MLG\disc0_rel\00b2b475.PDT:entry147@0x1e2000	10240	5350ac07	0	
C:\Program Files (x86)\Steam\steamapps\common\MGS_PW\mgspw\MLG\disc0_rel\00b2b475.PDT:entry148@0x1e4800	8192	5350ad07	0	
C:\Program Files (x86)\Steam\steamapps\common\MGS_PW\mgspw\MLG\disc0_rel\00b2b475.PDT:entry149@0x1e6800	10240	5350ae07	0	
C:\Program Files (x86)\Steam\steamapps\common\MGS_PW\mgspw\MLG\disc0_rel\00b2b475.PDT:entry150@0x1e9000	8192	5350af07	0	
C:\Program Files (x86)\Steam\steamapps\common\MGS_PW\mgspw\MLG\disc0_rel\00b2b475.PDT:entry151@0x1eb000	10240	5350b007	0	
C:\Program Files (x86)\Steam\steamapps\common\MGS_PW\mgspw\MLG\disc0_rel\00b2b475.PDT:entry152@0x1ed800	10240	5350b107	0	
C:\Program Files (x86)\Steam\steamapps\common\MGS_PW\mgspw\MLG\disc0_rel\00b2b475.PDT:entry153@0x1f0000	10240	5350b207	0	
C:\Program Files (x86)\Steam\steamapps\common\MGS_PW\mgspw\MLG\disc0_rel\00b2b475.PDT:entry154@0x1f2800	10240	5350b307	0	
C:\Program Files (x86)\Steam\steamapps\common\MGS_PW\mgspw\MLG\disc0_rel\00b2b475.PDT:entry155@0x1f5000	10240	5350b407	0	
C:\Program Files (x86)\Steam\steamapps\common\MGS_PW\mgspw\MLG\disc0_rel\00b2b475.PDT:entry156@0x1f7800	12288	5350b507	0	
C:\Program Files (x86)\Steam\steamapps\common\MGS_PW\mgspw\MLG\disc0_rel\00b2b475.PDT:entry157@0x1fa800	8192	5350b607	0	
C:\Program Files (x86)\Steam\steamapps\common\MGS_PW\mgspw\MLG\disc0_rel\00b2b475.PDT:entry158@0x1fc800	8192	5350b707	0	
C:\Program Files (x86)\Steam\steamapps\common\MGS_PW\mgspw\MLG\disc0_rel\00b2b475.PDT:entry159@0x1fe800	10240	5350b807	0	
C:\Program Files (x86)\Steam\steamapps\common\MGS_PW\mgspw\MLG\disc0_rel\00b2b475.PDT:entry160@0x201000	12288	5350b907	0	
C:\Program Files (x86)\Steam\steamapps\common\MGS_PW\mgspw\MLG\disc0_rel\00b2b475.PDT:entry161@0x204000	8192	5350ba07	0	
C:\Program Files (x86)\Steam\steamapps\common\MGS_PW\mgspw\MLG\disc0_rel\00b2b475.PDT:entry162@0x206000	8192	5350bb07	0	
C:\Program Files (x86)\Steam\steamapps\common\MGS_PW\mgspw\MLG\disc0_rel\00b2b475.PDT:entry163@0x208000	14336	5350bc07	0	
C:\Program Files (x86)\Steam\steamapps\common\MGS_PW\mgspw\MLG\disc0_rel\00b2b475.PDT:entry164@0x20b800	12288	5350bd07	0	
C:\Program Files (x86)\Steam\steamapps\common\MGS_PW\mgspw\MLG\disc0_rel\00b2b475.PDT:entry165@0x20e800	10240	5350be07	0	
C:\Program Files (x86)\Steam\steamapps\common\MGS_PW\mgspw\MLG\disc0_rel\00b2b475.PDT:entry166@0x211000	16384	5350bf07	0	
C:\Program Files (x86)\Steam\steamapps\common\MGS_PW\mgspw\MLG\disc0_rel\00b2b475.PDT:entry167@0x215000	14336	5350c007	0	
C:\Program Files (x86)\Steam\steamapps\common\MGS_PW\mgspw\MLG\disc0_rel\00b2b475.PDT:entry168@0x218800	12288	5350c107	0	
C:\Program Files (x86)\Steam\steamapps\common\MGS_PW\mgspw\MLG\disc0_rel\00b2b475.PDT:entry169@0x21b800	12288	5350c207	0	
C:\Program Files (x86)\Steam\steamapps\common\MGS_PW\mgspw\MLG\disc0_rel\00b2b475.PDT:entry170@0x21e800	10240	5350c307	0	
C:\Program Files (x86)\Steam\steamapps\common\MGS_PW\mgspw\MLG\disc0_rel\00b2b475.PDT:entry171@0x221000	10240	5350c407	0	
C:\Program Files (x86)\Steam\steamapps\common\MGS_PW\mgspw\MLG\disc0_rel\00b2b475.PDT:entry172@0x223800	14336	5350c507	0	
C:\Program Files (x86)\Steam\steamapps\common\MGS_PW\mgspw\MLG\disc0_rel\00b2b475.PDT:entry173@0x227000	8192	5350c607	0	
C:\Program Files (x86)\Steam\steamapps\common\MGS_PW\mgspw\MLG\disc0_rel\00b2b475.PDT:entry174@0x229000	14336	5350c707	0	
C:\Program Files (x86)\Steam\steamapps\common\MGS_PW\mgspw\MLG\disc0_rel\00b2b475.PDT:entry175@0x22c800	10240	5350c807	0	
C:\Program Files (x86)\Steam\steamapps\common\MGS_PW\mgspw\MLG\disc0_rel\00b2b475.PDT:entry176@0x22f000	8192	5350c907	0	
C:\Program Files (x86)\Steam\steamapps\common\MGS_PW\mgspw\MLG\disc0_rel\00b2b475.PDT:entry177@0x231000	10240	5350ca07	0	
C:\Program Files (x86)\Steam\steamapps\common\MGS_PW\mgspw\MLG\disc0_rel\00b2b475.PDT:entry178@0x233800	14336	5350cb07	0	
C:\Program Files (x86)\Steam\steamapps\common\MGS_PW\mgspw\MLG\disc0_rel\00b2b475.PDT:entry179@0x237000	12288	5350cc07	0	
C:\Program Files (x86)\Steam\steamapps\common\MGS_PW\mgspw\MLG\disc0_rel\00b2b475.PDT:entry180@0x23a000	8192	5350cd07	0	
C:\Program Files (x86)\Steam\steamapps\common\MGS_PW\mgspw\MLG\disc0_rel\00b2b475.PDT:entry181@0x23c000	10240	5350ce07	0	
C:\Program Files (x86)\Steam\steamapps\common\MGS_PW\mgspw\MLG\disc0_rel\00b2b475.PDT:entry182@0x23e800	18432	5350cf07	0	
C:\Program Files (x86)\Steam\steamapps\common\MGS_PW\mgspw\MLG\disc0_rel\00b2b475.PDT:entry183@0x243000	10240	5350d007	0	
C:\Program Files (x86)\Steam\steamapps\common\MGS_PW\mgspw\MLG\disc0_rel\00b2b475.PDT:entry184@0x245800	12288	5350d107	0	
C:\Program Files (x86)\Steam\steamapps\common\MGS_PW\mgspw\MLG\disc0_rel\00b2b475.PDT:entry185@0x248800	8192	5350d207	0	
C:\Program Files (x86)\Steam\steamapps\common\MGS_PW\mgspw\MLG\disc0_rel\00b2b475.PDT:entry186@0x24a800	10240	5350d307	0	
C:\Program Files (x86)\Steam\steamapps\common\MGS_PW\mgspw\MLG\disc0_rel\00b2b475.PDT:entry187@0x24d000	14336	5350d407	0	
C:\Program Files (x86)\Steam\steamapps\common\MGS_PW\mgspw\MLG\disc0_rel\00b2b475.PDT:entry188@0x250800	12288	5350d507	0	
C:\Program Files (x86)\Steam\steamapps\common\MGS_PW\mgspw\MLG\disc0_rel\00b2b475.PDT:entry189@0x253800	14336	5350d607	0	
C:\Program Files (x86)\Steam\steamapps\common\MGS_PW\mgspw\MLG\disc0_rel\00b2b475.PDT:entry190@0x257000	12288	5350d707	0	
C:\Program Files (x86)\Steam\steamapps\common\MGS_PW\mgspw\MLG\disc0_rel\00b2b475.PDT:entry191@0x25a000	10240	5350d807	0	
C:\Program Files (x86)\Steam\steamapps\common\MGS_PW\mgspw\MLG\disc0_rel\00b2b475.PDT:entry192@0x25c800	8192	5350d907	0	
C:\Program Files (x86)\Steam\steamapps\common\MGS_PW\mgspw\MLG\disc0_rel\00b2b475.PDT:entry193@0x25e800	14336	5350da07	0	
C:\Program Files (x86)\Steam\steamapps\common\MGS_PW\mgspw\MLG\disc0_rel\00b2b475.PDT:entry194@0x262000	10240	5350db07	0	
C:\Program Files (x86)\Steam\steamapps\common\MGS_PW\mgspw\MLG\disc0_rel\00b2b475.PDT:entry195@0x264800	10240	5350dc07	0	
C:\Program Files (x86)\Steam\steamapps\common\MGS_PW\mgspw\MLG\disc0_rel\00b2b475.PDT:entry196@0x267000	16384	5350dd07	0	
C:\Program Files (x86)\Steam\steamapps\common\MGS_PW\mgspw\MLG\disc0_rel\00b2b475.PDT:entry197@0x26b000	10240	5350de07	0	
C:\Program Files (x86)\Steam\steamapps\common\MGS_PW\mgspw\MLG\disc0_rel\00b2b475.PDT:entry198@0x26d800	6144	5350df07	0	
C:\Program Files (x86)\Steam\steamapps\common\MGS_PW\mgspw\MLG\disc0_rel\00b2b475.PDT:entry199@0x26f000	12288	5350e007	0	
C:\Program Files (x86)\Steam\steamapps\common\MGS_PW\mgspw\MLG\disc0_rel\00b2b475.PDT:entry200@0x272000	10240	5350e107	0	
C:\Program Files (x86)\Steam\steamapps\common\MGS_PW\mgspw\MLG\disc0_rel\00b2b475.PDT:entry201@0x274800	14336	5350e207	0	
C:\Program Files (x86)\Steam\steamapps\common\MGS_PW\mgspw\MLG\disc0_rel\00b2b475.PDT:entry202@0x278000	12288	5350e307	0	
C:\Program Files (x86)\Steam\steamapps\common\MGS_PW\mgspw\MLG\disc0_rel\00b2b475.PDT:entry203@0x27b000	10240	5350e407	0	
C:\Program Files (x86)\Steam\steamapps\common\MGS_PW\mgspw\MLG\disc0_rel\00b2b475.PDT:entry204@0x27d800	14336	5350e507	0	
C:\Program Files (x86)\Steam\steamapps\common\MGS_PW\mgspw\MLG\disc0_rel\00b2b475.PDT:entry205@0x281000	12288	5350e607	0	
C:\Program Files (x86)\Steam\steamapps\common\MGS_PW\mgspw\MLG\disc0_rel\00b2b475.PDT:entry206@0x284000	14336	5350e707	0	
C:\Program Files (x86)\Steam\steamapps\common\MGS_PW\mgspw\MLG\disc0_rel\00b2b475.PDT:entry207@0x287800	10240	5350e807	0	
C:\Program Files (x86)\Steam\steamapps\common\MGS_PW\mgspw\MLG\disc0_rel\00b2b475.PDT:entry208@0x28a000	14336	5350e907	0	
C:\Program Files (x86)\Steam\steamapps\common\MGS_PW\mgspw\MLG\disc0_rel\00b2b475.PDT:entry209@0x28d800	16384	5350ea07	0	
C:\Program Files (x86)\Steam\steamapps\common\MGS_PW\mgspw\MLG\disc0_rel\00b2b475.PDT:entry210@0x291800	12288	5350eb07	0	
C:\Program Files (x86)\Steam\steamapps\common\MGS_PW\mgspw\MLG\disc0_rel\00b2b475.PDT:entry211@0x294800	14336	5350ec07	0	
C:\Program Files (x86)\Steam\steamapps\common\MGS_PW\mgspw\MLG\disc0_rel\00b2b475.PDT:entry212@0x298000	16384	53507b07	0	
C:\Program Files (x86)\Steam\steamapps\common\MGS_PW\mgspw\MLG\disc0_rel\00b2b475.PDT:entry213@0x29c000	32768	53508e0a	0	
C:\Program Files (x86)\Steam\steamapps\common\MGS_PW\mgspw\MLG\disc0_rel\00b2b475.PDT:entry214@0x2a4000	6144	5350cb0a	0	
C:\Program Files (x86)\Steam\steamapps\common\MGS_PW\mgspw\MLG\disc0_rel\00b2b475.PDT:entry215@0x2a5800	6144	5350cc0a	0	
C:\Program Files (x86)\Steam\steamapps\common\MGS_PW\mgspw\MLG\disc0_rel\00b2b475.PDT:entry216@0x2a7000	12288	5350cd0a	0	
C:\Program Files (x86)\Steam\steamapps\common\MGS_PW\mgspw\MLG\disc0_rel\00b2b475.PDT:entry217@0x2aa000	10240	5350ce0a	0	
C:\Program Files (x86)\Steam\steamapps\common\MGS_PW\mgspw\MLG\disc0_rel\00b2b475.PDT:entry218@0x2ac800	22528	5350cf0a	0	
C:\Program Files (x86)\Steam\steamapps\common\MGS_PW\mgspw\MLG\disc0_rel\0001112d.PDT:entry0@0x1000	1087488	53502400	0	
C:\Program Files (x86)\Steam\steamapps\common\MGS_PW\mgspw\MLG\disc0_rel\0001112d.PDT:entry1@0x10a800	1746944	53502600	0	
C:\Program Files (x86)\Steam\steamapps\common\MGS_PW\mgspw\MLG\disc0_rel\0001112d.PDT:entry2@0x2b5000	1466368	53502700	0	
C:\Program Files (x86)\Steam\steamapps\common\MGS_PW\mgspw\MLG\disc0_rel\0001112d.PDT:entry3@0x41b000	753664	53502900	0	
C:\Program Files (x86)\Steam\steamapps\common\MGS_PW\mgspw\MLG\disc0_rel\0001112d.PDT:entry4@0x4d3000	1224704	53502c00	0	
C:\Program Files (x86)\Steam\steamapps\common\MGS_PW\mgspw\MLG\disc0_rel\0001112d.PDT:entry5@0x5fe000	1492992	53502b00	0	
C:\Program Files (x86)\Steam\steamapps\common\MGS_PW\mgspw\MLG\disc0_rel\0001112d.PDT:entry6@0x76a800	1177600	53503200	0	
C:\Program Files (x86)\Steam\steamapps\common\MGS_PW\mgspw\MLG\disc0_rel\0001112d.PDT:entry7@0x88a000	892928	53503400	0	
C:\Program Files (x86)\Steam\steamapps\common\MGS_PW\mgspw\MLG\disc0_rel\0001112d.PDT:entry8@0x964000	1718272	53503800	0	
C:\Program Files (x86)\Steam\steamapps\common\MGS_PW\mgspw\MLG\disc0_rel\0001112d.PDT:entry9@0xb07800	126976	53506600	0	
C:\Program Files (x86)\Steam\steamapps\common\MGS_PW\mgspw\MLG\disc0_rel\0001112d.PDT:entry10@0xb26800	1144832	53508100	0	
C:\Program Files (x86)\Steam\steamapps\common\MGS_PW\mgspw\MLG\disc0_rel\0001112d.PDT:entry11@0xc3e000	974848	53505e00	0	
C:\Program Files (x86)\Steam\steamapps\common\MGS_PW\mgspw\MLG\disc0_rel\0001112d.PDT:entry12@0xd2c000	1003520	53506000	0	
C:\Program Files (x86)\Steam\steamapps\common\MGS_PW\mgspw\MLG\disc0_rel\0001112d.PDT:entry13@0xe21000	1167360	53503b00	0	
C:\Program Files (x86)\Steam\steamapps\common\MGS_PW\mgspw\MLG\disc0_rel\0001112d.PDT:entry14@0xf3e000	798720	53503c00	0	
C:\Program Files (x86)\Steam\steamapps\common\MGS_PW\mgspw\MLG\disc0_rel\0001112d.PDT:entry15@0x1001000	1433600	53503d00	0	
C:\Program Files (x86)\Steam\steamapps\common\MGS_PW\mgspw\MLG\disc0_rel\0001112d.PDT:entry16@0x115f000	1009664	53505500	0	
C:\Program Files (x86)\Steam\steamapps\common\MGS_PW\mgspw\MLG\disc0_rel\0001112d.PDT:entry17@0x1255800	1775616	53505700	0	
C:\Program Files (x86)\Steam\steamapps\common\MGS_PW\mgspw\MLG\disc0_rel\0001112d.PDT:entry18@0x1407000	1413120	53503e00	1	KMKHIVYVJYTVPJZbYX
C:\Program Files (x86)\Steam\steamapps\common\MGS_PW\mgspw\MLG\disc0_rel\0001112d.PDT:entry19@0x1560000	1591296	53504600	0	
C:\Program Files (x86)\Steam\steamapps\common\MGS_PW\mgspw\MLG\disc0_rel\0001112d.PDT:entry20@0x16e4800	1103872	53502a00	0	
C:\Program Files (x86)\Steam\steamapps\common\MGS_PW\mgspw\MLG\disc0_rel\0001112d.PDT:entry21@0x17f2000	968704	53503500	0	
C:\Program Files (x86)\Steam\steamapps\common\MGS_PW\mgspw\MLG\disc0_rel\0001112d.PDT:entry22@0x18de800	485376	53504700	0	
C:\Program Files (x86)\Steam\steamapps\common\MGS_PW\mgspw\MLG\disc0_rel\0001112d.PDT:entry23@0x1955000	1239040	53504e00	0	
C:\Program Files (x86)\Steam\steamapps\common\MGS_PW\mgspw\MLG\disc0_rel\0001112d.PDT:entry24@0x1a83800	1388544	53503100	0	
C:\Program Files (x86)\Steam\steamapps\common\MGS_PW\mgspw\MLG\disc0_rel\0001112d.PDT:entry25@0x1bd6800	1067008	53502800	0	
C:\Program Files (x86)\Steam\steamapps\common\MGS_PW\mgspw\MLG\disc0_rel\0001112d.PDT:entry26@0x1cdb000	753664	53502e00	0	
C:\Program Files (x86)\Steam\steamapps\common\MGS_PW\mgspw\MLG\disc0_rel\0001112d.PDT:entry27@0x1d93000	1519616	53502f00	0	
C:\Program Files (x86)\Steam\steamapps\common\MGS_PW\mgspw\MLG\disc0_rel\0001112d.PDT:entry28@0x1f06000	1067008	53503000	0	
C:\Program Files (x86)\Steam\steamapps\common\MGS_PW\mgspw\MLG\disc0_rel\0001112d.PDT:entry29@0x200a800	714752	53503300	0	
C:\Program Files (x86)\Steam\steamapps\common\MGS_PW\mgspw\MLG\disc0_rel\0001112d.PDT:entry30@0x20b9000	942080	53503600	0	
C:\Program Files (x86)\Steam\steamapps\common\MGS_PW\mgspw\MLG\disc0_rel\0001112d.PDT:entry31@0x219f000	1716224	53503700	0	
C:\Program Files (x86)\Steam\steamapps\common\MGS_PW\mgspw\MLG\disc0_rel\0001112d.PDT:entry32@0x2342000	714752	53503900	0	
C:\Program Files (x86)\Steam\steamapps\common\MGS_PW\mgspw\MLG\disc0_rel\0001112d.PDT:entry33@0x23f0800	942080	53503a00	0	
C:\Program Files (x86)\Steam\steamapps\common\MGS_PW\mgspw\MLG\disc0_rel\0001112d.PDT:entry34@0x24d6800	968704	53505a00	0	
C:\Program Files (x86)\Steam\steamapps\common\MGS_PW\mgspw\MLG\disc0_rel\0001112d.PDT:entry35@0x25c3000	845824	53507200	0	
C:\Program Files (x86)\Steam\steamapps\common\MGS_PW\mgspw\MLG\disc0_rel\0001112d.PDT:entry36@0x2691800	665600	53504d00	0	
C:\Program Files (x86)\Steam\steamapps\common\MGS_PW\mgspw\MLG\disc0_rel\0001112d.PDT:entry37@0x2734000	968704	53502500	0	
C:\Program Files (x86)\Steam\steamapps\common\MGS_PW\mgspw\MLG\disc0_rel\0001112d.PDT:entry38@0x2820800	968704	53502d00	0	
C:\Program Files (x86)\Steam\steamapps\common\MGS_PW\mgspw\MLG\disc0_rel\0001112d.PDT:entry39@0x290d000	714752	53503f00	0	
C:\Program Files (x86)\Steam\steamapps\common\MGS_PW\mgspw\MLG\disc0_rel\0001112d.PDT:entry40@0x29bb800	942080	53504000	0	
C:\Program Files (x86)\Steam\steamapps\common\MGS_PW\mgspw\MLG\disc0_rel\0001112d.PDT:entry41@0x2aa1800	821248	53504100	0	
C:\Program Files (x86)\Steam\steamapps\common\MGS_PW\mgspw\MLG\disc0_rel\0001112d.PDT:entry42@0x2b6a000	821248	53504200	0	
C:\Program Files (x86)\Steam\steamapps\common\MGS_PW\mgspw\MLG\disc0_rel\0001112d.PDT:entry43@0x2c32800	821248	53504300	0	
C:\Program Files (x86)\Steam\steamapps\common\MGS_PW\mgspw\MLG\disc0_rel\0001112d.PDT:entry44@0x2cfb000	929792	53504400	0	
C:\Program Files (x86)\Steam\steamapps\common\MGS_PW\mgspw\MLG\disc0_rel\0001112d.PDT:entry45@0x2dde000	1427456	53504500	0	
C:\Program Files (x86)\Steam\steamapps\common\MGS_PW\mgspw\MLG\disc0_rel\0001112d.PDT:entry46@0x2f3a800	1441792	53504800	0	
C:\Program Files (x86)\Steam\steamapps\common\MGS_PW\mgspw\MLG\disc0_rel\0001112d.PDT:entry47@0x309a800	1701888	53504900	0	
C:\Program Files (x86)\Steam\steamapps\common\MGS_PW\mgspw\MLG\disc0_rel\0001112d.PDT:entry48@0x323a000	2217984	53504a00	0	
C:\Program Files (x86)\Steam\steamapps\common\MGS_PW\mgspw\MLG\disc0_rel\0001112d.PDT:entry49@0x3457800	1038336	53504b00	0	
C:\Program Files (x86)\Steam\steamapps\common\MGS_PW\mgspw\MLG\disc0_rel\0001112d.PDT:entry50@0x3555000	608256	53504f00	0	
C:\Program Files (x86)\Steam\steamapps\common\MGS_PW\mgspw\MLG\disc0_rel\0001112d.PDT:entry51@0x35e9800	1701888	53505000	0	
C:\Program Files (x86)\Steam\steamapps\common\MGS_PW\mgspw\MLG\disc0_rel\0001112d.PDT:entry52@0x3789000	1662976	53505100	0	
C:\Program Files (x86)\Steam\steamapps\common\MGS_PW\mgspw\MLG\disc0_rel\0001112d.PDT:entry53@0x391f000	720896	53505200	0	
C:\Program Files (x86)\Steam\steamapps\common\MGS_PW\mgspw\MLG\disc0_rel\0001112d.PDT:entry54@0x39cf000	657408	53505300	0	
C:\Program Files (x86)\Steam\steamapps\common\MGS_PW\mgspw\MLG\disc0_rel\0001112d.PDT:entry55@0x3a6f800	479232	53505400	0	
C:\Program Files (x86)\Steam\steamapps\common\MGS_PW\mgspw\MLG\disc0_rel\0001112d.PDT:entry56@0x3ae4800	7491584	53505600	0	
C:\Program Files (x86)\Steam\steamapps\common\MGS_PW\mgspw\MLG\disc0_rel\0001112d.PDT:entry57@0x4209800	6217728	53505800	0	
C:\Program Files (x86)\Steam\steamapps\common\MGS_PW\mgspw\MLG\disc0_rel\0001112d.PDT:entry58@0x47f7800	1296384	53506200	0	
C:\Program Files (x86)\Steam\steamapps\common\MGS_PW\mgspw\MLG\disc0_rel\0001112d.PDT:entry59@0x4934000	2056192	53506d00	0	
C:\Program Files (x86)\Steam\steamapps\common\MGS_PW\mgspw\MLG\disc0_rel\0001112d.PDT:entry60@0x4b2a000	1718272	53506e00	0	
C:\Program Files (x86)\Steam\steamapps\common\MGS_PW\mgspw\MLG\disc0_rel\0001112d.PDT:entry61@0x4ccd800	1069056	53507000	0	
C:\Program Files (x86)\Steam\steamapps\common\MGS_PW\mgspw\MLG\disc0_rel\0001112d.PDT:entry62@0x4dd2800	194560	53507400	0	
C:\Program Files (x86)\Steam\steamapps\common\MGS_PW\mgspw\MLG\disc0_rel\0001112d.PDT:entry63@0x4e02000	755712	53502300	0	
C:\Program Files (x86)\Steam\steamapps\common\MGS_PW\mgspw\MLG\disc0_rel\0001112d.PDT:entry64@0x4eba800	182272	53505c00	0	
C:\Program Files (x86)\Steam\steamapps\common\MGS_PW\mgspw\MLG\disc0_rel\0001112d.PDT:entry65@0x4ee7000	86016	53506400	0	
C:\Program Files (x86)\Steam\steamapps\common\MGS_PW\mgspw\MLG\disc0_rel\0001112d.PDT:entry66@0x4efc000	104448	53506800	0	
C:\Program Files (x86)\Steam\steamapps\common\MGS_PW\mgspw\MLG\disc0_rel\0001112d.PDT:entry67@0x4f15800	90112	53506a00	0	
C:\Program Files (x86)\Steam\steamapps\common\MGS_PW\mgspw\MLG\disc0_rel\0001112d.PDT:entry68@0x4f2b800	67584	53508200	0	
C:\Program Files (x86)\Steam\steamapps\common\MGS_PW\mgspw\MLG\disc0_rel\0001112d.PDT:entry69@0x4f3c000	2138112	53507700	0	
C:\Program Files (x86)\Steam\steamapps\common\MGS_PW\mgspw\MLG\disc0_rel\0001112d.PDT:entry70@0x5146000	1236992	53507800	0	
C:\Program Files (x86)\Steam\steamapps\common\MGS_PW\mgspw\MLG\disc0_rel\0001112d.PDT:entry71@0x5274000	1396736	53507a00	0	
C:\Program Files (x86)\Steam\steamapps\common\MGS_PW\mgspw\MLG\disc0_rel\0001112d.PDT:entry72@0x53c9000	1425408	53507c00	0	
C:\Program Files (x86)\Steam\steamapps\common\MGS_PW\mgspw\MLG\disc0_rel\0001112d.PDT:entry73@0x5525000	1363968	53507e00	1	TJBeDghP6 rx]p
C:\Program Files (x86)\Steam\steamapps\common\MGS_PW\mgspw\MLG\disc0_rel\0001112d.PDT:entry74@0x5672000	2066432	53508000	0	
C:\Program Files (x86)\Steam\steamapps\common\MGS_PW\mgspw\MLG\disc0_rel\0001112d.PDT:entry75@0x586a800	1159168	53508400	0	
C:\Program Files (x86)\Steam\steamapps\common\MGS_PW\mgspw\MLG\disc0_rel\0001112d.PDT:entry76@0x5985800	1175552	53508600	0	
C:\Program Files (x86)\Steam\steamapps\common\MGS_PW\mgspw\MLG\disc0_rel\0001112d.PDT:entry77@0x5aa4800	165888	53508800	1	cdcE KoP:yaf
C:\Program Files (x86)\Steam\steamapps\common\MGS_PW\mgspw\MLG\disc0_rel\0001112d.PDT:entry78@0x5acd000	688128	53508a00	0	
C:\Program Files (x86)\Steam\steamapps\common\MGS_PW\mgspw\MLG\disc0_rel\0001112d.PDT:entry79@0x5b75000	1075200	53508c00	0	
C:\Program Files (x86)\Steam\steamapps\common\MGS_PW\mgspw\MLG\disc0_rel\0001112d.PDT:entry80@0x5c7b800	585728	53508e00	0	
C:\Program Files (x86)\Steam\steamapps\common\MGS_PW\mgspw\MLG\disc0_rel\0001112d.PDT:entry81@0x5d0a800	716800	53509000	0	
C:\Program Files (x86)\Steam\steamapps\common\MGS_PW\mgspw\MLG\disc0_rel\0001112d.PDT:entry82@0x5db9800	1128448	53509200	0	
C:\Program Files (x86)\Steam\steamapps\common\MGS_PW\mgspw\MLG\disc0_rel\0001112d.PDT:entry83@0x5ecd000	954368	53509400	0	
C:\Program Files (x86)\Steam\steamapps\common\MGS_PW\mgspw\MLG\disc0_rel\0001112d.PDT:entry84@0x5fb6000	147456	53509a00	0	
C:\Program Files (x86)\Steam\steamapps\common\MGS_PW\mgspw\MLG\disc0_rel\0001112d.PDT:entry85@0x5fda000	4974592	53504c00	0	
C:\Program Files (x86)\Steam\steamapps\common\MGS_PW\mgspw\MLG\disc0_rel\00b2b4b6.PDT:entry0@0x14800	6144	53506900	0	
C:\Program Files (x86)\Steam\steamapps\common\MGS_PW\mgspw\MLG\disc0_rel\00b2b4b6.PDT:entry1@0x16000	6144	53506b00	0	
C:\Program Files (x86)\Steam\steamapps\common\MGS_PW\mgspw\MLG\disc0_rel\00b2b4b6.PDT:entry2@0x17800	6144	53506c00	0	
C:\Program Files (x86)\Steam\steamapps\common\MGS_PW\mgspw\MLG\disc0_rel\00b2b4b6.PDT:entry3@0x19000	6144	53506f00	0	
C:\Program Files (x86)\Steam\steamapps\common\MGS_PW\mgspw\MLG\disc0_rel\00b2b4b6.PDT:entry4@0x1a800	6144	53507100	0	
C:\Program Files (x86)\Steam\steamapps\common\MGS_PW\mgspw\MLG\disc0_rel\00b2b4b6.PDT:entry5@0x1c000	6144	53507300	0	
C:\Program Files (x86)\Steam\steamapps\common\MGS_PW\mgspw\MLG\disc0_rel\00b2b4b6.PDT:entry6@0x1d800	6144	53507500	0	
C:\Program Files (x86)\Steam\steamapps\common\MGS_PW\mgspw\MLG\disc0_rel\00b2b4b6.PDT:entry7@0x1f000	6144	53507600	0	
C:\Program Files (x86)\Steam\steamapps\common\MGS_PW\mgspw\MLG\disc0_rel\00b2b4b6.PDT:entry8@0x20800	6144	53507900	0	
C:\Program Files (x86)\Steam\steamapps\common\MGS_PW\mgspw\MLG\disc0_rel\00b2b4b6.PDT:entry9@0x22000	6144	53507b00	0	
C:\Program Files (x86)\Steam\steamapps\common\MGS_PW\mgspw\MLG\disc0_rel\00b2b4b6.PDT:entry10@0x23800	6144	53507d00	0	
C:\Program Files (x86)\Steam\steamapps\common\MGS_PW\mgspw\MLG\disc0_rel\00b2b4b6.PDT:entry11@0x25000	6144	53507f00	0	
C:\Program Files (x86)\Steam\steamapps\common\MGS_PW\mgspw\MLG\disc0_rel\00b2b4b6.PDT:entry12@0x26800	20480	53509900	0	
C:\Program Files (x86)\Steam\steamapps\common\MGS_PW\mgspw\MLG\disc0_rel\00b2b4b6.PDT:entry13@0x2b800	24576	53509b00	0	
C:\Program Files (x86)\Steam\steamapps\common\MGS_PW\mgspw\MLG\disc0_rel\00b2b4b6.PDT:entry14@0x31800	28672	53509c00	0	
C:\Program Files (x86)\Steam\steamapps\common\MGS_PW\mgspw\MLG\disc0_rel\00b2b4b6.PDT:entry15@0x38800	34816	53509d00	0	
C:\Program Files (x86)\Steam\steamapps\common\MGS_PW\mgspw\MLG\disc0_rel\00b2b4b6.PDT:entry16@0x41000	32768	53509e00	0	
C:\Program Files (x86)\Steam\steamapps\common\MGS_PW\mgspw\MLG\disc0_rel\00b2b4b6.PDT:entry17@0x49000	45056	53509f00	0	
C:\Program Files (x86)\Steam\steamapps\common\MGS_PW\mgspw\MLG\disc0_rel\00b2b4b6.PDT:entry18@0x54000	40960	5350a000	0	
C:\Program Files (x86)\Steam\steamapps\common\MGS_PW\mgspw\MLG\disc0_rel\00b2b4b6.PDT:entry19@0x5e000	24576	5350a100	0	
C:\Program Files (x86)\Steam\steamapps\common\MGS_PW\mgspw\MLG\disc0_rel\00b2b4b6.PDT:entry20@0x64000	30720	5350a200	0	
C:\Program Files (x86)\Steam\steamapps\common\MGS_PW\mgspw\MLG\disc0_rel\00b2b4b6.PDT:entry21@0x6b800	30720	5350a300	0	
C:\Program Files (x86)\Steam\steamapps\common\MGS_PW\mgspw\MLG\disc0_rel\00b2b4b6.PDT:entry22@0x73000	26624	5350a400	0	
C:\Program Files (x86)\Steam\steamapps\common\MGS_PW\mgspw\MLG\disc0_rel\00b2b4b6.PDT:entry23@0x79800	40960	5350a500	0	
C:\Program Files (x86)\Steam\steamapps\common\MGS_PW\mgspw\MLG\disc0_rel\00b2b4b6.PDT:entry24@0x83800	36864	5350a600	0	
C:\Program Files (x86)\Steam\steamapps\common\MGS_PW\mgspw\MLG\disc0_rel\00b2b4b6.PDT:entry25@0x8c800	51200	5350a700	0	
C:\Program Files (x86)\Steam\steamapps\common\MGS_PW\mgspw\MLG\disc0_rel\00b2b4b6.PDT:entry26@0x99000	45056	5350a800	0	
C:\Program Files (x86)\Steam\steamapps\common\MGS_PW\mgspw\MLG\disc0_rel\00b2b4b6.PDT:entry27@0xa4000	36864	5350a900	0	
C:\Program Files (x86)\Steam\steamapps\common\MGS_PW\mgspw\MLG\disc0_rel\00b2b4b6.PDT:entry28@0xad000	18432	5350aa00	0	
C:\Program Files (x86)\Steam\steamapps\common\MGS_PW\mgspw\MLG\disc0_rel\00b2b4b6.PDT:entry29@0xb1800	30720	5350ab00	0	
C:\Program Files (x86)\Steam\steamapps\common\MGS_PW\mgspw\MLG\disc0_rel\00b2b4b6.PDT:entry30@0xb9000	24576	5350ac00	0	
C:\Program Files (x86)\Steam\steamapps\common\MGS_PW\mgspw\MLG\disc0_rel\00b2b4b6.PDT:entry31@0xbf000	28672	5350ad00	0	
C:\Program Files (x86)\Steam\steamapps\common\MGS_PW\mgspw\MLG\disc0_rel\00b2b4b6.PDT:entry32@0xc6000	30720	5350ae00	0	
C:\Program Files (x86)\Steam\steamapps\common\MGS_PW\mgspw\MLG\disc0_rel\00b2b4b6.PDT:entry33@0xcd800	26624	5350af00	0	
C:\Program Files (x86)\Steam\steamapps\common\MGS_PW\mgspw\MLG\disc0_rel\00b2b4b6.PDT:entry34@0xd4000	26624	5350b000	0	
C:\Program Files (x86)\Steam\steamapps\common\MGS_PW\mgspw\MLG\disc0_rel\00b2b4b6.PDT:entry35@0xda800	28672	5350b100	0	
C:\Program Files (x86)\Steam\steamapps\common\MGS_PW\mgspw\MLG\disc0_rel\00b2b4b6.PDT:entry36@0xe1800	30720	5350b200	0	
C:\Program Files (x86)\Steam\steamapps\common\MGS_PW\mgspw\MLG\disc0_rel\00b2b4b6.PDT:entry37@0xe9000	26624	5350b300	0	
C:\Program Files (x86)\Steam\steamapps\common\MGS_PW\mgspw\MLG\disc0_rel\00b2b4b6.PDT:entry38@0xef800	24576	5350b400	0	
C:\Program Files (x86)\Steam\steamapps\common\MGS_PW\mgspw\MLG\disc0_rel\00b2b4b6.PDT:entry39@0xf5800	32768	5350b500	0	
C:\Program Files (x86)\Steam\steamapps\common\MGS_PW\mgspw\MLG\disc0_rel\00b2b4b6.PDT:entry40@0xfd800	40960	5350b600	0	
C:\Program Files (x86)\Steam\steamapps\common\MGS_PW\mgspw\MLG\disc0_rel\00b2b4b6.PDT:entry41@0x107800	30720	5350b700	0	
C:\Program Files (x86)\Steam\steamapps\common\MGS_PW\mgspw\MLG\disc0_rel\00b2b4b6.PDT:entry42@0x10f000	28672	5350b800	0	
C:\Program Files (x86)\Steam\steamapps\common\MGS_PW\mgspw\MLG\disc0_rel\00b2b4b6.PDT:entry43@0x116000	49152	5350b900	0	
C:\Program Files (x86)\Steam\steamapps\common\MGS_PW\mgspw\MLG\disc0_rel\00b2b4b6.PDT:entry44@0x122000	43008	5350ba00	0	
C:\Program Files (x86)\Steam\steamapps\common\MGS_PW\mgspw\MLG\disc0_rel\00b2b4b6.PDT:entry45@0x12c800	49152	5350cd00	0	
C:\Program Files (x86)\Steam\steamapps\common\MGS_PW\mgspw\MLG\disc0_rel\00b2b4b6.PDT:entry46@0x138800	53248	5350ce00	1	encoded_by=Pro Tools!
C:\Program Files (x86)\Steam\steamapps\common\MGS_PW\mgspw\MLG\disc0_rel\00b2b4b6.PDT:entry47@0x145800	151552	5350cf00	1	encoded_by=Pro Tools!
C:\Program Files (x86)\Steam\steamapps\common\MGS_PW\mgspw\MLG\disc0_rel\00b2b4b6.PDT:entry48@0x16a800	49152	5350d000	1	encoded_by=Pro Tools!
C:\Program Files (x86)\Steam\steamapps\common\MGS_PW\mgspw\MLG\disc0_rel\00b2b4b6.PDT:entry49@0x176800	18432	5350d100	1	encoded_by=Pro Tools!
C:\Program Files (x86)\Steam\steamapps\common\MGS_PW\mgspw\MLG\disc0_rel\00b2b4b6.PDT:entry50@0x17b000	61440	5350d300	1	encoded_by=Pro Tools!
C:\Program Files (x86)\Steam\steamapps\common\MGS_PW\mgspw\MLG\disc0_rel\00b2b4b6.PDT:entry51@0x18a000	36864	5350d400	0	
C:\Program Files (x86)\Steam\steamapps\common\MGS_PW\mgspw\MLG\disc0_rel\00b2b4b6.PDT:entry52@0x193000	45056	5350d500	0	
C:\Program Files (x86)\Steam\steamapps\common\MGS_PW\mgspw\MLG\disc0_rel\00b2b4b6.PDT:entry53@0x19e000	8192	5350d600	0	
C:\Program Files (x86)\Steam\steamapps\common\MGS_PW\mgspw\MLG\disc0_rel\00b2b4b6.PDT:entry54@0x1a0000	8192	5350d700	0	
C:\Program Files (x86)\Steam\steamapps\common\MGS_PW\mgspw\MLG\disc0_rel\00b2b4b6.PDT:entry55@0x1a2000	24576	5350d800	1	encoded_by=Pro Tools!
C:\Program Files (x86)\Steam\steamapps\common\MGS_PW\mgspw\MLG\disc0_rel\00b2b4b6.PDT:entry56@0x1a8000	24576	5350db00	1	encoded_by=Pro Tools!
C:\Program Files (x86)\Steam\steamapps\common\MGS_PW\mgspw\MLG\disc0_rel\00b2b4b6.PDT:entry57@0x1ae000	55296	5350dc00	1	encoded_by=Pro Tools!
C:\Program Files (x86)\Steam\steamapps\common\MGS_PW\mgspw\MLG\disc0_rel\00b2b4b6.PDT:entry58@0x1bb800	57344	5350de00	1	encoded_by=Pro Tools!
C:\Program Files (x86)\Steam\steamapps\common\MGS_PW\mgspw\MLG\disc0_rel\00b2b4b6.PDT:entry59@0x1c9800	47104	5350df00	1	encoded_by=Pro Tools!
C:\Program Files (x86)\Steam\steamapps\common\MGS_PW\mgspw\MLG\disc0_rel\00b2b4b6.PDT:entry60@0x1d5000	43008	5350e000	1	encoded_by=Pro Tools!
C:\Program Files (x86)\Steam\steamapps\common\MGS_PW\mgspw\MLG\disc0_rel\00b2b4b6.PDT:entry61@0x1df800	26624	5350e100	1	encoded_by=Pro Tools!
C:\Program Files (x86)\Steam\steamapps\common\MGS_PW\mgspw\MLG\disc0_rel\00b2b4b6.PDT:entry62@0x1e6000	59392	5350e200	1	encoded_by=Pro Tools!
C:\Program Files (x86)\Steam\steamapps\common\MGS_PW\mgspw\MLG\disc0_rel\00b2b4b6.PDT:entry63@0x1f4800	79872	5350e300	1	encoded_by=Pro Tools!
C:\Program Files (x86)\Steam\steamapps\common\MGS_PW\mgspw\MLG\disc0_rel\00b2b4b6.PDT:entry64@0x208000	36864	5350e400	1	encoded_by=Pro Tools!
C:\Program Files (x86)\Steam\steamapps\common\MGS_PW\mgspw\MLG\disc0_rel\00b2b4b6.PDT:entry65@0x211000	71680	5350e500	0	
C:\Program Files (x86)\Steam\steamapps\common\MGS_PW\mgspw\MLG\disc0_rel\00b2b4b6.PDT:entry66@0x222800	34816	5350e600	0	
C:\Program Files (x86)\Steam\steamapps\common\MGS_PW\mgspw\MLG\disc0_rel\00b2b4b6.PDT:entry67@0x22b000	43008	5350e700	0	
C:\Program Files (x86)\Steam\steamapps\common\MGS_PW\mgspw\MLG\disc0_rel\00b2b4b6.PDT:entry68@0x235800	30720	5350e800	1	encoded_by=Pro Tools!
C:\Program Files (x86)\Steam\steamapps\common\MGS_PW\mgspw\MLG\disc0_rel\00b2b4b6.PDT:entry69@0x23d000	34816	5350e900	0	
C:\Program Files (x86)\Steam\steamapps\common\MGS_PW\mgspw\MLG\disc0_rel\00b2b4b6.PDT:entry70@0x245800	22528	5350ea00	0	
C:\Program Files (x86)\Steam\steamapps\common\MGS_PW\mgspw\MLG\disc0_rel\00b2b4b6.PDT:entry71@0x24b000	22528	5350eb00	0	
C:\Program Files (x86)\Steam\steamapps\common\MGS_PW\mgspw\MLG\disc0_rel\00b2b4b6.PDT:entry72@0x250800	24576	5350ec00	0	
C:\Program Files (x86)\Steam\steamapps\common\MGS_PW\mgspw\MLG\disc0_rel\00b2b4b6.PDT:entry73@0x256800	12288	5350ed00	0	
C:\Program Files (x86)\Steam\steamapps\common\MGS_PW\mgspw\MLG\disc0_rel\00b2b4b6.PDT:entry74@0x259800	10240	5350ee00	0	
C:\Program Files (x86)\Steam\steamapps\common\MGS_PW\mgspw\MLG\disc0_rel\00b2b4b6.PDT:entry75@0x25c000	32768	5350ef00	1	encoded_by=Pro Tools!
C:\Program Files (x86)\Steam\steamapps\common\MGS_PW\mgspw\MLG\disc0_rel\00b2b4b6.PDT:entry76@0x264000	30720	5350f000	1	encoded_by=Pro Tools!
C:\Program Files (x86)\Steam\steamapps\common\MGS_PW\mgspw\MLG\disc0_rel\00b2b4b6.PDT:entry77@0x26b800	34816	5350f100	1	encoded_by=Pro Tools!
C:\Program Files (x86)\Steam\steamapps\common\MGS_PW\mgspw\MLG\disc0_rel\00b2b4b6.PDT:entry78@0x274000	32768	5350f200	1	encoded_by=Pro Tools!
C:\Program Files (x86)\Steam\steamapps\common\MGS_PW\mgspw\MLG\disc0_rel\00b2b4b6.PDT:entry79@0x27c000	77824	5350f300	1	encoded_by=Pro Tools!
C:\Program Files (x86)\Steam\steamapps\common\MGS_PW\mgspw\MLG\disc0_rel\00b2b4b6.PDT:entry80@0x28f000	73728	5350f400	1	encoded_by=Pro Tools!
C:\Program Files (x86)\Steam\steamapps\common\MGS_PW\mgspw\MLG\disc0_rel\00b2b4b6.PDT:entry81@0x2a1000	38912	5350f500	0	
C:\Program Files (x86)\Steam\steamapps\common\MGS_PW\mgspw\MLG\disc0_rel\00b2b4b6.PDT:entry82@0x2aa800	57344	5350f600	1	encoded_by=Pro Tools!
C:\Program Files (x86)\Steam\steamapps\common\MGS_PW\mgspw\MLG\disc0_rel\00b2b4b6.PDT:entry83@0x2b8800	67584	5350f800	1	encoded_by=Pro Tools!
C:\Program Files (x86)\Steam\steamapps\common\MGS_PW\mgspw\MLG\disc0_rel\00b2b4b6.PDT:entry84@0x2c9000	24576	5350f900	1	encoded_by=Pro Tools!
C:\Program Files (x86)\Steam\steamapps\common\MGS_PW\mgspw\MLG\disc0_rel\00b2b4b6.PDT:entry85@0x2cf000	83968	5350fa00	0	
C:\Program Files (x86)\Steam\steamapps\common\MGS_PW\mgspw\MLG\disc0_rel\00b2b4b6.PDT:entry86@0x2e3800	61440	5350fb00	0	
C:\Program Files (x86)\Steam\steamapps\common\MGS_PW\mgspw\MLG\disc0_rel\00b2b4b6.PDT:entry87@0x2f2800	30720	5350fc00	0	
C:\Program Files (x86)\Steam\steamapps\common\MGS_PW\mgspw\MLG\disc0_rel\00b2b4b6.PDT:entry88@0x2fa000	24576	5350fd00	0	
C:\Program Files (x86)\Steam\steamapps\common\MGS_PW\mgspw\MLG\disc0_rel\00b2b4b6.PDT:entry89@0x300000	18432	5350fe00	0	
C:\Program Files (x86)\Steam\steamapps\common\MGS_PW\mgspw\MLG\disc0_rel\00b2b4b6.PDT:entry90@0x304800	22528	5350ff00	0	
C:\Program Files (x86)\Steam\steamapps\common\MGS_PW\mgspw\MLG\disc0_rel\00b2b4b6.PDT:entry91@0x30a000	26624	53500001	0	
C:\Program Files (x86)\Steam\steamapps\common\MGS_PW\mgspw\MLG\disc0_rel\00b2b4b6.PDT:entry92@0x310800	32768	53500101	0	
C:\Program Files (x86)\Steam\steamapps\common\MGS_PW\mgspw\MLG\disc0_rel\00b2b4b6.PDT:entry93@0x318800	45056	53500201	0	
C:\Program Files (x86)\Steam\steamapps\common\MGS_PW\mgspw\MLG\disc0_rel\00b2b4b6.PDT:entry94@0x323800	16384	53500301	0	
C:\Program Files (x86)\Steam\steamapps\common\MGS_PW\mgspw\MLG\disc0_rel\00b2b4b6.PDT:entry95@0x327800	16384	53500401	0	
C:\Program Files (x86)\Steam\steamapps\common\MGS_PW\mgspw\MLG\disc0_rel\00b2b4b6.PDT:entry96@0x32b800	34816	53500501	0	
C:\Program Files (x86)\Steam\steamapps\common\MGS_PW\mgspw\MLG\disc0_rel\00b2b4b6.PDT:entry97@0x334000	20480	53500601	0	
C:\Program Files (x86)\Steam\steamapps\common\MGS_PW\mgspw\MLG\disc0_rel\00b2b4b6.PDT:entry98@0x339000	20480	53500701	0	
C:\Program Files (x86)\Steam\steamapps\common\MGS_PW\mgspw\MLG\disc0_rel\00b2b4b6.PDT:entry99@0x33e000	49152	53500801	0	
C:\Program Files (x86)\Steam\steamapps\common\MGS_PW\mgspw\MLG\disc0_rel\00b2b4b6.PDT:entry100@0x34a000	47104	53500901	0	
C:\Program Files (x86)\Steam\steamapps\common\MGS_PW\mgspw\MLG\disc0_rel\00b2b4b6.PDT:entry101@0x355800	14336	53500a01	0	
C:\Program Files (x86)\Steam\steamapps\common\MGS_PW\mgspw\MLG\disc0_rel\00b2b4b6.PDT:entry102@0x359000	24576	53500b01	1	encoded_by=Pro Tools!
C:\Program Files (x86)\Steam\steamapps\common\MGS_PW\mgspw\MLG\disc0_rel\00b2b4b6.PDT:entry103@0x35f000	26624	53500c01	1	encoded_by=Pro Tools!
C:\Program Files (x86)\Steam\steamapps\common\MGS_PW\mgspw\MLG\disc0_rel\00b2b4b6.PDT:entry104@0x365800	28672	53500d01	1	encoded_by=Pro Tools!
C:\Program Files (x86)\Steam\steamapps\common\MGS_PW\mgspw\MLG\disc0_rel\00b2b4b6.PDT:entry105@0x36c800	28672	53500e01	1	encoded_by=Pro Tools!
C:\Program Files (x86)\Steam\steamapps\common\MGS_PW\mgspw\MLG\disc0_rel\00b2b4b6.PDT:entry106@0x373800	34816	53500f01	1	encoded_by=Pro Tools!
C:\Program Files (x86)\Steam\steamapps\common\MGS_PW\mgspw\MLG\disc0_rel\00b2b4b6.PDT:entry107@0x37c000	65536	53501001	1	encoded_by=Pro Tools!
C:\Program Files (x86)\Steam\steamapps\common\MGS_PW\mgspw\MLG\disc0_rel\00b2b4b6.PDT:entry108@0x38c000	22528	53501201	0	
C:\Program Files (x86)\Steam\steamapps\common\MGS_PW\mgspw\MLG\disc0_rel\00b2b4b6.PDT:entry109@0x391800	34816	53501301	0	
C:\Program Files (x86)\Steam\steamapps\common\MGS_PW\mgspw\MLG\disc0_rel\00b2b4b6.PDT:entry110@0x39a000	51200	53501401	0	
C:\Program Files (x86)\Steam\steamapps\common\MGS_PW\mgspw\MLG\disc0_rel\00b2b4b6.PDT:entry111@0x3a6800	36864	53501501	0	
C:\Program Files (x86)\Steam\steamapps\common\MGS_PW\mgspw\MLG\disc0_rel\00b2b4b6.PDT:entry112@0x3af800	49152	53501601	0	
C:\Program Files (x86)\Steam\steamapps\common\MGS_PW\mgspw\MLG\disc0_rel\00b2b4b6.PDT:entry113@0x3bb800	28672	53501701	0	
C:\Program Files (x86)\Steam\steamapps\common\MGS_PW\mgspw\MLG\disc0_rel\00b2b4b6.PDT:entry114@0x3c2800	45056	53501801	0	
C:\Program Files (x86)\Steam\steamapps\common\MGS_PW\mgspw\MLG\disc0_rel\00b2b4b6.PDT:entry115@0x3cd800	20480	53501901	0	
C:\Program Files (x86)\Steam\steamapps\common\MGS_PW\mgspw\MLG\disc0_rel\00b2b4b6.PDT:entry116@0x3d2800	32768	53501a01	0	
C:\Program Files (x86)\Steam\steamapps\common\MGS_PW\mgspw\MLG\disc0_rel\00b2b4b6.PDT:entry117@0x3da800	32768	53501b01	0	
C:\Program Files (x86)\Steam\steamapps\common\MGS_PW\mgspw\MLG\disc0_rel\00b2b4b6.PDT:entry118@0x3e2800	47104	53501c01	0	
C:\Program Files (x86)\Steam\steamapps\common\MGS_PW\mgspw\MLG\disc0_rel\00b2b4b6.PDT:entry119@0x3ee000	40960	53501d01	1	encoded_by=Pro Tools!
C:\Program Files (x86)\Steam\steamapps\common\MGS_PW\mgspw\MLG\disc0_rel\00b2b4b6.PDT:entry120@0x3f8000	61440	53501e01	1	encoded_by=Pro Tools!
C:\Program Files (x86)\Steam\steamapps\common\MGS_PW\mgspw\MLG\disc0_rel\00b2b4b6.PDT:entry121@0x407000	26624	53501f01	0	
C:\Program Files (x86)\Steam\steamapps\common\MGS_PW\mgspw\MLG\disc0_rel\00b2b4b6.PDT:entry122@0x40d800	22528	53502001	0	
C:\Program Files (x86)\Steam\steamapps\common\MGS_PW\mgspw\MLG\disc0_rel\00b2b4b6.PDT:entry123@0x413000	24576	53502101	0	
C:\Program Files (x86)\Steam\steamapps\common\MGS_PW\mgspw\MLG\disc0_rel\00b2b4b6.PDT:entry124@0x419000	26624	53502201	0	
C:\Program Files (x86)\Steam\steamapps\common\MGS_PW\mgspw\MLG\disc0_rel\00b2b4b6.PDT:entry125@0x41f800	43008	53502301	0	
C:\Program Files (x86)\Steam\steamapps\common\MGS_PW\mgspw\MLG\disc0_rel\00b2b4b6.PDT:entry126@0x42a000	34816	53502401	0	
C:\Program Files (x86)\Steam\steamapps\common\MGS_PW\mgspw\MLG\disc0_rel\00b2b4b6.PDT:entry127@0x432800	28672	53502501	0	
C:\Program Files (x86)\Steam\steamapps\common\MGS_PW\mgspw\MLG\disc0_rel\00b2b4b6.PDT:entry128@0x439800	26624	53502601	0	
C:\Program Files (x86)\Steam\steamapps\common\MGS_PW\mgspw\MLG\disc0_rel\00b2b4b6.PDT:entry129@0x440000	34816	53502701	0	
C:\Program Files (x86)\Steam\steamapps\common\MGS_PW\mgspw\MLG\disc0_rel\00b2b4b6.PDT:entry130@0x448800	26624	53502801	0	
C:\Program Files (x86)\Steam\steamapps\common\MGS_PW\mgspw\MLG\disc0_rel\00b2b4b6.PDT:entry131@0x44f000	30720	53502901	0	
C:\Program Files (x86)\Steam\steamapps\common\MGS_PW\mgspw\MLG\disc0_rel\00b2b4b6.PDT:entry132@0x456800	34816	53502a01	0	
C:\Program Files (x86)\Steam\steamapps\common\MGS_PW\mgspw\MLG\disc0_rel\00b2b4b6.PDT:entry133@0x45f000	59392	53502b01	0	
C:\Program Files (x86)\Steam\steamapps\common\MGS_PW\mgspw\MLG\disc0_rel\00b2b4b6.PDT:entry134@0x46d800	22528	53502c01	0	
C:\Program Files (x86)\Steam\steamapps\common\MGS_PW\mgspw\MLG\disc0_rel\00b2b4b6.PDT:entry135@0x473000	28672	53502d01	0	
C:\Program Files (x86)\Steam\steamapps\common\MGS_PW\mgspw\MLG\disc0_rel\00b2b4b6.PDT:entry136@0x47a000	26624	53502e01	0	
C:\Program Files (x86)\Steam\steamapps\common\MGS_PW\mgspw\MLG\disc0_rel\00b2b4b6.PDT:entry137@0x480800	18432	53502f01	0	
C:\Program Files (x86)\Steam\steamapps\common\MGS_PW\mgspw\MLG\disc0_rel\00b2b4b6.PDT:entry138@0x485000	24576	53503001	0	
C:\Program Files (x86)\Steam\steamapps\common\MGS_PW\mgspw\MLG\disc0_rel\00b2b4b6.PDT:entry139@0x48b000	28672	53503101	0	
C:\Program Files (x86)\Steam\steamapps\common\MGS_PW\mgspw\MLG\disc0_rel\00b2b4b6.PDT:entry140@0x492000	22528	53503201	0	
C:\Program Files (x86)\Steam\steamapps\common\MGS_PW\mgspw\MLG\disc0_rel\00b2b4b6.PDT:entry141@0x497800	22528	53503301	0	
C:\Program Files (x86)\Steam\steamapps\common\MGS_PW\mgspw\MLG\disc0_rel\00b2b4b6.PDT:entry142@0x49d000	18432	53503401	0	
C:\Program Files (x86)\Steam\steamapps\common\MGS_PW\mgspw\MLG\disc0_rel\00b2b4b6.PDT:entry143@0x4a1800	34816	53503501	0	
C:\Program Files (x86)\Steam\steamapps\common\MGS_PW\mgspw\MLG\disc0_rel\00b2b4b6.PDT:entry144@0x4aa000	38912	53503601	0	
C:\Program Files (x86)\Steam\steamapps\common\MGS_PW\mgspw\MLG\disc0_rel\00b2b4b6.PDT:entry145@0x4b3800	28672	53503701	0	
C:\Program Files (x86)\Steam\steamapps\common\MGS_PW\mgspw\MLG\disc0_rel\00b2b4b6.PDT:entry146@0x4ba800	47104	53503801	0	
C:\Program Files (x86)\Steam\steamapps\common\MGS_PW\mgspw\MLG\disc0_rel\00b2b4b6.PDT:entry147@0x4c6000	36864	53503901	0	
C:\Program Files (x86)\Steam\steamapps\common\MGS_PW\mgspw\MLG\disc0_rel\00b2b4b6.PDT:entry148@0x4cf000	32768	53503a01	0	
C:\Program Files (x86)\Steam\steamapps\common\MGS_PW\mgspw\MLG\disc0_rel\00b2b4b6.PDT:entry149@0x4d7000	18432	53503b01	0	
C:\Program Files (x86)\Steam\steamapps\common\MGS_PW\mgspw\MLG\disc0_rel\00b2b4b6.PDT:entry150@0x4db800	32768	53503c01	0	
C:\Program Files (x86)\Steam\steamapps\common\MGS_PW\mgspw\MLG\disc0_rel\00b2b4b6.PDT:entry151@0x4e3800	28672	53503d01	0	
C:\Program Files (x86)\Steam\steamapps\common\MGS_PW\mgspw\MLG\disc0_rel\00b2b4b6.PDT:entry152@0x4ea800	28672	53503e01	0	
C:\Program Files (x86)\Steam\steamapps\common\MGS_PW\mgspw\MLG\disc0_rel\00b2b4b6.PDT:entry153@0x4f1800	20480	53503f01	0	
C:\Program Files (x86)\Steam\steamapps\common\MGS_PW\mgspw\MLG\disc0_rel\00b2b4b6.PDT:entry154@0x4f6800	24576	53504001	0	
C:\Program Files (x86)\Steam\steamapps\common\MGS_PW\mgspw\MLG\disc0_rel\00b2b4b6.PDT:entry155@0x4fc800	20480	53504101	1	encoded_by=Pro Tools!
C:\Program Files (x86)\Steam\steamapps\common\MGS_PW\mgspw\MLG\disc0_rel\00b2b4b6.PDT:entry156@0x501800	36864	53504301	0	
C:\Program Files (x86)\Steam\steamapps\common\MGS_PW\mgspw\MLG\disc0_rel\00b2b4b6.PDT:entry157@0x50a800	24576	53504401	0	
C:\Program Files (x86)\Steam\steamapps\common\MGS_PW\mgspw\MLG\disc0_rel\00b2b4b6.PDT:entry158@0x510800	34816	53504501	0	
C:\Program Files (x86)\Steam\steamapps\common\MGS_PW\mgspw\MLG\disc0_rel\00b2b4b6.PDT:entry159@0x519000	172032	53507301	0	
C:\Program Files (x86)\Steam\steamapps\common\MGS_PW\mgspw\MLG\disc0_rel\00b2b4b6.PDT:entry160@0x543000	32768	53504d01	0	
C:\Program Files (x86)\Steam\steamapps\common\MGS_PW\mgspw\MLG\disc0_rel\00b2b4b6.PDT:entry161@0x54b000	30720	53504e01	0	
C:\Program Files (x86)\Steam\steamapps\common\MGS_PW\mgspw\MLG\disc0_rel\00b2b4b6.PDT:entry162@0x552800	98304	53504f01	1	encoded_by=Pro Tools!
C:\Program Files (x86)\Steam\steamapps\common\MGS_PW\mgspw\MLG\disc0_rel\00b2b4b6.PDT:entry163@0x56a800	40960	53505001	1	encoded_by=Pro Tools!
C:\Program Files (x86)\Steam\steamapps\common\MGS_PW\mgspw\MLG\disc0_rel\00b2b4b6.PDT:entry164@0x574800	32768	53505101	0	
C:\Program Files (x86)\Steam\steamapps\common\MGS_PW\mgspw\MLG\disc0_rel\00b2b4b6.PDT:entry165@0x57c800	79872	53505201	0	
C:\Program Files (x86)\Steam\steamapps\common\MGS_PW\mgspw\MLG\disc0_rel\00b2b4b6.PDT:entry166@0x590000	59392	53505301	0	
C:\Program Files (x86)\Steam\steamapps\common\MGS_PW\mgspw\MLG\disc0_rel\00b2b4b6.PDT:entry167@0x59e800	40960	53505401	0	
C:\Program Files (x86)\Steam\steamapps\common\MGS_PW\mgspw\MLG\disc0_rel\00b2b4b6.PDT:entry168@0x5a8800	55296	53505501	0	
C:\Program Files (x86)\Steam\steamapps\common\MGS_PW\mgspw\MLG\disc0_rel\00b2b4b6.PDT:entry169@0x5b6000	36864	53505601	0	
C:\Program Files (x86)\Steam\steamapps\common\MGS_PW\mgspw\MLG\disc0_rel\00b2b4b6.PDT:entry170@0x5bf000	86016	53505701	0	
C:\Program Files (x86)\Steam\steamapps\common\MGS_PW\mgspw\MLG\disc0_rel\00b2b4b6.PDT:entry171@0x5d4000	16384	53505801	0	
C:\Program Files (x86)\Steam\steamapps\common\MGS_PW\mgspw\MLG\disc0_rel\00b2b4b6.PDT:entry172@0x5d8000	20480	53505901	0	
C:\Program Files (x86)\Steam\steamapps\common\MGS_PW\mgspw\MLG\disc0_rel\00b2b4b6.PDT:entry173@0x5dd000	26624	53505a01	0	
C:\Program Files (x86)\Steam\steamapps\common\MGS_PW\mgspw\MLG\disc0_rel\00b2b4b6.PDT:entry174@0x5e3800	36864	53505b01	0	
C:\Program Files (x86)\Steam\steamapps\common\MGS_PW\mgspw\MLG\disc0_rel\00b2b4b6.PDT:entry175@0x5ec800	24576	53505c01	0	
C:\Program Files (x86)\Steam\steamapps\common\MGS_PW\mgspw\MLG\disc0_rel\00b2b4b6.PDT:entry176@0x5f2800	24576	53505d01	0	
C:\Program Files (x86)\Steam\steamapps\common\MGS_PW\mgspw\MLG\disc0_rel\00b2b4b6.PDT:entry177@0x5f8800	24576	53505e01	0	
C:\Program Files (x86)\Steam\steamapps\common\MGS_PW\mgspw\MLG\disc0_rel\00b2b4b6.PDT:entry178@0x5fe800	14336	53505f01	0	
C:\Program Files (x86)\Steam\steamapps\common\MGS_PW\mgspw\MLG\disc0_rel\00b2b4b6.PDT:entry179@0x602000	26624	53506001	0	
C:\Program Files (x86)\Steam\steamapps\common\MGS_PW\mgspw\MLG\disc0_rel\00b2b4b6.PDT:entry180@0x608800	20480	53506101	0	
C:\Program Files (x86)\Steam\steamapps\common\MGS_PW\mgspw\MLG\disc0_rel\00b2b4b6.PDT:entry181@0x60d800	28672	53506201	0	
C:\Program Files (x86)\Steam\steamapps\common\MGS_PW\mgspw\MLG\disc0_rel\00b2b4b6.PDT:entry182@0x614800	20480	53506301	0	
C:\Program Files (x86)\Steam\steamapps\common\MGS_PW\mgspw\MLG\disc0_rel\00b2b4b6.PDT:entry183@0x619800	40960	53506401	0	
C:\Program Files (x86)\Steam\steamapps\common\MGS_PW\mgspw\MLG\disc0_rel\00b2b4b6.PDT:entry184@0x623800	36864	53506501	0	
C:\Program Files (x86)\Steam\steamapps\common\MGS_PW\mgspw\MLG\disc0_rel\00b2b4b6.PDT:entry185@0x62c800	22528	53506601	0	
C:\Program Files (x86)\Steam\steamapps\common\MGS_PW\mgspw\MLG\disc0_rel\00b2b4b6.PDT:entry186@0x632000	22528	53506701	0	
C:\Program Files (x86)\Steam\steamapps\common\MGS_PW\mgspw\MLG\disc0_rel\00b2b4b6.PDT:entry187@0x637800	28672	53506801	0	
C:\Program Files (x86)\Steam\steamapps\common\MGS_PW\mgspw\MLG\disc0_rel\00b2b4b6.PDT:entry188@0x63e800	32768	53506901	0	
C:\Program Files (x86)\Steam\steamapps\common\MGS_PW\mgspw\MLG\disc0_rel\00b2b4b6.PDT:entry189@0x646800	47104	53506a01	0	
C:\Program Files (x86)\Steam\steamapps\common\MGS_PW\mgspw\MLG\disc0_rel\00b2b4b6.PDT:entry190@0x652000	30720	53506b01	0	
C:\Program Files (x86)\Steam\steamapps\common\MGS_PW\mgspw\MLG\disc0_rel\00b2b4b6.PDT:entry191@0x659800	28672	53506c01	0	
C:\Program Files (x86)\Steam\steamapps\common\MGS_PW\mgspw\MLG\disc0_rel\00b2b4b6.PDT:entry192@0x660800	26624	53506d01	0	
C:\Program Files (x86)\Steam\steamapps\common\MGS_PW\mgspw\MLG\disc0_rel\00b2b4b6.PDT:entry193@0x667000	26624	53506e01	0	
C:\Program Files (x86)\Steam\steamapps\common\MGS_PW\mgspw\MLG\disc0_rel\00b2b4b6.PDT:entry194@0x66d800	12288	53506f01	0	
C:\Program Files (x86)\Steam\steamapps\common\MGS_PW\mgspw\MLG\disc0_rel\00b2b4b6.PDT:entry195@0x670800	38912	53507001	0	
C:\Program Files (x86)\Steam\steamapps\common\MGS_PW\mgspw\MLG\disc0_rel\00b2b4b6.PDT:entry196@0x67a000	24576	53507101	0	
C:\Program Files (x86)\Steam\steamapps\common\MGS_PW\mgspw\MLG\disc0_rel\00b2b4b6.PDT:entry197@0x680000	26624	53507201	0	
C:\Program Files (x86)\Steam\steamapps\common\MGS_PW\mgspw\MLG\disc0_rel\00b2b4b6.PDT:entry198@0x686800	51200	53505302	0	
C:\Program Files (x86)\Steam\steamapps\common\MGS_PW\mgspw\MLG\disc0_rel\00b2b4b6.PDT:entry199@0x693000	36864	53505402	0	
C:\Program Files (x86)\Steam\steamapps\common\MGS_PW\mgspw\MLG\disc0_rel\00b2b4b6.PDT:entry200@0x69c000	32768	53505502	0	
C:\Program Files (x86)\Steam\steamapps\common\MGS_PW\mgspw\MLG\disc0_rel\00b2b4b6.PDT:entry201@0x6a4000	28672	53505602	0	
C:\Program Files (x86)\Steam\steamapps\common\MGS_PW\mgspw\MLG\disc0_rel\00b2b4b6.PDT:entry202@0x6ab000	43008	53505702	0	
C:\Program Files (x86)\Steam\steamapps\common\MGS_PW\mgspw\MLG\disc0_rel\00b2b4b6.PDT:entry203@0x6b5800	26624	53505802	0	
C:\Program Files (x86)\Steam\steamapps\common\MGS_PW\mgspw\MLG\disc0_rel\00b2b4b6.PDT:entry204@0x6bc000	24576	53505902	0	
C:\Program Files (x86)\Steam\steamapps\common\MGS_PW\mgspw\MLG\disc0_rel\00b2b4b6.PDT:entry205@0x6c2000	45056	53505a02	0	
C:\Program Files (x86)\Steam\steamapps\common\MGS_PW\mgspw\MLG\disc0_rel\00b2b4b6.PDT:entry206@0x6cd000	45056	53505b02	0	
C:\Program Files (x86)\Steam\steamapps\common\MGS_PW\mgspw\MLG\disc0_rel\00b2b4b6.PDT:entry207@0x6d8000	34816	53505c02	0	
C:\Program Files (x86)\Steam\steamapps\common\MGS_PW\mgspw\MLG\disc0_rel\00b2b4b6.PDT:entry208@0x6e0800	61440	53505d02	0	
C:\Program Files (x86)\Steam\steamapps\common\MGS_PW\mgspw\MLG\disc0_rel\00b2b4b6.PDT:entry209@0x6ef800	45056	53505e02	0	
C:\Program Files (x86)\Steam\steamapps\common\MGS_PW\mgspw\MLG\disc0_rel\00b2b4b6.PDT:entry210@0x6fa800	34816	53505f02	0	
C:\Program Files (x86)\Steam\steamapps\common\MGS_PW\mgspw\MLG\disc0_rel\00b2b4b6.PDT:entry211@0x703000	32768	53506002	0	
C:\Program Files (x86)\Steam\steamapps\common\MGS_PW\mgspw\MLG\disc0_rel\00b2b4b6.PDT:entry212@0x70b000	38912	53506102	0	
C:\Program Files (x86)\Steam\steamapps\common\MGS_PW\mgspw\MLG\disc0_rel\00b2b4b6.PDT:entry213@0x714800	32768	53506202	0	
C:\Program Files (x86)\Steam\steamapps\common\MGS_PW\mgspw\MLG\disc0_rel\00b2b4b6.PDT:entry214@0x71c800	34816	53506302	0	
C:\Program Files (x86)\Steam\steamapps\common\MGS_PW\mgspw\MLG\disc0_rel\00b2b4b6.PDT:entry215@0x725000	28672	53506402	0	
C:\Program Files (x86)\Steam\steamapps\common\MGS_PW\mgspw\MLG\disc0_rel\00b2b4b6.PDT:entry216@0x72c000	32768	53506502	0	
C:\Program Files (x86)\Steam\steamapps\common\MGS_PW\mgspw\MLG\disc0_rel\00b2b4b6.PDT:entry217@0x734000	40960	53506602	0	
C:\Program Files (x86)\Steam\steamapps\common\MGS_PW\mgspw\MLG\disc0_rel\00b2b4b6.PDT:entry218@0x73e000	36864	53506702	0	
C:\Program Files (x86)\Steam\steamapps\common\MGS_PW\mgspw\MLG\disc0_rel\00b2b4b6.PDT:entry219@0x747000	49152	53506802	0	
C:\Program Files (x86)\Steam\steamapps\common\MGS_PW\mgspw\MLG\disc0_rel\00b2b4b6.PDT:entry220@0x753000	32768	53506902	0	
C:\Program Files (x86)\Steam\steamapps\common\MGS_PW\mgspw\MLG\disc0_rel\00b2b4b6.PDT:entry221@0x75b000	26624	53506a02	0	
C:\Program Files (x86)\Steam\steamapps\common\MGS_PW\mgspw\MLG\disc0_rel\00b2b4b6.PDT:entry222@0x761800	32768	53506b02	0	
C:\Program Files (x86)\Steam\steamapps\common\MGS_PW\mgspw\MLG\disc0_rel\00b2b4b6.PDT:entry223@0x769800	43008	53506c02	0	
C:\Program Files (x86)\Steam\steamapps\common\MGS_PW\mgspw\MLG\disc0_rel\00b2b4b6.PDT:entry224@0x774000	34816	53506d02	0	
C:\Program Files (x86)\Steam\steamapps\common\MGS_PW\mgspw\MLG\disc0_rel\00b2b4b6.PDT:entry225@0x77c800	43008	53506e02	0	
C:\Program Files (x86)\Steam\steamapps\common\MGS_PW\mgspw\MLG\disc0_rel\00b2b4b6.PDT:entry226@0x787000	40960	53506f02	0	
C:\Program Files (x86)\Steam\steamapps\common\MGS_PW\mgspw\MLG\disc0_rel\00b2b4b6.PDT:entry227@0x791000	24576	53507002	0	
C:\Program Files (x86)\Steam\steamapps\common\MGS_PW\mgspw\MLG\disc0_rel\00b2b4b6.PDT:entry228@0x797000	28672	53507102	0	
C:\Program Files (x86)\Steam\steamapps\common\MGS_PW\mgspw\MLG\disc0_rel\00b2b4b6.PDT:entry229@0x79e000	47104	53507202	0	
C:\Program Files (x86)\Steam\steamapps\common\MGS_PW\mgspw\MLG\disc0_rel\00b2b4b6.PDT:entry230@0x7a9800	45056	53507302	0	
C:\Program Files (x86)\Steam\steamapps\common\MGS_PW\mgspw\MLG\disc0_rel\00b2b4b6.PDT:entry231@0x7b4800	26624	53507402	0	
C:\Program Files (x86)\Steam\steamapps\common\MGS_PW\mgspw\MLG\disc0_rel\00b2b4b6.PDT:entry232@0x7bb000	24576	53507502	0	
C:\Program Files (x86)\Steam\steamapps\common\MGS_PW\mgspw\MLG\disc0_rel\00b2b4b6.PDT:entry233@0x7c1000	22528	53507602	0	
C:\Program Files (x86)\Steam\steamapps\common\MGS_PW\mgspw\MLG\disc0_rel\00b2b4b6.PDT:entry234@0x7c6800	34816	53507702	0	
C:\Program Files (x86)\Steam\steamapps\common\MGS_PW\mgspw\MLG\disc0_rel\00b2b4b6.PDT:entry235@0x7cf000	30720	53507802	0	
C:\Program Files (x86)\Steam\steamapps\common\MGS_PW\mgspw\MLG\disc0_rel\00b2b4b6.PDT:entry236@0x7d6800	22528	53507902	0	
C:\Program Files (x86)\Steam\steamapps\common\MGS_PW\mgspw\MLG\disc0_rel\00b2b4b6.PDT:entry237@0x7dc000	20480	53507a02	0	
C:\Program Files (x86)\Steam\steamapps\common\MGS_PW\mgspw\MLG\disc0_rel\00b2b4b6.PDT:entry238@0x7e1000	24576	53507b02	0	
C:\Program Files (x86)\Steam\steamapps\common\MGS_PW\mgspw\MLG\disc0_rel\00b2b4b6.PDT:entry239@0x7e7000	53248	53507c02	0	
C:\Program Files (x86)\Steam\steamapps\common\MGS_PW\mgspw\MLG\disc0_rel\00b2b4b6.PDT:entry240@0x7f4000	34816	53507d02	0	
C:\Program Files (x86)\Steam\steamapps\common\MGS_PW\mgspw\MLG\disc0_rel\00b2b4b6.PDT:entry241@0x7fc800	20480	53507e02	0	
C:\Program Files (x86)\Steam\steamapps\common\MGS_PW\mgspw\MLG\disc0_rel\00b2b4b6.PDT:entry242@0x801800	26624	53507f02	0	
C:\Program Files (x86)\Steam\steamapps\common\MGS_PW\mgspw\MLG\disc0_rel\00b2b4b6.PDT:entry243@0x808000	30720	53508002	0	
C:\Program Files (x86)\Steam\steamapps\common\MGS_PW\mgspw\MLG\disc0_rel\00b2b4b6.PDT:entry244@0x80f800	28672	53508102	0	
C:\Program Files (x86)\Steam\steamapps\common\MGS_PW\mgspw\MLG\disc0_rel\00b2b4b6.PDT:entry245@0x816800	30720	53508202	0	
C:\Program Files (x86)\Steam\steamapps\common\MGS_PW\mgspw\MLG\disc0_rel\00b2b4b6.PDT:entry246@0x81e000	36864	53508302	0	
C:\Program Files (x86)\Steam\steamapps\common\MGS_PW\mgspw\MLG\disc0_rel\00b2b4b6.PDT:entry247@0x827000	6144	53508402	0	
C:\Program Files (x86)\Steam\steamapps\common\MGS_PW\mgspw\MLG\disc0_rel\00b2b4b6.PDT:entry248@0x828800	32768	53508502	0	
C:\Program Files (x86)\Steam\steamapps\common\MGS_PW\mgspw\MLG\disc0_rel\00b2b4b6.PDT:entry249@0x830800	26624	53508602	0	
C:\Program Files (x86)\Steam\steamapps\common\MGS_PW\mgspw\MLG\disc0_rel\00b2b4b6.PDT:entry250@0x837000	24576	53508702	0	
C:\Program Files (x86)\Steam\steamapps\common\MGS_PW\mgspw\MLG\disc0_rel\00b2b4b6.PDT:entry251@0x83d000	28672	53508802	0	
C:\Program Files (x86)\Steam\steamapps\common\MGS_PW\mgspw\MLG\disc0_rel\00b2b4b6.PDT:entry252@0x844000	22528	53508902	0	
C:\Program Files (x86)\Steam\steamapps\common\MGS_PW\mgspw\MLG\disc0_rel\00b2b4b6.PDT:entry253@0x849800	36864	53508a02	0	
C:\Program Files (x86)\Steam\steamapps\common\MGS_PW\mgspw\MLG\disc0_rel\00b2b4b6.PDT:entry254@0x852800	26624	53508b02	0	
C:\Program Files (x86)\Steam\steamapps\common\MGS_PW\mgspw\MLG\disc0_rel\00b2b4b6.PDT:entry255@0x859000	36864	53508c02	0	
C:\Program Files (x86)\Steam\steamapps\common\MGS_PW\mgspw\MLG\disc0_rel\00b2b4b6.PDT:entry256@0x862000	38912	53508d02	0	
C:\Program Files (x86)\Steam\steamapps\common\MGS_PW\mgspw\MLG\disc0_rel\00b2b4b6.PDT:entry257@0x86b800	24576	53508e02	0	
C:\Program Files (x86)\Steam\steamapps\common\MGS_PW\mgspw\MLG\disc0_rel\00b2b4b6.PDT:entry258@0x871800	30720	53508f02	0	
C:\Program Files (x86)\Steam\steamapps\common\MGS_PW\mgspw\MLG\disc0_rel\00b2b4b6.PDT:entry259@0x879000	24576	53509002	0	
C:\Program Files (x86)\Steam\steamapps\common\MGS_PW\mgspw\MLG\disc0_rel\00b2b4b6.PDT:entry260@0x87f000	32768	53509102	0	
C:\Program Files (x86)\Steam\steamapps\common\MGS_PW\mgspw\MLG\disc0_rel\00b2b4b6.PDT:entry261@0x887000	28672	53509202	0	
C:\Program Files (x86)\Steam\steamapps\common\MGS_PW\mgspw\MLG\disc0_rel\00b2b4b6.PDT:entry262@0x88e000	26624	53509302	0	
C:\Program Files (x86)\Steam\steamapps\common\MGS_PW\mgspw\MLG\disc0_rel\00b2b4b6.PDT:entry263@0x894800	22528	53509402	0	
C:\Program Files (x86)\Steam\steamapps\common\MGS_PW\mgspw\MLG\disc0_rel\00b2b4b6.PDT:entry264@0x89a000	28672	53509502	0	
C:\Program Files (x86)\Steam\steamapps\common\MGS_PW\mgspw\MLG\disc0_rel\00b2b4b6.PDT:entry265@0x8a1000	24576	53509602	0	
C:\Program Files (x86)\Steam\steamapps\common\MGS_PW\mgspw\MLG\disc0_rel\00b2b4b6.PDT:entry266@0x8a7000	32768	53509702	0	
C:\Program Files (x86)\Steam\steamapps\common\MGS_PW\mgspw\MLG\disc0_rel\00b2b4b6.PDT:entry267@0x8af000	22528	53509802	0	
C:\Program Files (x86)\Steam\steamapps\common\MGS_PW\mgspw\MLG\disc0_rel\00b2b4b6.PDT:entry268@0x8b4800	53248	53509902	0	
C:\Program Files (x86)\Steam\steamapps\common\MGS_PW\mgspw\MLG\disc0_rel\00b2b4b6.PDT:entry269@0x8c1800	51200	53509a02	0	
C:\Program Files (x86)\Steam\steamapps\common\MGS_PW\mgspw\MLG\disc0_rel\00b2b4b6.PDT:entry270@0x8ce000	59392	53509b02	0	
C:\Program Files (x86)\Steam\steamapps\common\MGS_PW\mgspw\MLG\disc0_rel\00b2b4b6.PDT:entry271@0x8dc800	22528	53509c02	0	
C:\Program Files (x86)\Steam\steamapps\common\MGS_PW\mgspw\MLG\disc0_rel\00b2b4b6.PDT:entry272@0x8e2000	18432	53509d02	0	
C:\Program Files (x86)\Steam\steamapps\common\MGS_PW\mgspw\MLG\disc0_rel\00b2b4b6.PDT:entry273@0x8e6800	49152	53509e02	0	
C:\Program Files (x86)\Steam\steamapps\common\MGS_PW\mgspw\MLG\disc0_rel\00b2b4b6.PDT:entry274@0x8f2800	36864	53509f02	0	
C:\Program Files (x86)\Steam\steamapps\common\MGS_PW\mgspw\MLG\disc0_rel\00b2b4b6.PDT:entry275@0x8fb800	30720	5350a002	0	
C:\Program Files (x86)\Steam\steamapps\common\MGS_PW\mgspw\MLG\disc0_rel\00b2b4b6.PDT:entry276@0x903000	32768	5350a102	0	
C:\Program Files (x86)\Steam\steamapps\common\MGS_PW\mgspw\MLG\disc0_rel\00b2b4b6.PDT:entry277@0x90b000	28672	5350a202	0	
C:\Program Files (x86)\Steam\steamapps\common\MGS_PW\mgspw\MLG\disc0_rel\00b2b4b6.PDT:entry278@0x912000	22528	5350a302	0	
C:\Program Files (x86)\Steam\steamapps\common\MGS_PW\mgspw\MLG\disc0_rel\00b2b4b6.PDT:entry279@0x917800	26624	5350a402	0	
C:\Program Files (x86)\Steam\steamapps\common\MGS_PW\mgspw\MLG\disc0_rel\00b2b4b6.PDT:entry280@0x91e000	28672	5350a502	0	
C:\Program Files (x86)\Steam\steamapps\common\MGS_PW\mgspw\MLG\disc0_rel\00b2b4b6.PDT:entry281@0x925000	34816	5350a602	0	
C:\Program Files (x86)\Steam\steamapps\common\MGS_PW\mgspw\MLG\disc0_rel\00b2b4b6.PDT:entry282@0x92d800	45056	5350a702	0	
C:\Program Files (x86)\Steam\steamapps\common\MGS_PW\mgspw\MLG\disc0_rel\00b2b4b6.PDT:entry283@0x938800	45056	5350a802	0	
C:\Program Files (x86)\Steam\steamapps\common\MGS_PW\mgspw\MLG\disc0_rel\00b2b4b6.PDT:entry284@0x943800	28672	5350a902	0	
C:\Program Files (x86)\Steam\steamapps\common\MGS_PW\mgspw\MLG\disc0_rel\00b2b4b6.PDT:entry285@0x94a800	22528	5350aa02	0	
C:\Program Files (x86)\Steam\steamapps\common\MGS_PW\mgspw\MLG\disc0_rel\00b2b4b6.PDT:entry286@0x950000	26624	5350ab02	0	
C:\Program Files (x86)\Steam\steamapps\common\MGS_PW\mgspw\MLG\disc0_rel\00b2b4b6.PDT:entry287@0x956800	40960	5350ac02	0	
C:\Program Files (x86)\Steam\steamapps\common\MGS_PW\mgspw\MLG\disc0_rel\00b2b4b6.PDT:entry288@0x960800	61440	5350ad02	0	
C:\Program Files (x86)\Steam\steamapps\common\MGS_PW\mgspw\MLG\disc0_rel\00b2b4b6.PDT:entry289@0x96f800	53248	5350ae02	0	
C:\Program Files (x86)\Steam\steamapps\common\MGS_PW\mgspw\MLG\disc0_rel\00b2b4b6.PDT:entry290@0x97c800	47104	5350af02	0	
C:\Program Files (x86)\Steam\steamapps\common\MGS_PW\mgspw\MLG\disc0_rel\00b2b4b6.PDT:entry291@0x988000	51200	5350b002	0	
C:\Program Files (x86)\Steam\steamapps\common\MGS_PW\mgspw\MLG\disc0_rel\00b2b4b6.PDT:entry292@0x994800	24576	5350b102	0	
C:\Program Files (x86)\Steam\steamapps\common\MGS_PW\mgspw\MLG\disc0_rel\00b2b4b6.PDT:entry293@0x99a800	61440	5350b202	0	
C:\Program Files (x86)\Steam\steamapps\common\MGS_PW\mgspw\MLG\disc0_rel\00b2b4b6.PDT:entry294@0x9a9800	30720	5350b302	0	
C:\Program Files (x86)\Steam\steamapps\common\MGS_PW\mgspw\MLG\disc0_rel\00b2b4b6.PDT:entry295@0x9b1000	51200	5350b402	0	
C:\Program Files (x86)\Steam\steamapps\common\MGS_PW\mgspw\MLG\disc0_rel\00b2b4b6.PDT:entry296@0x9bd800	63488	5350b502	0	
C:\Program Files (x86)\Steam\steamapps\common\MGS_PW\mgspw\MLG\disc0_rel\00b2b4b6.PDT:entry297@0x9cd000	47104	5350b602	0	
C:\Program Files (x86)\Steam\steamapps\common\MGS_PW\mgspw\MLG\disc0_rel\00b2b4b6.PDT:entry298@0x9d8800	32768	5350b702	0	
C:\Program Files (x86)\Steam\steamapps\common\MGS_PW\mgspw\MLG\disc0_rel\00b2b4b6.PDT:entry299@0x9e0800	63488	5350b802	0	
C:\Program Files (x86)\Steam\steamapps\common\MGS_PW\mgspw\MLG\disc0_rel\00b2b4b6.PDT:entry300@0x9f0000	36864	5350b902	0	
C:\Program Files (x86)\Steam\steamapps\common\MGS_PW\mgspw\MLG\disc0_rel\00b2b4b6.PDT:entry301@0x9f9000	26624	5350ba02	0	
C:\Program Files (x86)\Steam\steamapps\common\MGS_PW\mgspw\MLG\disc0_rel\00b2b4b6.PDT:entry302@0x9ff800	36864	5350bb02	0	
C:\Program Files (x86)\Steam\steamapps\common\MGS_PW\mgspw\MLG\disc0_rel\00b2b4b6.PDT:entry303@0xa08800	24576	5350bc02	0	
C:\Program Files (x86)\Steam\steamapps\common\MGS_PW\mgspw\MLG\disc0_rel\00b2b4b6.PDT:entry304@0xa0e800	36864	5350bd02	0	
C:\Program Files (x86)\Steam\steamapps\common\MGS_PW\mgspw\MLG\disc0_rel\00b2b4b6.PDT:entry305@0xa17800	38912	5350be02	0	
C:\Program Files (x86)\Steam\steamapps\common\MGS_PW\mgspw\MLG\disc0_rel\00b2b4b6.PDT:entry306@0xa21000	36864	5350bf02	0	
C:\Program Files (x86)\Steam\steamapps\common\MGS_PW\mgspw\MLG\disc0_rel\00b2b4b6.PDT:entry307@0xa2a000	30720	5350c002	0	
C:\Program Files (x86)\Steam\steamapps\common\MGS_PW\mgspw\MLG\disc0_rel\00b2b4b6.PDT:entry308@0xa31800	49152	5350c102	0	
C:\Program Files (x86)\Steam\steamapps\common\MGS_PW\mgspw\MLG\disc0_rel\00b2b4b6.PDT:entry309@0xa3d800	14336	5350c202	0	
C:\Program Files (x86)\Steam\steamapps\common\MGS_PW\mgspw\MLG\disc0_rel\00b2b4b6.PDT:entry310@0xa41000	16384	5350c302	0	
C:\Program Files (x86)\Steam\steamapps\common\MGS_PW\mgspw\MLG\disc0_rel\00b2b4b6.PDT:entry311@0xa45000	22528	5350c402	0	
C:\Program Files (x86)\Steam\steamapps\common\MGS_PW\mgspw\MLG\disc0_rel\00b2b4b6.PDT:entry312@0xa4a800	16384	5350c502	0	
C:\Program Files (x86)\Steam\steamapps\common\MGS_PW\mgspw\MLG\disc0_rel\00b2b4b6.PDT:entry313@0xa4e800	34816	5350c602	0	
C:\Program Files (x86)\Steam\steamapps\common\MGS_PW\mgspw\MLG\disc0_rel\00b2b4b6.PDT:entry314@0xa57000	34816	5350c702	0	
C:\Program Files (x86)\Steam\steamapps\common\MGS_PW\mgspw\MLG\disc0_rel\00b2b4b6.PDT:entry315@0xa5f800	36864	5350c802	0	
C:\Program Files (x86)\Steam\steamapps\common\MGS_PW\mgspw\MLG\disc0_rel\00b2b4b6.PDT:entry316@0xa68800	45056	5350c902	0	
C:\Program Files (x86)\Steam\steamapps\common\MGS_PW\mgspw\MLG\disc0_rel\00b2b4b6.PDT:entry317@0xa73800	36864	5350ca02	0	
C:\Program Files (x86)\Steam\steamapps\common\MGS_PW\mgspw\MLG\disc0_rel\00b2b4b6.PDT:entry318@0xa7c800	30720	5350cb02	0	
C:\Program Files (x86)\Steam\steamapps\common\MGS_PW\mgspw\MLG\disc0_rel\00b2b4b6.PDT:entry319@0xa84000	30720	5350cc02	0	
C:\Program Files (x86)\Steam\steamapps\common\MGS_PW\mgspw\MLG\disc0_rel\00b2b4b6.PDT:entry320@0xa8b800	34816	5350cd02	0	
C:\Program Files (x86)\Steam\steamapps\common\MGS_PW\mgspw\MLG\disc0_rel\00b2b4b6.PDT:entry321@0xa94000	28672	5350ce02	0	
C:\Program Files (x86)\Steam\steamapps\common\MGS_PW\mgspw\MLG\disc0_rel\00b2b4b6.PDT:entry322@0xa9b000	16384	5350cf02	0	
C:\Program Files (x86)\Steam\steamapps\common\MGS_PW\mgspw\MLG\disc0_rel\00b2b4b6.PDT:entry323@0xa9f000	26624	5350d002	0	
C:\Program Files (x86)\Steam\steamapps\common\MGS_PW\mgspw\MLG\disc0_rel\00b2b4b6.PDT:entry324@0xaa5800	24576	5350d102	0	
C:\Program Files (x86)\Steam\steamapps\common\MGS_PW\mgspw\MLG\disc0_rel\00b2b4b6.PDT:entry325@0xaab800	26624	5350d202	0	
C:\Program Files (x86)\Steam\steamapps\common\MGS_PW\mgspw\MLG\disc0_rel\00b2b4b6.PDT:entry326@0xab2000	18432	5350d302	0	
C:\Program Files (x86)\Steam\steamapps\common\MGS_PW\mgspw\MLG\disc0_rel\00b2b4b6.PDT:entry327@0xab6800	16384	5350d402	0	
C:\Program Files (x86)\Steam\steamapps\common\MGS_PW\mgspw\MLG\disc0_rel\00b2b4b6.PDT:entry328@0xaba800	22528	5350d502	0	
C:\Program Files (x86)\Steam\steamapps\common\MGS_PW\mgspw\MLG\disc0_rel\00b2b4b6.PDT:entry329@0xac0000	28672	5350d602	0	
C:\Program Files (x86)\Steam\steamapps\common\MGS_PW\mgspw\MLG\disc0_rel\00b2b4b6.PDT:entry330@0xac7000	32768	5350d702	0	
C:\Program Files (x86)\Steam\steamapps\common\MGS_PW\mgspw\MLG\disc0_rel\00b2b4b6.PDT:entry331@0xacf000	36864	5350d802	0	
C:\Program Files (x86)\Steam\steamapps\common\MGS_PW\mgspw\MLG\disc0_rel\00b2b4b6.PDT:entry332@0xad8000	24576	5350d902	0	
C:\Program Files (x86)\Steam\steamapps\common\MGS_PW\mgspw\MLG\disc0_rel\00b2b4b6.PDT:entry333@0xade000	22528	5350da02	0	
C:\Program Files (x86)\Steam\steamapps\common\MGS_PW\mgspw\MLG\disc0_rel\00b2b4b6.PDT:entry334@0xae3800	24576	5350db02	0	
C:\Program Files (x86)\Steam\steamapps\common\MGS_PW\mgspw\MLG\disc0_rel\00b2b4b6.PDT:entry335@0xae9800	51200	5350dc02	0	
C:\Program Files (x86)\Steam\steamapps\common\MGS_PW\mgspw\MLG\disc0_rel\00b2b4b6.PDT:entry336@0xaf6000	34816	5350dd02	0	
C:\Program Files (x86)\Steam\steamapps\common\MGS_PW\mgspw\MLG\disc0_rel\00b2b4b6.PDT:entry337@0xafe800	32768	5350de02	0	
C:\Program Files (x86)\Steam\steamapps\common\MGS_PW\mgspw\MLG\disc0_rel\00b2b4b6.PDT:entry338@0xb06800	6144	5350df02	0	
C:\Program Files (x86)\Steam\steamapps\common\MGS_PW\mgspw\MLG\disc0_rel\00b2b4b6.PDT:entry339@0xb08000	43008	5350e002	0	
C:\Program Files (x86)\Steam\steamapps\common\MGS_PW\mgspw\MLG\disc0_rel\00b2b4b6.PDT:entry340@0xb12800	45056	5350e102	0	
C:\Program Files (x86)\Steam\steamapps\common\MGS_PW\mgspw\MLG\disc0_rel\00b2b4b6.PDT:entry341@0xb1d800	26624	5350e202	0	
C:\Program Files (x86)\Steam\steamapps\common\MGS_PW\mgspw\MLG\disc0_rel\00b2b4b6.PDT:entry342@0xb24000	28672	5350e302	0	
C:\Program Files (x86)\Steam\steamapps\common\MGS_PW\mgspw\MLG\disc0_rel\00b2b4b6.PDT:entry343@0xb2b000	73728	5350e402	0	
C:\Program Files (x86)\Steam\steamapps\common\MGS_PW\mgspw\MLG\disc0_rel\00b2b4b6.PDT:entry344@0xb3d000	59392	5350e502	0	
C:\Program Files (x86)\Steam\steamapps\common\MGS_PW\mgspw\MLG\disc0_rel\00b2b4b6.PDT:entry345@0xb4b800	32768	5350e602	0	
C:\Program Files (x86)\Steam\steamapps\common\MGS_PW\mgspw\MLG\disc0_rel\00b2b4b6.PDT:entry346@0xb53800	55296	5350e702	0	
C:\Program Files (x86)\Steam\steamapps\common\MGS_PW\mgspw\MLG\disc0_rel\00b2b4b6.PDT:entry347@0xb61000	36864	5350e802	0	
C:\Program Files (x86)\Steam\steamapps\common\MGS_PW\mgspw\MLG\disc0_rel\00b2b4b6.PDT:entry348@0xb6a000	32768	5350e902	0	
C:\Program Files (x86)\Steam\steamapps\common\MGS_PW\mgspw\MLG\disc0_rel\00b2b4b6.PDT:entry349@0xb72000	22528	5350ea02	0	
C:\Program Files (x86)\Steam\steamapps\common\MGS_PW\mgspw\MLG\disc0_rel\00b2b4b6.PDT:entry350@0xb77800	36864	5350eb02	0	
C:\Program Files (x86)\Steam\steamapps\common\MGS_PW\mgspw\MLG\disc0_rel\00b2b4b6.PDT:entry351@0xb80800	30720	5350ec02	0	
C:\Program Files (x86)\Steam\steamapps\common\MGS_PW\mgspw\MLG\disc0_rel\00b2b4b6.PDT:entry352@0xb88000	30720	5350ed02	0	
C:\Program Files (x86)\Steam\steamapps\common\MGS_PW\mgspw\MLG\disc0_rel\00b2b4b6.PDT:entry353@0xb8f800	6144	5350ee02	0	
C:\Program Files (x86)\Steam\steamapps\common\MGS_PW\mgspw\MLG\disc0_rel\00b2b4b6.PDT:entry354@0xb91000	30720	5350ef02	0	
C:\Program Files (x86)\Steam\steamapps\common\MGS_PW\mgspw\MLG\disc0_rel\00b2b4b6.PDT:entry355@0xb98800	28672	5350f002	0	
C:\Program Files (x86)\Steam\steamapps\common\MGS_PW\mgspw\MLG\disc0_rel\00b2b4b6.PDT:entry356@0xb9f800	24576	5350f102	0	
C:\Program Files (x86)\Steam\steamapps\common\MGS_PW\mgspw\MLG\disc0_rel\00b2b4b6.PDT:entry357@0xba5800	22528	5350f202	0	
C:\Program Files (x86)\Steam\steamapps\common\MGS_PW\mgspw\MLG\disc0_rel\00b2b4b6.PDT:entry358@0xbab000	32768	5350f302	0	
C:\Program Files (x86)\Steam\steamapps\common\MGS_PW\mgspw\MLG\disc0_rel\00b2b4b6.PDT:entry359@0xbb3000	36864	5350f402	0	
C:\Program Files (x86)\Steam\steamapps\common\MGS_PW\mgspw\MLG\disc0_rel\00b2b4b6.PDT:entry360@0xbbc000	30720	5350f502	0	
C:\Program Files (x86)\Steam\steamapps\common\MGS_PW\mgspw\MLG\disc0_rel\00b2b4b6.PDT:entry361@0xbc3800	36864	5350f602	0	
C:\Program Files (x86)\Steam\steamapps\common\MGS_PW\mgspw\MLG\disc0_rel\00b2b4b6.PDT:entry362@0xbcc800	34816	5350f702	0	
C:\Program Files (x86)\Steam\steamapps\common\MGS_PW\mgspw\MLG\disc0_rel\00b2b4b6.PDT:entry363@0xbd5000	32768	5350f802	0	
C:\Program Files (x86)\Steam\steamapps\common\MGS_PW\mgspw\MLG\disc0_rel\00b2b4b6.PDT:entry364@0xbdd000	26624	5350f902	0	
C:\Program Files (x86)\Steam\steamapps\common\MGS_PW\mgspw\MLG\disc0_rel\00b2b4b6.PDT:entry365@0xbe3800	32768	5350fa02	0	
C:\Program Files (x86)\Steam\steamapps\common\MGS_PW\mgspw\MLG\disc0_rel\00b2b4b6.PDT:entry366@0xbeb800	20480	5350fb02	0	
C:\Program Files (x86)\Steam\steamapps\common\MGS_PW\mgspw\MLG\disc0_rel\00b2b4b6.PDT:entry367@0xbf0800	34816	5350fc02	0	
C:\Program Files (x86)\Steam\steamapps\common\MGS_PW\mgspw\MLG\disc0_rel\00b2b4b6.PDT:entry368@0xbf9000	24576	5350fd02	0	
C:\Program Files (x86)\Steam\steamapps\common\MGS_PW\mgspw\MLG\disc0_rel\00b2b4b6.PDT:entry369@0xbff000	18432	5350fe02	0	
C:\Program Files (x86)\Steam\steamapps\common\MGS_PW\mgspw\MLG\disc0_rel\00b2b4b6.PDT:entry370@0xc03800	22528	5350ff02	0	
C:\Program Files (x86)\Steam\steamapps\common\MGS_PW\mgspw\MLG\disc0_rel\00b2b4b6.PDT:entry371@0xc09000	22528	53500003	0	
C:\Program Files (x86)\Steam\steamapps\common\MGS_PW\mgspw\MLG\disc0_rel\00b2b4b6.PDT:entry372@0xc0e800	18432	53500103	0	
C:\Program Files (x86)\Steam\steamapps\common\MGS_PW\mgspw\MLG\disc0_rel\00b2b4b6.PDT:entry373@0xc13000	40960	53500203	0	
C:\Program Files (x86)\Steam\steamapps\common\MGS_PW\mgspw\MLG\disc0_rel\00b2b4b6.PDT:entry374@0xc1d000	28672	53500303	0	
C:\Program Files (x86)\Steam\steamapps\common\MGS_PW\mgspw\MLG\disc0_rel\00b2b4b6.PDT:entry375@0xc24000	28672	53500403	0	
C:\Program Files (x86)\Steam\steamapps\common\MGS_PW\mgspw\MLG\disc0_rel\00b2b4b6.PDT:entry376@0xc2b000	18432	53500503	0	
C:\Program Files (x86)\Steam\steamapps\common\MGS_PW\mgspw\MLG\disc0_rel\00b2b4b6.PDT:entry377@0xc2f800	20480	53500603	0	
C:\Program Files (x86)\Steam\steamapps\common\MGS_PW\mgspw\MLG\disc0_rel\00b2b4b6.PDT:entry378@0xc34800	24576	53500703	0	
C:\Program Files (x86)\Steam\steamapps\common\MGS_PW\mgspw\MLG\disc0_rel\00b2b4b6.PDT:entry379@0xc3a800	28672	53500803	0	
C:\Program Files (x86)\Steam\steamapps\common\MGS_PW\mgspw\MLG\disc0_rel\00b2b4b6.PDT:entry380@0xc41800	20480	53500903	0	
C:\Program Files (x86)\Steam\steamapps\common\MGS_PW\mgspw\MLG\disc0_rel\00b2b4b6.PDT:entry381@0xc46800	34816	53500a03	0	
C:\Program Files (x86)\Steam\steamapps\common\MGS_PW\mgspw\MLG\disc0_rel\00b2b4b6.PDT:entry382@0xc4f000	24576	53500b03	0	
C:\Program Files (x86)\Steam\steamapps\common\MGS_PW\mgspw\MLG\disc0_rel\00b2b4b6.PDT:entry383@0xc55000	26624	53500c03	0	
C:\Program Files (x86)\Steam\steamapps\common\MGS_PW\mgspw\MLG\disc0_rel\00b2b4b6.PDT:entry384@0xc5b800	36864	53500d03	0	
C:\Program Files (x86)\Steam\steamapps\common\MGS_PW\mgspw\MLG\disc0_rel\00b2b4b6.PDT:entry385@0xc64800	53248	53500e03	0	
C:\Program Files (x86)\Steam\steamapps\common\MGS_PW\mgspw\MLG\disc0_rel\00b2b4b6.PDT:entry386@0xc71800	24576	53500f03	0	
C:\Program Files (x86)\Steam\steamapps\common\MGS_PW\mgspw\MLG\disc0_rel\00b2b4b6.PDT:entry387@0xc77800	38912	53501003	0	
C:\Program Files (x86)\Steam\steamapps\common\MGS_PW\mgspw\MLG\disc0_rel\00b2b4b6.PDT:entry388@0xc81000	28672	53501103	0	
C:\Program Files (x86)\Steam\steamapps\common\MGS_PW\mgspw\MLG\disc0_rel\00b2b4b6.PDT:entry389@0xc88000	32768	53501203	0	
C:\Program Files (x86)\Steam\steamapps\common\MGS_PW\mgspw\MLG\disc0_rel\00b2b4b6.PDT:entry390@0xc90000	22528	53501303	0	
C:\Program Files (x86)\Steam\steamapps\common\MGS_PW\mgspw\MLG\disc0_rel\00b2b4b6.PDT:entry391@0xc95800	22528	53501403	0	
C:\Program Files (x86)\Steam\steamapps\common\MGS_PW\mgspw\MLG\disc0_rel\00b2b4b6.PDT:entry392@0xc9b000	30720	53501503	0	
C:\Program Files (x86)\Steam\steamapps\common\MGS_PW\mgspw\MLG\disc0_rel\00b2b4b6.PDT:entry393@0xca2800	38912	53501603	0	
C:\Program Files (x86)\Steam\steamapps\common\MGS_PW\mgspw\MLG\disc0_rel\00b2b4b6.PDT:entry394@0xcac000	24576	53501703	0	
C:\Program Files (x86)\Steam\steamapps\common\MGS_PW\mgspw\MLG\disc0_rel\00b2b4b6.PDT:entry395@0xcb2000	24576	53501803	0	
C:\Program Files (x86)\Steam\steamapps\common\MGS_PW\mgspw\MLG\disc0_rel\00b2b4b6.PDT:entry396@0xcb8000	24576	53501903	0	
C:\Program Files (x86)\Steam\steamapps\common\MGS_PW\mgspw\MLG\disc0_rel\00b2b4b6.PDT:entry397@0xcbe000	14336	53501a03	0	
C:\Program Files (x86)\Steam\steamapps\common\MGS_PW\mgspw\MLG\disc0_rel\00b2b4b6.PDT:entry398@0xcc1800	12288	53501b03	0	
C:\Program Files (x86)\Steam\steamapps\common\MGS_PW\mgspw\MLG\disc0_rel\00b2b4b6.PDT:entry399@0xcc4800	22528	53501c03	0	
C:\Program Files (x86)\Steam\steamapps\common\MGS_PW\mgspw\MLG\disc0_rel\00b2b4b6.PDT:entry400@0xcca000	26624	53501d03	0	
C:\Program Files (x86)\Steam\steamapps\common\MGS_PW\mgspw\MLG\disc0_rel\00b2b4b6.PDT:entry401@0xcd0800	14336	53501e03	0	
C:\Program Files (x86)\Steam\steamapps\common\MGS_PW\mgspw\MLG\disc0_rel\00b2b4b6.PDT:entry402@0xcd4000	16384	53501f03	0	
C:\Program Files (x86)\Steam\steamapps\common\MGS_PW\mgspw\MLG\disc0_rel\00b2b4b6.PDT:entry403@0xcd8000	18432	53502003	0	
C:\Program Files (x86)\Steam\steamapps\common\MGS_PW\mgspw\MLG\disc0_rel\00b2b4b6.PDT:entry404@0xcdc800	26624	53502103	0	
C:\Program Files (x86)\Steam\steamapps\common\MGS_PW\mgspw\MLG\disc0_rel\00b2b4b6.PDT:entry405@0xce3000	32768	53502203	0	
C:\Program Files (x86)\Steam\steamapps\common\MGS_PW\mgspw\MLG\disc0_rel\00b2b4b6.PDT:entry406@0xceb000	28672	53502303	0	
C:\Program Files (x86)\Steam\steamapps\common\MGS_PW\mgspw\MLG\disc0_rel\00b2b4b6.PDT:entry407@0xcf2000	22528	53502403	0	
C:\Program Files (x86)\Steam\steamapps\common\MGS_PW\mgspw\MLG\disc0_rel\00b2b4b6.PDT:entry408@0xcf7800	34816	53507401	0	
C:\Program Files (x86)\Steam\steamapps\common\MGS_PW\mgspw\MLG\disc0_rel\00b2b4b6.PDT:entry409@0xd00000	43008	53507501	0	
C:\Program Files (x86)\Steam\steamapps\common\MGS_PW\mgspw\MLG\disc0_rel\00b2b4b6.PDT:entry410@0xd0a800	73728	53507601	0	
C:\Program Files (x86)\Steam\steamapps\common\MGS_PW\mgspw\MLG\disc0_rel\00b2b4b6.PDT:entry411@0xd1c800	90112	53507701	0	
C:\Program Files (x86)\Steam\steamapps\common\MGS_PW\mgspw\MLG\disc0_rel\00b2b4b6.PDT:entry412@0xd32800	65536	53507801	0	
C:\Program Files (x86)\Steam\steamapps\common\MGS_PW\mgspw\MLG\disc0_rel\00b2b4b6.PDT:entry413@0xd42800	81920	53507901	0	
C:\Program Files (x86)\Steam\steamapps\common\MGS_PW\mgspw\MLG\disc0_rel\00b2b4b6.PDT:entry414@0xd56800	57344	53507a01	0	
C:\Program Files (x86)\Steam\steamapps\common\MGS_PW\mgspw\MLG\disc0_rel\00b2b4b6.PDT:entry415@0xd64800	71680	53507b01	0	
C:\Program Files (x86)\Steam\steamapps\common\MGS_PW\mgspw\MLG\disc0_rel\00b2b4b6.PDT:entry416@0xd76000	67584	53507c01	0	
C:\Program Files (x86)\Steam\steamapps\common\MGS_PW\mgspw\MLG\disc0_rel\00b2b4b6.PDT:entry417@0xd86800	88064	53507d01	0	
C:\Program Files (x86)\Steam\steamapps\common\MGS_PW\mgspw\MLG\disc0_rel\00b2b4b6.PDT:entry418@0xd9c000	18432	53507e01	0	
C:\Program Files (x86)\Steam\steamapps\common\MGS_PW\mgspw\MLG\disc0_rel\00b2b4b6.PDT:entry419@0xda0800	16384	53507f01	0	
C:\Program Files (x86)\Steam\steamapps\common\MGS_PW\mgspw\MLG\disc0_rel\00b2b4b6.PDT:entry420@0xda4800	28672	53508001	0	
C:\Program Files (x86)\Steam\steamapps\common\MGS_PW\mgspw\MLG\disc0_rel\00b2b4b6.PDT:entry421@0xdab800	30720	53508101	0	
C:\Program Files (x86)\Steam\steamapps\common\MGS_PW\mgspw\MLG\disc0_rel\00b2b4b6.PDT:entry422@0xdb3000	28672	53508201	0	
C:\Program Files (x86)\Steam\steamapps\common\MGS_PW\mgspw\MLG\disc0_rel\00b2b4b6.PDT:entry423@0xdba000	30720	53508301	0	
C:\Program Files (x86)\Steam\steamapps\common\MGS_PW\mgspw\MLG\disc0_rel\00b2b4b6.PDT:entry424@0xdc1800	18432	53508401	0	
C:\Program Files (x86)\Steam\steamapps\common\MGS_PW\mgspw\MLG\disc0_rel\00b2b4b6.PDT:entry425@0xdc6000	49152	53508501	0	
C:\Program Files (x86)\Steam\steamapps\common\MGS_PW\mgspw\MLG\disc0_rel\00b2b4b6.PDT:entry426@0xdd2000	24576	53508601	0	
C:\Program Files (x86)\Steam\steamapps\common\MGS_PW\mgspw\MLG\disc0_rel\00b2b4b6.PDT:entry427@0xdd8000	34816	53508701	0	
C:\Program Files (x86)\Steam\steamapps\common\MGS_PW\mgspw\MLG\disc0_rel\00b2b4b6.PDT:entry428@0xde0800	40960	53508801	0	
C:\Program Files (x86)\Steam\steamapps\common\MGS_PW\mgspw\MLG\disc0_rel\00b2b4b6.PDT:entry429@0xdea800	28672	53508901	0	
C:\Program Files (x86)\Steam\steamapps\common\MGS_PW\mgspw\MLG\disc0_rel\00b2b4b6.PDT:entry430@0xdf1800	43008	53508a01	0	
C:\Program Files (x86)\Steam\steamapps\common\MGS_PW\mgspw\MLG\disc0_rel\00b2b4b6.PDT:entry431@0xdfc000	26624	53508b01	0	
C:\Program Files (x86)\Steam\steamapps\common\MGS_PW\mgspw\MLG\disc0_rel\00b2b4b6.PDT:entry432@0xe02800	22528	53508c01	0	
C:\Program Files (x86)\Steam\steamapps\common\MGS_PW\mgspw\MLG\disc0_rel\00b2b4b6.PDT:entry433@0xe08000	40960	53508d01	0	
C:\Program Files (x86)\Steam\steamapps\common\MGS_PW\mgspw\MLG\disc0_rel\00b2b4b6.PDT:entry434@0xe12000	28672	53508e01	0	
C:\Program Files (x86)\Steam\steamapps\common\MGS_PW\mgspw\MLG\disc0_rel\00b2b4b6.PDT:entry435@0xe19000	28672	53508f01	0	
C:\Program Files (x86)\Steam\steamapps\common\MGS_PW\mgspw\MLG\disc0_rel\00b2b4b6.PDT:entry436@0xe20000	36864	53509001	0	
C:\Program Files (x86)\Steam\steamapps\common\MGS_PW\mgspw\MLG\disc0_rel\00b2b4b6.PDT:entry437@0xe29000	34816	53509101	0	
C:\Program Files (x86)\Steam\steamapps\common\MGS_PW\mgspw\MLG\disc0_rel\00b2b4b6.PDT:entry438@0xe31800	32768	53509201	0	
C:\Program Files (x86)\Steam\steamapps\common\MGS_PW\mgspw\MLG\disc0_rel\00b2b4b6.PDT:entry439@0xe39800	38912	53509301	0	
C:\Program Files (x86)\Steam\steamapps\common\MGS_PW\mgspw\MLG\disc0_rel\00b2b4b6.PDT:entry440@0xe43000	57344	53509401	0	
C:\Program Files (x86)\Steam\steamapps\common\MGS_PW\mgspw\MLG\disc0_rel\00b2b4b6.PDT:entry441@0xe51000	43008	53509501	0	
C:\Program Files (x86)\Steam\steamapps\common\MGS_PW\mgspw\MLG\disc0_rel\00b2b4b6.PDT:entry442@0xe5b800	43008	53509601	0	
C:\Program Files (x86)\Steam\steamapps\common\MGS_PW\mgspw\MLG\disc0_rel\00b2b4b6.PDT:entry443@0xe66000	51200	53509701	0	
C:\Program Files (x86)\Steam\steamapps\common\MGS_PW\mgspw\MLG\disc0_rel\00b2b4b6.PDT:entry444@0xe72800	45056	53509801	0	
C:\Program Files (x86)\Steam\steamapps\common\MGS_PW\mgspw\MLG\disc0_rel\00b2b4b6.PDT:entry445@0xe7d800	32768	53509901	0	
C:\Program Files (x86)\Steam\steamapps\common\MGS_PW\mgspw\MLG\disc0_rel\00b2b4b6.PDT:entry446@0xe85800	40960	53509a01	0	
C:\Program Files (x86)\Steam\steamapps\common\MGS_PW\mgspw\MLG\disc0_rel\00b2b4b6.PDT:entry447@0xe8f800	45056	53509b01	0	
C:\Program Files (x86)\Steam\steamapps\common\MGS_PW\mgspw\MLG\disc0_rel\00b2b4b6.PDT:entry448@0xe9a800	38912	53509c01	0	
C:\Program Files (x86)\Steam\steamapps\common\MGS_PW\mgspw\MLG\disc0_rel\00b2b4b6.PDT:entry449@0xea4000	47104	53509d01	0	
C:\Program Files (x86)\Steam\steamapps\common\MGS_PW\mgspw\MLG\disc0_rel\00b2b4b6.PDT:entry450@0xeaf800	38912	53509e01	0	
C:\Program Files (x86)\Steam\steamapps\common\MGS_PW\mgspw\MLG\disc0_rel\00b2b4b6.PDT:entry451@0xeb9000	24576	53509f01	0	
C:\Program Files (x86)\Steam\steamapps\common\MGS_PW\mgspw\MLG\disc0_rel\00b2b4b6.PDT:entry452@0xebf000	30720	5350a001	0	
C:\Program Files (x86)\Steam\steamapps\common\MGS_PW\mgspw\MLG\disc0_rel\00b2b4b6.PDT:entry453@0xec6800	18432	5350a101	0	
C:\Program Files (x86)\Steam\steamapps\common\MGS_PW\mgspw\MLG\disc0_rel\00b2b4b6.PDT:entry454@0xecb000	47104	5350a201	0	
C:\Program Files (x86)\Steam\steamapps\common\MGS_PW\mgspw\MLG\disc0_rel\00b2b4b6.PDT:entry455@0xed6800	28672	5350a301	0	
C:\Program Files (x86)\Steam\steamapps\common\MGS_PW\mgspw\MLG\disc0_rel\00b2b4b6.PDT:entry456@0xedd800	20480	5350a401	0	
C:\Program Files (x86)\Steam\steamapps\common\MGS_PW\mgspw\MLG\disc0_rel\00b2b4b6.PDT:entry457@0xee2800	40960	5350a501	0	
C:\Program Files (x86)\Steam\steamapps\common\MGS_PW\mgspw\MLG\disc0_rel\00b2b4b6.PDT:entry458@0xeec800	49152	5350a601	0	
C:\Program Files (x86)\Steam\steamapps\common\MGS_PW\mgspw\MLG\disc0_rel\00b2b4b6.PDT:entry459@0xef8800	53248	5350a701	0	
C:\Program Files (x86)\Steam\steamapps\common\MGS_PW\mgspw\MLG\disc0_rel\00b2b4b6.PDT:entry460@0xf05800	32768	5350a801	0	
C:\Program Files (x86)\Steam\steamapps\common\MGS_PW\mgspw\MLG\disc0_rel\00b2b4b6.PDT:entry461@0xf0d800	47104	5350a901	0	
C:\Program Files (x86)\Steam\steamapps\common\MGS_PW\mgspw\MLG\disc0_rel\00b2b4b6.PDT:entry462@0xf19000	69632	5350aa01	0	
C:\Program Files (x86)\Steam\steamapps\common\MGS_PW\mgspw\MLG\disc0_rel\00b2b4b6.PDT:entry463@0xf2a000	32768	5350ab01	0	
C:\Program Files (x86)\Steam\steamapps\common\MGS_PW\mgspw\MLG\disc0_rel\00b2b4b6.PDT:entry464@0xf32000	26624	5350ac01	0	
C:\Program Files (x86)\Steam\steamapps\common\MGS_PW\mgspw\MLG\disc0_rel\00b2b4b6.PDT:entry465@0xf38800	30720	5350ad01	0	
C:\Program Files (x86)\Steam\steamapps\common\MGS_PW\mgspw\MLG\disc0_rel\00b2b4b6.PDT:entry466@0xf40000	28672	5350ae01	0	
C:\Program Files (x86)\Steam\steamapps\common\MGS_PW\mgspw\MLG\disc0_rel\00b2b4b6.PDT:entry467@0xf47000	30720	5350af01	0	
C:\Program Files (x86)\Steam\steamapps\common\MGS_PW\mgspw\MLG\disc0_rel\00b2b4b6.PDT:entry468@0xf4e800	51200	5350b001	0	
C:\Program Files (x86)\Steam\steamapps\common\MGS_PW\mgspw\MLG\disc0_rel\00b2b4b6.PDT:entry469@0xf5b000	51200	5350b101	0	
C:\Program Files (x86)\Steam\steamapps\common\MGS_PW\mgspw\MLG\disc0_rel\00b2b4b6.PDT:entry470@0xf67800	49152	5350b201	0	
C:\Program Files (x86)\Steam\steamapps\common\MGS_PW\mgspw\MLG\disc0_rel\00b2b4b6.PDT:entry471@0xf73800	40960	5350b301	0	
C:\Program Files (x86)\Steam\steamapps\common\MGS_PW\mgspw\MLG\disc0_rel\00b2b4b6.PDT:entry472@0xf7d800	69632	5350b401	0	
C:\Program Files (x86)\Steam\steamapps\common\MGS_PW\mgspw\MLG\disc0_rel\00b2b4b6.PDT:entry473@0xf8e800	69632	5350b501	0	
C:\Program Files (x86)\Steam\steamapps\common\MGS_PW\mgspw\MLG\disc0_rel\00b2b4b6.PDT:entry474@0xf9f800	51200	5350b601	0	
C:\Program Files (x86)\Steam\steamapps\common\MGS_PW\mgspw\MLG\disc0_rel\00b2b4b6.PDT:entry475@0xfac000	61440	5350b701	0	
C:\Program Files (x86)\Steam\steamapps\common\MGS_PW\mgspw\MLG\disc0_rel\00b2b4b6.PDT:entry476@0xfbb000	69632	5350b801	0	
C:\Program Files (x86)\Steam\steamapps\common\MGS_PW\mgspw\MLG\disc0_rel\00b2b4b6.PDT:entry477@0xfcc000	12288	5350b901	0	
C:\Program Files (x86)\Steam\steamapps\common\MGS_PW\mgspw\MLG\disc0_rel\00b2b4b6.PDT:entry478@0xfcf000	18432	5350ba01	0	
C:\Program Files (x86)\Steam\steamapps\common\MGS_PW\mgspw\MLG\disc0_rel\00b2b4b6.PDT:entry479@0xfd3800	16384	5350bb01	0	
C:\Program Files (x86)\Steam\steamapps\common\MGS_PW\mgspw\MLG\disc0_rel\00b2b4b6.PDT:entry480@0xfd7800	28672	5350bc01	0	
C:\Program Files (x86)\Steam\steamapps\common\MGS_PW\mgspw\MLG\disc0_rel\00b2b4b6.PDT:entry481@0xfde800	30720	5350bd01	0	
C:\Program Files (x86)\Steam\steamapps\common\MGS_PW\mgspw\MLG\disc0_rel\00b2b4b6.PDT:entry482@0xfe6000	36864	5350be01	0	
C:\Program Files (x86)\Steam\steamapps\common\MGS_PW\mgspw\MLG\disc0_rel\00b2b4b6.PDT:entry483@0xfef000	34816	5350bf01	0	
C:\Program Files (x86)\Steam\steamapps\common\MGS_PW\mgspw\MLG\disc0_rel\00b2b4b6.PDT:entry484@0xff7800	24576	5350c001	0	
C:\Program Files (x86)\Steam\steamapps\common\MGS_PW\mgspw\MLG\disc0_rel\00b2b4b6.PDT:entry485@0xffd800	24576	5350c101	0	
C:\Program Files (x86)\Steam\steamapps\common\MGS_PW\mgspw\MLG\disc0_rel\00b2b4b6.PDT:entry486@0x1003800	59392	5350c201	0	
C:\Program Files (x86)\Steam\steamapps\common\MGS_PW\mgspw\MLG\disc0_rel\00b2b4b6.PDT:entry487@0x1012000	73728	5350c301	0	
C:\Program Files (x86)\Steam\steamapps\common\MGS_PW\mgspw\MLG\disc0_rel\00b2b4b6.PDT:entry488@0x1024000	32768	5350c401	0	
C:\Program Files (x86)\Steam\steamapps\common\MGS_PW\mgspw\MLG\disc0_rel\00b2b4b6.PDT:entry489@0x102c000	47104	5350c501	0	
C:\Program Files (x86)\Steam\steamapps\common\MGS_PW\mgspw\MLG\disc0_rel\00b2b4b6.PDT:entry490@0x1037800	32768	5350c601	0	
C:\Program Files (x86)\Steam\steamapps\common\MGS_PW\mgspw\MLG\disc0_rel\00b2b4b6.PDT:entry491@0x103f800	28672	5350c701	0	
C:\Program Files (x86)\Steam\steamapps\common\MGS_PW\mgspw\MLG\disc0_rel\00b2b4b6.PDT:entry492@0x1046800	26624	5350c801	0	
C:\Program Files (x86)\Steam\steamapps\common\MGS_PW\mgspw\MLG\disc0_rel\00b2b4b6.PDT:entry493@0x104d000	36864	5350c901	0	
C:\Program Files (x86)\Steam\steamapps\common\MGS_PW\mgspw\MLG\disc0_rel\00b2b4b6.PDT:entry494@0x1056000	36864	5350ca01	0	
C:\Program Files (x86)\Steam\steamapps\common\MGS_PW\mgspw\MLG\disc0_rel\00b2b4b6.PDT:entry495@0x105f000	38912	5350cb01	0	
C:\Program Files (x86)\Steam\steamapps\common\MGS_PW\mgspw\MLG\disc0_rel\00b2b4b6.PDT:entry496@0x1068800	36864	5350cc01	0	
C:\Program Files (x86)\Steam\steamapps\common\MGS_PW\mgspw\MLG\disc0_rel\00b2b4b6.PDT:entry497@0x1071800	53248	5350cd01	0	
C:\Program Files (x86)\Steam\steamapps\common\MGS_PW\mgspw\MLG\disc0_rel\00b2b4b6.PDT:entry498@0x107e800	61440	5350ce01	0	
C:\Program Files (x86)\Steam\steamapps\common\MGS_PW\mgspw\MLG\disc0_rel\00b2b4b6.PDT:entry499@0x108d800	28672	5350cf01	0	
C:\Program Files (x86)\Steam\steamapps\common\MGS_PW\mgspw\MLG\disc0_rel\00b2b4b6.PDT:entry500@0x1094800	49152	5350d001	0	
C:\Program Files (x86)\Steam\steamapps\common\MGS_PW\mgspw\MLG\disc0_rel\00b2b4b6.PDT:entry501@0x10a0800	55296	5350d101	0	
C:\Program Files (x86)\Steam\steamapps\common\MGS_PW\mgspw\MLG\disc0_rel\00b2b4b6.PDT:entry502@0x10ae000	49152	5350d201	0	
C:\Program Files (x86)\Steam\steamapps\common\MGS_PW\mgspw\MLG\disc0_rel\00b2b4b6.PDT:entry503@0x10ba000	38912	5350d301	0	
C:\Program Files (x86)\Steam\steamapps\common\MGS_PW\mgspw\MLG\disc0_rel\00b2b4b6.PDT:entry504@0x10c3800	40960	5350d401	0	
C:\Program Files (x86)\Steam\steamapps\common\MGS_PW\mgspw\MLG\disc0_rel\00b2b4b6.PDT:entry505@0x10cd800	51200	5350d501	0	
C:\Program Files (x86)\Steam\steamapps\common\MGS_PW\mgspw\MLG\disc0_rel\00b2b4b6.PDT:entry506@0x10da000	36864	5350d601	0	
C:\Program Files (x86)\Steam\steamapps\common\MGS_PW\mgspw\MLG\disc0_rel\00b2b4b6.PDT:entry507@0x10e3000	40960	5350d701	0	
C:\Program Files (x86)\Steam\steamapps\common\MGS_PW\mgspw\MLG\disc0_rel\00b2b4b6.PDT:entry508@0x10ed000	26624	5350d801	0	
C:\Program Files (x86)\Steam\steamapps\common\MGS_PW\mgspw\MLG\disc0_rel\00b2b4b6.PDT:entry509@0x10f3800	49152	5350d901	0	
C:\Program Files (x86)\Steam\steamapps\common\MGS_PW\mgspw\MLG\disc0_rel\00b2b4b6.PDT:entry510@0x10ff800	22528	5350da01	0	
C:\Program Files (x86)\Steam\steamapps\common\MGS_PW\mgspw\MLG\disc0_rel\00b2b4b6.PDT:entry511@0x1105000	34816	5350db01	0	
C:\Program Files (x86)\Steam\steamapps\common\MGS_PW\mgspw\MLG\disc0_rel\00b2b4b6.PDT:entry512@0x110d800	26624	5350dc01	0	
C:\Program Files (x86)\Steam\steamapps\common\MGS_PW\mgspw\MLG\disc0_rel\00b2b4b6.PDT:entry513@0x1114000	32768	5350dd01	0	
C:\Program Files (x86)\Steam\steamapps\common\MGS_PW\mgspw\MLG\disc0_rel\00b2b4b6.PDT:entry514@0x111c000	49152	5350de01	0	
C:\Program Files (x86)\Steam\steamapps\common\MGS_PW\mgspw\MLG\disc0_rel\00b2b4b6.PDT:entry515@0x1128000	38912	5350df01	0	
C:\Program Files (x86)\Steam\steamapps\common\MGS_PW\mgspw\MLG\disc0_rel\00b2b4b6.PDT:entry516@0x1131800	18432	5350e001	0	
C:\Program Files (x86)\Steam\steamapps\common\MGS_PW\mgspw\MLG\disc0_rel\00b2b4b6.PDT:entry517@0x1136000	30720	5350e101	0	
C:\Program Files (x86)\Steam\steamapps\common\MGS_PW\mgspw\MLG\disc0_rel\00b2b4b6.PDT:entry518@0x113d800	34816	5350e201	0	
C:\Program Files (x86)\Steam\steamapps\common\MGS_PW\mgspw\MLG\disc0_rel\00b2b4b6.PDT:entry519@0x1146000	34816	5350e301	0	
C:\Program Files (x86)\Steam\steamapps\common\MGS_PW\mgspw\MLG\disc0_rel\00b2b4b6.PDT:entry520@0x114e800	38912	5350e401	0	
C:\Program Files (x86)\Steam\steamapps\common\MGS_PW\mgspw\MLG\disc0_rel\00b2b4b6.PDT:entry521@0x1158000	55296	5350e501	0	
C:\Program Files (x86)\Steam\steamapps\common\MGS_PW\mgspw\MLG\disc0_rel\00b2b4b6.PDT:entry522@0x1165800	47104	5350e601	0	
C:\Program Files (x86)\Steam\steamapps\common\MGS_PW\mgspw\MLG\disc0_rel\00b2b4b6.PDT:entry523@0x1171000	43008	5350e701	0	
C:\Program Files (x86)\Steam\steamapps\common\MGS_PW\mgspw\MLG\disc0_rel\00b2b4b6.PDT:entry524@0x117b800	51200	5350e801	0	
C:\Program Files (x86)\Steam\steamapps\common\MGS_PW\mgspw\MLG\disc0_rel\00b2b4b6.PDT:entry525@0x1188000	55296	5350e901	0	
C:\Program Files (x86)\Steam\steamapps\common\MGS_PW\mgspw\MLG\disc0_rel\00b2b4b6.PDT:entry526@0x1195800	26624	5350ea01	0	
C:\Program Files (x86)\Steam\steamapps\common\MGS_PW\mgspw\MLG\disc0_rel\00b2b4b6.PDT:entry527@0x119c000	34816	5350eb01	0	
C:\Program Files (x86)\Steam\steamapps\common\MGS_PW\mgspw\MLG\disc0_rel\00b2b4b6.PDT:entry528@0x11a4800	32768	5350ec01	0	
C:\Program Files (x86)\Steam\steamapps\common\MGS_PW\mgspw\MLG\disc0_rel\00b2b4b6.PDT:entry529@0x11ac800	34816	5350ed01	0	
C:\Program Files (x86)\Steam\steamapps\common\MGS_PW\mgspw\MLG\disc0_rel\00b2b4b6.PDT:entry530@0x11b5000	32768	5350ee01	0	
C:\Program Files (x86)\Steam\steamapps\common\MGS_PW\mgspw\MLG\disc0_rel\00b2b4b6.PDT:entry531@0x11bd000	26624	5350ef01	0	
C:\Program Files (x86)\Steam\steamapps\common\MGS_PW\mgspw\MLG\disc0_rel\00b2b4b6.PDT:entry532@0x11c3800	40960	5350f001	0	
C:\Program Files (x86)\Steam\steamapps\common\MGS_PW\mgspw\MLG\disc0_rel\00b2b4b6.PDT:entry533@0x11cd800	36864	5350f101	0	
C:\Program Files (x86)\Steam\steamapps\common\MGS_PW\mgspw\MLG\disc0_rel\00b2b4b6.PDT:entry534@0x11d6800	10240	5350f201	0	
C:\Program Files (x86)\Steam\steamapps\common\MGS_PW\mgspw\MLG\disc0_rel\00b2b4b6.PDT:entry535@0x11d9000	12288	5350f301	0	
C:\Program Files (x86)\Steam\steamapps\common\MGS_PW\mgspw\MLG\disc0_rel\00b2b4b6.PDT:entry536@0x11dc000	14336	5350f401	0	
C:\Program Files (x86)\Steam\steamapps\common\MGS_PW\mgspw\MLG\disc0_rel\00b2b4b6.PDT:entry537@0x11df800	10240	5350f501	0	
C:\Program Files (x86)\Steam\steamapps\common\MGS_PW\mgspw\MLG\disc0_rel\00b2b4b6.PDT:entry538@0x11e2000	20480	5350f601	0	
C:\Program Files (x86)\Steam\steamapps\common\MGS_PW\mgspw\MLG\disc0_rel\00b2b4b6.PDT:entry539@0x11e7000	14336	5350f701	0	
C:\Program Files (x86)\Steam\steamapps\common\MGS_PW\mgspw\MLG\disc0_rel\00b2b4b6.PDT:entry540@0x11ea800	20480	5350f801	0	
C:\Program Files (x86)\Steam\steamapps\common\MGS_PW\mgspw\MLG\disc0_rel\00b2b4b6.PDT:entry541@0x11ef800	6144	5350f901	0	
C:\Program Files (x86)\Steam\steamapps\common\MGS_PW\mgspw\MLG\disc0_rel\00b2b4b6.PDT:entry542@0x11f1000	6144	5350fa01	0	
C:\Program Files (x86)\Steam\steamapps\common\MGS_PW\mgspw\MLG\disc0_rel\00b2b4b6.PDT:entry543@0x11f2800	24576	5350fb01	0	
C:\Program Files (x86)\Steam\steamapps\common\MGS_PW\mgspw\MLG\disc0_rel\00b2b4b6.PDT:entry544@0x11f8800	38912	5350fc01	0	
C:\Program Files (x86)\Steam\steamapps\common\MGS_PW\mgspw\MLG\disc0_rel\00b2b4b6.PDT:entry545@0x1202000	22528	5350fd01	0	
C:\Program Files (x86)\Steam\steamapps\common\MGS_PW\mgspw\MLG\disc0_rel\00b2b4b6.PDT:entry546@0x1207800	26624	5350fe01	0	
C:\Program Files (x86)\Steam\steamapps\common\MGS_PW\mgspw\MLG\disc0_rel\00b2b4b6.PDT:entry547@0x120e000	26624	5350ff01	0	
C:\Program Files (x86)\Steam\steamapps\common\MGS_PW\mgspw\MLG\disc0_rel\00b2b4b6.PDT:entry548@0x1214800	32768	53500002	0	
C:\Program Files (x86)\Steam\steamapps\common\MGS_PW\mgspw\MLG\disc0_rel\00b2b4b6.PDT:entry549@0x121c800	26624	53500102	0	
C:\Program Files (x86)\Steam\steamapps\common\MGS_PW\mgspw\MLG\disc0_rel\00b2b4b6.PDT:entry550@0x1223000	6144	53500202	0	
C:\Program Files (x86)\Steam\steamapps\common\MGS_PW\mgspw\MLG\disc0_rel\00b2b4b6.PDT:entry551@0x1224800	22528	53500302	0	
C:\Program Files (x86)\Steam\steamapps\common\MGS_PW\mgspw\MLG\disc0_rel\00b2b4b6.PDT:entry552@0x122a000	14336	53500402	0	
C:\Program Files (x86)\Steam\steamapps\common\MGS_PW\mgspw\MLG\disc0_rel\00b2b4b6.PDT:entry553@0x122d800	16384	53500502	0	
C:\Program Files (x86)\Steam\steamapps\common\MGS_PW\mgspw\MLG\disc0_rel\00b2b4b6.PDT:entry554@0x1231800	6144	53500602	0	
C:\Program Files (x86)\Steam\steamapps\common\MGS_PW\mgspw\MLG\disc0_rel\00b2b4b6.PDT:entry555@0x1233000	6144	53500702	0	
C:\Program Files (x86)\Steam\steamapps\common\MGS_PW\mgspw\MLG\disc0_rel\00b2b4b6.PDT:entry556@0x1234800	6144	53500802	0	
C:\Program Files (x86)\Steam\steamapps\common\MGS_PW\mgspw\MLG\disc0_rel\00b2b4b6.PDT:entry557@0x1236000	6144	53500902	0	
C:\Program Files (x86)\Steam\steamapps\common\MGS_PW\mgspw\MLG\disc0_rel\00b2b4b6.PDT:entry558@0x1237800	6144	53500a02	0	
C:\Program Files (x86)\Steam\steamapps\common\MGS_PW\mgspw\MLG\disc0_rel\00b2b4b6.PDT:entry559@0x1239000	6144	53500b02	0	
C:\Program Files (x86)\Steam\steamapps\common\MGS_PW\mgspw\MLG\disc0_rel\00b2b4b6.PDT:entry560@0x123a800	6144	53500c02	0	
C:\Program Files (x86)\Steam\steamapps\common\MGS_PW\mgspw\MLG\disc0_rel\00b2b4b6.PDT:entry561@0x123c000	24576	53500d02	0	
C:\Program Files (x86)\Steam\steamapps\common\MGS_PW\mgspw\MLG\disc0_rel\00b2b4b6.PDT:entry562@0x1242000	45056	53500e02	0	
C:\Program Files (x86)\Steam\steamapps\common\MGS_PW\mgspw\MLG\disc0_rel\00b2b4b6.PDT:entry563@0x124d000	43008	53500f02	0	
C:\Program Files (x86)\Steam\steamapps\common\MGS_PW\mgspw\MLG\disc0_rel\00b2b4b6.PDT:entry564@0x1257800	20480	53501002	0	
C:\Program Files (x86)\Steam\steamapps\common\MGS_PW\mgspw\MLG\disc0_rel\00b2b4b6.PDT:entry565@0x125c800	28672	53501102	0	
C:\Program Files (x86)\Steam\steamapps\common\MGS_PW\mgspw\MLG\disc0_rel\00b2b4b6.PDT:entry566@0x1263800	22528	53501202	0	
C:\Program Files (x86)\Steam\steamapps\common\MGS_PW\mgspw\MLG\disc0_rel\00b2b4b6.PDT:entry567@0x1269000	36864	53501302	0	
C:\Program Files (x86)\Steam\steamapps\common\MGS_PW\mgspw\MLG\disc0_rel\00b2b4b6.PDT:entry568@0x1272000	30720	53501402	0	
C:\Program Files (x86)\Steam\steamapps\common\MGS_PW\mgspw\MLG\disc0_rel\00b2b4b6.PDT:entry569@0x1279800	34816	53501502	0	
C:\Program Files (x86)\Steam\steamapps\common\MGS_PW\mgspw\MLG\disc0_rel\00b2b4b6.PDT:entry570@0x1282000	53248	53501602	0	
C:\Program Files (x86)\Steam\steamapps\common\MGS_PW\mgspw\MLG\disc0_rel\00b2b4b6.PDT:entry571@0x128f000	86016	53501702	0	
C:\Program Files (x86)\Steam\steamapps\common\MGS_PW\mgspw\MLG\disc0_rel\00b2b4b6.PDT:entry572@0x12a4000	59392	53501802	0	
C:\Program Files (x86)\Steam\steamapps\common\MGS_PW\mgspw\MLG\disc0_rel\00b2b4b6.PDT:entry573@0x12b2800	75776	53501902	0	
C:\Program Files (x86)\Steam\steamapps\common\MGS_PW\mgspw\MLG\disc0_rel\00b2b4b6.PDT:entry574@0x12c5000	59392	53501a02	1	encoded_by=Pro Tools!
C:\Program Files (x86)\Steam\steamapps\common\MGS_PW\mgspw\MLG\disc0_rel\00b2b4b6.PDT:entry575@0x12d3800	59392	53501b02	1	encoded_by=Pro Tools!
C:\Program Files (x86)\Steam\steamapps\common\MGS_PW\mgspw\MLG\disc0_rel\00b2b4b6.PDT:entry576@0x12e2000	28672	53501c02	0	
C:\Program Files (x86)\Steam\steamapps\common\MGS_PW\mgspw\MLG\disc0_rel\00b2b4b6.PDT:entry577@0x12e9000	36864	53501d02	0	
C:\Program Files (x86)\Steam\steamapps\common\MGS_PW\mgspw\MLG\disc0_rel\00b2b4b6.PDT:entry578@0x12f2000	38912	53501e02	0	
C:\Program Files (x86)\Steam\steamapps\common\MGS_PW\mgspw\MLG\disc0_rel\00b2b4b6.PDT:entry579@0x12fb800	24576	53501f02	0	
C:\Program Files (x86)\Steam\steamapps\common\MGS_PW\mgspw\MLG\disc0_rel\00b2b4b6.PDT:entry580@0x1301800	24576	53502002	0	
C:\Program Files (x86)\Steam\steamapps\common\MGS_PW\mgspw\MLG\disc0_rel\00b2b4b6.PDT:entry581@0x1307800	24576	53502102	0	
C:\Program Files (x86)\Steam\steamapps\common\MGS_PW\mgspw\MLG\disc0_rel\00b2b4b6.PDT:entry582@0x130d800	16384	53502202	0	
C:\Program Files (x86)\Steam\steamapps\common\MGS_PW\mgspw\MLG\disc0_rel\00b2b4b6.PDT:entry583@0x1311800	14336	53502302	0	
C:\Program Files (x86)\Steam\steamapps\common\MGS_PW\mgspw\MLG\disc0_rel\00b2b4b6.PDT:entry584@0x1315000	36864	53502402	0	
C:\Program Files (x86)\Steam\steamapps\common\MGS_PW\mgspw\MLG\disc0_rel\00b2b4b6.PDT:entry585@0x131e000	38912	53502502	0	
C:\Program Files (x86)\Steam\steamapps\common\MGS_PW\mgspw\MLG\disc0_rel\00b2b4b6.PDT:entry586@0x1327800	24576	53502602	0	
C:\Program Files (x86)\Steam\steamapps\common\MGS_PW\mgspw\MLG\disc0_rel\00b2b4b6.PDT:entry587@0x132d800	22528	53502702	0	
C:\Program Files (x86)\Steam\steamapps\common\MGS_PW\mgspw\MLG\disc0_rel\00b2b4b6.PDT:entry588@0x1333000	12288	53502802	0	
C:\Program Files (x86)\Steam\steamapps\common\MGS_PW\mgspw\MLG\disc0_rel\00b2b4b6.PDT:entry589@0x1336000	18432	53502902	0	
C:\Program Files (x86)\Steam\steamapps\common\MGS_PW\mgspw\MLG\disc0_rel\00b2b4b6.PDT:entry590@0x133a800	22528	53502a02	0	
C:\Program Files (x86)\Steam\steamapps\common\MGS_PW\mgspw\MLG\disc0_rel\00b2b4b6.PDT:entry591@0x1340000	14336	53502b02	0	
C:\Program Files (x86)\Steam\steamapps\common\MGS_PW\mgspw\MLG\disc0_rel\00b2b4b6.PDT:entry592@0x1343800	22528	53502c02	0	
C:\Program Files (x86)\Steam\steamapps\common\MGS_PW\mgspw\MLG\disc0_rel\00b2b4b6.PDT:entry593@0x1349000	32768	53502d02	0	
C:\Program Files (x86)\Steam\steamapps\common\MGS_PW\mgspw\MLG\disc0_rel\00b2b4b6.PDT:entry594@0x1351000	20480	53502e02	0	
C:\Program Files (x86)\Steam\steamapps\common\MGS_PW\mgspw\MLG\disc0_rel\00b2b4b6.PDT:entry595@0x1356000	26624	53502f02	0	
C:\Program Files (x86)\Steam\steamapps\common\MGS_PW\mgspw\MLG\disc0_rel\00b2b4b6.PDT:entry596@0x135c800	34816	53503002	0	
C:\Program Files (x86)\Steam\steamapps\common\MGS_PW\mgspw\MLG\disc0_rel\00b2b4b6.PDT:entry597@0x1365000	57344	53503102	0	
C:\Program Files (x86)\Steam\steamapps\common\MGS_PW\mgspw\MLG\disc0_rel\00b2b4b6.PDT:entry598@0x1373000	43008	53503202	0	
C:\Program Files (x86)\Steam\steamapps\common\MGS_PW\mgspw\MLG\disc0_rel\00b2b4b6.PDT:entry599@0x137d800	20480	53503302	0	
C:\Program Files (x86)\Steam\steamapps\common\MGS_PW\mgspw\MLG\disc0_rel\00b2b4b6.PDT:entry600@0x1382800	49152	53503402	0	
C:\Program Files (x86)\Steam\steamapps\common\MGS_PW\mgspw\MLG\disc0_rel\00b2b4b6.PDT:entry601@0x138e800	26624	53503502	0	
C:\Program Files (x86)\Steam\steamapps\common\MGS_PW\mgspw\MLG\disc0_rel\00b2b4b6.PDT:entry602@0x1395000	51200	53503602	0	
C:\Program Files (x86)\Steam\steamapps\common\MGS_PW\mgspw\MLG\disc0_rel\00b2b4b6.PDT:entry603@0x13a1800	22528	53503702	0	
C:\Program Files (x86)\Steam\steamapps\common\MGS_PW\mgspw\MLG\disc0_rel\00b2b4b6.PDT:entry604@0x13a7000	22528	53503802	0	
C:\Program Files (x86)\Steam\steamapps\common\MGS_PW\mgspw\MLG\disc0_rel\00b2b4b6.PDT:entry605@0x13ac800	38912	53503902	0	
C:\Program Files (x86)\Steam\steamapps\common\MGS_PW\mgspw\MLG\disc0_rel\00b2b4b6.PDT:entry606@0x13b6000	32768	53503a02	0	
C:\Program Files (x86)\Steam\steamapps\common\MGS_PW\mgspw\MLG\disc0_rel\00b2b4b6.PDT:entry607@0x13be000	26624	53503b02	0	
C:\Program Files (x86)\Steam\steamapps\common\MGS_PW\mgspw\MLG\disc0_rel\00b2b4b6.PDT:entry608@0x13c4800	24576	53503c02	0	
C:\Program Files (x86)\Steam\steamapps\common\MGS_PW\mgspw\MLG\disc0_rel\00b2b4b6.PDT:entry609@0x13ca800	36864	53503d02	0	
C:\Program Files (x86)\Steam\steamapps\common\MGS_PW\mgspw\MLG\disc0_rel\00b2b4b6.PDT:entry610@0x13d3800	34816	53503e02	0	
C:\Program Files (x86)\Steam\steamapps\common\MGS_PW\mgspw\MLG\disc0_rel\00b2b4b6.PDT:entry611@0x13dc000	38912	53503f02	0	
C:\Program Files (x86)\Steam\steamapps\common\MGS_PW\mgspw\MLG\disc0_rel\00b2b4b6.PDT:entry612@0x13e5800	51200	53504002	0	
C:\Program Files (x86)\Steam\steamapps\common\MGS_PW\mgspw\MLG\disc0_rel\00b2b4b6.PDT:entry613@0x13f2000	55296	53504102	0	
C:\Program Files (x86)\Steam\steamapps\common\MGS_PW\mgspw\MLG\disc0_rel\00b2b4b6.PDT:entry614@0x13ff800	34816	53504202	0	
C:\Program Files (x86)\Steam\steamapps\common\MGS_PW\mgspw\MLG\disc0_rel\00b2b4b6.PDT:entry615@0x1408000	22528	53504302	0	
C:\Program Files (x86)\Steam\steamapps\common\MGS_PW\mgspw\MLG\disc0_rel\00b2b4b6.PDT:entry616@0x140d800	26624	53504402	0	
C:\Program Files (x86)\Steam\steamapps\common\MGS_PW\mgspw\MLG\disc0_rel\00b2b4b6.PDT:entry617@0x1414000	40960	53504502	0	
C:\Program Files (x86)\Steam\steamapps\common\MGS_PW\mgspw\MLG\disc0_rel\00b2b4b6.PDT:entry618@0x141e000	49152	53504602	0	
C:\Program Files (x86)\Steam\steamapps\common\MGS_PW\mgspw\MLG\disc0_rel\00b2b4b6.PDT:entry619@0x142a000	32768	53504702	0	
C:\Program Files (x86)\Steam\steamapps\common\MGS_PW\mgspw\MLG\disc0_rel\00b2b4b6.PDT:entry620@0x1432000	38912	53504802	0	
C:\Program Files (x86)\Steam\steamapps\common\MGS_PW\mgspw\MLG\disc0_rel\00b2b4b6.PDT:entry621@0x143b800	20480	53504902	0	
C:\Program Files (x86)\Steam\steamapps\common\MGS_PW\mgspw\MLG\disc0_rel\00b2b4b6.PDT:entry622@0x1440800	40960	53504a02	0	
C:\Program Files (x86)\Steam\steamapps\common\MGS_PW\mgspw\MLG\disc0_rel\00b2b4b6.PDT:entry623@0x144a800	40960	53504b02	0	
C:\Program Files (x86)\Steam\steamapps\common\MGS_PW\mgspw\MLG\disc0_rel\00b2b4b6.PDT:entry624@0x1454800	43008	53504c02	0	
C:\Program Files (x86)\Steam\steamapps\common\MGS_PW\mgspw\MLG\disc0_rel\00b2b4b6.PDT:entry625@0x145f000	43008	53504d02	0	
C:\Program Files (x86)\Steam\steamapps\common\MGS_PW\mgspw\MLG\disc0_rel\00b2b4b6.PDT:entry626@0x1469800	24576	53504e02	0	
C:\Program Files (x86)\Steam\steamapps\common\MGS_PW\mgspw\MLG\disc0_rel\00b2b4b6.PDT:entry627@0x146f800	38912	53504f02	0	
C:\Program Files (x86)\Steam\steamapps\common\MGS_PW\mgspw\MLG\disc0_rel\00b2b4b6.PDT:entry628@0x1479000	36864	53505002	0	
C:\Program Files (x86)\Steam\steamapps\common\MGS_PW\mgspw\MLG\disc0_rel\00b2b4b6.PDT:entry629@0x1482000	36864	53505102	0	
C:\Program Files (x86)\Steam\steamapps\common\MGS_PW\mgspw\MLG\disc0_rel\00b2b4b6.PDT:entry630@0x148b000	20480	53505202	0	
C:\Program Files (x86)\Steam\steamapps\common\MGS_PW\mgspw\MLG\disc0_rel\00b2b4b6.PDT:entry631@0x1490000	20480	53502503	0	
C:\Program Files (x86)\Steam\steamapps\common\MGS_PW\mgspw\MLG\disc0_rel\00b2b4b6.PDT:entry632@0x1495000	30720	53502603	0	
C:\Program Files (x86)\Steam\steamapps\common\MGS_PW\mgspw\MLG\disc0_rel\00b2b4b6.PDT:entry633@0x149c800	45056	53502803	0	
C:\Program Files (x86)\Steam\steamapps\common\MGS_PW\mgspw\MLG\disc0_rel\00b2b4b6.PDT:entry634@0x14a7800	34816	53502903	0	
C:\Program Files (x86)\Steam\steamapps\common\MGS_PW\mgspw\MLG\disc0_rel\00b2b4b6.PDT:entry635@0x14b0000	28672	53502a03	0	
C:\Program Files (x86)\Steam\steamapps\common\MGS_PW\mgspw\MLG\disc0_rel\00b2b4b6.PDT:entry636@0x14b7000	38912	53502b03	0	
C:\Program Files (x86)\Steam\steamapps\common\MGS_PW\mgspw\MLG\disc0_rel\00b2b4b6.PDT:entry637@0x14c0800	26624	53502c03	0	
C:\Program Files (x86)\Steam\steamapps\common\MGS_PW\mgspw\MLG\disc0_rel\00b2b4b6.PDT:entry638@0x14c7000	22528	53502d03	0	
C:\Program Files (x86)\Steam\steamapps\common\MGS_PW\mgspw\MLG\disc0_rel\00b2b4b6.PDT:entry639@0x14cc800	36864	53502e03	0	
C:\Program Files (x86)\Steam\steamapps\common\MGS_PW\mgspw\MLG\disc0_rel\00b2b4b6.PDT:entry640@0x14d5800	28672	53502f03	0	
C:\Program Files (x86)\Steam\steamapps\common\MGS_PW\mgspw\MLG\disc0_rel\00b2b4b6.PDT:entry641@0x14dc800	43008	53503003	0	
C:\Program Files (x86)\Steam\steamapps\common\MGS_PW\mgspw\MLG\disc0_rel\00b2b4b6.PDT:entry642@0x14e7000	24576	53503103	0	
C:\Program Files (x86)\Steam\steamapps\common\MGS_PW\mgspw\MLG\disc0_rel\00b2b4b6.PDT:entry643@0x14ed000	24576	53502703	0	
C:\Program Files (x86)\Steam\steamapps\common\MGS_PW\mgspw\MLG\disc0_rel\00b2b4b6.PDT:entry644@0x14f3000	28672	53503203	0	
C:\Program Files (x86)\Steam\steamapps\common\MGS_PW\mgspw\MLG\disc0_rel\00b2b4b6.PDT:entry645@0x14fa000	32768	53503303	0	
C:\Program Files (x86)\Steam\steamapps\common\MGS_PW\mgspw\MLG\disc0_rel\00b2b4b6.PDT:entry646@0x1502000	16384	53503403	0	
C:\Program Files (x86)\Steam\steamapps\common\MGS_PW\mgspw\MLG\disc0_rel\00b2b4b6.PDT:entry647@0x1506000	30720	53503503	0	
C:\Program Files (x86)\Steam\steamapps\common\MGS_PW\mgspw\MLG\disc0_rel\00b2b4b6.PDT:entry648@0x150d800	20480	53503603	0	
C:\Program Files (x86)\Steam\steamapps\common\MGS_PW\mgspw\MLG\disc0_rel\00b2b4b6.PDT:entry649@0x1512800	22528	53503703	0	
C:\Program Files (x86)\Steam\steamapps\common\MGS_PW\mgspw\MLG\disc0_rel\00b2b4b6.PDT:entry650@0x1518000	24576	53503803	0	
C:\Program Files (x86)\Steam\steamapps\common\MGS_PW\mgspw\MLG\disc0_rel\00b2b4b6.PDT:entry651@0x151e000	14336	53503903	0	
C:\Program Files (x86)\Steam\steamapps\common\MGS_PW\mgspw\MLG\disc0_rel\00b2b4b6.PDT:entry652@0x1521800	20480	53503a03	0	
C:\Program Files (x86)\Steam\steamapps\common\MGS_PW\mgspw\MLG\disc0_rel\00b2b4b6.PDT:entry653@0x1526800	28672	53503b03	0	
C:\Program Files (x86)\Steam\steamapps\common\MGS_PW\mgspw\MLG\disc0_rel\00b2b4b6.PDT:entry654@0x152d800	18432	53503c03	0	
C:\Program Files (x86)\Steam\steamapps\common\MGS_PW\mgspw\MLG\disc0_rel\00b2b4b6.PDT:entry655@0x1532000	34816	53503d03	0	
C:\Program Files (x86)\Steam\steamapps\common\MGS_PW\mgspw\MLG\disc0_rel\00b2b4b6.PDT:entry656@0x153a800	32768	53503e03	0	
C:\Program Files (x86)\Steam\steamapps\common\MGS_PW\mgspw\MLG\disc0_rel\00b2b4b6.PDT:entry657@0x1542800	61440	53503f03	0	
C:\Program Files (x86)\Steam\steamapps\common\MGS_PW\mgspw\MLG\disc0_rel\00b2b4b6.PDT:entry658@0x1551800	30720	53504003	0	
C:\Program Files (x86)\Steam\steamapps\common\MGS_PW\mgspw\MLG\disc0_rel\00b2b4b6.PDT:entry659@0x1559000	43008	53504103	0	
C:\Program Files (x86)\Steam\steamapps\common\MGS_PW\mgspw\MLG\disc0_rel\00b2b4b6.PDT:entry660@0x1563800	26624	53504203	0	
C:\Program Files (x86)\Steam\steamapps\common\MGS_PW\mgspw\MLG\disc0_rel\00b2b4b6.PDT:entry661@0x156a000	43008	53504303	0	
C:\Program Files (x86)\Steam\steamapps\common\MGS_PW\mgspw\MLG\disc0_rel\00b2b4b6.PDT:entry662@0x1574800	28672	53504403	0	
C:\Program Files (x86)\Steam\steamapps\common\MGS_PW\mgspw\MLG\disc0_rel\00b2b4b6.PDT:entry663@0x157b800	32768	53504503	0	
C:\Program Files (x86)\Steam\steamapps\common\MGS_PW\mgspw\MLG\disc0_rel\00b2b4b6.PDT:entry664@0x1583800	18432	53504603	0	
C:\Program Files (x86)\Steam\steamapps\common\MGS_PW\mgspw\MLG\disc0_rel\00b2b4b6.PDT:entry665@0x1588000	49152	53504703	0	
C:\Program Files (x86)\Steam\steamapps\common\MGS_PW\mgspw\MLG\disc0_rel\00b2b4b6.PDT:entry666@0x1594000	26624	53504803	0	
C:\Program Files (x86)\Steam\steamapps\common\MGS_PW\mgspw\MLG\disc0_rel\00b2b4b6.PDT:entry667@0x159a800	20480	53504903	0	
C:\Program Files (x86)\Steam\steamapps\common\MGS_PW\mgspw\MLG\disc0_rel\00b2b4b6.PDT:entry668@0x159f800	28672	53504a03	0	
C:\Program Files (x86)\Steam\steamapps\common\MGS_PW\mgspw\MLG\disc0_rel\00b2b4b6.PDT:entry669@0x15a6800	28672	53504b03	0	
C:\Program Files (x86)\Steam\steamapps\common\MGS_PW\mgspw\MLG\disc0_rel\00b2b4b6.PDT:entry670@0x15ad800	26624	53504c03	0	
C:\Program Files (x86)\Steam\steamapps\common\MGS_PW\mgspw\MLG\disc0_rel\00b2b4b6.PDT:entry671@0x15b4000	32768	53504d03	0	
C:\Program Files (x86)\Steam\steamapps\common\MGS_PW\mgspw\MLG\disc0_rel\00b2b4b6.PDT:entry672@0x15bc000	45056	53504e03	0	
C:\Program Files (x86)\Steam\steamapps\common\MGS_PW\mgspw\MLG\disc0_rel\00b2b4b6.PDT:entry673@0x15c7000	16384	53504f03	0	
C:\Program Files (x86)\Steam\steamapps\common\MGS_PW\mgspw\MLG\disc0_rel\00b2b4b6.PDT:entry674@0x15cb000	45056	53505003	0	
C:\Program Files (x86)\Steam\steamapps\common\MGS_PW\mgspw\MLG\disc0_rel\00b2b4b6.PDT:entry675@0x15d6000	34816	53505103	0	
C:\Program Files (x86)\Steam\steamapps\common\MGS_PW\mgspw\MLG\disc0_rel\00b2b4b6.PDT:entry676@0x15de800	16384	53505203	0	
C:\Program Files (x86)\Steam\steamapps\common\MGS_PW\mgspw\MLG\disc0_rel\00b2b4b6.PDT:entry677@0x15e2800	26624	53505303	0	
C:\Program Files (x86)\Steam\steamapps\common\MGS_PW\mgspw\MLG\disc0_rel\00b2b4b6.PDT:entry678@0x15e9000	22528	53505403	0	
C:\Program Files (x86)\Steam\steamapps\common\MGS_PW\mgspw\MLG\disc0_rel\00b2b4b6.PDT:entry679@0x15ee800	30720	53505503	0	
C:\Program Files (x86)\Steam\steamapps\common\MGS_PW\mgspw\MLG\disc0_rel\00b2b4b6.PDT:entry680@0x15f6000	28672	53505603	0	
C:\Program Files (x86)\Steam\steamapps\common\MGS_PW\mgspw\MLG\disc0_rel\00b2b4b6.PDT:entry681@0x15fd000	30720	53505703	0	
C:\Program Files (x86)\Steam\steamapps\common\MGS_PW\mgspw\MLG\disc0_rel\00b2b4b6.PDT:entry682@0x1604800	32768	53505803	0	
C:\Program Files (x86)\Steam\steamapps\common\MGS_PW\mgspw\MLG\disc0_rel\00b2b4b6.PDT:entry683@0x160c800	20480	53505903	1	encoded_by=Pro Tools!
C:\Program Files (x86)\Steam\steamapps\common\MGS_PW\mgspw\MLG\disc0_rel\00b2b4b6.PDT:entry684@0x1611800	16384	53505b03	0	
C:\Program Files (x86)\Steam\steamapps\common\MGS_PW\mgspw\MLG\disc0_rel\00b2b4b6.PDT:entry685@0x1615800	24576	53505c03	0	
C:\Program Files (x86)\Steam\steamapps\common\MGS_PW\mgspw\MLG\disc0_rel\00b2b4b6.PDT:entry686@0x161b800	28672	53505d03	0	
C:\Program Files (x86)\Steam\steamapps\common\MGS_PW\mgspw\MLG\disc0_rel\00b2b4b6.PDT:entry687@0x1622800	8192	53505e03	0	
C:\Program Files (x86)\Steam\steamapps\common\MGS_PW\mgspw\MLG\disc0_rel\00b2b4b6.PDT:entry688@0x1624800	18432	53505f03	0	
C:\Program Files (x86)\Steam\steamapps\common\MGS_PW\mgspw\MLG\disc0_rel\00b2b4b6.PDT:entry689@0x1629000	49152	53506003	0	
C:\Program Files (x86)\Steam\steamapps\common\MGS_PW\mgspw\MLG\disc0_rel\00b2b4b6.PDT:entry690@0x1635000	34816	53506103	0	
C:\Program Files (x86)\Steam\steamapps\common\MGS_PW\mgspw\MLG\disc0_rel\00b2b4b6.PDT:entry691@0x163d800	49152	53506203	0	
C:\Program Files (x86)\Steam\steamapps\common\MGS_PW\mgspw\MLG\disc0_rel\00b2b4b6.PDT:entry692@0x1649800	40960	53506303	0	
C:\Program Files (x86)\Steam\steamapps\common\MGS_PW\mgspw\MLG\disc0_rel\00b2b4b6.PDT:entry693@0x1653800	40960	53506403	0	
C:\Program Files (x86)\Steam\steamapps\common\MGS_PW\mgspw\MLG\disc0_rel\00b2b4b6.PDT:entry694@0x165d800	43008	53506503	0	
C:\Program Files (x86)\Steam\steamapps\common\MGS_PW\mgspw\MLG\disc0_rel\00b2b4b6.PDT:entry695@0x1668000	77824	53506603	0	
C:\Program Files (x86)\Steam\steamapps\common\MGS_PW\mgspw\MLG\disc0_rel\00b2b4b6.PDT:entry696@0x167b000	53248	53506703	0	
C:\Program Files (x86)\Steam\steamapps\common\MGS_PW\mgspw\MLG\disc0_rel\00b2b4b6.PDT:entry697@0x1688000	18432	53506803	0	
C:\Program Files (x86)\Steam\steamapps\common\MGS_PW\mgspw\MLG\disc0_rel\00b2b4b6.PDT:entry698@0x168c800	38912	53506903	0	
C:\Program Files (x86)\Steam\steamapps\common\MGS_PW\mgspw\MLG\disc0_rel\00b2b4b6.PDT:entry699@0x1696000	45056	53506a03	0	
C:\Program Files (x86)\Steam\steamapps\common\MGS_PW\mgspw\MLG\disc0_rel\00b2b4b6.PDT:entry700@0x16a1000	59392	53506b03	0	
C:\Program Files (x86)\Steam\steamapps\common\MGS_PW\mgspw\MLG\disc0_rel\00b2b4b6.PDT:entry701@0x16af800	38912	53506c03	0	
C:\Program Files (x86)\Steam\steamapps\common\MGS_PW\mgspw\MLG\disc0_rel\00b2b4b6.PDT:entry702@0x16b9000	14336	5350c503	0	
C:\Program Files (x86)\Steam\steamapps\common\MGS_PW\mgspw\MLG\disc0_rel\00b2b4b6.PDT:entry703@0x16bc800	108544	5350c603	0	
C:\Program Files (x86)\Steam\steamapps\common\MGS_PW\mgspw\MLG\disc0_rel\00b2b4b6.PDT:entry704@0x16d7000	6144	5350c703	0	
C:\Program Files (x86)\Steam\steamapps\common\MGS_PW\mgspw\MLG\disc0_rel\00b2b4b6.PDT:entry705@0x16d8800	20480	5350c803	0	
C:\Program Files (x86)\Steam\steamapps\common\MGS_PW\mgspw\MLG\disc0_rel\00b2b4b6.PDT:entry706@0x16dd800	24576	5350c903	0	
C:\Program Files (x86)\Steam\steamapps\common\MGS_PW\mgspw\MLG\disc0_rel\00b2b4b6.PDT:entry707@0x16e3800	26624	5350ca03	0	
C:\Program Files (x86)\Steam\steamapps\common\MGS_PW\mgspw\MLG\disc0_rel\00b2b4b6.PDT:entry708@0x16ea000	26624	5350cb03	0	
C:\Program Files (x86)\Steam\steamapps\common\MGS_PW\mgspw\MLG\disc0_rel\00b2b4b6.PDT:entry709@0x16f0800	32768	5350cc03	0	
C:\Program Files (x86)\Steam\steamapps\common\MGS_PW\mgspw\MLG\disc0_rel\00b2b4b6.PDT:entry710@0x16f8800	38912	5350cd03	0	
C:\Program Files (x86)\Steam\steamapps\common\MGS_PW\mgspw\MLG\disc0_rel\00b2b4b6.PDT:entry711@0x1702000	26624	5350ce03	0	
C:\Program Files (x86)\Steam\steamapps\common\MGS_PW\mgspw\MLG\disc0_rel\00b2b4b6.PDT:entry712@0x1708800	22528	5350cf03	0	
C:\Program Files (x86)\Steam\steamapps\common\MGS_PW\mgspw\MLG\disc0_rel\00b2b4b6.PDT:entry713@0x170e000	26624	5350d003	0	
C:\Program Files (x86)\Steam\steamapps\common\MGS_PW\mgspw\MLG\disc0_rel\00b2b4b6.PDT:entry714@0x1714800	32768	5350d103	0	
C:\Program Files (x86)\Steam\steamapps\common\MGS_PW\mgspw\MLG\disc0_rel\00b2b4b6.PDT:entry715@0x171c800	24576	5350d203	0	
C:\Program Files (x86)\Steam\steamapps\common\MGS_PW\mgspw\MLG\disc0_rel\00b2b4b6.PDT:entry716@0x1722800	30720	5350d303	0	
C:\Program Files (x86)\Steam\steamapps\common\MGS_PW\mgspw\MLG\disc0_rel\00b2b4b6.PDT:entry717@0x172a000	55296	5350d403	0	
C:\Program Files (x86)\Steam\steamapps\common\MGS_PW\mgspw\MLG\disc0_rel\00b2b4b6.PDT:entry718@0x1737800	32768	5350d503	0	
C:\Program Files (x86)\Steam\steamapps\common\MGS_PW\mgspw\MLG\disc0_rel\00b2b4b6.PDT:entry719@0x173f800	32768	5350d603	0	
C:\Program Files (x86)\Steam\steamapps\common\MGS_PW\mgspw\MLG\disc0_rel\00b2b4b6.PDT:entry720@0x1747800	34816	5350d703	0	
C:\Program Files (x86)\Steam\steamapps\common\MGS_PW\mgspw\MLG\disc0_rel\00b2b4b6.PDT:entry721@0x1750000	36864	5350d803	0	
C:\Program Files (x86)\Steam\steamapps\common\MGS_PW\mgspw\MLG\disc0_rel\00b2b4b6.PDT:entry722@0x1759000	30720	5350d903	0	
C:\Program Files (x86)\Steam\steamapps\common\MGS_PW\mgspw\MLG\disc0_rel\00b2b4b6.PDT:entry723@0x1760800	38912	5350da03	0	
C:\Program Files (x86)\Steam\steamapps\common\MGS_PW\mgspw\MLG\disc0_rel\00b2b4b6.PDT:entry724@0x176a000	34816	5350db03	0	
C:\Program Files (x86)\Steam\steamapps\common\MGS_PW\mgspw\MLG\disc0_rel\00b2b4b6.PDT:entry725@0x1772800	38912	5350dc03	0	
C:\Program Files (x86)\Steam\steamapps\common\MGS_PW\mgspw\MLG\disc0_rel\00b2b4b6.PDT:entry726@0x177c000	55296	5350dd03	0	
C:\Program Files (x86)\Steam\steamapps\common\MGS_PW\mgspw\MLG\disc0_rel\00b2b4b6.PDT:entry727@0x1789800	30720	5350de03	0	
C:\Program Files (x86)\Steam\steamapps\common\MGS_PW\mgspw\MLG\disc0_rel\00b2b4b6.PDT:entry728@0x1791000	55296	5350df03	0	
C:\Program Files (x86)\Steam\steamapps\common\MGS_PW\mgspw\MLG\disc0_rel\00b2b4b6.PDT:entry729@0x179e800	36864	5350e003	0	
C:\Program Files (x86)\Steam\steamapps\common\MGS_PW\mgspw\MLG\disc0_rel\00b2b4b6.PDT:entry730@0x17a7800	18432	5350e103	0	
C:\Program Files (x86)\Steam\steamapps\common\MGS_PW\mgspw\MLG\disc0_rel\00b2b4b6.PDT:entry731@0x17ac000	61440	5350e203	0	
C:\Program Files (x86)\Steam\steamapps\common\MGS_PW\mgspw\MLG\disc0_rel\00b2b4b6.PDT:entry732@0x17bb000	6144	5350e303	0	
C:\Program Files (x86)\Steam\steamapps\common\MGS_PW\mgspw\MLG\disc0_rel\00b2b4b6.PDT:entry733@0x17bc800	47104	5350e403	0	
C:\Program Files (x86)\Steam\steamapps\common\MGS_PW\mgspw\MLG\disc0_rel\00b2b4b6.PDT:entry734@0x17c8000	40960	5350e503	0	
C:\Program Files (x86)\Steam\steamapps\common\MGS_PW\mgspw\MLG\disc0_rel\00b2b4b6.PDT:entry735@0x17d2000	26624	5350e603	0	
C:\Program Files (x86)\Steam\steamapps\common\MGS_PW\mgspw\MLG\disc0_rel\00b2b4b6.PDT:entry736@0x17d8800	67584	5350e703	0	
C:\Program Files (x86)\Steam\steamapps\common\MGS_PW\mgspw\MLG\disc0_rel\00b2b4b6.PDT:entry737@0x17e9000	22528	5350e803	0	
C:\Program Files (x86)\Steam\steamapps\common\MGS_PW\mgspw\MLG\disc0_rel\00b2b4b6.PDT:entry738@0x17ee800	22528	5350e903	0	
C:\Program Files (x86)\Steam\steamapps\common\MGS_PW\mgspw\MLG\disc0_rel\00b2b4b6.PDT:entry739@0x17f4000	63488	5350ea03	0	
C:\Program Files (x86)\Steam\steamapps\common\MGS_PW\mgspw\MLG\disc0_rel\00b2b4b6.PDT:entry740@0x1803800	51200	5350eb03	0	
C:\Program Files (x86)\Steam\steamapps\common\MGS_PW\mgspw\MLG\disc0_rel\00b2b4b6.PDT:entry741@0x1810000	59392	5350ec03	0	
C:\Program Files (x86)\Steam\steamapps\common\MGS_PW\mgspw\MLG\disc0_rel\00b2b4b6.PDT:entry742@0x181e800	34816	5350ed03	0	
C:\Program Files (x86)\Steam\steamapps\common\MGS_PW\mgspw\MLG\disc0_rel\00b2b4b6.PDT:entry743@0x1827000	65536	5350ee03	0	
C:\Program Files (x86)\Steam\steamapps\common\MGS_PW\mgspw\MLG\disc0_rel\00b2b4b6.PDT:entry744@0x1837000	43008	5350ef03	0	
C:\Program Files (x86)\Steam\steamapps\common\MGS_PW\mgspw\MLG\disc0_rel\00b2b4b6.PDT:entry745@0x1841800	24576	5350f003	0	
C:\Program Files (x86)\Steam\steamapps\common\MGS_PW\mgspw\MLG\disc0_rel\00b2b4b6.PDT:entry746@0x1847800	36864	5350f103	0	
C:\Program Files (x86)\Steam\steamapps\common\MGS_PW\mgspw\MLG\disc0_rel\00b2b4b6.PDT:entry747@0x1850800	71680	5350f203	0	
C:\Program Files (x86)\Steam\steamapps\common\MGS_PW\mgspw\MLG\disc0_rel\00b2b4b6.PDT:entry748@0x1862000	49152	5350f303	0	
C:\Program Files (x86)\Steam\steamapps\common\MGS_PW\mgspw\MLG\disc0_rel\00b2b4b6.PDT:entry749@0x186e000	43008	5350f403	0	
C:\Program Files (x86)\Steam\steamapps\common\MGS_PW\mgspw\MLG\disc0_rel\00b2b4b6.PDT:entry750@0x1878800	47104	5350f503	0	
C:\Program Files (x86)\Steam\steamapps\common\MGS_PW\mgspw\MLG\disc0_rel\00b2b4b6.PDT:entry751@0x1884000	40960	5350f603	0	
C:\Program Files (x86)\Steam\steamapps\common\MGS_PW\mgspw\MLG\disc0_rel\00b2b4b6.PDT:entry752@0x188e000	6144	5350f703	0	
C:\Program Files (x86)\Steam\steamapps\common\MGS_PW\mgspw\MLG\disc0_rel\00b2b4b6.PDT:entry753@0x188f800	73728	5350f803	0	
C:\Program Files (x86)\Steam\steamapps\common\MGS_PW\mgspw\MLG\disc0_rel\00b2b4b6.PDT:entry754@0x18a1800	6144	5350f903	0	
C:\Program Files (x86)\Steam\steamapps\common\MGS_PW\mgspw\MLG\disc0_rel\00b2b4b6.PDT:entry755@0x18a3000	6144	5350fa03	0	
C:\Program Files (x86)\Steam\steamapps\common\MGS_PW\mgspw\MLG\disc0_rel\00b2b4b6.PDT:entry756@0x18a4800	24576	5350fb03	0	
C:\Program Files (x86)\Steam\steamapps\common\MGS_PW\mgspw\MLG\disc0_rel\00b2b4b6.PDT:entry757@0x18aa800	28672	5350fc03	0	
C:\Program Files (x86)\Steam\steamapps\common\MGS_PW\mgspw\MLG\disc0_rel\00b2b4b6.PDT:entry758@0x18b1800	20480	5350fd03	0	
C:\Program Files (x86)\Steam\steamapps\common\MGS_PW\mgspw\MLG\disc0_rel\00b2b4b6.PDT:entry759@0x18b6800	28672	5350fe03	0	
C:\Program Files (x86)\Steam\steamapps\common\MGS_PW\mgspw\MLG\disc0_rel\00b2b4b6.PDT:entry760@0x18bd800	4096	5350ff03	0	
C:\Program Files (x86)\Steam\steamapps\common\MGS_PW\mgspw\MLG\disc0_rel\00b2b4b6.PDT:entry761@0x18be800	22528	53500004	0	
C:\Program Files (x86)\Steam\steamapps\common\MGS_PW\mgspw\MLG\disc0_rel\00b2b4b6.PDT:entry762@0x18c4000	30720	53500104	0	
C:\Program Files (x86)\Steam\steamapps\common\MGS_PW\mgspw\MLG\disc0_rel\00b2b4b6.PDT:entry763@0x18cb800	38912	53500204	0	
C:\Program Files (x86)\Steam\steamapps\common\MGS_PW\mgspw\MLG\disc0_rel\00b2b4b6.PDT:entry764@0x18d5000	36864	53500304	0	
C:\Program Files (x86)\Steam\steamapps\common\MGS_PW\mgspw\MLG\disc0_rel\00b2b4b6.PDT:entry765@0x18de000	40960	53500404	0	
C:\Program Files (x86)\Steam\steamapps\common\MGS_PW\mgspw\MLG\disc0_rel\00b2b4b6.PDT:entry766@0x18e8000	63488	53500504	0	
C:\Program Files (x86)\Steam\steamapps\common\MGS_PW\mgspw\MLG\disc0_rel\00b2b4b6.PDT:entry767@0x18f7800	24576	53500604	0	
C:\Program Files (x86)\Steam\steamapps\common\MGS_PW\mgspw\MLG\disc0_rel\00b2b4b6.PDT:entry768@0x18fd800	24576	53500704	0	
C:\Program Files (x86)\Steam\steamapps\common\MGS_PW\mgspw\MLG\disc0_rel\00b2b4b6.PDT:entry769@0x1903800	24576	53500804	0	
C:\Program Files (x86)\Steam\steamapps\common\MGS_PW\mgspw\MLG\disc0_rel\00b2b4b6.PDT:entry770@0x1909800	43008	53500904	0	
C:\Program Files (x86)\Steam\steamapps\common\MGS_PW\mgspw\MLG\disc0_rel\00b2b4b6.PDT:entry771@0x1914000	40960	53500a04	0	
C:\Program Files (x86)\Steam\steamapps\common\MGS_PW\mgspw\MLG\disc0_rel\00b2b4b6.PDT:entry772@0x191e000	16384	53500b04	0	
C:\Program Files (x86)\Steam\steamapps\common\MGS_PW\mgspw\MLG\disc0_rel\00b2b4b6.PDT:entry773@0x1922000	26624	53500c04	0	
C:\Program Files (x86)\Steam\steamapps\common\MGS_PW\mgspw\MLG\disc0_rel\00b2b4b6.PDT:entry774@0x1928800	20480	53500d04	0	
C:\Program Files (x86)\Steam\steamapps\common\MGS_PW\mgspw\MLG\disc0_rel\00b2b4b6.PDT:entry775@0x192d800	26624	53500e04	0	
C:\Program Files (x86)\Steam\steamapps\common\MGS_PW\mgspw\MLG\disc0_rel\00b2b4b6.PDT:entry776@0x1934000	49152	53500f04	0	
C:\Program Files (x86)\Steam\steamapps\common\MGS_PW\mgspw\MLG\disc0_rel\00b2b4b6.PDT:entry777@0x1940000	34816	53501004	0	
C:\Program Files (x86)\Steam\steamapps\common\MGS_PW\mgspw\MLG\disc0_rel\00b2b4b6.PDT:entry778@0x1948800	38912	53501104	0	
C:\Program Files (x86)\Steam\steamapps\common\MGS_PW\mgspw\MLG\disc0_rel\00b2b4b6.PDT:entry779@0x1952000	30720	53501204	0	
C:\Program Files (x86)\Steam\steamapps\common\MGS_PW\mgspw\MLG\disc0_rel\00b2b4b6.PDT:entry780@0x1959800	59392	53501304	0	
C:\Program Files (x86)\Steam\steamapps\common\MGS_PW\mgspw\MLG\disc0_rel\00b2b4b6.PDT:entry781@0x1968000	28672	53501404	0	
C:\Program Files (x86)\Steam\steamapps\common\MGS_PW\mgspw\MLG\disc0_rel\00b2b4b6.PDT:entry782@0x196f000	59392	53501504	0	
C:\Program Files (x86)\Steam\steamapps\common\MGS_PW\mgspw\MLG\disc0_rel\00b2b4b6.PDT:entry783@0x197d800	22528	53501604	0	
C:\Program Files (x86)\Steam\steamapps\common\MGS_PW\mgspw\MLG\disc0_rel\00b2b4b6.PDT:entry784@0x1983000	26624	53501704	0	
C:\Program Files (x86)\Steam\steamapps\common\MGS_PW\mgspw\MLG\disc0_rel\00b2b4b6.PDT:entry785@0x1989800	55296	53501804	0	
C:\Program Files (x86)\Steam\steamapps\common\MGS_PW\mgspw\MLG\disc0_rel\00b2b4b6.PDT:entry786@0x1997000	24576	53501904	0	
C:\Program Files (x86)\Steam\steamapps\common\MGS_PW\mgspw\MLG\disc0_rel\00b2b4b6.PDT:entry787@0x199d000	26624	53501a04	0	
C:\Program Files (x86)\Steam\steamapps\common\MGS_PW\mgspw\MLG\disc0_rel\00b2b4b6.PDT:entry788@0x19a3800	38912	53501b04	0	
C:\Program Files (x86)\Steam\steamapps\common\MGS_PW\mgspw\MLG\disc0_rel\00b2b4b6.PDT:entry789@0x19ad000	20480	53501c04	0	
C:\Program Files (x86)\Steam\steamapps\common\MGS_PW\mgspw\MLG\disc0_rel\00b2b4b6.PDT:entry790@0x19b2000	28672	53502704	0	
C:\Program Files (x86)\Steam\steamapps\common\MGS_PW\mgspw\MLG\disc0_rel\00b2b4b6.PDT:entry791@0x19b9000	32768	53502804	0	
C:\Program Files (x86)\Steam\steamapps\common\MGS_PW\mgspw\MLG\disc0_rel\00b2b4b6.PDT:entry792@0x19c1000	6144	53502904	0	
C:\Program Files (x86)\Steam\steamapps\common\MGS_PW\mgspw\MLG\disc0_rel\00b2b4b6.PDT:entry793@0x19c2800	6144	53502a04	0	
C:\Program Files (x86)\Steam\steamapps\common\MGS_PW\mgspw\MLG\disc0_rel\00b2b4b6.PDT:entry794@0x19c4000	34816	53502b04	0	
C:\Program Files (x86)\Steam\steamapps\common\MGS_PW\mgspw\MLG\disc0_rel\00b2b4b6.PDT:entry795@0x19cc800	20480	53502c04	0	
C:\Program Files (x86)\Steam\steamapps\common\MGS_PW\mgspw\MLG\disc0_rel\00b2b4b6.PDT:entry796@0x19d1800	32768	53502d04	0	
C:\Program Files (x86)\Steam\steamapps\common\MGS_PW\mgspw\MLG\disc0_rel\00b2b4b6.PDT:entry797@0x19d9800	36864	53502e04	0	
C:\Program Files (x86)\Steam\steamapps\common\MGS_PW\mgspw\MLG\disc0_rel\00b2b4b6.PDT:entry798@0x19e2800	6144	53502f04	0	
C:\Program Files (x86)\Steam\steamapps\common\MGS_PW\mgspw\MLG\disc0_rel\00b2b4b6.PDT:entry799@0x19e4000	45056	53503004	0	
C:\Program Files (x86)\Steam\steamapps\common\MGS_PW\mgspw\MLG\disc0_rel\00b2b4b6.PDT:entry800@0x19ef000	36864	53503104	0	
C:\Program Files (x86)\Steam\steamapps\common\MGS_PW\mgspw\MLG\disc0_rel\00b2b4b6.PDT:entry801@0x19f8000	22528	53503204	0	
C:\Program Files (x86)\Steam\steamapps\common\MGS_PW\mgspw\MLG\disc0_rel\00b2b4b6.PDT:entry802@0x19fd800	22528	53503304	0	
C:\Program Files (x86)\Steam\steamapps\common\MGS_PW\mgspw\MLG\disc0_rel\00b2b4b6.PDT:entry803@0x1a03000	24576	53503404	0	
C:\Program Files (x86)\Steam\steamapps\common\MGS_PW\mgspw\MLG\disc0_rel\00b2b4b6.PDT:entry804@0x1a09000	30720	53503504	0	
C:\Program Files (x86)\Steam\steamapps\common\MGS_PW\mgspw\MLG\disc0_rel\00b2b4b6.PDT:entry805@0x1a10800	28672	53503604	0	
C:\Program Files (x86)\Steam\steamapps\common\MGS_PW\mgspw\MLG\disc0_rel\00b2b4b6.PDT:entry806@0x1a17800	26624	53503704	0	
C:\Program Files (x86)\Steam\steamapps\common\MGS_PW\mgspw\MLG\disc0_rel\00b2b4b6.PDT:entry807@0x1a1e000	32768	53503804	0	
C:\Program Files (x86)\Steam\steamapps\common\MGS_PW\mgspw\MLG\disc0_rel\00b2b4b6.PDT:entry808@0x1a26000	20480	53503904	0	
C:\Program Files (x86)\Steam\steamapps\common\MGS_PW\mgspw\MLG\disc0_rel\00b2b4b6.PDT:entry809@0x1a2b000	38912	53503a04	0	
C:\Program Files (x86)\Steam\steamapps\common\MGS_PW\mgspw\MLG\disc0_rel\00b2b4b6.PDT:entry810@0x1a34800	34816	53503b04	0	
C:\Program Files (x86)\Steam\steamapps\common\MGS_PW\mgspw\MLG\disc0_rel\00b2b4b6.PDT:entry811@0x1a3d000	53248	53503c04	0	
C:\Program Files (x86)\Steam\steamapps\common\MGS_PW\mgspw\MLG\disc0_rel\00b2b4b6.PDT:entry812@0x1a4a000	69632	53503d04	0	
C:\Program Files (x86)\Steam\steamapps\common\MGS_PW\mgspw\MLG\disc0_rel\00b2b4b6.PDT:entry813@0x1a5b000	18432	53503f04	0	
C:\Program Files (x86)\Steam\steamapps\common\MGS_PW\mgspw\MLG\disc0_rel\00b2b4b6.PDT:entry814@0x1a5f800	28672	53504004	0	
C:\Program Files (x86)\Steam\steamapps\common\MGS_PW\mgspw\MLG\disc0_rel\00b2b4b6.PDT:entry815@0x1a66800	20480	53504104	0	
C:\Program Files (x86)\Steam\steamapps\common\MGS_PW\mgspw\MLG\disc0_rel\00b2b4b6.PDT:entry816@0x1a6b800	28672	53504204	0	
C:\Program Files (x86)\Steam\steamapps\common\MGS_PW\mgspw\MLG\disc0_rel\00b2b4b6.PDT:entry817@0x1a72800	32768	53504304	0	
C:\Program Files (x86)\Steam\steamapps\common\MGS_PW\mgspw\MLG\disc0_rel\00b2b4b6.PDT:entry818@0x1a7a800	26624	53504404	0	
C:\Program Files (x86)\Steam\steamapps\common\MGS_PW\mgspw\MLG\disc0_rel\00b2b4b6.PDT:entry819@0x1a81000	34816	53504504	0	
C:\Program Files (x86)\Steam\steamapps\common\MGS_PW\mgspw\MLG\disc0_rel\00b2b4b6.PDT:entry820@0x1a89800	30720	53504604	0	
C:\Program Files (x86)\Steam\steamapps\common\MGS_PW\mgspw\MLG\disc0_rel\00b2b4b6.PDT:entry821@0x1a91000	30720	53504704	0	
C:\Program Files (x86)\Steam\steamapps\common\MGS_PW\mgspw\MLG\disc0_rel\00b2b4b6.PDT:entry822@0x1a98800	40960	53504804	0	
C:\Program Files (x86)\Steam\steamapps\common\MGS_PW\mgspw\MLG\disc0_rel\00b2b4b6.PDT:entry823@0x1aa2800	18432	53504904	0	
C:\Program Files (x86)\Steam\steamapps\common\MGS_PW\mgspw\MLG\disc0_rel\00b2b4b6.PDT:entry824@0x1aa7000	26624	53504a04	0	
C:\Program Files (x86)\Steam\steamapps\common\MGS_PW\mgspw\MLG\disc0_rel\00b2b4b6.PDT:entry825@0x1aad800	26624	53504b04	0	
C:\Program Files (x86)\Steam\steamapps\common\MGS_PW\mgspw\MLG\disc0_rel\00b2b4b6.PDT:entry826@0x1ab4000	22528	53504c04	0	
C:\Program Files (x86)\Steam\steamapps\common\MGS_PW\mgspw\MLG\disc0_rel\00b2b4b6.PDT:entry827@0x1ab9800	32768	53504d04	0	
C:\Program Files (x86)\Steam\steamapps\common\MGS_PW\mgspw\MLG\disc0_rel\00b2b4b6.PDT:entry828@0x1ac1800	26624	53504e04	0	
C:\Program Files (x86)\Steam\steamapps\common\MGS_PW\mgspw\MLG\disc0_rel\00b2b4b6.PDT:entry829@0x1ac8000	34816	53504f04	0	
C:\Program Files (x86)\Steam\steamapps\common\MGS_PW\mgspw\MLG\disc0_rel\00b2b4b6.PDT:entry830@0x1ad0800	49152	53505004	0	
C:\Program Files (x86)\Steam\steamapps\common\MGS_PW\mgspw\MLG\disc0_rel\00b2b4b6.PDT:entry831@0x1adc800	34816	53505104	0	
C:\Program Files (x86)\Steam\steamapps\common\MGS_PW\mgspw\MLG\disc0_rel\00b2b4b6.PDT:entry832@0x1ae5000	24576	53505204	0	
C:\Program Files (x86)\Steam\steamapps\common\MGS_PW\mgspw\MLG\disc0_rel\00b2b4b6.PDT:entry833@0x1aeb000	40960	53505304	0	
C:\Program Files (x86)\Steam\steamapps\common\MGS_PW\mgspw\MLG\disc0_rel\00b2b4b6.PDT:entry834@0x1af5000	38912	53505804	0	
C:\Program Files (x86)\Steam\steamapps\common\MGS_PW\mgspw\MLG\disc0_rel\00b2b4b6.PDT:entry835@0x1afe800	38912	53506104	0	
C:\Program Files (x86)\Steam\steamapps\common\MGS_PW\mgspw\MLG\disc0_rel\00b2b4b6.PDT:entry836@0x1b08000	43008	53506204	0	
C:\Program Files (x86)\Steam\steamapps\common\MGS_PW\mgspw\MLG\disc0_rel\00b2b4b6.PDT:entry837@0x1b12800	28672	53506304	0	
C:\Program Files (x86)\Steam\steamapps\common\MGS_PW\mgspw\MLG\disc0_rel\00b2b4b6.PDT:entry838@0x1b19800	34816	53506404	0	
C:\Program Files (x86)\Steam\steamapps\common\MGS_PW\mgspw\MLG\disc0_rel\00b2b4b6.PDT:entry839@0x1b22000	32768	53506504	0	
C:\Program Files (x86)\Steam\steamapps\common\MGS_PW\mgspw\MLG\disc0_rel\00b2b4b6.PDT:entry840@0x1b2a000	34816	53506604	0	
C:\Program Files (x86)\Steam\steamapps\common\MGS_PW\mgspw\MLG\disc0_rel\00b2b4b6.PDT:entry841@0x1b32800	34816	53506704	0	
C:\Program Files (x86)\Steam\steamapps\common\MGS_PW\mgspw\MLG\disc0_rel\00b2b4b6.PDT:entry842@0x1b3b000	28672	53506804	0	
C:\Program Files (x86)\Steam\steamapps\common\MGS_PW\mgspw\MLG\disc0_rel\00b2b4b6.PDT:entry843@0x1b42000	32768	53506904	0	
C:\Program Files (x86)\Steam\steamapps\common\MGS_PW\mgspw\MLG\disc0_rel\00b2b4b6.PDT:entry844@0x1b4a000	45056	53506a04	0	
C:\Program Files (x86)\Steam\steamapps\common\MGS_PW\mgspw\MLG\disc0_rel\00b2b4b6.PDT:entry845@0x1b55000	20480	53506b04	0	
C:\Program Files (x86)\Steam\steamapps\common\MGS_PW\mgspw\MLG\disc0_rel\00b2b4b6.PDT:entry846@0x1b5a000	32768	53506c04	0	
C:\Program Files (x86)\Steam\steamapps\common\MGS_PW\mgspw\MLG\disc0_rel\00b2b4b6.PDT:entry847@0x1b62000	32768	53506d04	0	
C:\Program Files (x86)\Steam\steamapps\common\MGS_PW\mgspw\MLG\disc0_rel\00b2b4b6.PDT:entry848@0x1b6a000	18432	53506e04	0	
C:\Program Files (x86)\Steam\steamapps\common\MGS_PW\mgspw\MLG\disc0_rel\00b2b4b6.PDT:entry849@0x1b6e800	28672	53507404	0	
C:\Program Files (x86)\Steam\steamapps\common\MGS_PW\mgspw\MLG\disc0_rel\00b2b4b6.PDT:entry850@0x1b75800	34816	53507504	0	
C:\Program Files (x86)\Steam\steamapps\common\MGS_PW\mgspw\MLG\disc0_rel\00b2b4b6.PDT:entry851@0x1b7e000	57344	53507604	0	
C:\Program Files (x86)\Steam\steamapps\common\MGS_PW\mgspw\MLG\disc0_rel\00b2b4b6.PDT:entry852@0x1b8c000	45056	53507704	0	
C:\Program Files (x86)\Steam\steamapps\common\MGS_PW\mgspw\MLG\disc0_rel\00b2b4b6.PDT:entry853@0x1b97000	28672	53507804	0	
C:\Program Files (x86)\Steam\steamapps\common\MGS_PW\mgspw\MLG\disc0_rel\00b2b4b6.PDT:entry854@0x1b9e000	32768	53507904	0	
C:\Program Files (x86)\Steam\steamapps\common\MGS_PW\mgspw\MLG\disc0_rel\00b2b4b6.PDT:entry855@0x1ba6000	88064	53507a04	0	
C:\Program Files (x86)\Steam\steamapps\common\MGS_PW\mgspw\MLG\disc0_rel\00b2b4b6.PDT:entry856@0x1bbb800	45056	53507b04	0	
C:\Program Files (x86)\Steam\steamapps\common\MGS_PW\mgspw\MLG\disc0_rel\00b2b4b6.PDT:entry857@0x1bc6800	53248	53507c04	0	
C:\Program Files (x86)\Steam\steamapps\common\MGS_PW\mgspw\MLG\disc0_rel\00b2b4b6.PDT:entry858@0x1bd3800	45056	53507d04	0	
C:\Program Files (x86)\Steam\steamapps\common\MGS_PW\mgspw\MLG\disc0_rel\00b2b4b6.PDT:entry859@0x1bde800	38912	53507f04	0	
C:\Program Files (x86)\Steam\steamapps\common\MGS_PW\mgspw\MLG\disc0_rel\00b2b4b6.PDT:entry860@0x1be8000	28672	53508004	0	
C:\Program Files (x86)\Steam\steamapps\common\MGS_PW\mgspw\MLG\disc0_rel\00b2b4b6.PDT:entry861@0x1bef000	34816	53508104	0	
C:\Program Files (x86)\Steam\steamapps\common\MGS_PW\mgspw\MLG\disc0_rel\00b2b4b6.PDT:entry862@0x1bf7800	30720	53508204	0	
C:\Program Files (x86)\Steam\steamapps\common\MGS_PW\mgspw\MLG\disc0_rel\00b2b4b6.PDT:entry863@0x1bff000	38912	53508404	0	
C:\Program Files (x86)\Steam\steamapps\common\MGS_PW\mgspw\MLG\disc0_rel\00b2b4b6.PDT:entry864@0x1c08800	53248	53508504	0	
C:\Program Files (x86)\Steam\steamapps\common\MGS_PW\mgspw\MLG\disc0_rel\00b2b4b6.PDT:entry865@0x1c15800	6144	53508604	0	
C:\Program Files (x86)\Steam\steamapps\common\MGS_PW\mgspw\MLG\disc0_rel\00b2b4b6.PDT:entry866@0x1c17000	47104	53508704	0	
C:\Program Files (x86)\Steam\steamapps\common\MGS_PW\mgspw\MLG\disc0_rel\00b2b4b6.PDT:entry867@0x1c22800	16384	53508804	0	
C:\Program Files (x86)\Steam\steamapps\common\MGS_PW\mgspw\MLG\disc0_rel\00b2b4b6.PDT:entry868@0x1c26800	12288	53508904	0	
C:\Program Files (x86)\Steam\steamapps\common\MGS_PW\mgspw\MLG\disc0_rel\00b2b4b6.PDT:entry869@0x1c29800	16384	53508a04	0	
C:\Program Files (x86)\Steam\steamapps\common\MGS_PW\mgspw\MLG\disc0_rel\00b2b4b6.PDT:entry870@0x1c2d800	34816	53508b04	0	
C:\Program Files (x86)\Steam\steamapps\common\MGS_PW\mgspw\MLG\disc0_rel\00b2b4b6.PDT:entry871@0x1c36000	30720	53508c04	0	
C:\Program Files (x86)\Steam\steamapps\common\MGS_PW\mgspw\MLG\disc0_rel\00b2b4b6.PDT:entry872@0x1c3d800	36864	53508d04	0	
C:\Program Files (x86)\Steam\steamapps\common\MGS_PW\mgspw\MLG\disc0_rel\00b2b4b6.PDT:entry873@0x1c46800	49152	53508e04	0	
C:\Program Files (x86)\Steam\steamapps\common\MGS_PW\mgspw\MLG\disc0_rel\00b2b4b6.PDT:entry874@0x1c52800	45056	53508f04	0	
C:\Program Files (x86)\Steam\steamapps\common\MGS_PW\mgspw\MLG\disc0_rel\00b2b4b6.PDT:entry875@0x1c5d800	32768	53509004	0	
C:\Program Files (x86)\Steam\steamapps\common\MGS_PW\mgspw\MLG\disc0_rel\00b2b4b6.PDT:entry876@0x1c65800	49152	53509104	0	
C:\Program Files (x86)\Steam\steamapps\common\MGS_PW\mgspw\MLG\disc0_rel\00b2b4b6.PDT:entry877@0x1c71800	55296	53509204	0	
C:\Program Files (x86)\Steam\steamapps\common\MGS_PW\mgspw\MLG\disc0_rel\00b2b4b6.PDT:entry878@0x1c7f000	49152	53509304	0	
C:\Program Files (x86)\Steam\steamapps\common\MGS_PW\mgspw\MLG\disc0_rel\00b2b4b6.PDT:entry879@0x1c8b000	36864	53509404	0	
C:\Program Files (x86)\Steam\steamapps\common\MGS_PW\mgspw\MLG\disc0_rel\00b2b4b6.PDT:entry880@0x1c94000	24576	53509504	0	
C:\Program Files (x86)\Steam\steamapps\common\MGS_PW\mgspw\MLG\disc0_rel\00b2b4b6.PDT:entry881@0x1c9a000	32768	53509604	0	
C:\Program Files (x86)\Steam\steamapps\common\MGS_PW\mgspw\MLG\disc0_rel\00b2b4b6.PDT:entry882@0x1ca2000	26624	53509704	0	
C:\Program Files (x86)\Steam\steamapps\common\MGS_PW\mgspw\MLG\disc0_rel\00b2b4b6.PDT:entry883@0x1ca8800	32768	53509804	0	
C:\Program Files (x86)\Steam\steamapps\common\MGS_PW\mgspw\MLG\disc0_rel\00b2b4b6.PDT:entry884@0x1cb0800	55296	53509904	0	
C:\Program Files (x86)\Steam\steamapps\common\MGS_PW\mgspw\MLG\disc0_rel\00b2b4b6.PDT:entry885@0x1cbe000	34816	53509a04	0	
C:\Program Files (x86)\Steam\steamapps\common\MGS_PW\mgspw\MLG\disc0_rel\00b2b4b6.PDT:entry886@0x1cc6800	32768	53509b04	0	
C:\Program Files (x86)\Steam\steamapps\common\MGS_PW\mgspw\MLG\disc0_rel\00b2b4b6.PDT:entry887@0x1cce800	30720	53509c04	0	
C:\Program Files (x86)\Steam\steamapps\common\MGS_PW\mgspw\MLG\disc0_rel\00b2b4b6.PDT:entry888@0x1cd6000	57344	53509d04	0	
C:\Program Files (x86)\Steam\steamapps\common\MGS_PW\mgspw\MLG\disc0_rel\00b2b4b6.PDT:entry889@0x1ce4000	53248	53509e04	0	
C:\Program Files (x86)\Steam\steamapps\common\MGS_PW\mgspw\MLG\disc0_rel\00b2b4b6.PDT:entry890@0x1cf1000	59392	53509f04	0	
C:\Program Files (x86)\Steam\steamapps\common\MGS_PW\mgspw\MLG\disc0_rel\00b2b4b6.PDT:entry891@0x1cff800	43008	5350a004	0	
C:\Program Files (x86)\Steam\steamapps\common\MGS_PW\mgspw\MLG\disc0_rel\00b2b4b6.PDT:entry892@0x1d0a000	40960	5350a104	0	
C:\Program Files (x86)\Steam\steamapps\common\MGS_PW\mgspw\MLG\disc0_rel\00b2b4b6.PDT:entry893@0x1d14000	36864	5350a204	0	
C:\Program Files (x86)\Steam\steamapps\common\MGS_PW\mgspw\MLG\disc0_rel\00b2b4b6.PDT:entry894@0x1d1d000	32768	5350a304	0	
C:\Program Files (x86)\Steam\steamapps\common\MGS_PW\mgspw\MLG\disc0_rel\00b2b4b6.PDT:entry895@0x1d25000	24576	5350a404	0	
C:\Program Files (x86)\Steam\steamapps\common\MGS_PW\mgspw\MLG\disc0_rel\00b2b4b6.PDT:entry896@0x1d2b000	43008	5350a704	0	
C:\Program Files (x86)\Steam\steamapps\common\MGS_PW\mgspw\MLG\disc0_rel\00b2b4b6.PDT:entry897@0x1d35800	26624	5350a804	0	
C:\Program Files (x86)\Steam\steamapps\common\MGS_PW\mgspw\MLG\disc0_rel\00b2b4b6.PDT:entry898@0x1d3c000	28672	5350a904	0	
C:\Program Files (x86)\Steam\steamapps\common\MGS_PW\mgspw\MLG\disc0_rel\00b2b4b6.PDT:entry899@0x1d43000	36864	5350aa04	0	
C:\Program Files (x86)\Steam\steamapps\common\MGS_PW\mgspw\MLG\disc0_rel\00b2b4b6.PDT:entry900@0x1d4c000	30720	5350ab04	0	
C:\Program Files (x86)\Steam\steamapps\common\MGS_PW\mgspw\MLG\disc0_rel\00b2b4b6.PDT:entry901@0x1d53800	75776	5350ac04	0	
C:\Program Files (x86)\Steam\steamapps\common\MGS_PW\mgspw\MLG\disc0_rel\00b2b4b6.PDT:entry902@0x1d66000	43008	5350ad04	0	
C:\Program Files (x86)\Steam\steamapps\common\MGS_PW\mgspw\MLG\disc0_rel\00b2b4b6.PDT:entry903@0x1d70800	45056	5350ae04	0	
C:\Program Files (x86)\Steam\steamapps\common\MGS_PW\mgspw\MLG\disc0_rel\00b2b4b6.PDT:entry904@0x1d7b800	34816	5350af04	0	
C:\Program Files (x86)\Steam\steamapps\common\MGS_PW\mgspw\MLG\disc0_rel\00b2b4b6.PDT:entry905@0x1d84000	40960	5350b004	0	
C:\Program Files (x86)\Steam\steamapps\common\MGS_PW\mgspw\MLG\disc0_rel\00b2b4b6.PDT:entry906@0x1d8e000	38912	5350b104	0	
C:\Program Files (x86)\Steam\steamapps\common\MGS_PW\mgspw\MLG\disc0_rel\00b2b4b6.PDT:entry907@0x1d97800	26624	5350b204	0	
C:\Program Files (x86)\Steam\steamapps\common\MGS_PW\mgspw\MLG\disc0_rel\00b2b4b6.PDT:entry908@0x1d9e000	45056	5350b304	0	
C:\Program Files (x86)\Steam\steamapps\common\MGS_PW\mgspw\MLG\disc0_rel\00b2b4b6.PDT:entry909@0x1da9000	43008	5350b404	0	
C:\Program Files (x86)\Steam\steamapps\common\MGS_PW\mgspw\MLG\disc0_rel\00b2b4b6.PDT:entry910@0x1db3800	36864	5350b504	0	
C:\Program Files (x86)\Steam\steamapps\common\MGS_PW\mgspw\MLG\disc0_rel\00b2b4b6.PDT:entry911@0x1dbc800	26624	5350b604	0	
C:\Program Files (x86)\Steam\steamapps\common\MGS_PW\mgspw\MLG\disc0_rel\00b2b4b6.PDT:entry912@0x1dc3000	36864	5350b704	0	
C:\Program Files (x86)\Steam\steamapps\common\MGS_PW\mgspw\MLG\disc0_rel\00b2b4b6.PDT:entry913@0x1dcc000	43008	5350b804	0	
C:\Program Files (x86)\Steam\steamapps\common\MGS_PW\mgspw\MLG\disc0_rel\00b2b4b6.PDT:entry914@0x1dd6800	55296	5350b904	0	
C:\Program Files (x86)\Steam\steamapps\common\MGS_PW\mgspw\MLG\disc0_rel\00b2b4b6.PDT:entry915@0x1de4000	81920	5350ba04	0	
C:\Program Files (x86)\Steam\steamapps\common\MGS_PW\mgspw\MLG\disc0_rel\00b2b4b6.PDT:entry916@0x1df8000	55296	5350bb04	0	
C:\Program Files (x86)\Steam\steamapps\common\MGS_PW\mgspw\MLG\disc0_rel\00b2b4b6.PDT:entry917@0x1e05800	53248	5350bc04	0	
C:\Program Files (x86)\Steam\steamapps\common\MGS_PW\mgspw\MLG\disc0_rel\00b2b4b6.PDT:entry918@0x1e12800	45056	5350bd04	0	
C:\Program Files (x86)\Steam\steamapps\common\MGS_PW\mgspw\MLG\disc0_rel\00b2b4b6.PDT:entry919@0x1e1d800	24576	5350be04	0	
C:\Program Files (x86)\Steam\steamapps\common\MGS_PW\mgspw\MLG\disc0_rel\00b2b4b6.PDT:entry920@0x1e23800	38912	5350bf04	0	
C:\Program Files (x86)\Steam\steamapps\common\MGS_PW\mgspw\MLG\disc0_rel\00b2b4b6.PDT:entry921@0x1e2d000	43008	5350c004	0	
C:\Program Files (x86)\Steam\steamapps\common\MGS_PW\mgspw\MLG\disc0_rel\00b2b4b6.PDT:entry922@0x1e37800	40960	5350c104	0	
C:\Program Files (x86)\Steam\steamapps\common\MGS_PW\mgspw\MLG\disc0_rel\00b2b4b6.PDT:entry923@0x1e41800	63488	5350c204	0	
C:\Program Files (x86)\Steam\steamapps\common\MGS_PW\mgspw\MLG\disc0_rel\00b2b4b6.PDT:entry924@0x1e51000	32768	5350c304	0	
C:\Program Files (x86)\Steam\steamapps\common\MGS_PW\mgspw\MLG\disc0_rel\00b2b4b6.PDT:entry925@0x1e59000	51200	5350c404	0	
C:\Program Files (x86)\Steam\steamapps\common\MGS_PW\mgspw\MLG\disc0_rel\00b2b4b6.PDT:entry926@0x1e65800	49152	5350c504	0	
C:\Program Files (x86)\Steam\steamapps\common\MGS_PW\mgspw\MLG\disc0_rel\00b2b4b6.PDT:entry927@0x1e71800	40960	5350c604	0	
C:\Program Files (x86)\Steam\steamapps\common\MGS_PW\mgspw\MLG\disc0_rel\00b2b4b6.PDT:entry928@0x1e7b800	43008	5350c704	0	
C:\Program Files (x86)\Steam\steamapps\common\MGS_PW\mgspw\MLG\disc0_rel\00b2b4b6.PDT:entry929@0x1e86000	55296	5350c804	0	
C:\Program Files (x86)\Steam\steamapps\common\MGS_PW\mgspw\MLG\disc0_rel\00b2b4b6.PDT:entry930@0x1e93800	57344	5350c904	0	
C:\Program Files (x86)\Steam\steamapps\common\MGS_PW\mgspw\MLG\disc0_rel\00b2b4b6.PDT:entry931@0x1ea1800	49152	5350ca04	0	
C:\Program Files (x86)\Steam\steamapps\common\MGS_PW\mgspw\MLG\disc0_rel\00b2b4b6.PDT:entry932@0x1ead800	36864	5350cb04	0	
C:\Program Files (x86)\Steam\steamapps\common\MGS_PW\mgspw\MLG\disc0_rel\00b2b4b6.PDT:entry933@0x1eb6800	30720	5350cc04	0	
C:\Program Files (x86)\Steam\steamapps\common\MGS_PW\mgspw\MLG\disc0_rel\00b2b4b6.PDT:entry934@0x1ebe000	32768	5350cd04	0	
C:\Program Files (x86)\Steam\steamapps\common\MGS_PW\mgspw\MLG\disc0_rel\00b2b4b6.PDT:entry935@0x1ec6000	30720	5350ce04	0	
C:\Program Files (x86)\Steam\steamapps\common\MGS_PW\mgspw\MLG\disc0_rel\00b2b4b6.PDT:entry936@0x1ecd800	51200	5350cf04	0	
C:\Program Files (x86)\Steam\steamapps\common\MGS_PW\mgspw\MLG\disc0_rel\00b2b4b6.PDT:entry937@0x1eda000	40960	5350d004	0	
C:\Program Files (x86)\Steam\steamapps\common\MGS_PW\mgspw\MLG\disc0_rel\00b2b4b6.PDT:entry938@0x1ee4000	30720	5350d104	0	
C:\Program Files (x86)\Steam\steamapps\common\MGS_PW\mgspw\MLG\disc0_rel\00b2b4b6.PDT:entry939@0x1eeb800	79872	5350d204	0	
C:\Program Files (x86)\Steam\steamapps\common\MGS_PW\mgspw\MLG\disc0_rel\00b2b4b6.PDT:entry940@0x1eff000	67584	5350d304	0	
C:\Program Files (x86)\Steam\steamapps\common\MGS_PW\mgspw\MLG\disc0_rel\00b2b4b6.PDT:entry941@0x1f0f800	47104	5350d404	0	
C:\Program Files (x86)\Steam\steamapps\common\MGS_PW\mgspw\MLG\disc0_rel\00b2b4b6.PDT:entry942@0x1f1b000	59392	5350d504	0	
C:\Program Files (x86)\Steam\steamapps\common\MGS_PW\mgspw\MLG\disc0_rel\00b2b4b6.PDT:entry943@0x1f29800	51200	5350d604	0	
C:\Program Files (x86)\Steam\steamapps\common\MGS_PW\mgspw\MLG\disc0_rel\00b2b4b6.PDT:entry944@0x1f36000	36864	5350d704	0	
C:\Program Files (x86)\Steam\steamapps\common\MGS_PW\mgspw\MLG\disc0_rel\00b2b4b6.PDT:entry945@0x1f3f000	65536	5350d804	0	
C:\Program Files (x86)\Steam\steamapps\common\MGS_PW\mgspw\MLG\disc0_rel\00b2b4b6.PDT:entry946@0x1f4f000	59392	5350d904	0	
C:\Program Files (x86)\Steam\steamapps\common\MGS_PW\mgspw\MLG\disc0_rel\00b2b4b6.PDT:entry947@0x1f5d800	65536	5350da04	0	
C:\Program Files (x86)\Steam\steamapps\common\MGS_PW\mgspw\MLG\disc0_rel\00b2b4b6.PDT:entry948@0x1f6d800	55296	5350db04	0	
C:\Program Files (x86)\Steam\steamapps\common\MGS_PW\mgspw\MLG\disc0_rel\00b2b4b6.PDT:entry949@0x1f7b000	43008	5350dc04	0	
C:\Program Files (x86)\Steam\steamapps\common\MGS_PW\mgspw\MLG\disc0_rel\00b2b4b6.PDT:entry950@0x1f85800	38912	5350dd04	0	
C:\Program Files (x86)\Steam\steamapps\common\MGS_PW\mgspw\MLG\disc0_rel\00b2b4b6.PDT:entry951@0x1f8f000	59392	5350de04	0	
C:\Program Files (x86)\Steam\steamapps\common\MGS_PW\mgspw\MLG\disc0_rel\00b2b4b6.PDT:entry952@0x1f9d800	30720	5350df04	0	
C:\Program Files (x86)\Steam\steamapps\common\MGS_PW\mgspw\MLG\disc0_rel\00b2b4b6.PDT:entry953@0x1fa5000	49152	5350e004	0	
C:\Program Files (x86)\Steam\steamapps\common\MGS_PW\mgspw\MLG\disc0_rel\00b2b4b6.PDT:entry954@0x1fb1000	61440	5350e104	0	
C:\Program Files (x86)\Steam\steamapps\common\MGS_PW\mgspw\MLG\disc0_rel\00b2b4b6.PDT:entry955@0x1fc0000	38912	5350e204	0	
C:\Program Files (x86)\Steam\steamapps\common\MGS_PW\mgspw\MLG\disc0_rel\00b2b4b6.PDT:entry956@0x1fc9800	20480	5350e304	0	
C:\Program Files (x86)\Steam\steamapps\common\MGS_PW\mgspw\MLG\disc0_rel\00b2b4b6.PDT:entry957@0x1fce800	26624	5350e404	0	
C:\Program Files (x86)\Steam\steamapps\common\MGS_PW\mgspw\MLG\disc0_rel\00b2b4b6.PDT:entry958@0x1fd5000	24576	5350e504	0	
C:\Program Files (x86)\Steam\steamapps\common\MGS_PW\mgspw\MLG\disc0_rel\00b2b4b6.PDT:entry959@0x1fdb000	38912	5350e604	0	
C:\Program Files (x86)\Steam\steamapps\common\MGS_PW\mgspw\MLG\disc0_rel\00b2b4b6.PDT:entry960@0x1fe4800	47104	5350e704	0	
C:\Program Files (x86)\Steam\steamapps\common\MGS_PW\mgspw\MLG\disc0_rel\00b2b4b6.PDT:entry961@0x1ff0000	32768	5350e804	0	
C:\Program Files (x86)\Steam\steamapps\common\MGS_PW\mgspw\MLG\disc0_rel\00b2b4b6.PDT:entry962@0x1ff8000	18432	5350e904	0	
C:\Program Files (x86)\Steam\steamapps\common\MGS_PW\mgspw\MLG\disc0_rel\00b2b4b6.PDT:entry963@0x1ffc800	51200	5350ea04	0	
C:\Program Files (x86)\Steam\steamapps\common\MGS_PW\mgspw\MLG\disc0_rel\00b2b4b6.PDT:entry964@0x2009000	61440	5350eb04	0	
C:\Program Files (x86)\Steam\steamapps\common\MGS_PW\mgspw\MLG\disc0_rel\00b2b4b6.PDT:entry965@0x2018000	40960	5350ec04	0	
C:\Program Files (x86)\Steam\steamapps\common\MGS_PW\mgspw\MLG\disc0_rel\00b2b4b6.PDT:entry966@0x2022000	47104	5350ed04	0	
C:\Program Files (x86)\Steam\steamapps\common\MGS_PW\mgspw\MLG\disc0_rel\00b2b4b6.PDT:entry967@0x202d800	45056	5350ee04	0	
C:\Program Files (x86)\Steam\steamapps\common\MGS_PW\mgspw\MLG\disc0_rel\00b2b4b6.PDT:entry968@0x2038800	28672	5350ef04	0	
C:\Program Files (x86)\Steam\steamapps\common\MGS_PW\mgspw\MLG\disc0_rel\00b2b4b6.PDT:entry969@0x203f800	51200	5350f004	0	
C:\Program Files (x86)\Steam\steamapps\common\MGS_PW\mgspw\MLG\disc0_rel\00b2b4b6.PDT:entry970@0x204c000	47104	5350f104	0	
C:\Program Files (x86)\Steam\steamapps\common\MGS_PW\mgspw\MLG\disc0_rel\00b2b4b6.PDT:entry971@0x2057800	28672	5350f204	0	
C:\Program Files (x86)\Steam\steamapps\common\MGS_PW\mgspw\MLG\disc0_rel\00b2b4b6.PDT:entry972@0x205e800	45056	5350f304	0	
C:\Program Files (x86)\Steam\steamapps\common\MGS_PW\mgspw\MLG\disc0_rel\00b2b4b6.PDT:entry973@0x2069800	51200	5350f404	0	
C:\Program Files (x86)\Steam\steamapps\common\MGS_PW\mgspw\MLG\disc0_rel\00b2b4b6.PDT:entry974@0x2076000	36864	5350f504	0	
C:\Program Files (x86)\Steam\steamapps\common\MGS_PW\mgspw\MLG\disc0_rel\00b2b4b6.PDT:entry975@0x207f000	49152	5350f604	0	
C:\Program Files (x86)\Steam\steamapps\common\MGS_PW\mgspw\MLG\disc0_rel\00b2b4b6.PDT:entry976@0x208b000	53248	5350f704	0	
C:\Program Files (x86)\Steam\steamapps\common\MGS_PW\mgspw\MLG\disc0_rel\00b2b4b6.PDT:entry977@0x2098000	73728	5350f804	0	
C:\Program Files (x86)\Steam\steamapps\common\MGS_PW\mgspw\MLG\disc0_rel\00b2b4b6.PDT:entry978@0x20aa000	24576	5350f904	0	
C:\Program Files (x86)\Steam\steamapps\common\MGS_PW\mgspw\MLG\disc0_rel\00b2b4b6.PDT:entry979@0x20b0000	57344	5350fa04	0	
C:\Program Files (x86)\Steam\steamapps\common\MGS_PW\mgspw\MLG\disc0_rel\00b2b4b6.PDT:entry980@0x20be000	18432	5350fb04	0	
C:\Program Files (x86)\Steam\steamapps\common\MGS_PW\mgspw\MLG\disc0_rel\00b2b4b6.PDT:entry981@0x20c2800	26624	5350fc04	0	
C:\Program Files (x86)\Steam\steamapps\common\MGS_PW\mgspw\MLG\disc0_rel\00b2b4b6.PDT:entry982@0x20c9000	67584	5350fd04	0	
C:\Program Files (x86)\Steam\steamapps\common\MGS_PW\mgspw\MLG\disc0_rel\00b2b4b6.PDT:entry983@0x20d9800	6144	5350fe04	0	
C:\Program Files (x86)\Steam\steamapps\common\MGS_PW\mgspw\MLG\disc0_rel\00b2b4b6.PDT:entry984@0x20db000	67584	5350ff04	0	
C:\Program Files (x86)\Steam\steamapps\common\MGS_PW\mgspw\MLG\disc0_rel\00b2b4b6.PDT:entry985@0x20eb800	47104	53500005	0	
C:\Program Files (x86)\Steam\steamapps\common\MGS_PW\mgspw\MLG\disc0_rel\00b2b4b6.PDT:entry986@0x20f7000	28672	53500105	0	
C:\Program Files (x86)\Steam\steamapps\common\MGS_PW\mgspw\MLG\disc0_rel\00b2b4b6.PDT:entry987@0x20fe000	71680	53500905	0	
C:\Program Files (x86)\Steam\steamapps\common\MGS_PW\mgspw\MLG\disc0_rel\00b2b4b6.PDT:entry988@0x210f800	61440	53500a05	0	
C:\Program Files (x86)\Steam\steamapps\common\MGS_PW\mgspw\MLG\disc0_rel\00b2b4b6.PDT:entry989@0x211e800	77824	53500b05	0	
C:\Program Files (x86)\Steam\steamapps\common\MGS_PW\mgspw\MLG\disc0_rel\00b2b4b6.PDT:entry990@0x2131800	65536	53500c05	0	
C:\Program Files (x86)\Steam\steamapps\common\MGS_PW\mgspw\MLG\disc0_rel\00b2b4b6.PDT:entry991@0x2141800	34816	53500d05	0	
C:\Program Files (x86)\Steam\steamapps\common\MGS_PW\mgspw\MLG\disc0_rel\00b2b4b6.PDT:entry992@0x214a000	24576	53500e05	0	
C:\Program Files (x86)\Steam\steamapps\common\MGS_PW\mgspw\MLG\disc0_rel\00b2b4b6.PDT:entry993@0x2150000	63488	53500f05	0	
C:\Program Files (x86)\Steam\steamapps\common\MGS_PW\mgspw\MLG\disc0_rel\00b2b4b6.PDT:entry994@0x215f800	49152	53501005	0	
C:\Program Files (x86)\Steam\steamapps\common\MGS_PW\mgspw\MLG\disc0_rel\00b2b4b6.PDT:entry995@0x216b800	28672	53501105	0	
C:\Program Files (x86)\Steam\steamapps\common\MGS_PW\mgspw\MLG\disc0_rel\00b2b4b6.PDT:entry996@0x2172800	49152	53501205	0	
C:\Program Files (x86)\Steam\steamapps\common\MGS_PW\mgspw\MLG\disc0_rel\00b2b4b6.PDT:entry997@0x217e800	45056	53501305	0	
C:\Program Files (x86)\Steam\steamapps\common\MGS_PW\mgspw\MLG\disc0_rel\00b2b4b6.PDT:entry998@0x2189800	57344	53501405	0	
C:\Program Files (x86)\Steam\steamapps\common\MGS_PW\mgspw\MLG\disc0_rel\00b2b4b6.PDT:entry999@0x2197800	43008	53501505	0	
C:\Program Files (x86)\Steam\steamapps\common\MGS_PW\mgspw\MLG\disc0_rel\00b2b4b6.PDT:entry1000@0x21a2000	53248	53501605	0	
C:\Program Files (x86)\Steam\steamapps\common\MGS_PW\mgspw\MLG\disc0_rel\00b2b4b6.PDT:entry1001@0x21af000	51200	53501705	0	
C:\Program Files (x86)\Steam\steamapps\common\MGS_PW\mgspw\MLG\disc0_rel\00b2b4b6.PDT:entry1002@0x21bb800	32768	53501805	0	
C:\Program Files (x86)\Steam\steamapps\common\MGS_PW\mgspw\MLG\disc0_rel\00b2b4b6.PDT:entry1003@0x21c3800	34816	53501905	0	
C:\Program Files (x86)\Steam\steamapps\common\MGS_PW\mgspw\MLG\disc0_rel\00b2b4b6.PDT:entry1004@0x21cc000	30720	53501a05	0	
C:\Program Files (x86)\Steam\steamapps\common\MGS_PW\mgspw\MLG\disc0_rel\00b2b4b6.PDT:entry1005@0x21d3800	30720	53501b05	0	
C:\Program Files (x86)\Steam\steamapps\common\MGS_PW\mgspw\MLG\disc0_rel\00b2b4b6.PDT:entry1006@0x21db000	34816	53501c05	0	
C:\Program Files (x86)\Steam\steamapps\common\MGS_PW\mgspw\MLG\disc0_rel\00b2b4b6.PDT:entry1007@0x21e3800	22528	53501d05	0	
C:\Program Files (x86)\Steam\steamapps\common\MGS_PW\mgspw\MLG\disc0_rel\00b2b4b6.PDT:entry1008@0x21e9000	43008	53501e05	0	
C:\Program Files (x86)\Steam\steamapps\common\MGS_PW\mgspw\MLG\disc0_rel\00b2b4b6.PDT:entry1009@0x21f3800	38912	53501f05	0	
C:\Program Files (x86)\Steam\steamapps\common\MGS_PW\mgspw\MLG\disc0_rel\00b2b4b6.PDT:entry1010@0x21fd000	28672	53502005	0	
C:\Program Files (x86)\Steam\steamapps\common\MGS_PW\mgspw\MLG\disc0_rel\00b2b4b6.PDT:entry1011@0x2204000	36864	53502105	0	
C:\Program Files (x86)\Steam\steamapps\common\MGS_PW\mgspw\MLG\disc0_rel\00b2b4b6.PDT:entry1012@0x220d000	34816	53502205	0	
C:\Program Files (x86)\Steam\steamapps\common\MGS_PW\mgspw\MLG\disc0_rel\00b2b4b6.PDT:entry1013@0x2215800	55296	53502305	0	
C:\Program Files (x86)\Steam\steamapps\common\MGS_PW\mgspw\MLG\disc0_rel\00b2b4b6.PDT:entry1014@0x2223000	49152	53502405	0	
C:\Program Files (x86)\Steam\steamapps\common\MGS_PW\mgspw\MLG\disc0_rel\00b2b4b6.PDT:entry1015@0x222f000	28672	53502505	0	
C:\Program Files (x86)\Steam\steamapps\common\MGS_PW\mgspw\MLG\disc0_rel\00b2b4b6.PDT:entry1016@0x2236000	47104	53502605	0	
C:\Program Files (x86)\Steam\steamapps\common\MGS_PW\mgspw\MLG\disc0_rel\00b2b4b6.PDT:entry1017@0x2241800	71680	53502705	0	
C:\Program Files (x86)\Steam\steamapps\common\MGS_PW\mgspw\MLG\disc0_rel\00b2b4b6.PDT:entry1018@0x2253000	49152	53502805	0	
C:\Program Files (x86)\Steam\steamapps\common\MGS_PW\mgspw\MLG\disc0_rel\00b2b4b6.PDT:entry1019@0x225f000	6144	53502905	0	
C:\Program Files (x86)\Steam\steamapps\common\MGS_PW\mgspw\MLG\disc0_rel\00b2b4b6.PDT:entry1020@0x2260800	6144	53502a05	0	
C:\Program Files (x86)\Steam\steamapps\common\MGS_PW\mgspw\MLG\disc0_rel\00b2b4b6.PDT:entry1021@0x2262000	6144	53502b05	0	
C:\Program Files (x86)\Steam\steamapps\common\MGS_PW\mgspw\MLG\disc0_rel\00b2b4b6.PDT:entry1022@0x2263800	28672	53502c05	0	
C:\Program Files (x86)\Steam\steamapps\common\MGS_PW\mgspw\MLG\disc0_rel\00b2b4b6.PDT:entry1023@0x226a800	28672	53502d05	0	
C:\Program Files (x86)\Steam\steamapps\common\MGS_PW\mgspw\MLG\disc0_rel\00b2b4b6.PDT:entry1024@0x2271800	45056	53502e05	0	
C:\Program Files (x86)\Steam\steamapps\common\MGS_PW\mgspw\MLG\disc0_rel\00b2b4b6.PDT:entry1025@0x227c800	49152	53502f05	0	
C:\Program Files (x86)\Steam\steamapps\common\MGS_PW\mgspw\MLG\disc0_rel\00b2b4b6.PDT:entry1026@0x2288800	69632	53503005	0	
C:\Program Files (x86)\Steam\steamapps\common\MGS_PW\mgspw\MLG\disc0_rel\00b2b4b6.PDT:entry1027@0x2299800	75776	53503105	0	
C:\Program Files (x86)\Steam\steamapps\common\MGS_PW\mgspw\MLG\disc0_rel\00b2b4b6.PDT:entry1028@0x22ac000	63488	53503205	0	
C:\Program Files (x86)\Steam\steamapps\common\MGS_PW\mgspw\MLG\disc0_rel\00b2b4b6.PDT:entry1029@0x22bb800	32768	53503405	0	
C:\Program Files (x86)\Steam\steamapps\common\MGS_PW\mgspw\MLG\disc0_rel\00b2b4b6.PDT:entry1030@0x22c3800	32768	53503505	0	
C:\Program Files (x86)\Steam\steamapps\common\MGS_PW\mgspw\MLG\disc0_rel\00b2b4b6.PDT:entry1031@0x22cb800	26624	53503605	0	
C:\Program Files (x86)\Steam\steamapps\common\MGS_PW\mgspw\MLG\disc0_rel\00b2b4b6.PDT:entry1032@0x22d2000	26624	53503705	0	
C:\Program Files (x86)\Steam\steamapps\common\MGS_PW\mgspw\MLG\disc0_rel\00b2b4b6.PDT:entry1033@0x22d8800	34816	53503805	0	
C:\Program Files (x86)\Steam\steamapps\common\MGS_PW\mgspw\MLG\disc0_rel\00b2b4b6.PDT:entry1034@0x22e1000	18432	53503905	0	
C:\Program Files (x86)\Steam\steamapps\common\MGS_PW\mgspw\MLG\disc0_rel\00b2b4b6.PDT:entry1035@0x22e5800	20480	53503a05	0	
C:\Program Files (x86)\Steam\steamapps\common\MGS_PW\mgspw\MLG\disc0_rel\00b2b4b6.PDT:entry1036@0x22ea800	22528	53503b05	0	
C:\Program Files (x86)\Steam\steamapps\common\MGS_PW\mgspw\MLG\disc0_rel\00b2b4b6.PDT:entry1037@0x22f0000	26624	53503c05	0	
C:\Program Files (x86)\Steam\steamapps\common\MGS_PW\mgspw\MLG\disc0_rel\00b2b4b6.PDT:entry1038@0x22f6800	28672	53503d05	0	
C:\Program Files (x86)\Steam\steamapps\common\MGS_PW\mgspw\MLG\disc0_rel\00b2b4b6.PDT:entry1039@0x22fd800	38912	53503e05	0	
C:\Program Files (x86)\Steam\steamapps\common\MGS_PW\mgspw\MLG\disc0_rel\00b2b4b6.PDT:entry1040@0x2307000	32768	53503f05	0	
C:\Program Files (x86)\Steam\steamapps\common\MGS_PW\mgspw\MLG\disc0_rel\00b2b4b6.PDT:entry1041@0x230f000	24576	53504005	0	
C:\Program Files (x86)\Steam\steamapps\common\MGS_PW\mgspw\MLG\disc0_rel\00b2b4b6.PDT:entry1042@0x2315000	24576	53504105	0	
C:\Program Files (x86)\Steam\steamapps\common\MGS_PW\mgspw\MLG\disc0_rel\00b2b4b6.PDT:entry1043@0x231b000	30720	53504205	0	
C:\Program Files (x86)\Steam\steamapps\common\MGS_PW\mgspw\MLG\disc0_rel\00b2b4b6.PDT:entry1044@0x2322800	24576	53504305	0	
C:\Program Files (x86)\Steam\steamapps\common\MGS_PW\mgspw\MLG\disc0_rel\00b2b4b6.PDT:entry1045@0x2328800	28672	53504405	0	
C:\Program Files (x86)\Steam\steamapps\common\MGS_PW\mgspw\MLG\disc0_rel\00b2b4b6.PDT:entry1046@0x232f800	26624	53504505	0	
C:\Program Files (x86)\Steam\steamapps\common\MGS_PW\mgspw\MLG\disc0_rel\00b2b4b6.PDT:entry1047@0x2336000	30720	53504605	0	
C:\Program Files (x86)\Steam\steamapps\common\MGS_PW\mgspw\MLG\disc0_rel\00b2b4b6.PDT:entry1048@0x233d800	18432	53504705	0	
C:\Program Files (x86)\Steam\steamapps\common\MGS_PW\mgspw\MLG\disc0_rel\00b2b4b6.PDT:entry1049@0x2342000	18432	53504805	0	
C:\Program Files (x86)\Steam\steamapps\common\MGS_PW\mgspw\MLG\disc0_rel\00b2b4b6.PDT:entry1050@0x2346800	22528	53504905	0	
C:\Program Files (x86)\Steam\steamapps\common\MGS_PW\mgspw\MLG\disc0_rel\00b2b4b6.PDT:entry1051@0x234c000	24576	53504a05	0	
C:\Program Files (x86)\Steam\steamapps\common\MGS_PW\mgspw\MLG\disc0_rel\00b2b4b6.PDT:entry1052@0x2352000	26624	53504b05	0	
C:\Program Files (x86)\Steam\steamapps\common\MGS_PW\mgspw\MLG\disc0_rel\00b2b4b6.PDT:entry1053@0x2358800	45056	53504c05	0	
C:\Program Files (x86)\Steam\steamapps\common\MGS_PW\mgspw\MLG\disc0_rel\00b2b4b6.PDT:entry1054@0x2363800	26624	53504d05	0	
C:\Program Files (x86)\Steam\steamapps\common\MGS_PW\mgspw\MLG\disc0_rel\00b2b4b6.PDT:entry1055@0x236a000	22528	53504e05	0	
C:\Program Files (x86)\Steam\steamapps\common\MGS_PW\mgspw\MLG\disc0_rel\00b2b4b6.PDT:entry1056@0x236f800	71680	53504f05	0	
C:\Program Files (x86)\Steam\steamapps\common\MGS_PW\mgspw\MLG\disc0_rel\00b2b4b6.PDT:entry1057@0x2381000	55296	53505005	0	
C:\Program Files (x86)\Steam\steamapps\common\MGS_PW\mgspw\MLG\disc0_rel\00b2b4b6.PDT:entry1058@0x238e800	43008	53505105	0	
C:\Program Files (x86)\Steam\steamapps\common\MGS_PW\mgspw\MLG\disc0_rel\00b2b4b6.PDT:entry1059@0x2399000	38912	53505205	0	
C:\Program Files (x86)\Steam\steamapps\common\MGS_PW\mgspw\MLG\disc0_rel\00b2b4b6.PDT:entry1060@0x23a2800	65536	53505305	0	
C:\Program Files (x86)\Steam\steamapps\common\MGS_PW\mgspw\MLG\disc0_rel\00b2b4b6.PDT:entry1061@0x23b2800	108544	53505405	0	
C:\Program Files (x86)\Steam\steamapps\common\MGS_PW\mgspw\MLG\disc0_rel\00b2b4b6.PDT:entry1062@0x23cd000	18432	53505505	0	
C:\Program Files (x86)\Steam\steamapps\common\MGS_PW\mgspw\MLG\disc0_rel\00b2b4b6.PDT:entry1063@0x23d1800	24576	53505605	0	
C:\Program Files (x86)\Steam\steamapps\common\MGS_PW\mgspw\MLG\disc0_rel\00b2b4b6.PDT:entry1064@0x23d7800	51200	53505705	0	
C:\Program Files (x86)\Steam\steamapps\common\MGS_PW\mgspw\MLG\disc0_rel\00b2b4b6.PDT:entry1065@0x23e4000	34816	53505805	0	
C:\Program Files (x86)\Steam\steamapps\common\MGS_PW\mgspw\MLG\disc0_rel\00b2b4b6.PDT:entry1066@0x23ec800	36864	53505905	0	
C:\Program Files (x86)\Steam\steamapps\common\MGS_PW\mgspw\MLG\disc0_rel\00b2b4b6.PDT:entry1067@0x23f5800	114688	53505a05	0	
C:\Program Files (x86)\Steam\steamapps\common\MGS_PW\mgspw\MLG\disc0_rel\00b2b4b6.PDT:entry1068@0x2411800	22528	53505b05	0	
C:\Program Files (x86)\Steam\steamapps\common\MGS_PW\mgspw\MLG\disc0_rel\00b2b4b6.PDT:entry1069@0x2417000	30720	53505c05	0	
C:\Program Files (x86)\Steam\steamapps\common\MGS_PW\mgspw\MLG\disc0_rel\00b2b4b6.PDT:entry1070@0x241e800	49152	53505d05	0	
C:\Program Files (x86)\Steam\steamapps\common\MGS_PW\mgspw\MLG\disc0_rel\00b2b4b6.PDT:entry1071@0x242a800	98304	53505e05	0	
C:\Program Files (x86)\Steam\steamapps\common\MGS_PW\mgspw\MLG\disc0_rel\00b2b4b6.PDT:entry1072@0x2442800	63488	53505f05	0	
C:\Program Files (x86)\Steam\steamapps\common\MGS_PW\mgspw\MLG\disc0_rel\00b2b4b6.PDT:entry1073@0x2452000	30720	53506005	0	
C:\Program Files (x86)\Steam\steamapps\common\MGS_PW\mgspw\MLG\disc0_rel\00b2b4b6.PDT:entry1074@0x2459800	30720	53506105	0	
C:\Program Files (x86)\Steam\steamapps\common\MGS_PW\mgspw\MLG\disc0_rel\00b2b4b6.PDT:entry1075@0x2461000	26624	53506205	0	
C:\Program Files (x86)\Steam\steamapps\common\MGS_PW\mgspw\MLG\disc0_rel\00b2b4b6.PDT:entry1076@0x2467800	43008	53506305	0	
C:\Program Files (x86)\Steam\steamapps\common\MGS_PW\mgspw\MLG\disc0_rel\00b2b4b6.PDT:entry1077@0x2472000	30720	53506405	0	
C:\Program Files (x86)\Steam\steamapps\common\MGS_PW\mgspw\MLG\disc0_rel\00b2b4b6.PDT:entry1078@0x2479800	43008	53506505	0	
C:\Program Files (x86)\Steam\steamapps\common\MGS_PW\mgspw\MLG\disc0_rel\00b2b4b6.PDT:entry1079@0x2484000	24576	53506605	0	
C:\Program Files (x86)\Steam\steamapps\common\MGS_PW\mgspw\MLG\disc0_rel\00b2b4b6.PDT:entry1080@0x248a000	28672	53506705	0	
C:\Program Files (x86)\Steam\steamapps\common\MGS_PW\mgspw\MLG\disc0_rel\00b2b4b6.PDT:entry1081@0x2491000	12288	53506805	0	
C:\Program Files (x86)\Steam\steamapps\common\MGS_PW\mgspw\MLG\disc0_rel\00b2b4b6.PDT:entry1082@0x2494000	53248	53506905	0	
C:\Program Files (x86)\Steam\steamapps\common\MGS_PW\mgspw\MLG\disc0_rel\00b2b4b6.PDT:entry1083@0x24a1000	45056	53506a05	0	
C:\Program Files (x86)\Steam\steamapps\common\MGS_PW\mgspw\MLG\disc0_rel\00b2b4b6.PDT:entry1084@0x24ac000	51200	53506b05	0	
C:\Program Files (x86)\Steam\steamapps\common\MGS_PW\mgspw\MLG\disc0_rel\00b2b4b6.PDT:entry1085@0x24b8800	22528	53506c05	0	
C:\Program Files (x86)\Steam\steamapps\common\MGS_PW\mgspw\MLG\disc0_rel\00b2b4b6.PDT:entry1086@0x24be000	40960	53506d05	0	
C:\Program Files (x86)\Steam\steamapps\common\MGS_PW\mgspw\MLG\disc0_rel\00b2b4b6.PDT:entry1087@0x24c8000	45056	53507405	0	
C:\Program Files (x86)\Steam\steamapps\common\MGS_PW\mgspw\MLG\disc0_rel\00b2b4b6.PDT:entry1088@0x24d3000	55296	53507505	0	
C:\Program Files (x86)\Steam\steamapps\common\MGS_PW\mgspw\MLG\disc0_rel\00b2b4b6.PDT:entry1089@0x24e0800	26624	53507605	0	
C:\Program Files (x86)\Steam\steamapps\common\MGS_PW\mgspw\MLG\disc0_rel\00b2b4b6.PDT:entry1090@0x24e7000	28672	53507705	0	
C:\Program Files (x86)\Steam\steamapps\common\MGS_PW\mgspw\MLG\disc0_rel\00b2b4b6.PDT:entry1091@0x24ee000	22528	53507805	0	
C:\Program Files (x86)\Steam\steamapps\common\MGS_PW\mgspw\MLG\disc0_rel\00b2b4b6.PDT:entry1092@0x24f3800	26624	53507905	0	
C:\Program Files (x86)\Steam\steamapps\common\MGS_PW\mgspw\MLG\disc0_rel\00b2b4b6.PDT:entry1093@0x24fa000	18432	53507a05	0	
C:\Program Files (x86)\Steam\steamapps\common\MGS_PW\mgspw\MLG\disc0_rel\00b2b4b6.PDT:entry1094@0x24fe800	12288	53507b05	0	
C:\Program Files (x86)\Steam\steamapps\common\MGS_PW\mgspw\MLG\disc0_rel\00b2b4b6.PDT:entry1095@0x2501800	18432	53507c05	0	
C:\Program Files (x86)\Steam\steamapps\common\MGS_PW\mgspw\MLG\disc0_rel\00b2b4b6.PDT:entry1096@0x2506000	34816	53507d05	0	
C:\Program Files (x86)\Steam\steamapps\common\MGS_PW\mgspw\MLG\disc0_rel\00b2b4b6.PDT:entry1097@0x250e800	34816	53507e05	0	
C:\Program Files (x86)\Steam\steamapps\common\MGS_PW\mgspw\MLG\disc0_rel\00b2b4b6.PDT:entry1098@0x2517000	28672	53507f05	0	
C:\Program Files (x86)\Steam\steamapps\common\MGS_PW\mgspw\MLG\disc0_rel\00b2b4b6.PDT:entry1099@0x251e000	30720	53508005	0	
C:\Program Files (x86)\Steam\steamapps\common\MGS_PW\mgspw\MLG\disc0_rel\00b2b4b6.PDT:entry1100@0x2525800	20480	53508105	0	
C:\Program Files (x86)\Steam\steamapps\common\MGS_PW\mgspw\MLG\disc0_rel\00b2b4b6.PDT:entry1101@0x252a800	20480	53508205	0	
C:\Program Files (x86)\Steam\steamapps\common\MGS_PW\mgspw\MLG\disc0_rel\00b2b4b6.PDT:entry1102@0x252f800	49152	53508305	0	
C:\Program Files (x86)\Steam\steamapps\common\MGS_PW\mgspw\MLG\disc0_rel\00b2b4b6.PDT:entry1103@0x253b800	36864	53508405	0	
C:\Program Files (x86)\Steam\steamapps\common\MGS_PW\mgspw\MLG\disc0_rel\00b2b4b6.PDT:entry1104@0x2544800	40960	53508505	0	
C:\Program Files (x86)\Steam\steamapps\common\MGS_PW\mgspw\MLG\disc0_rel\00b2b4b6.PDT:entry1105@0x254e800	30720	53508605	0	
C:\Program Files (x86)\Steam\steamapps\common\MGS_PW\mgspw\MLG\disc0_rel\00b2b4b6.PDT:entry1106@0x2556000	18432	53508705	0	
C:\Program Files (x86)\Steam\steamapps\common\MGS_PW\mgspw\MLG\disc0_rel\00b2b4b6.PDT:entry1107@0x255a800	65536	53508805	0	
C:\Program Files (x86)\Steam\steamapps\common\MGS_PW\mgspw\MLG\disc0_rel\00b2b4b6.PDT:entry1108@0x256a800	24576	53508905	0	
C:\Program Files (x86)\Steam\steamapps\common\MGS_PW\mgspw\MLG\disc0_rel\00b2b4b6.PDT:entry1109@0x2570800	45056	53508a05	0	
C:\Program Files (x86)\Steam\steamapps\common\MGS_PW\mgspw\MLG\disc0_rel\00b2b4b6.PDT:entry1110@0x257b800	28672	53508b05	0	
C:\Program Files (x86)\Steam\steamapps\common\MGS_PW\mgspw\MLG\disc0_rel\00b2b4b6.PDT:entry1111@0x2582800	24576	53508c05	0	
C:\Program Files (x86)\Steam\steamapps\common\MGS_PW\mgspw\MLG\disc0_rel\00b2b4b6.PDT:entry1112@0x2588800	28672	53508d05	0	
C:\Program Files (x86)\Steam\steamapps\common\MGS_PW\mgspw\MLG\disc0_rel\00b2b4b6.PDT:entry1113@0x258f800	26624	53508e05	0	
C:\Program Files (x86)\Steam\steamapps\common\MGS_PW\mgspw\MLG\disc0_rel\00b2b4b6.PDT:entry1114@0x2596000	63488	53508f05	0	
C:\Program Files (x86)\Steam\steamapps\common\MGS_PW\mgspw\MLG\disc0_rel\00b2b4b6.PDT:entry1115@0x25a5800	18432	53509005	0	
C:\Program Files (x86)\Steam\steamapps\common\MGS_PW\mgspw\MLG\disc0_rel\00b2b4b6.PDT:entry1116@0x25aa000	36864	53509105	0	
C:\Program Files (x86)\Steam\steamapps\common\MGS_PW\mgspw\MLG\disc0_rel\00b2b4b6.PDT:entry1117@0x25b3000	18432	53509205	0	
C:\Program Files (x86)\Steam\steamapps\common\MGS_PW\mgspw\MLG\disc0_rel\00b2b4b6.PDT:entry1118@0x25b7800	40960	53509305	0	
C:\Program Files (x86)\Steam\steamapps\common\MGS_PW\mgspw\MLG\disc0_rel\00b2b4b6.PDT:entry1119@0x25c1800	6144	53509405	0	
C:\Program Files (x86)\Steam\steamapps\common\MGS_PW\mgspw\MLG\disc0_rel\00b2b4b6.PDT:entry1120@0x25c3000	6144	53509505	0	
C:\Program Files (x86)\Steam\steamapps\common\MGS_PW\mgspw\MLG\disc0_rel\00b2b4b6.PDT:entry1121@0x25c4800	28672	53509605	0	
C:\Program Files (x86)\Steam\steamapps\common\MGS_PW\mgspw\MLG\disc0_rel\00b2b4b6.PDT:entry1122@0x25cb800	24576	53509705	0	
C:\Program Files (x86)\Steam\steamapps\common\MGS_PW\mgspw\MLG\disc0_rel\00b2b4b6.PDT:entry1123@0x25d1800	32768	53509805	0	
C:\Program Files (x86)\Steam\steamapps\common\MGS_PW\mgspw\MLG\disc0_rel\00b2b4b6.PDT:entry1124@0x25d9800	18432	53509905	0	
C:\Program Files (x86)\Steam\steamapps\common\MGS_PW\mgspw\MLG\disc0_rel\00b2b4b6.PDT:entry1125@0x25de000	6144	53509a05	0	
C:\Program Files (x86)\Steam\steamapps\common\MGS_PW\mgspw\MLG\disc0_rel\00b2b4b6.PDT:entry1126@0x25df800	30720	53509b05	0	
C:\Program Files (x86)\Steam\steamapps\common\MGS_PW\mgspw\MLG\disc0_rel\00b2b4b6.PDT:entry1127@0x25e7000	4096	53509c05	0	
C:\Program Files (x86)\Steam\steamapps\common\MGS_PW\mgspw\MLG\disc0_rel\00b2b4b6.PDT:entry1128@0x25e8000	53248	53509d05	0	
C:\Program Files (x86)\Steam\steamapps\common\MGS_PW\mgspw\MLG\disc0_rel\00b2b4b6.PDT:entry1129@0x25f5000	86016	53509e05	0	
C:\Program Files (x86)\Steam\steamapps\common\MGS_PW\mgspw\MLG\disc0_rel\00b2b4b6.PDT:entry1130@0x260a000	79872	53509f05	0	
C:\Program Files (x86)\Steam\steamapps\common\MGS_PW\mgspw\MLG\disc0_rel\00b2b4b6.PDT:entry1131@0x261d800	79872	5350a005	0	
C:\Program Files (x86)\Steam\steamapps\common\MGS_PW\mgspw\MLG\disc0_rel\00b2b4b6.PDT:entry1132@0x2631000	53248	5350a105	0	
C:\Program Files (x86)\Steam\steamapps\common\MGS_PW\mgspw\MLG\disc0_rel\00b2b4b6.PDT:entry1133@0x263e000	20480	5350a205	0	
C:\Program Files (x86)\Steam\steamapps\common\MGS_PW\mgspw\MLG\disc0_rel\00b2b4b6.PDT:entry1134@0x2643000	18432	5350a305	0	
C:\Program Files (x86)\Steam\steamapps\common\MGS_PW\mgspw\MLG\disc0_rel\00b2b4b6.PDT:entry1135@0x2647800	22528	5350a405	0	
C:\Program Files (x86)\Steam\steamapps\common\MGS_PW\mgspw\MLG\disc0_rel\00b2b4b6.PDT:entry1136@0x264d000	63488	5350a505	0	
C:\Program Files (x86)\Steam\steamapps\common\MGS_PW\mgspw\MLG\disc0_rel\00b2b4b6.PDT:entry1137@0x265c800	71680	5350a605	0	
C:\Program Files (x86)\Steam\steamapps\common\MGS_PW\mgspw\MLG\disc0_rel\00b2b4b6.PDT:entry1138@0x266e000	38912	5350a705	0	
C:\Program Files (x86)\Steam\steamapps\common\MGS_PW\mgspw\MLG\disc0_rel\00b2b4b6.PDT:entry1139@0x2677800	67584	5350a805	0	
C:\Program Files (x86)\Steam\steamapps\common\MGS_PW\mgspw\MLG\disc0_rel\00b2b4b6.PDT:entry1140@0x2688000	59392	5350a905	0	
C:\Program Files (x86)\Steam\steamapps\common\MGS_PW\mgspw\MLG\disc0_rel\00b2b4b6.PDT:entry1141@0x2696800	63488	5350aa05	0	
C:\Program Files (x86)\Steam\steamapps\common\MGS_PW\mgspw\MLG\disc0_rel\00b2b4b6.PDT:entry1142@0x26a6000	24576	5350ab05	0	
C:\Program Files (x86)\Steam\steamapps\common\MGS_PW\mgspw\MLG\disc0_rel\00b2b4b6.PDT:entry1143@0x26ac000	30720	5350ac05	0	
C:\Program Files (x86)\Steam\steamapps\common\MGS_PW\mgspw\MLG\disc0_rel\00b2b4b6.PDT:entry1144@0x26b3800	28672	5350ad05	0	
C:\Program Files (x86)\Steam\steamapps\common\MGS_PW\mgspw\MLG\disc0_rel\00b2b4b6.PDT:entry1145@0x26ba800	30720	5350ae05	0	
C:\Program Files (x86)\Steam\steamapps\common\MGS_PW\mgspw\MLG\disc0_rel\00b2b4b6.PDT:entry1146@0x26c2000	49152	5350af05	0	
C:\Program Files (x86)\Steam\steamapps\common\MGS_PW\mgspw\MLG\disc0_rel\00b2b4b6.PDT:entry1147@0x26ce000	38912	5350b005	0	
C:\Program Files (x86)\Steam\steamapps\common\MGS_PW\mgspw\MLG\disc0_rel\00b2b4b6.PDT:entry1148@0x26d7800	20480	5350b105	0	
C:\Program Files (x86)\Steam\steamapps\common\MGS_PW\mgspw\MLG\disc0_rel\00b2b4b6.PDT:entry1149@0x26dc800	6144	5350b205	0	
C:\Program Files (x86)\Steam\steamapps\common\MGS_PW\mgspw\MLG\disc0_rel\00b2b4b6.PDT:entry1150@0x26de000	49152	5350b305	0	
C:\Program Files (x86)\Steam\steamapps\common\MGS_PW\mgspw\MLG\disc0_rel\00b2b4b6.PDT:entry1151@0x26ea000	92160	5350b405	0	
C:\Program Files (x86)\Steam\steamapps\common\MGS_PW\mgspw\MLG\disc0_rel\00b2b4b6.PDT:entry1152@0x2700800	28672	5350b505	0	
C:\Program Files (x86)\Steam\steamapps\common\MGS_PW\mgspw\MLG\disc0_rel\00b2b4b6.PDT:entry1153@0x2707800	40960	5350b605	0	
C:\Program Files (x86)\Steam\steamapps\common\MGS_PW\mgspw\MLG\disc0_rel\00b2b4b6.PDT:entry1154@0x2711800	32768	5350b705	0	
C:\Program Files (x86)\Steam\steamapps\common\MGS_PW\mgspw\MLG\disc0_rel\00b2b4b6.PDT:entry1155@0x2719800	32768	5350b805	0	
C:\Program Files (x86)\Steam\steamapps\common\MGS_PW\mgspw\MLG\disc0_rel\00b2b4b6.PDT:entry1156@0x2721800	22528	5350b905	0	
C:\Program Files (x86)\Steam\steamapps\common\MGS_PW\mgspw\MLG\disc0_rel\00b2b4b6.PDT:entry1157@0x2727000	40960	5350ba05	0	
C:\Program Files (x86)\Steam\steamapps\common\MGS_PW\mgspw\MLG\disc0_rel\00b2b4b6.PDT:entry1158@0x2731000	59392	5350bb05	0	
C:\Program Files (x86)\Steam\steamapps\common\MGS_PW\mgspw\MLG\disc0_rel\00b2b4b6.PDT:entry1159@0x273f800	49152	5350bc05	0	
C:\Program Files (x86)\Steam\steamapps\common\MGS_PW\mgspw\MLG\disc0_rel\00b2b4b6.PDT:entry1160@0x274b800	45056	5350bd05	0	
C:\Program Files (x86)\Steam\steamapps\common\MGS_PW\mgspw\MLG\disc0_rel\00b2b4b6.PDT:entry1161@0x2756800	28672	5350be05	0	
C:\Program Files (x86)\Steam\steamapps\common\MGS_PW\mgspw\MLG\disc0_rel\00b2b4b6.PDT:entry1162@0x275d800	47104	5350bf05	0	
C:\Program Files (x86)\Steam\steamapps\common\MGS_PW\mgspw\MLG\disc0_rel\00b2b4b6.PDT:entry1163@0x2769000	49152	5350c005	0	
C:\Program Files (x86)\Steam\steamapps\common\MGS_PW\mgspw\MLG\disc0_rel\00b2b4b6.PDT:entry1164@0x2775000	51200	5350c105	0	
C:\Program Files (x86)\Steam\steamapps\common\MGS_PW\mgspw\MLG\disc0_rel\00b2b4b6.PDT:entry1165@0x2781800	108544	5350c205	0	
C:\Program Files (x86)\Steam\steamapps\common\MGS_PW\mgspw\MLG\disc0_rel\00b2b4b6.PDT:entry1166@0x279c000	40960	5350c305	0	
C:\Program Files (x86)\Steam\steamapps\common\MGS_PW\mgspw\MLG\disc0_rel\00b2b4b6.PDT:entry1167@0x27a6000	79872	5350c405	0	
C:\Program Files (x86)\Steam\steamapps\common\MGS_PW\mgspw\MLG\disc0_rel\00b2b4b6.PDT:entry1168@0x27b9800	38912	5350c505	0	
C:\Program Files (x86)\Steam\steamapps\common\MGS_PW\mgspw\MLG\disc0_rel\00b2b4b6.PDT:entry1169@0x27c3000	51200	5350c605	0	
C:\Program Files (x86)\Steam\steamapps\common\MGS_PW\mgspw\MLG\disc0_rel\00b2b4b6.PDT:entry1170@0x27cf800	34816	5350c705	0	
C:\Program Files (x86)\Steam\steamapps\common\MGS_PW\mgspw\MLG\disc0_rel\00b2b4b6.PDT:entry1171@0x27d8000	26624	5350c805	0	
C:\Program Files (x86)\Steam\steamapps\common\MGS_PW\mgspw\MLG\disc0_rel\00b2b4b6.PDT:entry1172@0x27de800	55296	5350c905	0	
C:\Program Files (x86)\Steam\steamapps\common\MGS_PW\mgspw\MLG\disc0_rel\00b2b4b6.PDT:entry1173@0x27ec000	49152	5350ca05	0	
C:\Program Files (x86)\Steam\steamapps\common\MGS_PW\mgspw\MLG\disc0_rel\00b2b4b6.PDT:entry1174@0x27f8000	32768	5350cb05	0	
C:\Program Files (x86)\Steam\steamapps\common\MGS_PW\mgspw\MLG\disc0_rel\00b2b4b6.PDT:entry1175@0x2800000	63488	5350cc05	0	
C:\Program Files (x86)\Steam\steamapps\common\MGS_PW\mgspw\MLG\disc0_rel\00b2b4b6.PDT:entry1176@0x280f800	6144	5350cd05	0	
C:\Program Files (x86)\Steam\steamapps\common\MGS_PW\mgspw\MLG\disc0_rel\00b2b4b6.PDT:entry1177@0x2811000	63488	5350ce05	0	
C:\Program Files (x86)\Steam\steamapps\common\MGS_PW\mgspw\MLG\disc0_rel\00b2b4b6.PDT:entry1178@0x2820800	61440	5350cf05	0	
C:\Program Files (x86)\Steam\steamapps\common\MGS_PW\mgspw\MLG\disc0_rel\00b2b4b6.PDT:entry1179@0x282f800	55296	5350d005	0	
C:\Program Files (x86)\Steam\steamapps\common\MGS_PW\mgspw\MLG\disc0_rel\00b2b4b6.PDT:entry1180@0x283d000	36864	5350d105	0	
C:\Program Files (x86)\Steam\steamapps\common\MGS_PW\mgspw\MLG\disc0_rel\00b2b4b6.PDT:entry1181@0x2846000	43008	5350d205	0	
C:\Program Files (x86)\Steam\steamapps\common\MGS_PW\mgspw\MLG\disc0_rel\00b2b4b6.PDT:entry1182@0x2850800	34816	5350d305	0	
C:\Program Files (x86)\Steam\steamapps\common\MGS_PW\mgspw\MLG\disc0_rel\00b2b4b6.PDT:entry1183@0x2859000	32768	5350d405	0	
C:\Program Files (x86)\Steam\steamapps\common\MGS_PW\mgspw\MLG\disc0_rel\00b2b4b6.PDT:entry1184@0x2861000	83968	5350d505	0	
C:\Program Files (x86)\Steam\steamapps\common\MGS_PW\mgspw\MLG\disc0_rel\00b2b4b6.PDT:entry1185@0x2875800	51200	5350e105	0	
C:\Program Files (x86)\Steam\steamapps\common\MGS_PW\mgspw\MLG\disc0_rel\00b2b4b6.PDT:entry1186@0x2882000	47104	5350e205	0	
C:\Program Files (x86)\Steam\steamapps\common\MGS_PW\mgspw\MLG\disc0_rel\00b2b4b6.PDT:entry1187@0x288d800	67584	5350e305	0	
C:\Program Files (x86)\Steam\steamapps\common\MGS_PW\mgspw\MLG\disc0_rel\00b2b4b6.PDT:entry1188@0x289e000	34816	5350e405	0	
C:\Program Files (x86)\Steam\steamapps\common\MGS_PW\mgspw\MLG\disc0_rel\00b2b4b6.PDT:entry1189@0x28a6800	55296	5350e505	0	
C:\Program Files (x86)\Steam\steamapps\common\MGS_PW\mgspw\MLG\disc0_rel\00b2b4b6.PDT:entry1190@0x28b4000	67584	5350e605	0	
C:\Program Files (x86)\Steam\steamapps\common\MGS_PW\mgspw\MLG\disc0_rel\00b2b4b6.PDT:entry1191@0x28c4800	38912	5350e705	0	
C:\Program Files (x86)\Steam\steamapps\common\MGS_PW\mgspw\MLG\disc0_rel\00b2b4b6.PDT:entry1192@0x28ce000	30720	5350e805	0	
C:\Program Files (x86)\Steam\steamapps\common\MGS_PW\mgspw\MLG\disc0_rel\00b2b4b6.PDT:entry1193@0x28d5800	43008	5350e905	0	
C:\Program Files (x86)\Steam\steamapps\common\MGS_PW\mgspw\MLG\disc0_rel\00b2b4b6.PDT:entry1194@0x28e0000	38912	5350ea05	0	
C:\Program Files (x86)\Steam\steamapps\common\MGS_PW\mgspw\MLG\disc0_rel\00b2b4b6.PDT:entry1195@0x28e9800	43008	5350eb05	0	
C:\Program Files (x86)\Steam\steamapps\common\MGS_PW\mgspw\MLG\disc0_rel\00b2b4b6.PDT:entry1196@0x28f4000	32768	5350ec05	0	
C:\Program Files (x86)\Steam\steamapps\common\MGS_PW\mgspw\MLG\disc0_rel\00b2b4b6.PDT:entry1197@0x28fc000	24576	5350ed05	0	
C:\Program Files (x86)\Steam\steamapps\common\MGS_PW\mgspw\MLG\disc0_rel\00b2b4b6.PDT:entry1198@0x2902000	47104	5350ee05	0	
C:\Program Files (x86)\Steam\steamapps\common\MGS_PW\mgspw\MLG\disc0_rel\00b2b4b6.PDT:entry1199@0x290d800	47104	5350ef05	0	
C:\Program Files (x86)\Steam\steamapps\common\MGS_PW\mgspw\MLG\disc0_rel\00b2b4b6.PDT:entry1200@0x2919000	24576	5350f005	0	
C:\Program Files (x86)\Steam\steamapps\common\MGS_PW\mgspw\MLG\disc0_rel\00b2b4b6.PDT:entry1201@0x291f000	30720	5350f105	0	
C:\Program Files (x86)\Steam\steamapps\common\MGS_PW\mgspw\MLG\disc0_rel\00b2b4b6.PDT:entry1202@0x2926800	20480	5350f205	0	
C:\Program Files (x86)\Steam\steamapps\common\MGS_PW\mgspw\MLG\disc0_rel\00b2b4b6.PDT:entry1203@0x292b800	40960	5350f305	0	
C:\Program Files (x86)\Steam\steamapps\common\MGS_PW\mgspw\MLG\disc0_rel\00b2b4b6.PDT:entry1204@0x2935800	6144	5350f405	0	
C:\Program Files (x86)\Steam\steamapps\common\MGS_PW\mgspw\MLG\disc0_rel\00b2b4b6.PDT:entry1205@0x2937000	6144	5350f505	0	
C:\Program Files (x86)\Steam\steamapps\common\MGS_PW\mgspw\MLG\disc0_rel\00b2b4b6.PDT:entry1206@0x2938800	45056	5350f605	0	
C:\Program Files (x86)\Steam\steamapps\common\MGS_PW\mgspw\MLG\disc0_rel\00b2b4b6.PDT:entry1207@0x2943800	32768	5350f705	0	
C:\Program Files (x86)\Steam\steamapps\common\MGS_PW\mgspw\MLG\disc0_rel\00b2b4b6.PDT:entry1208@0x294b800	38912	5350f805	0	
C:\Program Files (x86)\Steam\steamapps\common\MGS_PW\mgspw\MLG\disc0_rel\00b2b4b6.PDT:entry1209@0x2955000	26624	5350f905	0	
C:\Program Files (x86)\Steam\steamapps\common\MGS_PW\mgspw\MLG\disc0_rel\00b2b4b6.PDT:entry1210@0x295b800	26624	5350fa05	0	
C:\Program Files (x86)\Steam\steamapps\common\MGS_PW\mgspw\MLG\disc0_rel\00b2b4b6.PDT:entry1211@0x2962000	18432	5350fb05	0	
C:\Program Files (x86)\Steam\steamapps\common\MGS_PW\mgspw\MLG\disc0_rel\00b2b4b6.PDT:entry1212@0x2966800	4096	5350fc05	0	
C:\Program Files (x86)\Steam\steamapps\common\MGS_PW\mgspw\MLG\disc0_rel\00b2b4b6.PDT:entry1213@0x2967800	4096	5350fd05	0	
C:\Program Files (x86)\Steam\steamapps\common\MGS_PW\mgspw\MLG\disc0_rel\00b2b4b6.PDT:entry1214@0x2968800	4096	5350fe05	0	
C:\Program Files (x86)\Steam\steamapps\common\MGS_PW\mgspw\MLG\disc0_rel\00b2b4b6.PDT:entry1215@0x2969800	49152	5350ff05	0	
C:\Program Files (x86)\Steam\steamapps\common\MGS_PW\mgspw\MLG\disc0_rel\00b2b4b6.PDT:entry1216@0x2975800	24576	53500006	0	
C:\Program Files (x86)\Steam\steamapps\common\MGS_PW\mgspw\MLG\disc0_rel\00b2b4b6.PDT:entry1217@0x297b800	28672	53500106	0	
C:\Program Files (x86)\Steam\steamapps\common\MGS_PW\mgspw\MLG\disc0_rel\00b2b4b6.PDT:entry1218@0x2982800	26624	53500206	0	
C:\Program Files (x86)\Steam\steamapps\common\MGS_PW\mgspw\MLG\disc0_rel\00b2b4b6.PDT:entry1219@0x2989000	20480	53500306	0	
C:\Program Files (x86)\Steam\steamapps\common\MGS_PW\mgspw\MLG\disc0_rel\00b2b4b6.PDT:entry1220@0x298e000	22528	53500406	0	
C:\Program Files (x86)\Steam\steamapps\common\MGS_PW\mgspw\MLG\disc0_rel\00b2b4b6.PDT:entry1221@0x2993800	20480	53500506	0	
C:\Program Files (x86)\Steam\steamapps\common\MGS_PW\mgspw\MLG\disc0_rel\00b2b4b6.PDT:entry1222@0x2998800	24576	53500606	0	
C:\Program Files (x86)\Steam\steamapps\common\MGS_PW\mgspw\MLG\disc0_rel\00b2b4b6.PDT:entry1223@0x299e800	16384	53500706	0	
C:\Program Files (x86)\Steam\steamapps\common\MGS_PW\mgspw\MLG\disc0_rel\00b2b4b6.PDT:entry1224@0x29a2800	26624	53500806	0	
C:\Program Files (x86)\Steam\steamapps\common\MGS_PW\mgspw\MLG\disc0_rel\00b2b4b6.PDT:entry1225@0x29a9000	26624	53500906	0	
C:\Program Files (x86)\Steam\steamapps\common\MGS_PW\mgspw\MLG\disc0_rel\00b2b4b6.PDT:entry1226@0x29af800	16384	53500a06	0	
C:\Program Files (x86)\Steam\steamapps\common\MGS_PW\mgspw\MLG\disc0_rel\00b2b4b6.PDT:entry1227@0x29b3800	22528	53500b06	0	
C:\Program Files (x86)\Steam\steamapps\common\MGS_PW\mgspw\MLG\disc0_rel\00b2b4b6.PDT:entry1228@0x29b9000	16384	53500c06	0	
C:\Program Files (x86)\Steam\steamapps\common\MGS_PW\mgspw\MLG\disc0_rel\00b2b4b6.PDT:entry1229@0x29bd000	24576	53500d06	0	
C:\Program Files (x86)\Steam\steamapps\common\MGS_PW\mgspw\MLG\disc0_rel\00b2b4b6.PDT:entry1230@0x29c3000	26624	53500e06	0	
C:\Program Files (x86)\Steam\steamapps\common\MGS_PW\mgspw\MLG\disc0_rel\00b2b4b6.PDT:entry1231@0x29c9800	22528	53500f06	0	
C:\Program Files (x86)\Steam\steamapps\common\MGS_PW\mgspw\MLG\disc0_rel\00b2b4b6.PDT:entry1232@0x29cf000	26624	53501006	0	
C:\Program Files (x86)\Steam\steamapps\common\MGS_PW\mgspw\MLG\disc0_rel\00b2b4b6.PDT:entry1233@0x29d5800	36864	53501106	0	
C:\Program Files (x86)\Steam\steamapps\common\MGS_PW\mgspw\MLG\disc0_rel\00b2b4b6.PDT:entry1234@0x29de800	36864	53501206	0	
C:\Program Files (x86)\Steam\steamapps\common\MGS_PW\mgspw\MLG\disc0_rel\00b2b4b6.PDT:entry1235@0x29e7800	24576	53501306	0	
C:\Program Files (x86)\Steam\steamapps\common\MGS_PW\mgspw\MLG\disc0_rel\00b2b4b6.PDT:entry1236@0x29ed800	55296	53501406	0	
C:\Program Files (x86)\Steam\steamapps\common\MGS_PW\mgspw\MLG\disc0_rel\00b2b4b6.PDT:entry1237@0x29fb000	32768	53501506	0	
C:\Program Files (x86)\Steam\steamapps\common\MGS_PW\mgspw\MLG\disc0_rel\00b2b4b6.PDT:entry1238@0x2a03000	14336	53501606	0	
C:\Program Files (x86)\Steam\steamapps\common\MGS_PW\mgspw\MLG\disc0_rel\00b2b4b6.PDT:entry1239@0x2a06800	18432	53501706	0	
C:\Program Files (x86)\Steam\steamapps\common\MGS_PW\mgspw\MLG\disc0_rel\00b2b4b6.PDT:entry1240@0x2a0b000	20480	53501806	0	
C:\Program Files (x86)\Steam\steamapps\common\MGS_PW\mgspw\MLG\disc0_rel\00b2b4b6.PDT:entry1241@0x2a10000	28672	53501906	0	
C:\Program Files (x86)\Steam\steamapps\common\MGS_PW\mgspw\MLG\disc0_rel\00b2b4b6.PDT:entry1242@0x2a17000	22528	53501a06	0	
C:\Program Files (x86)\Steam\steamapps\common\MGS_PW\mgspw\MLG\disc0_rel\00b2b4b6.PDT:entry1243@0x2a1c800	20480	53501b06	0	
C:\Program Files (x86)\Steam\steamapps\common\MGS_PW\mgspw\MLG\disc0_rel\00b2b4b6.PDT:entry1244@0x2a21800	26624	53501c06	0	
C:\Program Files (x86)\Steam\steamapps\common\MGS_PW\mgspw\MLG\disc0_rel\00b2b4b6.PDT:entry1245@0x2a28000	26624	53501d06	0	
C:\Program Files (x86)\Steam\steamapps\common\MGS_PW\mgspw\MLG\disc0_rel\00b2b4b6.PDT:entry1246@0x2a2e800	36864	53501e06	0	
C:\Program Files (x86)\Steam\steamapps\common\MGS_PW\mgspw\MLG\disc0_rel\00b2b4b6.PDT:entry1247@0x2a37800	22528	53501f06	0	
C:\Program Files (x86)\Steam\steamapps\common\MGS_PW\mgspw\MLG\disc0_rel\00b2b4b6.PDT:entry1248@0x2a3d000	18432	53502006	0	
C:\Program Files (x86)\Steam\steamapps\common\MGS_PW\mgspw\MLG\disc0_rel\00b2b4b6.PDT:entry1249@0x2a41800	26624	53502106	0	
C:\Program Files (x86)\Steam\steamapps\common\MGS_PW\mgspw\MLG\disc0_rel\00b2b4b6.PDT:entry1250@0x2a48000	26624	53502206	0	
C:\Program Files (x86)\Steam\steamapps\common\MGS_PW\mgspw\MLG\disc0_rel\00b2b4b6.PDT:entry1251@0x2a4e800	32768	53502306	0	
C:\Program Files (x86)\Steam\steamapps\common\MGS_PW\mgspw\MLG\disc0_rel\00b2b4b6.PDT:entry1252@0x2a56800	40960	53502406	0	
C:\Program Files (x86)\Steam\steamapps\common\MGS_PW\mgspw\MLG\disc0_rel\00b2b4b6.PDT:entry1253@0x2a60800	22528	53502506	0	
C:\Program Files (x86)\Steam\steamapps\common\MGS_PW\mgspw\MLG\disc0_rel\00b2b4b6.PDT:entry1254@0x2a66000	16384	53502606	0	
C:\Program Files (x86)\Steam\steamapps\common\MGS_PW\mgspw\MLG\disc0_rel\00b2b4b6.PDT:entry1255@0x2a6a000	24576	53502706	0	
C:\Program Files (x86)\Steam\steamapps\common\MGS_PW\mgspw\MLG\disc0_rel\00b2b4b6.PDT:entry1256@0x2a70000	45056	53502806	0	
C:\Program Files (x86)\Steam\steamapps\common\MGS_PW\mgspw\MLG\disc0_rel\00b2b4b6.PDT:entry1257@0x2a7b000	24576	53502906	0	
C:\Program Files (x86)\Steam\steamapps\common\MGS_PW\mgspw\MLG\disc0_rel\00b2b4b6.PDT:entry1258@0x2a81000	36864	53502a06	0	
C:\Program Files (x86)\Steam\steamapps\common\MGS_PW\mgspw\MLG\disc0_rel\00b2b4b6.PDT:entry1259@0x2a8a000	40960	53502b06	0	
C:\Program Files (x86)\Steam\steamapps\common\MGS_PW\mgspw\MLG\disc0_rel\00b2b4b6.PDT:entry1260@0x2a94000	32768	53502c06	0	
C:\Program Files (x86)\Steam\steamapps\common\MGS_PW\mgspw\MLG\disc0_rel\00b2b4b6.PDT:entry1261@0x2a9c000	32768	53502d06	0	
C:\Program Files (x86)\Steam\steamapps\common\MGS_PW\mgspw\MLG\disc0_rel\00b2b4b6.PDT:entry1262@0x2aa4000	34816	53502e06	0	
C:\Program Files (x86)\Steam\steamapps\common\MGS_PW\mgspw\MLG\disc0_rel\00b2b4b6.PDT:entry1263@0x2aac800	34816	53502f06	0	
C:\Program Files (x86)\Steam\steamapps\common\MGS_PW\mgspw\MLG\disc0_rel\00b2b4b6.PDT:entry1264@0x2ab5000	26624	53503006	0	
C:\Program Files (x86)\Steam\steamapps\common\MGS_PW\mgspw\MLG\disc0_rel\00b2b4b6.PDT:entry1265@0x2abb800	30720	53503106	0	
C:\Program Files (x86)\Steam\steamapps\common\MGS_PW\mgspw\MLG\disc0_rel\00b2b4b6.PDT:entry1266@0x2ac3000	36864	53503206	0	
C:\Program Files (x86)\Steam\steamapps\common\MGS_PW\mgspw\MLG\disc0_rel\00b2b4b6.PDT:entry1267@0x2acc000	20480	53503306	0	
C:\Program Files (x86)\Steam\steamapps\common\MGS_PW\mgspw\MLG\disc0_rel\00b2b4b6.PDT:entry1268@0x2ad1000	24576	53503406	0	
C:\Program Files (x86)\Steam\steamapps\common\MGS_PW\mgspw\MLG\disc0_rel\00b2b4b6.PDT:entry1269@0x2ad7000	24576	53503506	0	
C:\Program Files (x86)\Steam\steamapps\common\MGS_PW\mgspw\MLG\disc0_rel\00b2b4b6.PDT:entry1270@0x2add000	34816	53503606	0	
C:\Program Files (x86)\Steam\steamapps\common\MGS_PW\mgspw\MLG\disc0_rel\00b2b4b6.PDT:entry1271@0x2ae5800	20480	53503706	0	
C:\Program Files (x86)\Steam\steamapps\common\MGS_PW\mgspw\MLG\disc0_rel\00b2b4b6.PDT:entry1272@0x2aea800	22528	53503806	0	
C:\Program Files (x86)\Steam\steamapps\common\MGS_PW\mgspw\MLG\disc0_rel\00b2b4b6.PDT:entry1273@0x2af0000	20480	53503906	0	
C:\Program Files (x86)\Steam\steamapps\common\MGS_PW\mgspw\MLG\disc0_rel\00b2b4b6.PDT:entry1274@0x2af5000	24576	53503a06	1	encoded_by=Pro Tools!
C:\Program Files (x86)\Steam\steamapps\common\MGS_PW\mgspw\MLG\disc0_rel\00b2b4b6.PDT:entry1275@0x2afb000	24576	53503c06	0	
C:\Program Files (x86)\Steam\steamapps\common\MGS_PW\mgspw\MLG\disc0_rel\00b2b4b6.PDT:entry1276@0x2b01000	38912	53503d06	0	
C:\Program Files (x86)\Steam\steamapps\common\MGS_PW\mgspw\MLG\disc0_rel\00b2b4b6.PDT:entry1277@0x2b0a800	53248	53503e06	0	
C:\Program Files (x86)\Steam\steamapps\common\MGS_PW\mgspw\MLG\disc0_rel\00b2b4b6.PDT:entry1278@0x2b17800	38912	53503f06	0	
C:\Program Files (x86)\Steam\steamapps\common\MGS_PW\mgspw\MLG\disc0_rel\00b2b4b6.PDT:entry1279@0x2b21000	55296	53504006	0	
C:\Program Files (x86)\Steam\steamapps\common\MGS_PW\mgspw\MLG\disc0_rel\00b2b4b6.PDT:entry1280@0x2b2e800	34816	53504106	0	
C:\Program Files (x86)\Steam\steamapps\common\MGS_PW\mgspw\MLG\disc0_rel\00b2b4b6.PDT:entry1281@0x2b37000	28672	53504206	0	
C:\Program Files (x86)\Steam\steamapps\common\MGS_PW\mgspw\MLG\disc0_rel\00b2b4b6.PDT:entry1282@0x2b3e000	45056	53504306	0	
C:\Program Files (x86)\Steam\steamapps\common\MGS_PW\mgspw\MLG\disc0_rel\00b2b4b6.PDT:entry1283@0x2b49000	26624	53504406	0	
C:\Program Files (x86)\Steam\steamapps\common\MGS_PW\mgspw\MLG\disc0_rel\00b2b4b6.PDT:entry1284@0x2b4f800	51200	53504506	0	
C:\Program Files (x86)\Steam\steamapps\common\MGS_PW\mgspw\MLG\disc0_rel\00b2b4b6.PDT:entry1285@0x2b5c000	55296	53504606	0	
C:\Program Files (x86)\Steam\steamapps\common\MGS_PW\mgspw\MLG\disc0_rel\00b2b4b6.PDT:entry1286@0x2b69800	18432	53504706	0	
C:\Program Files (x86)\Steam\steamapps\common\MGS_PW\mgspw\MLG\disc0_rel\00b2b4b6.PDT:entry1287@0x2b6e000	43008	53504806	0	
C:\Program Files (x86)\Steam\steamapps\common\MGS_PW\mgspw\MLG\disc0_rel\00b2b4b6.PDT:entry1288@0x2b78800	55296	53504906	0	
C:\Program Files (x86)\Steam\steamapps\common\MGS_PW\mgspw\MLG\disc0_rel\00b2b4b6.PDT:entry1289@0x2b86000	40960	53504a06	0	
C:\Program Files (x86)\Steam\steamapps\common\MGS_PW\mgspw\MLG\disc0_rel\00b2b4b6.PDT:entry1290@0x2b90000	26624	53504b06	0	
C:\Program Files (x86)\Steam\steamapps\common\MGS_PW\mgspw\MLG\disc0_rel\00b2b4b6.PDT:entry1291@0x2b96800	26624	53504c06	0	
C:\Program Files (x86)\Steam\steamapps\common\MGS_PW\mgspw\MLG\disc0_rel\00b2b4b6.PDT:entry1292@0x2b9d000	40960	53504d06	0	
C:\Program Files (x86)\Steam\steamapps\common\MGS_PW\mgspw\MLG\disc0_rel\00b2b4b6.PDT:entry1293@0x2ba7000	51200	53504e06	0	
C:\Program Files (x86)\Steam\steamapps\common\MGS_PW\mgspw\MLG\disc0_rel\00b2b4b6.PDT:entry1294@0x2bb3800	24576	53504f06	0	
C:\Program Files (x86)\Steam\steamapps\common\MGS_PW\mgspw\MLG\disc0_rel\00b2b4b6.PDT:entry1295@0x2bb9800	26624	53505006	0	
C:\Program Files (x86)\Steam\steamapps\common\MGS_PW\mgspw\MLG\disc0_rel\00b2b4b6.PDT:entry1296@0x2bc0000	14336	53505106	0	
C:\Program Files (x86)\Steam\steamapps\common\MGS_PW\mgspw\MLG\disc0_rel\00b2b4b6.PDT:entry1297@0x2bc3800	22528	53505206	0	
C:\Program Files (x86)\Steam\steamapps\common\MGS_PW\mgspw\MLG\disc0_rel\00b2b4b6.PDT:entry1298@0x2bc9000	18432	53505306	0	
C:\Program Files (x86)\Steam\steamapps\common\MGS_PW\mgspw\MLG\disc0_rel\00b2b4b6.PDT:entry1299@0x2bcd800	26624	53505406	0	
C:\Program Files (x86)\Steam\steamapps\common\MGS_PW\mgspw\MLG\disc0_rel\00b2b4b6.PDT:entry1300@0x2bd4000	34816	53505506	0	
C:\Program Files (x86)\Steam\steamapps\common\MGS_PW\mgspw\MLG\disc0_rel\00b2b4b6.PDT:entry1301@0x2bdc800	43008	53505606	0	
C:\Program Files (x86)\Steam\steamapps\common\MGS_PW\mgspw\MLG\disc0_rel\00b2b4b6.PDT:entry1302@0x2be7000	6144	53505706	0	
C:\Program Files (x86)\Steam\steamapps\common\MGS_PW\mgspw\MLG\disc0_rel\00b2b4b6.PDT:entry1303@0x2be8800	6144	53505806	0	
C:\Program Files (x86)\Steam\steamapps\common\MGS_PW\mgspw\MLG\disc0_rel\00b2b4b6.PDT:entry1304@0x2bea000	63488	53505906	0	
C:\Program Files (x86)\Steam\steamapps\common\MGS_PW\mgspw\MLG\disc0_rel\00b2b4b6.PDT:entry1305@0x2bf9800	6144	53505a06	0	
C:\Program Files (x86)\Steam\steamapps\common\MGS_PW\mgspw\MLG\disc0_rel\00b2b4b6.PDT:entry1306@0x2bfb000	40960	53505b06	0	
C:\Program Files (x86)\Steam\steamapps\common\MGS_PW\mgspw\MLG\disc0_rel\00b2b4b6.PDT:entry1307@0x2c05000	49152	53505c06	0	
C:\Program Files (x86)\Steam\steamapps\common\MGS_PW\mgspw\MLG\disc0_rel\00b2b4b6.PDT:entry1308@0x2c11000	40960	53505d06	0	
C:\Program Files (x86)\Steam\steamapps\common\MGS_PW\mgspw\MLG\disc0_rel\00b2b4b6.PDT:entry1309@0x2c1b000	77824	53505e06	0	
C:\Program Files (x86)\Steam\steamapps\common\MGS_PW\mgspw\MLG\disc0_rel\00b2b4b6.PDT:entry1310@0x2c2e000	49152	53505f06	0	
C:\Program Files (x86)\Steam\steamapps\common\MGS_PW\mgspw\MLG\disc0_rel\00b2b4b6.PDT:entry1311@0x2c3a000	43008	53506006	0	
C:\Program Files (x86)\Steam\steamapps\common\MGS_PW\mgspw\MLG\disc0_rel\00b2b4b6.PDT:entry1312@0x2c44800	18432	53506106	0	
C:\Program Files (x86)\Steam\steamapps\common\MGS_PW\mgspw\MLG\disc0_rel\00b2b4b6.PDT:entry1313@0x2c49000	40960	53506206	0	
C:\Program Files (x86)\Steam\steamapps\common\MGS_PW\mgspw\MLG\disc0_rel\00b2b4b6.PDT:entry1314@0x2c53000	36864	53506306	0	
C:\Program Files (x86)\Steam\steamapps\common\MGS_PW\mgspw\MLG\disc0_rel\00b2b4b6.PDT:entry1315@0x2c5c000	45056	53506406	0	
C:\Program Files (x86)\Steam\steamapps\common\MGS_PW\mgspw\MLG\disc0_rel\00b2b4b6.PDT:entry1316@0x2c67000	57344	53506506	0	
C:\Program Files (x86)\Steam\steamapps\common\MGS_PW\mgspw\MLG\disc0_rel\00b2b4b6.PDT:entry1317@0x2c75000	30720	53506606	0	
C:\Program Files (x86)\Steam\steamapps\common\MGS_PW\mgspw\MLG\disc0_rel\00b2b4b6.PDT:entry1318@0x2c7c800	34816	53506706	0	
C:\Program Files (x86)\Steam\steamapps\common\MGS_PW\mgspw\MLG\disc0_rel\00b2b4b6.PDT:entry1319@0x2c85000	22528	53506806	0	
C:\Program Files (x86)\Steam\steamapps\common\MGS_PW\mgspw\MLG\disc0_rel\00b2b4b6.PDT:entry1320@0x2c8a800	34816	53506906	0	
C:\Program Files (x86)\Steam\steamapps\common\MGS_PW\mgspw\MLG\disc0_rel\00b2b4b6.PDT:entry1321@0x2c93000	34816	53506a06	0	
C:\Program Files (x86)\Steam\steamapps\common\MGS_PW\mgspw\MLG\disc0_rel\00b2b4b6.PDT:entry1322@0x2c9b800	26624	53506b06	0	
C:\Program Files (x86)\Steam\steamapps\common\MGS_PW\mgspw\MLG\disc0_rel\00b2b4b6.PDT:entry1323@0x2ca2000	34816	53506c06	0	
C:\Program Files (x86)\Steam\steamapps\common\MGS_PW\mgspw\MLG\disc0_rel\00b2b4b6.PDT:entry1324@0x2caa800	36864	53506d06	0	
C:\Program Files (x86)\Steam\steamapps\common\MGS_PW\mgspw\MLG\disc0_rel\00b2b4b6.PDT:entry1325@0x2cb3800	40960	53506e06	0	
C:\Program Files (x86)\Steam\steamapps\common\MGS_PW\mgspw\MLG\disc0_rel\00b2b4b6.PDT:entry1326@0x2cbd800	36864	53506f06	0	
C:\Program Files (x86)\Steam\steamapps\common\MGS_PW\mgspw\MLG\disc0_rel\00b2b4b6.PDT:entry1327@0x2cc6800	18432	53507006	0	
C:\Program Files (x86)\Steam\steamapps\common\MGS_PW\mgspw\MLG\disc0_rel\00b2b4b6.PDT:entry1328@0x2ccb000	30720	53507106	0	
C:\Program Files (x86)\Steam\steamapps\common\MGS_PW\mgspw\MLG\disc0_rel\00b2b4b6.PDT:entry1329@0x2cd2800	63488	53507206	0	
C:\Program Files (x86)\Steam\steamapps\common\MGS_PW\mgspw\MLG\disc0_rel\00b2b4b6.PDT:entry1330@0x2ce2000	47104	53507306	0	
C:\Program Files (x86)\Steam\steamapps\common\MGS_PW\mgspw\MLG\disc0_rel\00b2b4b6.PDT:entry1331@0x2ced800	34816	53507406	0	
C:\Program Files (x86)\Steam\steamapps\common\MGS_PW\mgspw\MLG\disc0_rel\00b2b4b6.PDT:entry1332@0x2cf6000	20480	53507506	0	
C:\Program Files (x86)\Steam\steamapps\common\MGS_PW\mgspw\MLG\disc0_rel\00b2b4b6.PDT:entry1333@0x2cfb000	36864	53507606	0	
C:\Program Files (x86)\Steam\steamapps\common\MGS_PW\mgspw\MLG\disc0_rel\00b2b4b6.PDT:entry1334@0x2d04000	34816	53507706	0	
C:\Program Files (x86)\Steam\steamapps\common\MGS_PW\mgspw\MLG\disc0_rel\00b2b4b6.PDT:entry1335@0x2d0c800	30720	53507806	0	
C:\Program Files (x86)\Steam\steamapps\common\MGS_PW\mgspw\MLG\disc0_rel\00b2b4b6.PDT:entry1336@0x2d14000	28672	53508406	0	
C:\Program Files (x86)\Steam\steamapps\common\MGS_PW\mgspw\MLG\disc0_rel\00b2b4b6.PDT:entry1337@0x2d1b000	22528	53508506	0	
C:\Program Files (x86)\Steam\steamapps\common\MGS_PW\mgspw\MLG\disc0_rel\00b2b4b6.PDT:entry1338@0x2d20800	32768	53508606	0	
C:\Program Files (x86)\Steam\steamapps\common\MGS_PW\mgspw\MLG\disc0_rel\00b2b4b6.PDT:entry1339@0x2d28800	59392	53508706	0	
C:\Program Files (x86)\Steam\steamapps\common\MGS_PW\mgspw\MLG\disc0_rel\00b2b4b6.PDT:entry1340@0x2d37000	75776	53508806	0	
C:\Program Files (x86)\Steam\steamapps\common\MGS_PW\mgspw\MLG\disc0_rel\00b2b4b6.PDT:entry1341@0x2d49800	36864	53508906	0	
C:\Program Files (x86)\Steam\steamapps\common\MGS_PW\mgspw\MLG\disc0_rel\00b2b4b6.PDT:entry1342@0x2d52800	22528	53508a06	0	
C:\Program Files (x86)\Steam\steamapps\common\MGS_PW\mgspw\MLG\disc0_rel\00b2b4b6.PDT:entry1343@0x2d58000	45056	53508b06	0	
C:\Program Files (x86)\Steam\steamapps\common\MGS_PW\mgspw\MLG\disc0_rel\00b2b4b6.PDT:entry1344@0x2d63000	34816	53508c06	0	
C:\Program Files (x86)\Steam\steamapps\common\MGS_PW\mgspw\MLG\disc0_rel\00b2b4b6.PDT:entry1345@0x2d6b800	40960	53508d06	0	
C:\Program Files (x86)\Steam\steamapps\common\MGS_PW\mgspw\MLG\disc0_rel\00b2b4b6.PDT:entry1346@0x2d75800	26624	53508e06	0	
C:\Program Files (x86)\Steam\steamapps\common\MGS_PW\mgspw\MLG\disc0_rel\00b2b4b6.PDT:entry1347@0x2d7c000	36864	53508f06	0	
C:\Program Files (x86)\Steam\steamapps\common\MGS_PW\mgspw\MLG\disc0_rel\00b2b4b6.PDT:entry1348@0x2d85000	22528	53509006	0	
C:\Program Files (x86)\Steam\steamapps\common\MGS_PW\mgspw\MLG\disc0_rel\00b2b4b6.PDT:entry1349@0x2d8a800	28672	53509106	0	
C:\Program Files (x86)\Steam\steamapps\common\MGS_PW\mgspw\MLG\disc0_rel\00b2b4b6.PDT:entry1350@0x2d91800	22528	53509206	0	
C:\Program Files (x86)\Steam\steamapps\common\MGS_PW\mgspw\MLG\disc0_rel\00b2b4b6.PDT:entry1351@0x2d97000	34816	53509306	0	
C:\Program Files (x86)\Steam\steamapps\common\MGS_PW\mgspw\MLG\disc0_rel\00b2b4b6.PDT:entry1352@0x2d9f800	28672	53509406	0	
C:\Program Files (x86)\Steam\steamapps\common\MGS_PW\mgspw\MLG\disc0_rel\00b2b4b6.PDT:entry1353@0x2da6800	55296	53509506	0	
C:\Program Files (x86)\Steam\steamapps\common\MGS_PW\mgspw\MLG\disc0_rel\00b2b4b6.PDT:entry1354@0x2db4000	43008	53509606	0	
C:\Program Files (x86)\Steam\steamapps\common\MGS_PW\mgspw\MLG\disc0_rel\00b2b4b6.PDT:entry1355@0x2dbe800	40960	53509706	0	
C:\Program Files (x86)\Steam\steamapps\common\MGS_PW\mgspw\MLG\disc0_rel\00b2b4b6.PDT:entry1356@0x2dc8800	26624	53509806	0	
C:\Program Files (x86)\Steam\steamapps\common\MGS_PW\mgspw\MLG\disc0_rel\00b2b4b6.PDT:entry1357@0x2dcf000	24576	53509906	0	
C:\Program Files (x86)\Steam\steamapps\common\MGS_PW\mgspw\MLG\disc0_rel\00b2b4b6.PDT:entry1358@0x2dd5000	32768	53509a06	0	
C:\Program Files (x86)\Steam\steamapps\common\MGS_PW\mgspw\MLG\disc0_rel\00b2b4b6.PDT:entry1359@0x2ddd000	30720	53509b06	0	
C:\Program Files (x86)\Steam\steamapps\common\MGS_PW\mgspw\MLG\disc0_rel\00b2b4b6.PDT:entry1360@0x2de4800	24576	53509c06	0	
C:\Program Files (x86)\Steam\steamapps\common\MGS_PW\mgspw\MLG\disc0_rel\00b2b4b6.PDT:entry1361@0x2dea800	45056	53509d06	0	
C:\Program Files (x86)\Steam\steamapps\common\MGS_PW\mgspw\MLG\disc0_rel\00b2b4b6.PDT:entry1362@0x2df5800	26624	53509e06	0	
C:\Program Files (x86)\Steam\steamapps\common\MGS_PW\mgspw\MLG\disc0_rel\00b2b4b6.PDT:entry1363@0x2dfc000	43008	53509f06	0	
C:\Program Files (x86)\Steam\steamapps\common\MGS_PW\mgspw\MLG\disc0_rel\00b2b4b6.PDT:entry1364@0x2e06800	30720	5350a006	0	
C:\Program Files (x86)\Steam\steamapps\common\MGS_PW\mgspw\MLG\disc0_rel\00b2b4b6.PDT:entry1365@0x2e0e000	63488	5350a106	0	
C:\Program Files (x86)\Steam\steamapps\common\MGS_PW\mgspw\MLG\disc0_rel\00b2b4b6.PDT:entry1366@0x2e1d800	43008	5350a206	0	
C:\Program Files (x86)\Steam\steamapps\common\MGS_PW\mgspw\MLG\disc0_rel\00b2b4b6.PDT:entry1367@0x2e28000	36864	5350a306	0	
C:\Program Files (x86)\Steam\steamapps\common\MGS_PW\mgspw\MLG\disc0_rel\00b2b4b6.PDT:entry1368@0x2e31000	18432	5350a406	0	
C:\Program Files (x86)\Steam\steamapps\common\MGS_PW\mgspw\MLG\disc0_rel\00b2b4b6.PDT:entry1369@0x2e35800	43008	5350a506	0	
C:\Program Files (x86)\Steam\steamapps\common\MGS_PW\mgspw\MLG\disc0_rel\00b2b4b6.PDT:entry1370@0x2e40000	55296	5350a606	0	
C:\Program Files (x86)\Steam\steamapps\common\MGS_PW\mgspw\MLG\disc0_rel\00b2b4b6.PDT:entry1371@0x2e4d800	26624	5350a706	0	
C:\Program Files (x86)\Steam\steamapps\common\MGS_PW\mgspw\MLG\disc0_rel\00b2b4b6.PDT:entry1372@0x2e54000	40960	5350a806	0	
C:\Program Files (x86)\Steam\steamapps\common\MGS_PW\mgspw\MLG\disc0_rel\00b2b4b6.PDT:entry1373@0x2e5e000	6144	5350a906	0	
C:\Program Files (x86)\Steam\steamapps\common\MGS_PW\mgspw\MLG\disc0_rel\00b2b4b6.PDT:entry1374@0x2e5f800	63488	5350aa06	0	
C:\Program Files (x86)\Steam\steamapps\common\MGS_PW\mgspw\MLG\disc0_rel\00b2b4b6.PDT:entry1375@0x2e6f000	6144	5350ab06	0	
C:\Program Files (x86)\Steam\steamapps\common\MGS_PW\mgspw\MLG\disc0_rel\00b2b4b6.PDT:entry1376@0x2e70800	38912	5350ac06	0	
C:\Program Files (x86)\Steam\steamapps\common\MGS_PW\mgspw\MLG\disc0_rel\00b2b4b6.PDT:entry1377@0x2e7a000	4096	5350ad06	0	
C:\Program Files (x86)\Steam\steamapps\common\MGS_PW\mgspw\MLG\disc0_rel\00b2b4b6.PDT:entry1378@0x2e7b000	26624	5350ae06	0	
C:\Program Files (x86)\Steam\steamapps\common\MGS_PW\mgspw\MLG\disc0_rel\00b2b4b6.PDT:entry1379@0x2e81800	26624	5350af06	0	
C:\Program Files (x86)\Steam\steamapps\common\MGS_PW\mgspw\MLG\disc0_rel\00b2b4b6.PDT:entry1380@0x2e88000	26624	5350b006	0	
C:\Program Files (x86)\Steam\steamapps\common\MGS_PW\mgspw\MLG\disc0_rel\00b2b4b6.PDT:entry1381@0x2e8e800	12288	5350b106	0	
C:\Program Files (x86)\Steam\steamapps\common\MGS_PW\mgspw\MLG\disc0_rel\00b2b4b6.PDT:entry1382@0x2e91800	14336	5350b206	0	
C:\Program Files (x86)\Steam\steamapps\common\MGS_PW\mgspw\MLG\disc0_rel\00b2b4b6.PDT:entry1383@0x2e95000	22528	5350b306	0	
C:\Program Files (x86)\Steam\steamapps\common\MGS_PW\mgspw\MLG\disc0_rel\00b2b4b6.PDT:entry1384@0x2e9a800	32768	5350b406	0	
C:\Program Files (x86)\Steam\steamapps\common\MGS_PW\mgspw\MLG\disc0_rel\00b2b4b6.PDT:entry1385@0x2ea2800	40960	5350b506	0	
C:\Program Files (x86)\Steam\steamapps\common\MGS_PW\mgspw\MLG\disc0_rel\00b2b4b6.PDT:entry1386@0x2eac800	24576	5350b606	0	
C:\Program Files (x86)\Steam\steamapps\common\MGS_PW\mgspw\MLG\disc0_rel\00b2b4b6.PDT:entry1387@0x2eb2800	22528	5350b706	0	
C:\Program Files (x86)\Steam\steamapps\common\MGS_PW\mgspw\MLG\disc0_rel\00b2b4b6.PDT:entry1388@0x2eb8000	22528	5350b806	0	
C:\Program Files (x86)\Steam\steamapps\common\MGS_PW\mgspw\MLG\disc0_rel\00b2b4b6.PDT:entry1389@0x2ebd800	22528	5350b906	0	
C:\Program Files (x86)\Steam\steamapps\common\MGS_PW\mgspw\MLG\disc0_rel\00b2b4b6.PDT:entry1390@0x2ec3000	20480	5350ba06	0	
C:\Program Files (x86)\Steam\steamapps\common\MGS_PW\mgspw\MLG\disc0_rel\00b2b4b6.PDT:entry1391@0x2ec8000	24576	5350bb06	0	
C:\Program Files (x86)\Steam\steamapps\common\MGS_PW\mgspw\MLG\disc0_rel\00b2b4b6.PDT:entry1392@0x2ece000	20480	5350bc06	0	
C:\Program Files (x86)\Steam\steamapps\common\MGS_PW\mgspw\MLG\disc0_rel\00b2b4b6.PDT:entry1393@0x2ed3000	26624	5350bd06	0	
C:\Program Files (x86)\Steam\steamapps\common\MGS_PW\mgspw\MLG\disc0_rel\00b2b4b6.PDT:entry1394@0x2ed9800	26624	5350be06	0	
C:\Program Files (x86)\Steam\steamapps\common\MGS_PW\mgspw\MLG\disc0_rel\00b2b4b6.PDT:entry1395@0x2ee0000	14336	5350bf06	0	
C:\Program Files (x86)\Steam\steamapps\common\MGS_PW\mgspw\MLG\disc0_rel\00b2b4b6.PDT:entry1396@0x2ee3800	34816	5350c006	0	
C:\Program Files (x86)\Steam\steamapps\common\MGS_PW\mgspw\MLG\disc0_rel\00b2b4b6.PDT:entry1397@0x2eec000	28672	5350c106	0	
C:\Program Files (x86)\Steam\steamapps\common\MGS_PW\mgspw\MLG\disc0_rel\00b2b4b6.PDT:entry1398@0x2ef3000	34816	5350c206	0	
C:\Program Files (x86)\Steam\steamapps\common\MGS_PW\mgspw\MLG\disc0_rel\00b2b4b6.PDT:entry1399@0x2efb800	43008	5350c306	0	
C:\Program Files (x86)\Steam\steamapps\common\MGS_PW\mgspw\MLG\disc0_rel\00b2b4b6.PDT:entry1400@0x2f06000	53248	5350c406	0	
C:\Program Files (x86)\Steam\steamapps\common\MGS_PW\mgspw\MLG\disc0_rel\00b2b4b6.PDT:entry1401@0x2f13000	53248	5350c506	0	
C:\Program Files (x86)\Steam\steamapps\common\MGS_PW\mgspw\MLG\disc0_rel\00b2b4b6.PDT:entry1402@0x2f20000	32768	5350c606	0	
C:\Program Files (x86)\Steam\steamapps\common\MGS_PW\mgspw\MLG\disc0_rel\00b2b4b6.PDT:entry1403@0x2f28000	47104	5350c706	0	
C:\Program Files (x86)\Steam\steamapps\common\MGS_PW\mgspw\MLG\disc0_rel\00b2b4b6.PDT:entry1404@0x2f33800	28672	5350c806	0	
C:\Program Files (x86)\Steam\steamapps\common\MGS_PW\mgspw\MLG\disc0_rel\00b2b4b6.PDT:entry1405@0x2f3a800	28672	5350c906	0	
C:\Program Files (x86)\Steam\steamapps\common\MGS_PW\mgspw\MLG\disc0_rel\00b2b4b6.PDT:entry1406@0x2f41800	34816	5350ca06	0	
C:\Program Files (x86)\Steam\steamapps\common\MGS_PW\mgspw\MLG\disc0_rel\00b2b4b6.PDT:entry1407@0x2f4a000	40960	5350cb06	0	
C:\Program Files (x86)\Steam\steamapps\common\MGS_PW\mgspw\MLG\disc0_rel\00b2b4b6.PDT:entry1408@0x2f54000	26624	5350d606	0	
C:\Program Files (x86)\Steam\steamapps\common\MGS_PW\mgspw\MLG\disc0_rel\00b2b4b6.PDT:entry1409@0x2f5a800	26624	5350d706	0	
C:\Program Files (x86)\Steam\steamapps\common\MGS_PW\mgspw\MLG\disc0_rel\00b2b4b6.PDT:entry1410@0x2f61000	28672	5350d806	0	
C:\Program Files (x86)\Steam\steamapps\common\MGS_PW\mgspw\MLG\disc0_rel\00b2b4b6.PDT:entry1411@0x2f68000	22528	5350d906	0	
C:\Program Files (x86)\Steam\steamapps\common\MGS_PW\mgspw\MLG\disc0_rel\00b2b4b6.PDT:entry1412@0x2f6d800	55296	5350da06	0	
C:\Program Files (x86)\Steam\steamapps\common\MGS_PW\mgspw\MLG\disc0_rel\00b2b4b6.PDT:entry1413@0x2f7b000	47104	5350db06	0	
C:\Program Files (x86)\Steam\steamapps\common\MGS_PW\mgspw\MLG\disc0_rel\00b2b4b6.PDT:entry1414@0x2f86800	26624	5350dc06	0	
C:\Program Files (x86)\Steam\steamapps\common\MGS_PW\mgspw\MLG\disc0_rel\00b2b4b6.PDT:entry1415@0x2f8d000	30720	5350dd06	0	
C:\Program Files (x86)\Steam\steamapps\common\MGS_PW\mgspw\MLG\disc0_rel\00b2b4b6.PDT:entry1416@0x2f94800	43008	5350de06	0	
C:\Program Files (x86)\Steam\steamapps\common\MGS_PW\mgspw\MLG\disc0_rel\00b2b4b6.PDT:entry1417@0x2f9f000	49152	5350df06	0	
C:\Program Files (x86)\Steam\steamapps\common\MGS_PW\mgspw\MLG\disc0_rel\00b2b4b6.PDT:entry1418@0x2fab000	43008	5350e006	0	
C:\Program Files (x86)\Steam\steamapps\common\MGS_PW\mgspw\MLG\disc0_rel\00b2b4b6.PDT:entry1419@0x2fb5800	38912	5350e106	0	
C:\Program Files (x86)\Steam\steamapps\common\MGS_PW\mgspw\MLG\disc0_rel\00b2b4b6.PDT:entry1420@0x2fbf000	51200	5350e206	0	
C:\Program Files (x86)\Steam\steamapps\common\MGS_PW\mgspw\MLG\disc0_rel\00b2b4b6.PDT:entry1421@0x2fcb800	47104	5350e306	0	
C:\Program Files (x86)\Steam\steamapps\common\MGS_PW\mgspw\MLG\disc0_rel\00b2b4b6.PDT:entry1422@0x2fd7000	47104	5350e406	0	
C:\Program Files (x86)\Steam\steamapps\common\MGS_PW\mgspw\MLG\disc0_rel\00b2b4b6.PDT:entry1423@0x2fe2800	30720	5350e506	0	
C:\Program Files (x86)\Steam\steamapps\common\MGS_PW\mgspw\MLG\disc0_rel\00b2b4b6.PDT:entry1424@0x2fea000	28672	5350e606	0	
C:\Program Files (x86)\Steam\steamapps\common\MGS_PW\mgspw\MLG\disc0_rel\00b2b4b6.PDT:entry1425@0x2ff1000	51200	5350e706	0	
C:\Program Files (x86)\Steam\steamapps\common\MGS_PW\mgspw\MLG\disc0_rel\00b2b4b6.PDT:entry1426@0x2ffd800	38912	5350e806	0	
C:\Program Files (x86)\Steam\steamapps\common\MGS_PW\mgspw\MLG\disc0_rel\00b2b4b6.PDT:entry1427@0x3007000	30720	5350e906	0	
C:\Program Files (x86)\Steam\steamapps\common\MGS_PW\mgspw\MLG\disc0_rel\00b2b4b6.PDT:entry1428@0x300e800	45056	5350ea06	0	
C:\Program Files (x86)\Steam\steamapps\common\MGS_PW\mgspw\MLG\disc0_rel\00b2b4b6.PDT:entry1429@0x3019800	28672	5350eb06	0	
C:\Program Files (x86)\Steam\steamapps\common\MGS_PW\mgspw\MLG\disc0_rel\00b2b4b6.PDT:entry1430@0x3020800	28672	5350ec06	0	
C:\Program Files (x86)\Steam\steamapps\common\MGS_PW\mgspw\MLG\disc0_rel\00b2b4b6.PDT:entry1431@0x3027800	45056	5350ed06	0	
C:\Program Files (x86)\Steam\steamapps\common\MGS_PW\mgspw\MLG\disc0_rel\00b2b4b6.PDT:entry1432@0x3032800	28672	5350ee06	0	
C:\Program Files (x86)\Steam\steamapps\common\MGS_PW\mgspw\MLG\disc0_rel\00b2b4b6.PDT:entry1433@0x3039800	49152	5350ef06	0	
C:\Program Files (x86)\Steam\steamapps\common\MGS_PW\mgspw\MLG\disc0_rel\00b2b4b6.PDT:entry1434@0x3045800	6144	5350f006	0	
C:\Program Files (x86)\Steam\steamapps\common\MGS_PW\mgspw\MLG\disc0_rel\00b2b4b6.PDT:entry1435@0x3047000	6144	5350f106	0	
C:\Program Files (x86)\Steam\steamapps\common\MGS_PW\mgspw\MLG\disc0_rel\00b2b4b6.PDT:entry1436@0x3048800	53248	5350f206	0	
C:\Program Files (x86)\Steam\steamapps\common\MGS_PW\mgspw\MLG\disc0_rel\00b2b4b6.PDT:entry1437@0x3055800	28672	5350f306	0	
C:\Program Files (x86)\Steam\steamapps\common\MGS_PW\mgspw\MLG\disc0_rel\00b2b4b6.PDT:entry1438@0x305c800	53248	5350f406	0	
C:\Program Files (x86)\Steam\steamapps\common\MGS_PW\mgspw\MLG\disc0_rel\00b2b4b6.PDT:entry1439@0x3069800	47104	5350f506	0	
C:\Program Files (x86)\Steam\steamapps\common\MGS_PW\mgspw\MLG\disc0_rel\00b2b4b6.PDT:entry1440@0x3075000	6144	5350f606	0	
C:\Program Files (x86)\Steam\steamapps\common\MGS_PW\mgspw\MLG\disc0_rel\00b2b4b6.PDT:entry1441@0x3076800	4096	5350f706	0	
C:\Program Files (x86)\Steam\steamapps\common\MGS_PW\mgspw\MLG\disc0_rel\00b2b4b6.PDT:entry1442@0x3077800	6144	5350f806	0	
C:\Program Files (x86)\Steam\steamapps\common\MGS_PW\mgspw\MLG\disc0_rel\00b2b4b6.PDT:entry1443@0x3079000	43008	5350f906	0	
C:\Program Files (x86)\Steam\steamapps\common\MGS_PW\mgspw\MLG\disc0_rel\00b2b4b6.PDT:entry1444@0x3083800	20480	5350fa06	0	
C:\Program Files (x86)\Steam\steamapps\common\MGS_PW\mgspw\MLG\disc0_rel\00b2b4b6.PDT:entry1445@0x3088800	51200	5350fb06	0	
C:\Program Files (x86)\Steam\steamapps\common\MGS_PW\mgspw\MLG\disc0_rel\00b2b4b6.PDT:entry1446@0x3095000	67584	5350fc06	0	
C:\Program Files (x86)\Steam\steamapps\common\MGS_PW\mgspw\MLG\disc0_rel\00b2b4b6.PDT:entry1447@0x30a5800	38912	5350fd06	0	
C:\Program Files (x86)\Steam\steamapps\common\MGS_PW\mgspw\MLG\disc0_rel\00b2b4b6.PDT:entry1448@0x30af000	22528	5350f607	0	
C:\Program Files (x86)\Steam\steamapps\common\MGS_PW\mgspw\MLG\disc0_rel\00b2b4b6.PDT:entry1449@0x30b4800	22528	5350fe06	0	
C:\Program Files (x86)\Steam\steamapps\common\MGS_PW\mgspw\MLG\disc0_rel\00b2b4b6.PDT:entry1450@0x30ba000	20480	5350ff06	0	
C:\Program Files (x86)\Steam\steamapps\common\MGS_PW\mgspw\MLG\disc0_rel\00b2b4b6.PDT:entry1451@0x30bf000	20480	53500007	0	
C:\Program Files (x86)\Steam\steamapps\common\MGS_PW\mgspw\MLG\disc0_rel\00b2b4b6.PDT:entry1452@0x30c4000	26624	53500107	0	
C:\Program Files (x86)\Steam\steamapps\common\MGS_PW\mgspw\MLG\disc0_rel\00b2b4b6.PDT:entry1453@0x30ca800	34816	53500207	0	
C:\Program Files (x86)\Steam\steamapps\common\MGS_PW\mgspw\MLG\disc0_rel\00b2b4b6.PDT:entry1454@0x30d3000	24576	53500307	0	
C:\Program Files (x86)\Steam\steamapps\common\MGS_PW\mgspw\MLG\disc0_rel\00b2b4b6.PDT:entry1455@0x30d9000	32768	53500407	0	
C:\Program Files (x86)\Steam\steamapps\common\MGS_PW\mgspw\MLG\disc0_rel\00b2b4b6.PDT:entry1456@0x30e1000	49152	53500507	0	
C:\Program Files (x86)\Steam\steamapps\common\MGS_PW\mgspw\MLG\disc0_rel\00b2b4b6.PDT:entry1457@0x30ed000	61440	53500607	0	
C:\Program Files (x86)\Steam\steamapps\common\MGS_PW\mgspw\MLG\disc0_rel\00b2b4b6.PDT:entry1458@0x30fc000	43008	53500707	0	
C:\Program Files (x86)\Steam\steamapps\common\MGS_PW\mgspw\MLG\disc0_rel\00b2b4b6.PDT:entry1459@0x3106800	47104	53500807	0	
C:\Program Files (x86)\Steam\steamapps\common\MGS_PW\mgspw\MLG\disc0_rel\00b2b4b6.PDT:entry1460@0x3112000	61440	53500907	0	
C:\Program Files (x86)\Steam\steamapps\common\MGS_PW\mgspw\MLG\disc0_rel\00b2b4b6.PDT:entry1461@0x3121000	18432	53500a07	0	
C:\Program Files (x86)\Steam\steamapps\common\MGS_PW\mgspw\MLG\disc0_rel\00b2b4b6.PDT:entry1462@0x3125800	16384	53500b07	0	
C:\Program Files (x86)\Steam\steamapps\common\MGS_PW\mgspw\MLG\disc0_rel\00b2b4b6.PDT:entry1463@0x3129800	26624	53500c07	0	
C:\Program Files (x86)\Steam\steamapps\common\MGS_PW\mgspw\MLG\disc0_rel\00b2b4b6.PDT:entry1464@0x3130000	34816	53500d07	1	encoded_by=Pro Tools!
C:\Program Files (x86)\Steam\steamapps\common\MGS_PW\mgspw\MLG\disc0_rel\00b2b4b6.PDT:entry1465@0x3138800	28672	53500e07	1	encoded_by=Pro Tools!
C:\Program Files (x86)\Steam\steamapps\common\MGS_PW\mgspw\MLG\disc0_rel\00b2b4b6.PDT:entry1466@0x313f800	43008	53500f07	0	
C:\Program Files (x86)\Steam\steamapps\common\MGS_PW\mgspw\MLG\disc0_rel\00b2b4b6.PDT:entry1467@0x314a000	47104	53501007	0	
C:\Program Files (x86)\Steam\steamapps\common\MGS_PW\mgspw\MLG\disc0_rel\00b2b4b6.PDT:entry1468@0x3155800	40960	53501107	0	
C:\Program Files (x86)\Steam\steamapps\common\MGS_PW\mgspw\MLG\disc0_rel\00b2b4b6.PDT:entry1469@0x315f800	38912	53501207	0	
C:\Program Files (x86)\Steam\steamapps\common\MGS_PW\mgspw\MLG\disc0_rel\00b2b4b6.PDT:entry1470@0x3169000	26624	53501307	0	
C:\Program Files (x86)\Steam\steamapps\common\MGS_PW\mgspw\MLG\disc0_rel\00b2b4b6.PDT:entry1471@0x316f800	20480	53501407	0	
C:\Program Files (x86)\Steam\steamapps\common\MGS_PW\mgspw\MLG\disc0_rel\00b2b4b6.PDT:entry1472@0x3174800	40960	53501507	0	
C:\Program Files (x86)\Steam\steamapps\common\MGS_PW\mgspw\MLG\disc0_rel\00b2b4b6.PDT:entry1473@0x317e800	49152	53501607	0	
C:\Program Files (x86)\Steam\steamapps\common\MGS_PW\mgspw\MLG\disc0_rel\00b2b4b6.PDT:entry1474@0x318a800	51200	53501707	0	
C:\Program Files (x86)\Steam\steamapps\common\MGS_PW\mgspw\MLG\disc0_rel\00b2b4b6.PDT:entry1475@0x3197000	53248	53501807	0	
C:\Program Files (x86)\Steam\steamapps\common\MGS_PW\mgspw\MLG\disc0_rel\00b2b4b6.PDT:entry1476@0x31a4000	51200	53501907	0	
C:\Program Files (x86)\Steam\steamapps\common\MGS_PW\mgspw\MLG\disc0_rel\00b2b4b6.PDT:entry1477@0x31b0800	61440	53501a07	0	
C:\Program Files (x86)\Steam\steamapps\common\MGS_PW\mgspw\MLG\disc0_rel\00b2b4b6.PDT:entry1478@0x31bf800	65536	53501b07	0	
C:\Program Files (x86)\Steam\steamapps\common\MGS_PW\mgspw\MLG\disc0_rel\00b2b4b6.PDT:entry1479@0x31cf800	51200	53501c07	0	
C:\Program Files (x86)\Steam\steamapps\common\MGS_PW\mgspw\MLG\disc0_rel\00b2b4b6.PDT:entry1480@0x31dc000	57344	53501d07	0	
C:\Program Files (x86)\Steam\steamapps\common\MGS_PW\mgspw\MLG\disc0_rel\00b2b4b6.PDT:entry1481@0x31ea000	47104	53501e07	0	
C:\Program Files (x86)\Steam\steamapps\common\MGS_PW\mgspw\MLG\disc0_rel\00b2b4b6.PDT:entry1482@0x31f5800	32768	53501f07	0	
C:\Program Files (x86)\Steam\steamapps\common\MGS_PW\mgspw\MLG\disc0_rel\00b2b4b6.PDT:entry1483@0x31fd800	67584	53502007	0	
C:\Program Files (x86)\Steam\steamapps\common\MGS_PW\mgspw\MLG\disc0_rel\00b2b4b6.PDT:entry1484@0x320e000	45056	53502107	0	
C:\Program Files (x86)\Steam\steamapps\common\MGS_PW\mgspw\MLG\disc0_rel\00b2b4b6.PDT:entry1485@0x3219000	4096	53502207	0	
C:\Program Files (x86)\Steam\steamapps\common\MGS_PW\mgspw\MLG\disc0_rel\00b2b4b6.PDT:entry1486@0x321a000	4096	53502307	0	
C:\Program Files (x86)\Steam\steamapps\common\MGS_PW\mgspw\MLG\disc0_rel\00b2b4b6.PDT:entry1487@0x321b000	86016	53502407	0	
C:\Program Files (x86)\Steam\steamapps\common\MGS_PW\mgspw\MLG\disc0_rel\00b2b4b6.PDT:entry1488@0x3230000	81920	53502507	0	
C:\Program Files (x86)\Steam\steamapps\common\MGS_PW\mgspw\MLG\disc0_rel\00b2b4b6.PDT:entry1489@0x3244000	57344	53502607	0	
C:\Program Files (x86)\Steam\steamapps\common\MGS_PW\mgspw\MLG\disc0_rel\00b2b4b6.PDT:entry1490@0x3252000	40960	53502707	0	
C:\Program Files (x86)\Steam\steamapps\common\MGS_PW\mgspw\MLG\disc0_rel\00b2b4b6.PDT:entry1491@0x325c000	36864	53502807	0	
C:\Program Files (x86)\Steam\steamapps\common\MGS_PW\mgspw\MLG\disc0_rel\00b2b4b6.PDT:entry1492@0x3265000	40960	53502907	0	
C:\Program Files (x86)\Steam\steamapps\common\MGS_PW\mgspw\MLG\disc0_rel\00b2b4b6.PDT:entry1493@0x326f000	26624	53502a07	0	
C:\Program Files (x86)\Steam\steamapps\common\MGS_PW\mgspw\MLG\disc0_rel\00b2b4b6.PDT:entry1494@0x3275800	32768	53502b07	0	
C:\Program Files (x86)\Steam\steamapps\common\MGS_PW\mgspw\MLG\disc0_rel\00b2b4b6.PDT:entry1495@0x327d800	22528	53502c07	0	
C:\Program Files (x86)\Steam\steamapps\common\MGS_PW\mgspw\MLG\disc0_rel\00b2b4b6.PDT:entry1496@0x3283000	32768	53502d07	0	
C:\Program Files (x86)\Steam\steamapps\common\MGS_PW\mgspw\MLG\disc0_rel\00b2b4b6.PDT:entry1497@0x328b000	36864	53502e07	0	
C:\Program Files (x86)\Steam\steamapps\common\MGS_PW\mgspw\MLG\disc0_rel\00b2b4b6.PDT:entry1498@0x3294000	28672	53502f07	0	
C:\Program Files (x86)\Steam\steamapps\common\MGS_PW\mgspw\MLG\disc0_rel\00b2b4b6.PDT:entry1499@0x329b000	28672	53503007	0	
C:\Program Files (x86)\Steam\steamapps\common\MGS_PW\mgspw\MLG\disc0_rel\00b2b4b6.PDT:entry1500@0x32a2000	43008	53503107	0	
C:\Program Files (x86)\Steam\steamapps\common\MGS_PW\mgspw\MLG\disc0_rel\00b2b4b6.PDT:entry1501@0x32ac800	49152	53503207	0	
C:\Program Files (x86)\Steam\steamapps\common\MGS_PW\mgspw\MLG\disc0_rel\00b2b4b6.PDT:entry1502@0x32b8800	28672	53503307	0	
C:\Program Files (x86)\Steam\steamapps\common\MGS_PW\mgspw\MLG\disc0_rel\00b2b4b6.PDT:entry1503@0x32bf800	34816	53503407	0	
C:\Program Files (x86)\Steam\steamapps\common\MGS_PW\mgspw\MLG\disc0_rel\00b2b4b6.PDT:entry1504@0x32c8000	16384	53503507	0	
C:\Program Files (x86)\Steam\steamapps\common\MGS_PW\mgspw\MLG\disc0_rel\00b2b4b6.PDT:entry1505@0x32cc000	26624	53503607	0	
C:\Program Files (x86)\Steam\steamapps\common\MGS_PW\mgspw\MLG\disc0_rel\00b2b4b6.PDT:entry1506@0x32d2800	43008	53503707	0	
C:\Program Files (x86)\Steam\steamapps\common\MGS_PW\mgspw\MLG\disc0_rel\00b2b4b6.PDT:entry1507@0x32dd000	51200	53503807	0	
C:\Program Files (x86)\Steam\steamapps\common\MGS_PW\mgspw\MLG\disc0_rel\00b2b4b6.PDT:entry1508@0x32e9800	28672	53503907	0	
C:\Program Files (x86)\Steam\steamapps\common\MGS_PW\mgspw\MLG\disc0_rel\00b2b4b6.PDT:entry1509@0x32f0800	36864	53503a07	0	
C:\Program Files (x86)\Steam\steamapps\common\MGS_PW\mgspw\MLG\disc0_rel\00b2b4b6.PDT:entry1510@0x32f9800	38912	53503b07	0	
C:\Program Files (x86)\Steam\steamapps\common\MGS_PW\mgspw\MLG\disc0_rel\00b2b4b6.PDT:entry1511@0x3303000	30720	53503c07	0	
C:\Program Files (x86)\Steam\steamapps\common\MGS_PW\mgspw\MLG\disc0_rel\00b2b4b6.PDT:entry1512@0x330a800	38912	53503d07	0	
C:\Program Files (x86)\Steam\steamapps\common\MGS_PW\mgspw\MLG\disc0_rel\00b2b4b6.PDT:entry1513@0x3314000	55296	53503e07	0	
C:\Program Files (x86)\Steam\steamapps\common\MGS_PW\mgspw\MLG\disc0_rel\00b2b4b6.PDT:entry1514@0x3321800	32768	53503f07	0	
C:\Program Files (x86)\Steam\steamapps\common\MGS_PW\mgspw\MLG\disc0_rel\00b2b4b6.PDT:entry1515@0x3329800	51200	53504007	0	
C:\Program Files (x86)\Steam\steamapps\common\MGS_PW\mgspw\MLG\disc0_rel\00b2b4b6.PDT:entry1516@0x3336000	30720	53504107	0	
C:\Program Files (x86)\Steam\steamapps\common\MGS_PW\mgspw\MLG\disc0_rel\00b2b4b6.PDT:entry1517@0x333d800	43008	53504207	0	
C:\Program Files (x86)\Steam\steamapps\common\MGS_PW\mgspw\MLG\disc0_rel\00b2b4b6.PDT:entry1518@0x3348000	30720	53504307	0	
C:\Program Files (x86)\Steam\steamapps\common\MGS_PW\mgspw\MLG\disc0_rel\00b2b4b6.PDT:entry1519@0x334f800	51200	53504407	0	
C:\Program Files (x86)\Steam\steamapps\common\MGS_PW\mgspw\MLG\disc0_rel\00b2b4b6.PDT:entry1520@0x335c000	30720	53504507	0	
C:\Program Files (x86)\Steam\steamapps\common\MGS_PW\mgspw\MLG\disc0_rel\00b2b4b6.PDT:entry1521@0x3363800	36864	53504607	0	
C:\Program Files (x86)\Steam\steamapps\common\MGS_PW\mgspw\MLG\disc0_rel\00b2b4b6.PDT:entry1522@0x336c800	51200	53504707	0	
C:\Program Files (x86)\Steam\steamapps\common\MGS_PW\mgspw\MLG\disc0_rel\00b2b4b6.PDT:entry1523@0x3379000	45056	53504807	0	
C:\Program Files (x86)\Steam\steamapps\common\MGS_PW\mgspw\MLG\disc0_rel\00b2b4b6.PDT:entry1524@0x3384000	47104	53504907	0	
C:\Program Files (x86)\Steam\steamapps\common\MGS_PW\mgspw\MLG\disc0_rel\00b2b4b6.PDT:entry1525@0x338f800	49152	53504a07	0	
C:\Program Files (x86)\Steam\steamapps\common\MGS_PW\mgspw\MLG\disc0_rel\00b2b4b6.PDT:entry1526@0x339b800	36864	53504b07	0	
C:\Program Files (x86)\Steam\steamapps\common\MGS_PW\mgspw\MLG\disc0_rel\00b2b4b6.PDT:entry1527@0x33a4800	38912	53504c07	0	
C:\Program Files (x86)\Steam\steamapps\common\MGS_PW\mgspw\MLG\disc0_rel\00b2b4b6.PDT:entry1528@0x33ae000	36864	53504d07	0	
C:\Program Files (x86)\Steam\steamapps\common\MGS_PW\mgspw\MLG\disc0_rel\00b2b4b6.PDT:entry1529@0x33b7000	40960	53504e07	0	
C:\Program Files (x86)\Steam\steamapps\common\MGS_PW\mgspw\MLG\disc0_rel\00b2b4b6.PDT:entry1530@0x33c1000	40960	53504f07	0	
C:\Program Files (x86)\Steam\steamapps\common\MGS_PW\mgspw\MLG\disc0_rel\00b2b4b6.PDT:entry1531@0x33cb000	69632	53505007	0	
C:\Program Files (x86)\Steam\steamapps\common\MGS_PW\mgspw\MLG\disc0_rel\00b2b4b6.PDT:entry1532@0x33dc000	65536	53505107	0	
C:\Program Files (x86)\Steam\steamapps\common\MGS_PW\mgspw\MLG\disc0_rel\00b2b4b6.PDT:entry1533@0x33ec000	24576	53505207	0	
C:\Program Files (x86)\Steam\steamapps\common\MGS_PW\mgspw\MLG\disc0_rel\00b2b4b6.PDT:entry1534@0x33f2000	28672	53505307	0	
C:\Program Files (x86)\Steam\steamapps\common\MGS_PW\mgspw\MLG\disc0_rel\00b2b4b6.PDT:entry1535@0x33f9000	36864	53505407	1	encoded_by=Pro Tools!
C:\Program Files (x86)\Steam\steamapps\common\MGS_PW\mgspw\MLG\disc0_rel\00b2b4b6.PDT:entry1536@0x3402000	24576	53505607	0	
C:\Program Files (x86)\Steam\steamapps\common\MGS_PW\mgspw\MLG\disc0_rel\00b2b4b6.PDT:entry1537@0x3408000	26624	53505707	0	
C:\Program Files (x86)\Steam\steamapps\common\MGS_PW\mgspw\MLG\disc0_rel\00b2b4b6.PDT:entry1538@0x340e800	24576	53505807	0	
C:\Program Files (x86)\Steam\steamapps\common\MGS_PW\mgspw\MLG\disc0_rel\00b2b4b6.PDT:entry1539@0x3414800	49152	53505907	0	
C:\Program Files (x86)\Steam\steamapps\common\MGS_PW\mgspw\MLG\disc0_rel\00b2b4b6.PDT:entry1540@0x3420800	30720	53505a07	0	
C:\Program Files (x86)\Steam\steamapps\common\MGS_PW\mgspw\MLG\disc0_rel\00b2b4b6.PDT:entry1541@0x3428000	20480	53505b07	0	
C:\Program Files (x86)\Steam\steamapps\common\MGS_PW\mgspw\MLG\disc0_rel\00b2b4b6.PDT:entry1542@0x342d000	22528	53505c07	0	
C:\Program Files (x86)\Steam\steamapps\common\MGS_PW\mgspw\MLG\disc0_rel\00b2b4b6.PDT:entry1543@0x3432800	22528	53505d07	0	
C:\Program Files (x86)\Steam\steamapps\common\MGS_PW\mgspw\MLG\disc0_rel\00b2b4b6.PDT:entry1544@0x3438000	36864	53505e07	0	
C:\Program Files (x86)\Steam\steamapps\common\MGS_PW\mgspw\MLG\disc0_rel\00b2b4b6.PDT:entry1545@0x3441000	16384	53505f07	0	
C:\Program Files (x86)\Steam\steamapps\common\MGS_PW\mgspw\MLG\disc0_rel\00b2b4b6.PDT:entry1546@0x3445000	40960	53506007	0	
C:\Program Files (x86)\Steam\steamapps\common\MGS_PW\mgspw\MLG\disc0_rel\00b2b4b6.PDT:entry1547@0x344f000	26624	53506107	0	
C:\Program Files (x86)\Steam\steamapps\common\MGS_PW\mgspw\MLG\disc0_rel\00b2b4b6.PDT:entry1548@0x3455800	43008	53506207	0	
C:\Program Files (x86)\Steam\steamapps\common\MGS_PW\mgspw\MLG\disc0_rel\00b2b4b6.PDT:entry1549@0x3460000	55296	53506307	0	
C:\Program Files (x86)\Steam\steamapps\common\MGS_PW\mgspw\MLG\disc0_rel\00b2b4b6.PDT:entry1550@0x346d800	32768	53506407	0	
C:\Program Files (x86)\Steam\steamapps\common\MGS_PW\mgspw\MLG\disc0_rel\00b2b4b6.PDT:entry1551@0x3475800	24576	53506507	0	
C:\Program Files (x86)\Steam\steamapps\common\MGS_PW\mgspw\MLG\disc0_rel\00b2b4b6.PDT:entry1552@0x347b800	32768	5350f707	1	encoded_by=Pro Tools!
C:\Program Files (x86)\Steam\steamapps\common\MGS_PW\mgspw\MLG\disc0_rel\00b2b4b6.PDT:entry1553@0x3483800	43008	5350f807	1	encoded_by=Pro Tools!
C:\Program Files (x86)\Steam\steamapps\common\MGS_PW\mgspw\MLG\disc0_rel\00b2b4b6.PDT:entry1554@0x348e000	43008	5350f907	1	encoded_by=Pro Tools!
C:\Program Files (x86)\Steam\steamapps\common\MGS_PW\mgspw\MLG\disc0_rel\00b2b4b6.PDT:entry1555@0x3498800	59392	5350fa07	1	encoded_by=Pro Tools!
C:\Program Files (x86)\Steam\steamapps\common\MGS_PW\mgspw\MLG\disc0_rel\00b2b4b6.PDT:entry1556@0x34a7000	59392	5350fc07	1	encoded_by=Pro Tools!
C:\Program Files (x86)\Steam\steamapps\common\MGS_PW\mgspw\MLG\disc0_rel\00b2b4b6.PDT:entry1557@0x34b5800	59392	5350fd07	1	encoded_by=Pro Tools!
C:\Program Files (x86)\Steam\steamapps\common\MGS_PW\mgspw\MLG\disc0_rel\00b2b4b6.PDT:entry1558@0x34c4000	59392	5350ff07	1	encoded_by=Pro Tools!
C:\Program Files (x86)\Steam\steamapps\common\MGS_PW\mgspw\MLG\disc0_rel\00b2b4b6.PDT:entry1559@0x34d2800	40960	53500008	0	
C:\Program Files (x86)\Steam\steamapps\common\MGS_PW\mgspw\MLG\disc0_rel\00b2b4b6.PDT:entry1560@0x34dc800	26624	53500108	0	
C:\Program Files (x86)\Steam\steamapps\common\MGS_PW\mgspw\MLG\disc0_rel\00b2b4b6.PDT:entry1561@0x34e3000	32768	53500208	0	
C:\Program Files (x86)\Steam\steamapps\common\MGS_PW\mgspw\MLG\disc0_rel\00b2b4b6.PDT:entry1562@0x34eb000	47104	53500308	0	
C:\Program Files (x86)\Steam\steamapps\common\MGS_PW\mgspw\MLG\disc0_rel\00b2b4b6.PDT:entry1563@0x34f6800	34816	53500408	0	
C:\Program Files (x86)\Steam\steamapps\common\MGS_PW\mgspw\MLG\disc0_rel\00b2b4b6.PDT:entry1564@0x34ff000	57344	53500508	0	
C:\Program Files (x86)\Steam\steamapps\common\MGS_PW\mgspw\MLG\disc0_rel\00b2b4b6.PDT:entry1565@0x350d000	28672	53500608	1	encoded_by=Pro Tools!
C:\Program Files (x86)\Steam\steamapps\common\MGS_PW\mgspw\MLG\disc0_rel\00b2b4b6.PDT:entry1566@0x3514000	20480	53500908	1	encoded_by=Pro Tools!
C:\Program Files (x86)\Steam\steamapps\common\MGS_PW\mgspw\MLG\disc0_rel\00b2b4b6.PDT:entry1567@0x3519000	36864	53500d08	0	
C:\Program Files (x86)\Steam\steamapps\common\MGS_PW\mgspw\MLG\disc0_rel\00b2b4b6.PDT:entry1568@0x3522000	26624	53500e08	0	
C:\Program Files (x86)\Steam\steamapps\common\MGS_PW\mgspw\MLG\disc0_rel\00b2b4b6.PDT:entry1569@0x3528800	26624	53500f08	0	
C:\Program Files (x86)\Steam\steamapps\common\MGS_PW\mgspw\MLG\disc0_rel\00b2b4b6.PDT:entry1570@0x352f000	47104	53508109	0	
C:\Program Files (x86)\Steam\steamapps\common\MGS_PW\mgspw\MLG\disc0_rel\00b2b4b6.PDT:entry1571@0x353a800	18432	53508209	0	
C:\Program Files (x86)\Steam\steamapps\common\MGS_PW\mgspw\MLG\disc0_rel\00b2b4b6.PDT:entry1572@0x353f000	51200	53501008	0	
C:\Program Files (x86)\Steam\steamapps\common\MGS_PW\mgspw\MLG\disc0_rel\00b2b4b6.PDT:entry1573@0x354b800	51200	53501108	0	
C:\Program Files (x86)\Steam\steamapps\common\MGS_PW\mgspw\MLG\disc0_rel\00b2b4b6.PDT:entry1574@0x3558000	47104	53501208	0	
C:\Program Files (x86)\Steam\steamapps\common\MGS_PW\mgspw\MLG\disc0_rel\00b2b4b6.PDT:entry1575@0x3563800	40960	53501308	0	
C:\Program Files (x86)\Steam\steamapps\common\MGS_PW\mgspw\MLG\disc0_rel\00b2b4b6.PDT:entry1576@0x356d800	40960	53501408	0	
C:\Program Files (x86)\Steam\steamapps\common\MGS_PW\mgspw\MLG\disc0_rel\00b2b4b6.PDT:entry1577@0x3577800	45056	53501508	0	
C:\Program Files (x86)\Steam\steamapps\common\MGS_PW\mgspw\MLG\disc0_rel\00b2b4b6.PDT:entry1578@0x3582800	55296	53501608	0	
C:\Program Files (x86)\Steam\steamapps\common\MGS_PW\mgspw\MLG\disc0_rel\00b2b4b6.PDT:entry1579@0x3590000	40960	53501708	0	
C:\Program Files (x86)\Steam\steamapps\common\MGS_PW\mgspw\MLG\disc0_rel\00b2b4b6.PDT:entry1580@0x359a000	36864	53501808	0	
C:\Program Files (x86)\Steam\steamapps\common\MGS_PW\mgspw\MLG\disc0_rel\00b2b4b6.PDT:entry1581@0x35a3000	36864	53501908	0	
C:\Program Files (x86)\Steam\steamapps\common\MGS_PW\mgspw\MLG\disc0_rel\00b2b4b6.PDT:entry1582@0x35ac000	24576	53501a08	0	
C:\Program Files (x86)\Steam\steamapps\common\MGS_PW\mgspw\MLG\disc0_rel\00b2b4b6.PDT:entry1583@0x35b2000	34816	53501b08	0	
C:\Program Files (x86)\Steam\steamapps\common\MGS_PW\mgspw\MLG\disc0_rel\00b2b4b6.PDT:entry1584@0x35ba800	20480	53501c08	0	
C:\Program Files (x86)\Steam\steamapps\common\MGS_PW\mgspw\MLG\disc0_rel\00b2b4b6.PDT:entry1585@0x35bf800	43008	53501d08	0	
C:\Program Files (x86)\Steam\steamapps\common\MGS_PW\mgspw\MLG\disc0_rel\00b2b4b6.PDT:entry1586@0x35ca000	51200	53501e08	0	
C:\Program Files (x86)\Steam\steamapps\common\MGS_PW\mgspw\MLG\disc0_rel\00b2b4b6.PDT:entry1587@0x35d6800	49152	53501f08	0	
C:\Program Files (x86)\Steam\steamapps\common\MGS_PW\mgspw\MLG\disc0_rel\00b2b4b6.PDT:entry1588@0x35e2800	43008	53502008	0	
C:\Program Files (x86)\Steam\steamapps\common\MGS_PW\mgspw\MLG\disc0_rel\00b2b4b6.PDT:entry1589@0x35ed000	47104	53502108	0	
C:\Program Files (x86)\Steam\steamapps\common\MGS_PW\mgspw\MLG\disc0_rel\00b2b4b6.PDT:entry1590@0x35f8800	38912	53502208	0	
C:\Program Files (x86)\Steam\steamapps\common\MGS_PW\mgspw\MLG\disc0_rel\00b2b4b6.PDT:entry1591@0x3602000	30720	53502308	0	
C:\Program Files (x86)\Steam\steamapps\common\MGS_PW\mgspw\MLG\disc0_rel\00b2b4b6.PDT:entry1592@0x3609800	16384	53502408	0	
C:\Program Files (x86)\Steam\steamapps\common\MGS_PW\mgspw\MLG\disc0_rel\00b2b4b6.PDT:entry1593@0x360d800	32768	53502508	0	
C:\Program Files (x86)\Steam\steamapps\common\MGS_PW\mgspw\MLG\disc0_rel\00b2b4b6.PDT:entry1594@0x3615800	45056	53502608	0	
C:\Program Files (x86)\Steam\steamapps\common\MGS_PW\mgspw\MLG\disc0_rel\00b2b4b6.PDT:entry1595@0x3620800	45056	53502708	0	
C:\Program Files (x86)\Steam\steamapps\common\MGS_PW\mgspw\MLG\disc0_rel\00b2b4b6.PDT:entry1596@0x362b800	43008	53502808	0	
C:\Program Files (x86)\Steam\steamapps\common\MGS_PW\mgspw\MLG\disc0_rel\00b2b4b6.PDT:entry1597@0x3636000	26624	53502908	0	
C:\Program Files (x86)\Steam\steamapps\common\MGS_PW\mgspw\MLG\disc0_rel\00b2b4b6.PDT:entry1598@0x363c800	30720	53502a08	0	
C:\Program Files (x86)\Steam\steamapps\common\MGS_PW\mgspw\MLG\disc0_rel\00b2b4b6.PDT:entry1599@0x3644000	38912	53502b08	0	
C:\Program Files (x86)\Steam\steamapps\common\MGS_PW\mgspw\MLG\disc0_rel\00b2b4b6.PDT:entry1600@0x364d800	36864	53502c08	0	
C:\Program Files (x86)\Steam\steamapps\common\MGS_PW\mgspw\MLG\disc0_rel\00b2b4b6.PDT:entry1601@0x3656800	63488	53502d08	0	
C:\Program Files (x86)\Steam\steamapps\common\MGS_PW\mgspw\MLG\disc0_rel\00b2b4b6.PDT:entry1602@0x3666000	40960	53502e08	0	
C:\Program Files (x86)\Steam\steamapps\common\MGS_PW\mgspw\MLG\disc0_rel\00b2b4b6.PDT:entry1603@0x3670000	34816	53502f08	0	
C:\Program Files (x86)\Steam\steamapps\common\MGS_PW\mgspw\MLG\disc0_rel\00b2b4b6.PDT:entry1604@0x3678800	28672	53503008	0	
C:\Program Files (x86)\Steam\steamapps\common\MGS_PW\mgspw\MLG\disc0_rel\00b2b4b6.PDT:entry1605@0x367f800	22528	53503108	0	
C:\Program Files (x86)\Steam\steamapps\common\MGS_PW\mgspw\MLG\disc0_rel\00b2b4b6.PDT:entry1606@0x3685000	38912	53503208	0	
C:\Program Files (x86)\Steam\steamapps\common\MGS_PW\mgspw\MLG\disc0_rel\00b2b4b6.PDT:entry1607@0x368e800	43008	53503308	0	
C:\Program Files (x86)\Steam\steamapps\common\MGS_PW\mgspw\MLG\disc0_rel\00b2b4b6.PDT:entry1608@0x3699000	34816	53503408	0	
C:\Program Files (x86)\Steam\steamapps\common\MGS_PW\mgspw\MLG\disc0_rel\00b2b4b6.PDT:entry1609@0x36a1800	43008	53503508	0	
C:\Program Files (x86)\Steam\steamapps\common\MGS_PW\mgspw\MLG\disc0_rel\00b2b4b6.PDT:entry1610@0x36ac000	40960	53503608	0	
C:\Program Files (x86)\Steam\steamapps\common\MGS_PW\mgspw\MLG\disc0_rel\00b2b4b6.PDT:entry1611@0x36b6000	59392	53503708	0	
C:\Program Files (x86)\Steam\steamapps\common\MGS_PW\mgspw\MLG\disc0_rel\00b2b4b6.PDT:entry1612@0x36c4800	34816	53503808	0	
C:\Program Files (x86)\Steam\steamapps\common\MGS_PW\mgspw\MLG\disc0_rel\00b2b4b6.PDT:entry1613@0x36cd000	20480	53503908	0	
C:\Program Files (x86)\Steam\steamapps\common\MGS_PW\mgspw\MLG\disc0_rel\00b2b4b6.PDT:entry1614@0x36d2000	38912	53503a08	0	
C:\Program Files (x86)\Steam\steamapps\common\MGS_PW\mgspw\MLG\disc0_rel\00b2b4b6.PDT:entry1615@0x36db800	34816	53503b08	0	
C:\Program Files (x86)\Steam\steamapps\common\MGS_PW\mgspw\MLG\disc0_rel\00b2b4b6.PDT:entry1616@0x36e4000	34816	53503c08	0	
C:\Program Files (x86)\Steam\steamapps\common\MGS_PW\mgspw\MLG\disc0_rel\00b2b4b6.PDT:entry1617@0x36ec800	26624	53503d08	0	
C:\Program Files (x86)\Steam\steamapps\common\MGS_PW\mgspw\MLG\disc0_rel\00b2b4b6.PDT:entry1618@0x36f3000	12288	53503e08	0	
C:\Program Files (x86)\Steam\steamapps\common\MGS_PW\mgspw\MLG\disc0_rel\00b2b4b6.PDT:entry1619@0x36f6000	55296	53503f08	0	
C:\Program Files (x86)\Steam\steamapps\common\MGS_PW\mgspw\MLG\disc0_rel\00b2b4b6.PDT:entry1620@0x3703800	57344	53504008	0	
C:\Program Files (x86)\Steam\steamapps\common\MGS_PW\mgspw\MLG\disc0_rel\00b2b4b6.PDT:entry1621@0x3711800	53248	53504108	0	
C:\Program Files (x86)\Steam\steamapps\common\MGS_PW\mgspw\MLG\disc0_rel\00b2b4b6.PDT:entry1622@0x371e800	36864	53504208	0	
C:\Program Files (x86)\Steam\steamapps\common\MGS_PW\mgspw\MLG\disc0_rel\00b2b4b6.PDT:entry1623@0x3727800	49152	53508309	0	
C:\Program Files (x86)\Steam\steamapps\common\MGS_PW\mgspw\MLG\disc0_rel\00b2b4b6.PDT:entry1624@0x3733800	45056	53508409	0	
C:\Program Files (x86)\Steam\steamapps\common\MGS_PW\mgspw\MLG\disc0_rel\00b2b4b6.PDT:entry1625@0x373e800	55296	53504308	0	
C:\Program Files (x86)\Steam\steamapps\common\MGS_PW\mgspw\MLG\disc0_rel\00b2b4b6.PDT:entry1626@0x374c000	40960	53504408	0	
C:\Program Files (x86)\Steam\steamapps\common\MGS_PW\mgspw\MLG\disc0_rel\00b2b4b6.PDT:entry1627@0x3756000	63488	53504508	0	
C:\Program Files (x86)\Steam\steamapps\common\MGS_PW\mgspw\MLG\disc0_rel\00b2b4b6.PDT:entry1628@0x3765800	34816	53504608	0	
C:\Program Files (x86)\Steam\steamapps\common\MGS_PW\mgspw\MLG\disc0_rel\00b2b4b6.PDT:entry1629@0x376e000	47104	53504708	0	
C:\Program Files (x86)\Steam\steamapps\common\MGS_PW\mgspw\MLG\disc0_rel\00b2b4b6.PDT:entry1630@0x3779800	40960	53504808	0	
C:\Program Files (x86)\Steam\steamapps\common\MGS_PW\mgspw\MLG\disc0_rel\00b2b4b6.PDT:entry1631@0x3783800	40960	53504908	0	
C:\Program Files (x86)\Steam\steamapps\common\MGS_PW\mgspw\MLG\disc0_rel\00b2b4b6.PDT:entry1632@0x378d800	30720	53504a08	0	
C:\Program Files (x86)\Steam\steamapps\common\MGS_PW\mgspw\MLG\disc0_rel\00b2b4b6.PDT:entry1633@0x3795000	51200	53504b08	0	
C:\Program Files (x86)\Steam\steamapps\common\MGS_PW\mgspw\MLG\disc0_rel\00b2b4b6.PDT:entry1634@0x37a1800	47104	53504c08	0	
C:\Program Files (x86)\Steam\steamapps\common\MGS_PW\mgspw\MLG\disc0_rel\00b2b4b6.PDT:entry1635@0x37ad000	6144	53504d08	0	
C:\Program Files (x86)\Steam\steamapps\common\MGS_PW\mgspw\MLG\disc0_rel\00b2b4b6.PDT:entry1636@0x37ae800	32768	53504e08	0	
C:\Program Files (x86)\Steam\steamapps\common\MGS_PW\mgspw\MLG\disc0_rel\00b2b4b6.PDT:entry1637@0x37b6800	47104	53504f08	0	
C:\Program Files (x86)\Steam\steamapps\common\MGS_PW\mgspw\MLG\disc0_rel\00b2b4b6.PDT:entry1638@0x37c2000	55296	53505008	0	
C:\Program Files (x86)\Steam\steamapps\common\MGS_PW\mgspw\MLG\disc0_rel\00b2b4b6.PDT:entry1639@0x37cf800	47104	53505108	0	
C:\Program Files (x86)\Steam\steamapps\common\MGS_PW\mgspw\MLG\disc0_rel\00b2b4b6.PDT:entry1640@0x37db000	36864	53505208	0	
C:\Program Files (x86)\Steam\steamapps\common\MGS_PW\mgspw\MLG\disc0_rel\00b2b4b6.PDT:entry1641@0x37e4000	36864	53505408	0	
C:\Program Files (x86)\Steam\steamapps\common\MGS_PW\mgspw\MLG\disc0_rel\00b2b4b6.PDT:entry1642@0x37ed000	43008	53505508	0	
C:\Program Files (x86)\Steam\steamapps\common\MGS_PW\mgspw\MLG\disc0_rel\00b2b4b6.PDT:entry1643@0x37f7800	36864	53505608	0	
C:\Program Files (x86)\Steam\steamapps\common\MGS_PW\mgspw\MLG\disc0_rel\00b2b4b6.PDT:entry1644@0x3800800	24576	53505708	0	
C:\Program Files (x86)\Steam\steamapps\common\MGS_PW\mgspw\MLG\disc0_rel\00b2b4b6.PDT:entry1645@0x3806800	36864	53505808	0	
C:\Program Files (x86)\Steam\steamapps\common\MGS_PW\mgspw\MLG\disc0_rel\00b2b4b6.PDT:entry1646@0x380f800	51200	53505908	0	
C:\Program Files (x86)\Steam\steamapps\common\MGS_PW\mgspw\MLG\disc0_rel\00b2b4b6.PDT:entry1647@0x381c000	53248	53505a08	0	
C:\Program Files (x86)\Steam\steamapps\common\MGS_PW\mgspw\MLG\disc0_rel\00b2b4b6.PDT:entry1648@0x3829000	43008	53505b08	0	
C:\Program Files (x86)\Steam\steamapps\common\MGS_PW\mgspw\MLG\disc0_rel\00b2b4b6.PDT:entry1649@0x3833800	40960	53505c08	0	
C:\Program Files (x86)\Steam\steamapps\common\MGS_PW\mgspw\MLG\disc0_rel\00b2b4b6.PDT:entry1650@0x383d800	47104	53505d08	0	
C:\Program Files (x86)\Steam\steamapps\common\MGS_PW\mgspw\MLG\disc0_rel\00b2b4b6.PDT:entry1651@0x3849000	49152	53505e08	0	
C:\Program Files (x86)\Steam\steamapps\common\MGS_PW\mgspw\MLG\disc0_rel\00b2b4b6.PDT:entry1652@0x3855000	57344	53505f08	0	
C:\Program Files (x86)\Steam\steamapps\common\MGS_PW\mgspw\MLG\disc0_rel\00b2b4b6.PDT:entry1653@0x3863000	26624	53506008	0	
C:\Program Files (x86)\Steam\steamapps\common\MGS_PW\mgspw\MLG\disc0_rel\00b2b4b6.PDT:entry1654@0x3869800	30720	53506108	0	
C:\Program Files (x86)\Steam\steamapps\common\MGS_PW\mgspw\MLG\disc0_rel\00b2b4b6.PDT:entry1655@0x3871000	32768	53506208	0	
C:\Program Files (x86)\Steam\steamapps\common\MGS_PW\mgspw\MLG\disc0_rel\00b2b4b6.PDT:entry1656@0x3879000	40960	53506308	0	
C:\Program Files (x86)\Steam\steamapps\common\MGS_PW\mgspw\MLG\disc0_rel\00b2b4b6.PDT:entry1657@0x3883000	28672	53506408	0	
C:\Program Files (x86)\Steam\steamapps\common\MGS_PW\mgspw\MLG\disc0_rel\00b2b4b6.PDT:entry1658@0x388a000	22528	53506508	0	
C:\Program Files (x86)\Steam\steamapps\common\MGS_PW\mgspw\MLG\disc0_rel\00b2b4b6.PDT:entry1659@0x388f800	32768	53506608	0	
C:\Program Files (x86)\Steam\steamapps\common\MGS_PW\mgspw\MLG\disc0_rel\00b2b4b6.PDT:entry1660@0x3897800	47104	53506708	0	
C:\Program Files (x86)\Steam\steamapps\common\MGS_PW\mgspw\MLG\disc0_rel\00b2b4b6.PDT:entry1661@0x38a3000	34816	53506808	0	
C:\Program Files (x86)\Steam\steamapps\common\MGS_PW\mgspw\MLG\disc0_rel\00b2b4b6.PDT:entry1662@0x38ab800	53248	53506908	0	
C:\Program Files (x86)\Steam\steamapps\common\MGS_PW\mgspw\MLG\disc0_rel\00b2b4b6.PDT:entry1663@0x38b8800	55296	53506a08	0	
C:\Program Files (x86)\Steam\steamapps\common\MGS_PW\mgspw\MLG\disc0_rel\00b2b4b6.PDT:entry1664@0x38c6000	53248	53506b08	1	encoded_by=Pro Tools!
C:\Program Files (x86)\Steam\steamapps\common\MGS_PW\mgspw\MLG\disc0_rel\00b2b4b6.PDT:entry1665@0x38d3000	53248	53506d08	1	encoded_by=Pro Tools!
C:\Program Files (x86)\Steam\steamapps\common\MGS_PW\mgspw\MLG\disc0_rel\00b2b4b6.PDT:entry1666@0x38e0000	67584	53506f08	0	
C:\Program Files (x86)\Steam\steamapps\common\MGS_PW\mgspw\MLG\disc0_rel\00b2b4b6.PDT:entry1667@0x38f0800	57344	53507008	0	
C:\Program Files (x86)\Steam\steamapps\common\MGS_PW\mgspw\MLG\disc0_rel\00b2b4b6.PDT:entry1668@0x38fe800	30720	53507108	0	
C:\Program Files (x86)\Steam\steamapps\common\MGS_PW\mgspw\MLG\disc0_rel\00b2b4b6.PDT:entry1669@0x3906000	20480	53507208	0	
C:\Program Files (x86)\Steam\steamapps\common\MGS_PW\mgspw\MLG\disc0_rel\00b2b4b6.PDT:entry1670@0x390b000	14336	53507308	0	
C:\Program Files (x86)\Steam\steamapps\common\MGS_PW\mgspw\MLG\disc0_rel\00b2b4b6.PDT:entry1671@0x390e800	14336	53507408	0	
C:\Program Files (x86)\Steam\steamapps\common\MGS_PW\mgspw\MLG\disc0_rel\00b2b4b6.PDT:entry1672@0x3912000	47104	53507508	0	
C:\Program Files (x86)\Steam\steamapps\common\MGS_PW\mgspw\MLG\disc0_rel\00b2b4b6.PDT:entry1673@0x391d800	32768	53507608	0	
C:\Program Files (x86)\Steam\steamapps\common\MGS_PW\mgspw\MLG\disc0_rel\00b2b4b6.PDT:entry1674@0x3925800	34816	53507708	0	
C:\Program Files (x86)\Steam\steamapps\common\MGS_PW\mgspw\MLG\disc0_rel\00b2b4b6.PDT:entry1675@0x392e000	40960	53507808	0	
C:\Program Files (x86)\Steam\steamapps\common\MGS_PW\mgspw\MLG\disc0_rel\00b2b4b6.PDT:entry1676@0x3938000	30720	53507908	0	
C:\Program Files (x86)\Steam\steamapps\common\MGS_PW\mgspw\MLG\disc0_rel\00b2b4b6.PDT:entry1677@0x393f800	47104	53507a08	0	
C:\Program Files (x86)\Steam\steamapps\common\MGS_PW\mgspw\MLG\disc0_rel\00b2b4b6.PDT:entry1678@0x394b000	63488	53507b08	0	
C:\Program Files (x86)\Steam\steamapps\common\MGS_PW\mgspw\MLG\disc0_rel\00b2b4b6.PDT:entry1679@0x395a800	38912	53507c08	0	
C:\Program Files (x86)\Steam\steamapps\common\MGS_PW\mgspw\MLG\disc0_rel\00b2b4b6.PDT:entry1680@0x3964000	34816	53507d08	0	
C:\Program Files (x86)\Steam\steamapps\common\MGS_PW\mgspw\MLG\disc0_rel\00b2b4b6.PDT:entry1681@0x396c800	40960	53507e08	0	
C:\Program Files (x86)\Steam\steamapps\common\MGS_PW\mgspw\MLG\disc0_rel\00b2b4b6.PDT:entry1682@0x3976800	40960	53507f08	0	
C:\Program Files (x86)\Steam\steamapps\common\MGS_PW\mgspw\MLG\disc0_rel\00b2b4b6.PDT:entry1683@0x3980800	30720	53508008	0	
C:\Program Files (x86)\Steam\steamapps\common\MGS_PW\mgspw\MLG\disc0_rel\00b2b4b6.PDT:entry1684@0x3988000	47104	53508108	0	
C:\Program Files (x86)\Steam\steamapps\common\MGS_PW\mgspw\MLG\disc0_rel\00b2b4b6.PDT:entry1685@0x3993800	36864	53508208	0	
C:\Program Files (x86)\Steam\steamapps\common\MGS_PW\mgspw\MLG\disc0_rel\00b2b4b6.PDT:entry1686@0x399c800	49152	53508308	0	
C:\Program Files (x86)\Steam\steamapps\common\MGS_PW\mgspw\MLG\disc0_rel\00b2b4b6.PDT:entry1687@0x39a8800	30720	53508408	0	
C:\Program Files (x86)\Steam\steamapps\common\MGS_PW\mgspw\MLG\disc0_rel\00b2b4b6.PDT:entry1688@0x39b0000	18432	53508508	0	
C:\Program Files (x86)\Steam\steamapps\common\MGS_PW\mgspw\MLG\disc0_rel\00b2b4b6.PDT:entry1689@0x39b4800	14336	53508608	0	
C:\Program Files (x86)\Steam\steamapps\common\MGS_PW\mgspw\MLG\disc0_rel\00b2b4b6.PDT:entry1690@0x39b8000	16384	53508708	0	
C:\Program Files (x86)\Steam\steamapps\common\MGS_PW\mgspw\MLG\disc0_rel\00b2b4b6.PDT:entry1691@0x39bc000	24576	53508808	0	
C:\Program Files (x86)\Steam\steamapps\common\MGS_PW\mgspw\MLG\disc0_rel\00b2b4b6.PDT:entry1692@0x39c2000	34816	53508908	0	
C:\Program Files (x86)\Steam\steamapps\common\MGS_PW\mgspw\MLG\disc0_rel\00b2b4b6.PDT:entry1693@0x39ca800	51200	53508a08	0	
C:\Program Files (x86)\Steam\steamapps\common\MGS_PW\mgspw\MLG\disc0_rel\00b2b4b6.PDT:entry1694@0x39d7000	34816	53508b08	0	
C:\Program Files (x86)\Steam\steamapps\common\MGS_PW\mgspw\MLG\disc0_rel\00b2b4b6.PDT:entry1695@0x39df800	40960	53508c08	0	
C:\Program Files (x86)\Steam\steamapps\common\MGS_PW\mgspw\MLG\disc0_rel\00b2b4b6.PDT:entry1696@0x39e9800	26624	53508d08	0	
C:\Program Files (x86)\Steam\steamapps\common\MGS_PW\mgspw\MLG\disc0_rel\00b2b4b6.PDT:entry1697@0x39f0000	38912	53508e08	0	
C:\Program Files (x86)\Steam\steamapps\common\MGS_PW\mgspw\MLG\disc0_rel\00b2b4b6.PDT:entry1698@0x39f9800	40960	53508f08	0	
C:\Program Files (x86)\Steam\steamapps\common\MGS_PW\mgspw\MLG\disc0_rel\00b2b4b6.PDT:entry1699@0x3a03800	28672	53509008	0	
C:\Program Files (x86)\Steam\steamapps\common\MGS_PW\mgspw\MLG\disc0_rel\00b2b4b6.PDT:entry1700@0x3a0a800	36864	53509108	0	
C:\Program Files (x86)\Steam\steamapps\common\MGS_PW\mgspw\MLG\disc0_rel\00b2b4b6.PDT:entry1701@0x3a13800	30720	53509208	0	
C:\Program Files (x86)\Steam\steamapps\common\MGS_PW\mgspw\MLG\disc0_rel\00b2b4b6.PDT:entry1702@0x3a1b000	30720	53509308	0	
C:\Program Files (x86)\Steam\steamapps\common\MGS_PW\mgspw\MLG\disc0_rel\00b2b4b6.PDT:entry1703@0x3a22800	20480	53509408	0	
C:\Program Files (x86)\Steam\steamapps\common\MGS_PW\mgspw\MLG\disc0_rel\00b2b4b6.PDT:entry1704@0x3a27800	38912	53509508	0	
C:\Program Files (x86)\Steam\steamapps\common\MGS_PW\mgspw\MLG\disc0_rel\00b2b4b6.PDT:entry1705@0x3a31000	51200	53509608	0	
C:\Program Files (x86)\Steam\steamapps\common\MGS_PW\mgspw\MLG\disc0_rel\00b2b4b6.PDT:entry1706@0x3a3d800	55296	53509708	0	
C:\Program Files (x86)\Steam\steamapps\common\MGS_PW\mgspw\MLG\disc0_rel\00b2b4b6.PDT:entry1707@0x3a4b000	28672	53509808	0	
C:\Program Files (x86)\Steam\steamapps\common\MGS_PW\mgspw\MLG\disc0_rel\00b2b4b6.PDT:entry1708@0x3a52000	18432	53509908	0	
C:\Program Files (x86)\Steam\steamapps\common\MGS_PW\mgspw\MLG\disc0_rel\00b2b4b6.PDT:entry1709@0x3a56800	36864	53509a08	0	
C:\Program Files (x86)\Steam\steamapps\common\MGS_PW\mgspw\MLG\disc0_rel\00b2b4b6.PDT:entry1710@0x3a5f800	32768	53509b08	0	
C:\Program Files (x86)\Steam\steamapps\common\MGS_PW\mgspw\MLG\disc0_rel\00b2b4b6.PDT:entry1711@0x3a67800	36864	53509c08	0	
C:\Program Files (x86)\Steam\steamapps\common\MGS_PW\mgspw\MLG\disc0_rel\00b2b4b6.PDT:entry1712@0x3a70800	16384	53509d08	0	
C:\Program Files (x86)\Steam\steamapps\common\MGS_PW\mgspw\MLG\disc0_rel\00b2b4b6.PDT:entry1713@0x3a74800	32768	53509e08	0	
C:\Program Files (x86)\Steam\steamapps\common\MGS_PW\mgspw\MLG\disc0_rel\00b2b4b6.PDT:entry1714@0x3a7c800	28672	53509f08	0	
C:\Program Files (x86)\Steam\steamapps\common\MGS_PW\mgspw\MLG\disc0_rel\00b2b4b6.PDT:entry1715@0x3a83800	36864	5350a008	0	
C:\Program Files (x86)\Steam\steamapps\common\MGS_PW\mgspw\MLG\disc0_rel\00b2b4b6.PDT:entry1716@0x3a8c800	30720	5350a108	0	
C:\Program Files (x86)\Steam\steamapps\common\MGS_PW\mgspw\MLG\disc0_rel\00b2b4b6.PDT:entry1717@0x3a94000	30720	5350a208	0	
C:\Program Files (x86)\Steam\steamapps\common\MGS_PW\mgspw\MLG\disc0_rel\00b2b4b6.PDT:entry1718@0x3a9b800	32768	5350a308	0	
C:\Program Files (x86)\Steam\steamapps\common\MGS_PW\mgspw\MLG\disc0_rel\00b2b4b6.PDT:entry1719@0x3aa3800	34816	5350a408	0	
C:\Program Files (x86)\Steam\steamapps\common\MGS_PW\mgspw\MLG\disc0_rel\00b2b4b6.PDT:entry1720@0x3aac000	24576	5350a508	0	
C:\Program Files (x86)\Steam\steamapps\common\MGS_PW\mgspw\MLG\disc0_rel\00b2b4b6.PDT:entry1721@0x3ab2000	34816	5350a608	0	
C:\Program Files (x86)\Steam\steamapps\common\MGS_PW\mgspw\MLG\disc0_rel\00b2b4b6.PDT:entry1722@0x3aba800	22528	5350a708	0	
C:\Program Files (x86)\Steam\steamapps\common\MGS_PW\mgspw\MLG\disc0_rel\00b2b4b6.PDT:entry1723@0x3ac0000	59392	5350a808	1	encoded_by=Pro Tools!
C:\Program Files (x86)\Steam\steamapps\common\MGS_PW\mgspw\MLG\disc0_rel\00b2b4b6.PDT:entry1724@0x3ace800	40960	5350aa08	0	
C:\Program Files (x86)\Steam\steamapps\common\MGS_PW\mgspw\MLG\disc0_rel\00b2b4b6.PDT:entry1725@0x3ad8800	32768	5350ab08	0	
C:\Program Files (x86)\Steam\steamapps\common\MGS_PW\mgspw\MLG\disc0_rel\00b2b4b6.PDT:entry1726@0x3ae0800	55296	5350ac08	1	encoded_by=Pro Tools!
C:\Program Files (x86)\Steam\steamapps\common\MGS_PW\mgspw\MLG\disc0_rel\00b2b4b6.PDT:entry1727@0x3aee000	20480	5350ae08	0	
C:\Program Files (x86)\Steam\steamapps\common\MGS_PW\mgspw\MLG\disc0_rel\00b2b4b6.PDT:entry1728@0x3af3000	24576	5350af08	0	
C:\Program Files (x86)\Steam\steamapps\common\MGS_PW\mgspw\MLG\disc0_rel\00b2b4b6.PDT:entry1729@0x3af9000	22528	5350b008	0	
C:\Program Files (x86)\Steam\steamapps\common\MGS_PW\mgspw\MLG\disc0_rel\00b2b4b6.PDT:entry1730@0x3afe800	30720	5350b108	0	
C:\Program Files (x86)\Steam\steamapps\common\MGS_PW\mgspw\MLG\disc0_rel\00b2b4b6.PDT:entry1731@0x3b06000	20480	5350b208	0	
C:\Program Files (x86)\Steam\steamapps\common\MGS_PW\mgspw\MLG\disc0_rel\00b2b4b6.PDT:entry1732@0x3b0b000	24576	5350b308	0	
C:\Program Files (x86)\Steam\steamapps\common\MGS_PW\mgspw\MLG\disc0_rel\00b2b4b6.PDT:entry1733@0x3b11000	24576	5350b408	0	
C:\Program Files (x86)\Steam\steamapps\common\MGS_PW\mgspw\MLG\disc0_rel\00b2b4b6.PDT:entry1734@0x3b17000	32768	5350b508	0	
C:\Program Files (x86)\Steam\steamapps\common\MGS_PW\mgspw\MLG\disc0_rel\00b2b4b6.PDT:entry1735@0x3b1f000	36864	5350b608	0	
C:\Program Files (x86)\Steam\steamapps\common\MGS_PW\mgspw\MLG\disc0_rel\00b2b4b6.PDT:entry1736@0x3b28000	36864	5350b708	0	
C:\Program Files (x86)\Steam\steamapps\common\MGS_PW\mgspw\MLG\disc0_rel\00b2b4b6.PDT:entry1737@0x3b31000	45056	5350b808	0	
C:\Program Files (x86)\Steam\steamapps\common\MGS_PW\mgspw\MLG\disc0_rel\00b2b4b6.PDT:entry1738@0x3b3c000	28672	5350b908	0	
C:\Program Files (x86)\Steam\steamapps\common\MGS_PW\mgspw\MLG\disc0_rel\00b2b4b6.PDT:entry1739@0x3b43000	30720	5350ba08	0	
C:\Program Files (x86)\Steam\steamapps\common\MGS_PW\mgspw\MLG\disc0_rel\00b2b4b6.PDT:entry1740@0x3b4a800	55296	5350bb08	0	
C:\Program Files (x86)\Steam\steamapps\common\MGS_PW\mgspw\MLG\disc0_rel\00b2b4b6.PDT:entry1741@0x3b58000	47104	5350bc08	0	
C:\Program Files (x86)\Steam\steamapps\common\MGS_PW\mgspw\MLG\disc0_rel\00b2b4b6.PDT:entry1742@0x3b63800	20480	5350bd08	0	
C:\Program Files (x86)\Steam\steamapps\common\MGS_PW\mgspw\MLG\disc0_rel\00b2b4b6.PDT:entry1743@0x3b68800	26624	5350be08	0	
C:\Program Files (x86)\Steam\steamapps\common\MGS_PW\mgspw\MLG\disc0_rel\00b2b4b6.PDT:entry1744@0x3b6f000	26624	5350bf08	0	
C:\Program Files (x86)\Steam\steamapps\common\MGS_PW\mgspw\MLG\disc0_rel\00b2b4b6.PDT:entry1745@0x3b75800	32768	5350c008	0	
C:\Program Files (x86)\Steam\steamapps\common\MGS_PW\mgspw\MLG\disc0_rel\00b2b4b6.PDT:entry1746@0x3b7d800	47104	5350c108	0	
C:\Program Files (x86)\Steam\steamapps\common\MGS_PW\mgspw\MLG\disc0_rel\00b2b4b6.PDT:entry1747@0x3b89000	28672	5350c208	1	encoded_by=Pro Tools!
C:\Program Files (x86)\Steam\steamapps\common\MGS_PW\mgspw\MLG\disc0_rel\00b2b4b6.PDT:entry1748@0x3b90000	61440	5350c308	2	encoded_by=Pro Tools! | xtupukvtgqsotx!
C:\Program Files (x86)\Steam\steamapps\common\MGS_PW\mgspw\MLG\disc0_rel\00b2b4b6.PDT:entry1749@0x3b9f000	45056	5350c508	0	
C:\Program Files (x86)\Steam\steamapps\common\MGS_PW\mgspw\MLG\disc0_rel\00b2b4b6.PDT:entry1750@0x3baa000	45056	5350c608	0	
C:\Program Files (x86)\Steam\steamapps\common\MGS_PW\mgspw\MLG\disc0_rel\00b2b4b6.PDT:entry1751@0x3bb5000	47104	5350c708	0	
C:\Program Files (x86)\Steam\steamapps\common\MGS_PW\mgspw\MLG\disc0_rel\00b2b4b6.PDT:entry1752@0x3bc0800	40960	5350c808	0	
C:\Program Files (x86)\Steam\steamapps\common\MGS_PW\mgspw\MLG\disc0_rel\00b2b4b6.PDT:entry1753@0x3bca800	43008	5350c908	0	
C:\Program Files (x86)\Steam\steamapps\common\MGS_PW\mgspw\MLG\disc0_rel\00b2b4b6.PDT:entry1754@0x3bd5000	34816	5350ca08	0	
C:\Program Files (x86)\Steam\steamapps\common\MGS_PW\mgspw\MLG\disc0_rel\00b2b4b6.PDT:entry1755@0x3bdd800	30720	5350cb08	0	
C:\Program Files (x86)\Steam\steamapps\common\MGS_PW\mgspw\MLG\disc0_rel\00b2b4b6.PDT:entry1756@0x3be5000	38912	5350cc08	0	
C:\Program Files (x86)\Steam\steamapps\common\MGS_PW\mgspw\MLG\disc0_rel\00b2b4b6.PDT:entry1757@0x3bee800	86016	5350cd08	0	
C:\Program Files (x86)\Steam\steamapps\common\MGS_PW\mgspw\MLG\disc0_rel\00b2b4b6.PDT:entry1758@0x3c03800	53248	5350ce08	0	
C:\Program Files (x86)\Steam\steamapps\common\MGS_PW\mgspw\MLG\disc0_rel\00b2b4b6.PDT:entry1759@0x3c10800	69632	5350cf08	0	
C:\Program Files (x86)\Steam\steamapps\common\MGS_PW\mgspw\MLG\disc0_rel\00b2b4b6.PDT:entry1760@0x3c21800	86016	53508509	0	
C:\Program Files (x86)\Steam\steamapps\common\MGS_PW\mgspw\MLG\disc0_rel\00b2b4b6.PDT:entry1761@0x3c36800	92160	5350d008	0	
C:\Program Files (x86)\Steam\steamapps\common\MGS_PW\mgspw\MLG\disc0_rel\00b2b4b6.PDT:entry1762@0x3c4d000	79872	5350d108	0	
C:\Program Files (x86)\Steam\steamapps\common\MGS_PW\mgspw\MLG\disc0_rel\00b2b4b6.PDT:entry1763@0x3c60800	36864	5350d508	0	
C:\Program Files (x86)\Steam\steamapps\common\MGS_PW\mgspw\MLG\disc0_rel\00b2b4b6.PDT:entry1764@0x3c69800	22528	5350d608	0	
C:\Program Files (x86)\Steam\steamapps\common\MGS_PW\mgspw\MLG\disc0_rel\00b2b4b6.PDT:entry1765@0x3c6f000	83968	5350d708	0	
C:\Program Files (x86)\Steam\steamapps\common\MGS_PW\mgspw\MLG\disc0_rel\00b2b4b6.PDT:entry1766@0x3c83800	47104	5350d808	0	
C:\Program Files (x86)\Steam\steamapps\common\MGS_PW\mgspw\MLG\disc0_rel\00b2b4b6.PDT:entry1767@0x3c8f000	30720	5350d908	0	
C:\Program Files (x86)\Steam\steamapps\common\MGS_PW\mgspw\MLG\disc0_rel\00b2b4b6.PDT:entry1768@0x3c96800	24576	5350da08	0	
C:\Program Files (x86)\Steam\steamapps\common\MGS_PW\mgspw\MLG\disc0_rel\00b2b4b6.PDT:entry1769@0x3c9c800	28672	5350db08	0	
C:\Program Files (x86)\Steam\steamapps\common\MGS_PW\mgspw\MLG\disc0_rel\00b2b4b6.PDT:entry1770@0x3ca3800	38912	5350dc08	0	
C:\Program Files (x86)\Steam\steamapps\common\MGS_PW\mgspw\MLG\disc0_rel\00b2b4b6.PDT:entry1771@0x3cad000	40960	5350dd08	0	
C:\Program Files (x86)\Steam\steamapps\common\MGS_PW\mgspw\MLG\disc0_rel\00b2b4b6.PDT:entry1772@0x3cb7000	47104	5350de08	0	
C:\Program Files (x86)\Steam\steamapps\common\MGS_PW\mgspw\MLG\disc0_rel\00b2b4b6.PDT:entry1773@0x3cc2800	24576	5350df08	0	
C:\Program Files (x86)\Steam\steamapps\common\MGS_PW\mgspw\MLG\disc0_rel\00b2b4b6.PDT:entry1774@0x3cc8800	18432	5350e008	0	
C:\Program Files (x86)\Steam\steamapps\common\MGS_PW\mgspw\MLG\disc0_rel\00b2b4b6.PDT:entry1775@0x3ccd000	65536	5350e108	0	
C:\Program Files (x86)\Steam\steamapps\common\MGS_PW\mgspw\MLG\disc0_rel\00b2b4b6.PDT:entry1776@0x3cdd000	38912	5350e208	0	
C:\Program Files (x86)\Steam\steamapps\common\MGS_PW\mgspw\MLG\disc0_rel\00b2b4b6.PDT:entry1777@0x3ce6800	38912	5350e308	0	
C:\Program Files (x86)\Steam\steamapps\common\MGS_PW\mgspw\MLG\disc0_rel\00b2b4b6.PDT:entry1778@0x3cf0000	18432	5350e408	0	
C:\Program Files (x86)\Steam\steamapps\common\MGS_PW\mgspw\MLG\disc0_rel\00b2b4b6.PDT:entry1779@0x3cf4800	24576	5350e508	0	
C:\Program Files (x86)\Steam\steamapps\common\MGS_PW\mgspw\MLG\disc0_rel\00b2b4b6.PDT:entry1780@0x3cfa800	30720	5350e608	0	
C:\Program Files (x86)\Steam\steamapps\common\MGS_PW\mgspw\MLG\disc0_rel\00b2b4b6.PDT:entry1781@0x3d02000	16384	5350e708	0	
C:\Program Files (x86)\Steam\steamapps\common\MGS_PW\mgspw\MLG\disc0_rel\00b2b4b6.PDT:entry1782@0x3d06000	24576	5350e808	0	
C:\Program Files (x86)\Steam\steamapps\common\MGS_PW\mgspw\MLG\disc0_rel\00b2b4b6.PDT:entry1783@0x3d0c000	47104	5350e908	0	
C:\Program Files (x86)\Steam\steamapps\common\MGS_PW\mgspw\MLG\disc0_rel\00b2b4b6.PDT:entry1784@0x3d17800	34816	5350ea08	0	
C:\Program Files (x86)\Steam\steamapps\common\MGS_PW\mgspw\MLG\disc0_rel\00b2b4b6.PDT:entry1785@0x3d20000	22528	5350eb08	0	
C:\Program Files (x86)\Steam\steamapps\common\MGS_PW\mgspw\MLG\disc0_rel\00b2b4b6.PDT:entry1786@0x3d25800	24576	5350ec08	0	
C:\Program Files (x86)\Steam\steamapps\common\MGS_PW\mgspw\MLG\disc0_rel\00b2b4b6.PDT:entry1787@0x3d2b800	43008	5350ed08	0	
C:\Program Files (x86)\Steam\steamapps\common\MGS_PW\mgspw\MLG\disc0_rel\00b2b4b6.PDT:entry1788@0x3d36000	36864	5350ee08	0	
C:\Program Files (x86)\Steam\steamapps\common\MGS_PW\mgspw\MLG\disc0_rel\00b2b4b6.PDT:entry1789@0x3d3f000	6144	5350ef08	0	
C:\Program Files (x86)\Steam\steamapps\common\MGS_PW\mgspw\MLG\disc0_rel\00b2b4b6.PDT:entry1790@0x3d40800	6144	5350f008	0	
C:\Program Files (x86)\Steam\steamapps\common\MGS_PW\mgspw\MLG\disc0_rel\00b2b4b6.PDT:entry1791@0x3d42000	32768	5350f108	0	
C:\Program Files (x86)\Steam\steamapps\common\MGS_PW\mgspw\MLG\disc0_rel\00b2b4b6.PDT:entry1792@0x3d4a000	38912	5350f208	0	
C:\Program Files (x86)\Steam\steamapps\common\MGS_PW\mgspw\MLG\disc0_rel\00b2b4b6.PDT:entry1793@0x3d53800	38912	5350f308	0	
C:\Program Files (x86)\Steam\steamapps\common\MGS_PW\mgspw\MLG\disc0_rel\00b2b4b6.PDT:entry1794@0x3d5d000	45056	5350f408	0	
C:\Program Files (x86)\Steam\steamapps\common\MGS_PW\mgspw\MLG\disc0_rel\00b2b4b6.PDT:entry1795@0x3d68000	28672	5350f508	0	
C:\Program Files (x86)\Steam\steamapps\common\MGS_PW\mgspw\MLG\disc0_rel\00b2b4b6.PDT:entry1796@0x3d6f000	38912	5350f608	1	encoded_by=Pro Tools!
C:\Program Files (x86)\Steam\steamapps\common\MGS_PW\mgspw\MLG\disc0_rel\00b2b4b6.PDT:entry1797@0x3d78800	47104	5350f708	1	encoded_by=Pro Tools!
C:\Program Files (x86)\Steam\steamapps\common\MGS_PW\mgspw\MLG\disc0_rel\00b2b4b6.PDT:entry1798@0x3d84000	34816	5350fa08	0	
C:\Program Files (x86)\Steam\steamapps\common\MGS_PW\mgspw\MLG\disc0_rel\00b2b4b6.PDT:entry1799@0x3d8c800	26624	5350fb08	0	
C:\Program Files (x86)\Steam\steamapps\common\MGS_PW\mgspw\MLG\disc0_rel\00b2b4b6.PDT:entry1800@0x3d93000	32768	5350fc08	0	
C:\Program Files (x86)\Steam\steamapps\common\MGS_PW\mgspw\MLG\disc0_rel\00b2b4b6.PDT:entry1801@0x3d9b000	43008	5350fd08	0	
C:\Program Files (x86)\Steam\steamapps\common\MGS_PW\mgspw\MLG\disc0_rel\00b2b4b6.PDT:entry1802@0x3da5800	26624	5350fe08	0	
C:\Program Files (x86)\Steam\steamapps\common\MGS_PW\mgspw\MLG\disc0_rel\00b2b4b6.PDT:entry1803@0x3dac000	18432	5350ff08	0	
C:\Program Files (x86)\Steam\steamapps\common\MGS_PW\mgspw\MLG\disc0_rel\00b2b4b6.PDT:entry1804@0x3db0800	28672	53500009	0	
C:\Program Files (x86)\Steam\steamapps\common\MGS_PW\mgspw\MLG\disc0_rel\00b2b4b6.PDT:entry1805@0x3db7800	65536	53500109	0	
C:\Program Files (x86)\Steam\steamapps\common\MGS_PW\mgspw\MLG\disc0_rel\00b2b4b6.PDT:entry1806@0x3dc7800	32768	53500209	0	
C:\Program Files (x86)\Steam\steamapps\common\MGS_PW\mgspw\MLG\disc0_rel\00b2b4b6.PDT:entry1807@0x3dcf800	49152	53500309	0	
C:\Program Files (x86)\Steam\steamapps\common\MGS_PW\mgspw\MLG\disc0_rel\00b2b4b6.PDT:entry1808@0x3ddb800	40960	53500409	0	
C:\Program Files (x86)\Steam\steamapps\common\MGS_PW\mgspw\MLG\disc0_rel\00b2b4b6.PDT:entry1809@0x3de5800	28672	53500509	0	
C:\Program Files (x86)\Steam\steamapps\common\MGS_PW\mgspw\MLG\disc0_rel\00b2b4b6.PDT:entry1810@0x3dec800	40960	53500609	0	
C:\Program Files (x86)\Steam\steamapps\common\MGS_PW\mgspw\MLG\disc0_rel\00b2b4b6.PDT:entry1811@0x3df6800	14336	53500709	0	
C:\Program Files (x86)\Steam\steamapps\common\MGS_PW\mgspw\MLG\disc0_rel\00b2b4b6.PDT:entry1812@0x3dfa000	59392	53500809	0	
C:\Program Files (x86)\Steam\steamapps\common\MGS_PW\mgspw\MLG\disc0_rel\00b2b4b6.PDT:entry1813@0x3e08800	22528	53500909	0	
C:\Program Files (x86)\Steam\steamapps\common\MGS_PW\mgspw\MLG\disc0_rel\00b2b4b6.PDT:entry1814@0x3e0e000	51200	53500a09	0	
C:\Program Files (x86)\Steam\steamapps\common\MGS_PW\mgspw\MLG\disc0_rel\00b2b4b6.PDT:entry1815@0x3e1a800	47104	53500b09	0	
C:\Program Files (x86)\Steam\steamapps\common\MGS_PW\mgspw\MLG\disc0_rel\00b2b4b6.PDT:entry1816@0x3e26000	43008	53500c09	0	
C:\Program Files (x86)\Steam\steamapps\common\MGS_PW\mgspw\MLG\disc0_rel\00b2b4b6.PDT:entry1817@0x3e30800	40960	53500d09	0	
C:\Program Files (x86)\Steam\steamapps\common\MGS_PW\mgspw\MLG\disc0_rel\00b2b4b6.PDT:entry1818@0x3e3a800	24576	53500e09	0	
C:\Program Files (x86)\Steam\steamapps\common\MGS_PW\mgspw\MLG\disc0_rel\00b2b4b6.PDT:entry1819@0x3e40800	28672	53500f09	0	
C:\Program Files (x86)\Steam\steamapps\common\MGS_PW\mgspw\MLG\disc0_rel\00b2b4b6.PDT:entry1820@0x3e47800	26624	53501009	0	
C:\Program Files (x86)\Steam\steamapps\common\MGS_PW\mgspw\MLG\disc0_rel\00b2b4b6.PDT:entry1821@0x3e4e000	22528	53501109	0	
C:\Program Files (x86)\Steam\steamapps\common\MGS_PW\mgspw\MLG\disc0_rel\00b2b4b6.PDT:entry1822@0x3e53800	43008	53501209	0	
C:\Program Files (x86)\Steam\steamapps\common\MGS_PW\mgspw\MLG\disc0_rel\00b2b4b6.PDT:entry1823@0x3e5e000	40960	53501309	0	
C:\Program Files (x86)\Steam\steamapps\common\MGS_PW\mgspw\MLG\disc0_rel\00b2b4b6.PDT:entry1824@0x3e68000	63488	53501409	0	
C:\Program Files (x86)\Steam\steamapps\common\MGS_PW\mgspw\MLG\disc0_rel\00b2b4b6.PDT:entry1825@0x3e77800	53248	53501509	0	
C:\Program Files (x86)\Steam\steamapps\common\MGS_PW\mgspw\MLG\disc0_rel\00b2b4b6.PDT:entry1826@0x3e84800	14336	53501609	0	
C:\Program Files (x86)\Steam\steamapps\common\MGS_PW\mgspw\MLG\disc0_rel\00b2b4b6.PDT:entry1827@0x3e88000	57344	53501709	0	
C:\Program Files (x86)\Steam\steamapps\common\MGS_PW\mgspw\MLG\disc0_rel\00b2b4b6.PDT:entry1828@0x3e96000	38912	53501809	0	
C:\Program Files (x86)\Steam\steamapps\common\MGS_PW\mgspw\MLG\disc0_rel\00b2b4b6.PDT:entry1829@0x3e9f800	6144	53501909	0	
C:\Program Files (x86)\Steam\steamapps\common\MGS_PW\mgspw\MLG\disc0_rel\00b2b4b6.PDT:entry1830@0x3ea1000	38912	53501a09	0	
C:\Program Files (x86)\Steam\steamapps\common\MGS_PW\mgspw\MLG\disc0_rel\00b2b4b6.PDT:entry1831@0x3eaa800	51200	53501b09	0	
C:\Program Files (x86)\Steam\steamapps\common\MGS_PW\mgspw\MLG\disc0_rel\00b2b4b6.PDT:entry1832@0x3eb7000	43008	53501c09	0	
C:\Program Files (x86)\Steam\steamapps\common\MGS_PW\mgspw\MLG\disc0_rel\00b2b4b6.PDT:entry1833@0x3ec1800	51200	53501f09	0	
C:\Program Files (x86)\Steam\steamapps\common\MGS_PW\mgspw\MLG\disc0_rel\00b2b4b6.PDT:entry1834@0x3ece000	32768	53502409	0	
C:\Program Files (x86)\Steam\steamapps\common\MGS_PW\mgspw\MLG\disc0_rel\00b2b4b6.PDT:entry1835@0x3ed6000	24576	53502509	0	
C:\Program Files (x86)\Steam\steamapps\common\MGS_PW\mgspw\MLG\disc0_rel\00b2b4b6.PDT:entry1836@0x3edc000	36864	53502609	0	
C:\Program Files (x86)\Steam\steamapps\common\MGS_PW\mgspw\MLG\disc0_rel\00b2b4b6.PDT:entry1837@0x3ee5000	14336	53502709	0	
C:\Program Files (x86)\Steam\steamapps\common\MGS_PW\mgspw\MLG\disc0_rel\00b2b4b6.PDT:entry1838@0x3ee8800	34816	53502809	0	
C:\Program Files (x86)\Steam\steamapps\common\MGS_PW\mgspw\MLG\disc0_rel\00b2b4b6.PDT:entry1839@0x3ef1000	30720	53502909	0	
C:\Program Files (x86)\Steam\steamapps\common\MGS_PW\mgspw\MLG\disc0_rel\00b2b4b6.PDT:entry1840@0x3ef8800	30720	53502a09	0	
C:\Program Files (x86)\Steam\steamapps\common\MGS_PW\mgspw\MLG\disc0_rel\00b2b4b6.PDT:entry1841@0x3f00000	30720	53502b09	0	
C:\Program Files (x86)\Steam\steamapps\common\MGS_PW\mgspw\MLG\disc0_rel\00b2b4b6.PDT:entry1842@0x3f07800	28672	53502c09	0	
C:\Program Files (x86)\Steam\steamapps\common\MGS_PW\mgspw\MLG\disc0_rel\00b2b4b6.PDT:entry1843@0x3f0e800	20480	53502d09	0	
C:\Program Files (x86)\Steam\steamapps\common\MGS_PW\mgspw\MLG\disc0_rel\00b2b4b6.PDT:entry1844@0x3f13800	24576	53502e09	0	
C:\Program Files (x86)\Steam\steamapps\common\MGS_PW\mgspw\MLG\disc0_rel\00b2b4b6.PDT:entry1845@0x3f19800	24576	53502f09	0	
C:\Program Files (x86)\Steam\steamapps\common\MGS_PW\mgspw\MLG\disc0_rel\00b2b4b6.PDT:entry1846@0x3f1f800	18432	53503009	0	
C:\Program Files (x86)\Steam\steamapps\common\MGS_PW\mgspw\MLG\disc0_rel\00b2b4b6.PDT:entry1847@0x3f24000	32768	53503109	0	
C:\Program Files (x86)\Steam\steamapps\common\MGS_PW\mgspw\MLG\disc0_rel\00b2b4b6.PDT:entry1848@0x3f2c000	32768	53503209	0	
C:\Program Files (x86)\Steam\steamapps\common\MGS_PW\mgspw\MLG\disc0_rel\00b2b4b6.PDT:entry1849@0x3f34000	40960	53503309	0	
C:\Program Files (x86)\Steam\steamapps\common\MGS_PW\mgspw\MLG\disc0_rel\00b2b4b6.PDT:entry1850@0x3f3e000	51200	53503409	0	
C:\Program Files (x86)\Steam\steamapps\common\MGS_PW\mgspw\MLG\disc0_rel\00b2b4b6.PDT:entry1851@0x3f4a800	28672	53503509	0	
C:\Program Files (x86)\Steam\steamapps\common\MGS_PW\mgspw\MLG\disc0_rel\00b2b4b6.PDT:entry1852@0x3f51800	38912	53503609	0	
C:\Program Files (x86)\Steam\steamapps\common\MGS_PW\mgspw\MLG\disc0_rel\00b2b4b6.PDT:entry1853@0x3f5b000	45056	53503a09	0	
C:\Program Files (x86)\Steam\steamapps\common\MGS_PW\mgspw\MLG\disc0_rel\00b2b4b6.PDT:entry1854@0x3f66000	100352	53503b09	0	
C:\Program Files (x86)\Steam\steamapps\common\MGS_PW\mgspw\MLG\disc0_rel\00b2b4b6.PDT:entry1855@0x3f7e800	38912	53503c09	0	
C:\Program Files (x86)\Steam\steamapps\common\MGS_PW\mgspw\MLG\disc0_rel\00b2b4b6.PDT:entry1856@0x3f88000	28672	53503d09	0	
C:\Program Files (x86)\Steam\steamapps\common\MGS_PW\mgspw\MLG\disc0_rel\00b2b4b6.PDT:entry1857@0x3f8f000	43008	53503e09	0	
C:\Program Files (x86)\Steam\steamapps\common\MGS_PW\mgspw\MLG\disc0_rel\00b2b4b6.PDT:entry1858@0x3f99800	26624	53503f09	0	
C:\Program Files (x86)\Steam\steamapps\common\MGS_PW\mgspw\MLG\disc0_rel\00b2b4b6.PDT:entry1859@0x3fa0000	20480	53504009	0	
C:\Program Files (x86)\Steam\steamapps\common\MGS_PW\mgspw\MLG\disc0_rel\00b2b4b6.PDT:entry1860@0x3fa5000	30720	53504109	0	
C:\Program Files (x86)\Steam\steamapps\common\MGS_PW\mgspw\MLG\disc0_rel\00b2b4b6.PDT:entry1861@0x3fac800	32768	53504209	0	
C:\Program Files (x86)\Steam\steamapps\common\MGS_PW\mgspw\MLG\disc0_rel\00b2b4b6.PDT:entry1862@0x3fb4800	53248	53504309	0	
C:\Program Files (x86)\Steam\steamapps\common\MGS_PW\mgspw\MLG\disc0_rel\00b2b4b6.PDT:entry1863@0x3fc1800	47104	53504409	0	
C:\Program Files (x86)\Steam\steamapps\common\MGS_PW\mgspw\MLG\disc0_rel\00b2b4b6.PDT:entry1864@0x3fcd000	47104	53504509	0	
C:\Program Files (x86)\Steam\steamapps\common\MGS_PW\mgspw\MLG\disc0_rel\00b2b4b6.PDT:entry1865@0x3fd8800	34816	53504609	0	
C:\Program Files (x86)\Steam\steamapps\common\MGS_PW\mgspw\MLG\disc0_rel\00b2b4b6.PDT:entry1866@0x3fe1000	34816	53504709	0	
C:\Program Files (x86)\Steam\steamapps\common\MGS_PW\mgspw\MLG\disc0_rel\00b2b4b6.PDT:entry1867@0x3fe9800	28672	53504809	0	
C:\Program Files (x86)\Steam\steamapps\common\MGS_PW\mgspw\MLG\disc0_rel\00b2b4b6.PDT:entry1868@0x3ff0800	30720	53504909	0	
C:\Program Files (x86)\Steam\steamapps\common\MGS_PW\mgspw\MLG\disc0_rel\00b2b4b6.PDT:entry1869@0x3ff8000	16384	53504a09	0	
C:\Program Files (x86)\Steam\steamapps\common\MGS_PW\mgspw\MLG\disc0_rel\00b2b4b6.PDT:entry1870@0x3ffc000	32768	53504b09	0	
C:\Program Files (x86)\Steam\steamapps\common\MGS_PW\mgspw\MLG\disc0_rel\00b2b4b6.PDT:entry1871@0x4004000	47104	53504c09	0	
C:\Program Files (x86)\Steam\steamapps\common\MGS_PW\mgspw\MLG\disc0_rel\00b2b4b6.PDT:entry1872@0x400f800	20480	53504d09	0	
C:\Program Files (x86)\Steam\steamapps\common\MGS_PW\mgspw\MLG\disc0_rel\00b2b4b6.PDT:entry1873@0x4014800	55296	53504e09	0	
C:\Program Files (x86)\Steam\steamapps\common\MGS_PW\mgspw\MLG\disc0_rel\00b2b4b6.PDT:entry1874@0x4022000	22528	53504f09	0	
C:\Program Files (x86)\Steam\steamapps\common\MGS_PW\mgspw\MLG\disc0_rel\00b2b4b6.PDT:entry1875@0x4027800	6144	53505109	0	
C:\Program Files (x86)\Steam\steamapps\common\MGS_PW\mgspw\MLG\disc0_rel\00b2b4b6.PDT:entry1876@0x4029000	6144	53505209	0	
C:\Program Files (x86)\Steam\steamapps\common\MGS_PW\mgspw\MLG\disc0_rel\00b2b4b6.PDT:entry1877@0x402a800	6144	53505309	0	
C:\Program Files (x86)\Steam\steamapps\common\MGS_PW\mgspw\MLG\disc0_rel\00b2b4b6.PDT:entry1878@0x402c000	6144	53505409	0	
C:\Program Files (x86)\Steam\steamapps\common\MGS_PW\mgspw\MLG\disc0_rel\00b2b4b6.PDT:entry1879@0x402d800	6144	53505509	0	
C:\Program Files (x86)\Steam\steamapps\common\MGS_PW\mgspw\MLG\disc0_rel\00b2b4b6.PDT:entry1880@0x402f000	6144	53505609	0	
C:\Program Files (x86)\Steam\steamapps\common\MGS_PW\mgspw\MLG\disc0_rel\00b2b4b6.PDT:entry1881@0x4030800	61440	53505709	0	
C:\Program Files (x86)\Steam\steamapps\common\MGS_PW\mgspw\MLG\disc0_rel\00b2b4b6.PDT:entry1882@0x403f800	57344	53505809	0	
C:\Program Files (x86)\Steam\steamapps\common\MGS_PW\mgspw\MLG\disc0_rel\00b2b4b6.PDT:entry1883@0x404d800	53248	53505909	0	
C:\Program Files (x86)\Steam\steamapps\common\MGS_PW\mgspw\MLG\disc0_rel\00b2b4b6.PDT:entry1884@0x405a800	55296	53505a09	0	
C:\Program Files (x86)\Steam\steamapps\common\MGS_PW\mgspw\MLG\disc0_rel\00b2b4b6.PDT:entry1885@0x4068000	43008	53505b09	0	
C:\Program Files (x86)\Steam\steamapps\common\MGS_PW\mgspw\MLG\disc0_rel\00b2b4b6.PDT:entry1886@0x4072800	43008	53505c09	0	
C:\Program Files (x86)\Steam\steamapps\common\MGS_PW\mgspw\MLG\disc0_rel\00b2b4b6.PDT:entry1887@0x407d000	36864	53505d09	0	
C:\Program Files (x86)\Steam\steamapps\common\MGS_PW\mgspw\MLG\disc0_rel\00b2b4b6.PDT:entry1888@0x4086000	47104	53505e09	0	
C:\Program Files (x86)\Steam\steamapps\common\MGS_PW\mgspw\MLG\disc0_rel\00b2b4b6.PDT:entry1889@0x4091800	53248	53505f09	0	
C:\Program Files (x86)\Steam\steamapps\common\MGS_PW\mgspw\MLG\disc0_rel\00b2b4b6.PDT:entry1890@0x409e800	30720	53506009	0	
C:\Program Files (x86)\Steam\steamapps\common\MGS_PW\mgspw\MLG\disc0_rel\00b2b4b6.PDT:entry1891@0x40a6000	34816	53508609	0	
C:\Program Files (x86)\Steam\steamapps\common\MGS_PW\mgspw\MLG\disc0_rel\00b2b4b6.PDT:entry1892@0x40ae800	4096	53506109	0	
C:\Program Files (x86)\Steam\steamapps\common\MGS_PW\mgspw\MLG\disc0_rel\00b2b4b6.PDT:entry1893@0x40af800	38912	53506309	0	
C:\Program Files (x86)\Steam\steamapps\common\MGS_PW\mgspw\MLG\disc0_rel\00b2b4b6.PDT:entry1894@0x40b9000	45056	53506409	0	
C:\Program Files (x86)\Steam\steamapps\common\MGS_PW\mgspw\MLG\disc0_rel\00b2b4b6.PDT:entry1895@0x40c4000	49152	53508709	0	
C:\Program Files (x86)\Steam\steamapps\common\MGS_PW\mgspw\MLG\disc0_rel\00b2b4b6.PDT:entry1896@0x40d0000	38912	53506509	0	
C:\Program Files (x86)\Steam\steamapps\common\MGS_PW\mgspw\MLG\disc0_rel\00b2b4b6.PDT:entry1897@0x40d9800	40960	53508809	0	
C:\Program Files (x86)\Steam\steamapps\common\MGS_PW\mgspw\MLG\disc0_rel\00b2b4b6.PDT:entry1898@0x40e3800	47104	53506609	0	
C:\Program Files (x86)\Steam\steamapps\common\MGS_PW\mgspw\MLG\disc0_rel\00b2b4b6.PDT:entry1899@0x40ef000	32768	53506709	0	
C:\Program Files (x86)\Steam\steamapps\common\MGS_PW\mgspw\MLG\disc0_rel\00b2b4b6.PDT:entry1900@0x40f7000	34816	53506809	0	
C:\Program Files (x86)\Steam\steamapps\common\MGS_PW\mgspw\MLG\disc0_rel\00b2b4b6.PDT:entry1901@0x40ff800	40960	53508909	0	
C:\Program Files (x86)\Steam\steamapps\common\MGS_PW\mgspw\MLG\disc0_rel\00b2b4b6.PDT:entry1902@0x4109800	26624	53506909	0	
C:\Program Files (x86)\Steam\steamapps\common\MGS_PW\mgspw\MLG\disc0_rel\00b2b4b6.PDT:entry1903@0x4110000	6144	53506a09	0	
C:\Program Files (x86)\Steam\steamapps\common\MGS_PW\mgspw\MLG\disc0_rel\00b2b4b6.PDT:entry1904@0x4111800	38912	53506b09	0	
C:\Program Files (x86)\Steam\steamapps\common\MGS_PW\mgspw\MLG\disc0_rel\00b2b4b6.PDT:entry1905@0x411b000	26624	53506c09	0	
C:\Program Files (x86)\Steam\steamapps\common\MGS_PW\mgspw\MLG\disc0_rel\00b2b4b6.PDT:entry1906@0x4121800	34816	53506d09	0	
C:\Program Files (x86)\Steam\steamapps\common\MGS_PW\mgspw\MLG\disc0_rel\00b2b4b6.PDT:entry1907@0x412a000	28672	53508a09	0	
C:\Program Files (x86)\Steam\steamapps\common\MGS_PW\mgspw\MLG\disc0_rel\00b2b4b6.PDT:entry1908@0x4131000	22528	53508b09	0	
C:\Program Files (x86)\Steam\steamapps\common\MGS_PW\mgspw\MLG\disc0_rel\00b2b4b6.PDT:entry1909@0x4136800	34816	53508c09	0	
C:\Program Files (x86)\Steam\steamapps\common\MGS_PW\mgspw\MLG\disc0_rel\00b2b4b6.PDT:entry1910@0x413f000	28672	53508d09	0	
C:\Program Files (x86)\Steam\steamapps\common\MGS_PW\mgspw\MLG\disc0_rel\00b2b4b6.PDT:entry1911@0x4146000	36864	53508e09	0	
C:\Program Files (x86)\Steam\steamapps\common\MGS_PW\mgspw\MLG\disc0_rel\00b2b4b6.PDT:entry1912@0x414f000	36864	53508f09	0	
C:\Program Files (x86)\Steam\steamapps\common\MGS_PW\mgspw\MLG\disc0_rel\00b2b4b6.PDT:entry1913@0x4158000	32768	53509009	0	
C:\Program Files (x86)\Steam\steamapps\common\MGS_PW\mgspw\MLG\disc0_rel\00b2b4b6.PDT:entry1914@0x4160000	22528	53509109	0	
C:\Program Files (x86)\Steam\steamapps\common\MGS_PW\mgspw\MLG\disc0_rel\00b2b4b6.PDT:entry1915@0x4165800	22528	53509209	0	
C:\Program Files (x86)\Steam\steamapps\common\MGS_PW\mgspw\MLG\disc0_rel\00b2b4b6.PDT:entry1916@0x416b000	45056	53509309	0	
C:\Program Files (x86)\Steam\steamapps\common\MGS_PW\mgspw\MLG\disc0_rel\00b2b4b6.PDT:entry1917@0x4176000	36864	53509409	0	
C:\Program Files (x86)\Steam\steamapps\common\MGS_PW\mgspw\MLG\disc0_rel\00b2b4b6.PDT:entry1918@0x417f000	63488	53509509	0	
C:\Program Files (x86)\Steam\steamapps\common\MGS_PW\mgspw\MLG\disc0_rel\00b2b4b6.PDT:entry1919@0x418e800	51200	53509609	0	
C:\Program Files (x86)\Steam\steamapps\common\MGS_PW\mgspw\MLG\disc0_rel\00b2b4b6.PDT:entry1920@0x419b000	36864	53509709	0	
C:\Program Files (x86)\Steam\steamapps\common\MGS_PW\mgspw\MLG\disc0_rel\00b2b4b6.PDT:entry1921@0x41a4000	40960	53509809	0	
C:\Program Files (x86)\Steam\steamapps\common\MGS_PW\mgspw\MLG\disc0_rel\00b2b4b6.PDT:entry1922@0x41ae000	81920	53509909	0	
C:\Program Files (x86)\Steam\steamapps\common\MGS_PW\mgspw\MLG\disc0_rel\00b2b4b6.PDT:entry1923@0x41c2000	38912	53509a09	0	
C:\Program Files (x86)\Steam\steamapps\common\MGS_PW\mgspw\MLG\disc0_rel\00b2b4b6.PDT:entry1924@0x41cb800	36864	53509b09	0	
C:\Program Files (x86)\Steam\steamapps\common\MGS_PW\mgspw\MLG\disc0_rel\00b2b4b6.PDT:entry1925@0x41d4800	18432	53509c09	0	
C:\Program Files (x86)\Steam\steamapps\common\MGS_PW\mgspw\MLG\disc0_rel\00b2b4b6.PDT:entry1926@0x41d9000	26624	53509d09	0	
C:\Program Files (x86)\Steam\steamapps\common\MGS_PW\mgspw\MLG\disc0_rel\00b2b4b6.PDT:entry1927@0x41df800	40960	53509e09	0	
C:\Program Files (x86)\Steam\steamapps\common\MGS_PW\mgspw\MLG\disc0_rel\00b2b4b6.PDT:entry1928@0x41e9800	22528	53509f09	0	
C:\Program Files (x86)\Steam\steamapps\common\MGS_PW\mgspw\MLG\disc0_rel\00b2b4b6.PDT:entry1929@0x41ef000	18432	5350a009	0	
C:\Program Files (x86)\Steam\steamapps\common\MGS_PW\mgspw\MLG\disc0_rel\00b2b4b6.PDT:entry1930@0x41f3800	30720	5350a109	0	
C:\Program Files (x86)\Steam\steamapps\common\MGS_PW\mgspw\MLG\disc0_rel\00b2b4b6.PDT:entry1931@0x41fb000	36864	5350a209	0	
C:\Program Files (x86)\Steam\steamapps\common\MGS_PW\mgspw\MLG\disc0_rel\00b2b4b6.PDT:entry1932@0x4204000	47104	5350a309	0	
C:\Program Files (x86)\Steam\steamapps\common\MGS_PW\mgspw\MLG\disc0_rel\00b2b4b6.PDT:entry1933@0x420f800	43008	5350a409	0	
C:\Program Files (x86)\Steam\steamapps\common\MGS_PW\mgspw\MLG\disc0_rel\00b2b4b6.PDT:entry1934@0x421a000	32768	5350a509	0	
C:\Program Files (x86)\Steam\steamapps\common\MGS_PW\mgspw\MLG\disc0_rel\00b2b4b6.PDT:entry1935@0x4222000	30720	5350a609	0	
C:\Program Files (x86)\Steam\steamapps\common\MGS_PW\mgspw\MLG\disc0_rel\00b2b4b6.PDT:entry1936@0x4229800	26624	5350a709	0	
C:\Program Files (x86)\Steam\steamapps\common\MGS_PW\mgspw\MLG\disc0_rel\00b2b4b6.PDT:entry1937@0x4230000	36864	5350a809	0	
C:\Program Files (x86)\Steam\steamapps\common\MGS_PW\mgspw\MLG\disc0_rel\00b2b4b6.PDT:entry1938@0x4239000	34816	5350a909	0	
C:\Program Files (x86)\Steam\steamapps\common\MGS_PW\mgspw\MLG\disc0_rel\00b2b4b6.PDT:entry1939@0x4241800	28672	5350aa09	0	
C:\Program Files (x86)\Steam\steamapps\common\MGS_PW\mgspw\MLG\disc0_rel\00b2b4b6.PDT:entry1940@0x4248800	36864	5350ab09	0	
C:\Program Files (x86)\Steam\steamapps\common\MGS_PW\mgspw\MLG\disc0_rel\00b2b4b6.PDT:entry1941@0x4251800	81920	5350ac09	0	
C:\Program Files (x86)\Steam\steamapps\common\MGS_PW\mgspw\MLG\disc0_rel\00b2b4b6.PDT:entry1942@0x4265800	20480	5350ad09	0	
C:\Program Files (x86)\Steam\steamapps\common\MGS_PW\mgspw\MLG\disc0_rel\00b2b4b6.PDT:entry1943@0x426a800	34816	5350ae09	0	
C:\Program Files (x86)\Steam\steamapps\common\MGS_PW\mgspw\MLG\disc0_rel\00b2b4b6.PDT:entry1944@0x4273000	40960	5350af09	0	
C:\Program Files (x86)\Steam\steamapps\common\MGS_PW\mgspw\MLG\disc0_rel\00b2b4b6.PDT:entry1945@0x427d000	26624	5350b009	0	
C:\Program Files (x86)\Steam\steamapps\common\MGS_PW\mgspw\MLG\disc0_rel\00b2b4b6.PDT:entry1946@0x4283800	38912	5350b109	0	
C:\Program Files (x86)\Steam\steamapps\common\MGS_PW\mgspw\MLG\disc0_rel\00b2b4b6.PDT:entry1947@0x428d000	22528	5350b209	0	
C:\Program Files (x86)\Steam\steamapps\common\MGS_PW\mgspw\MLG\disc0_rel\00b2b4b6.PDT:entry1948@0x4292800	40960	5350b309	0	
C:\Program Files (x86)\Steam\steamapps\common\MGS_PW\mgspw\MLG\disc0_rel\00b2b4b6.PDT:entry1949@0x429c800	24576	5350b409	0	
C:\Program Files (x86)\Steam\steamapps\common\MGS_PW\mgspw\MLG\disc0_rel\00b2b4b6.PDT:entry1950@0x42a2800	36864	5350b509	0	
C:\Program Files (x86)\Steam\steamapps\common\MGS_PW\mgspw\MLG\disc0_rel\00b2b4b6.PDT:entry1951@0x42ab800	43008	5350b609	0	
C:\Program Files (x86)\Steam\steamapps\common\MGS_PW\mgspw\MLG\disc0_rel\00b2b4b6.PDT:entry1952@0x42b6000	40960	5350b709	0	
C:\Program Files (x86)\Steam\steamapps\common\MGS_PW\mgspw\MLG\disc0_rel\00b2b4b6.PDT:entry1953@0x42c0000	34816	5350b809	0	
C:\Program Files (x86)\Steam\steamapps\common\MGS_PW\mgspw\MLG\disc0_rel\00b2b4b6.PDT:entry1954@0x42c8800	20480	5350b909	0	
C:\Program Files (x86)\Steam\steamapps\common\MGS_PW\mgspw\MLG\disc0_rel\00b2b4b6.PDT:entry1955@0x42cd800	26624	5350ba09	0	
C:\Program Files (x86)\Steam\steamapps\common\MGS_PW\mgspw\MLG\disc0_rel\00b2b4b6.PDT:entry1956@0x42d4000	30720	5350bb09	0	
C:\Program Files (x86)\Steam\steamapps\common\MGS_PW\mgspw\MLG\disc0_rel\00b2b4b6.PDT:entry1957@0x42db800	61440	5350bc09	0	
C:\Program Files (x86)\Steam\steamapps\common\MGS_PW\mgspw\MLG\disc0_rel\00b2b4b6.PDT:entry1958@0x42ea800	55296	5350bd09	0	
C:\Program Files (x86)\Steam\steamapps\common\MGS_PW\mgspw\MLG\disc0_rel\00b2b4b6.PDT:entry1959@0x42f8000	57344	5350be09	0	
C:\Program Files (x86)\Steam\steamapps\common\MGS_PW\mgspw\MLG\disc0_rel\00b2b4b6.PDT:entry1960@0x4306000	34816	5350bf09	0	
C:\Program Files (x86)\Steam\steamapps\common\MGS_PW\mgspw\MLG\disc0_rel\00b2b4b6.PDT:entry1961@0x430e800	38912	5350c009	0	
C:\Program Files (x86)\Steam\steamapps\common\MGS_PW\mgspw\MLG\disc0_rel\00b2b4b6.PDT:entry1962@0x4318000	36864	5350c109	0	
C:\Program Files (x86)\Steam\steamapps\common\MGS_PW\mgspw\MLG\disc0_rel\00b2b4b6.PDT:entry1963@0x4321000	55296	5350c209	1	encoded_by=Pro Tools!
C:\Program Files (x86)\Steam\steamapps\common\MGS_PW\mgspw\MLG\disc0_rel\00b2b4b6.PDT:entry1964@0x432e800	67584	5350c409	0	
C:\Program Files (x86)\Steam\steamapps\common\MGS_PW\mgspw\MLG\disc0_rel\00b2b4b6.PDT:entry1965@0x433f000	43008	5350c509	1	encoded_by=Pro Tools!
C:\Program Files (x86)\Steam\steamapps\common\MGS_PW\mgspw\MLG\disc0_rel\00b2b4b6.PDT:entry1966@0x4349800	79872	5350c809	0	
C:\Program Files (x86)\Steam\steamapps\common\MGS_PW\mgspw\MLG\disc0_rel\00b2b4b6.PDT:entry1967@0x435d000	26624	5350c909	0	
C:\Program Files (x86)\Steam\steamapps\common\MGS_PW\mgspw\MLG\disc0_rel\00b2b4b6.PDT:entry1968@0x4363800	24576	5350ca09	0	
C:\Program Files (x86)\Steam\steamapps\common\MGS_PW\mgspw\MLG\disc0_rel\00b2b4b6.PDT:entry1969@0x4369800	49152	5350cb09	0	
C:\Program Files (x86)\Steam\steamapps\common\MGS_PW\mgspw\MLG\disc0_rel\00b2b4b6.PDT:entry1970@0x4375800	49152	5350cc09	0	
C:\Program Files (x86)\Steam\steamapps\common\MGS_PW\mgspw\MLG\disc0_rel\00b2b4b6.PDT:entry1971@0x4381800	28672	5350cd09	0	
C:\Program Files (x86)\Steam\steamapps\common\MGS_PW\mgspw\MLG\disc0_rel\00b2b4b6.PDT:entry1972@0x4388800	32768	5350ce09	0	
C:\Program Files (x86)\Steam\steamapps\common\MGS_PW\mgspw\MLG\disc0_rel\00b2b4b6.PDT:entry1973@0x4390800	36864	5350cf09	0	
C:\Program Files (x86)\Steam\steamapps\common\MGS_PW\mgspw\MLG\disc0_rel\00b2b4b6.PDT:entry1974@0x4399800	53248	5350d009	0	
C:\Program Files (x86)\Steam\steamapps\common\MGS_PW\mgspw\MLG\disc0_rel\00b2b4b6.PDT:entry1975@0x43a6800	63488	5350d109	0	
C:\Program Files (x86)\Steam\steamapps\common\MGS_PW\mgspw\MLG\disc0_rel\00b2b4b6.PDT:entry1976@0x43b6000	73728	5350d209	0	
C:\Program Files (x86)\Steam\steamapps\common\MGS_PW\mgspw\MLG\disc0_rel\00b2b4b6.PDT:entry1977@0x43c8000	88064	5350d309	0	
C:\Program Files (x86)\Steam\steamapps\common\MGS_PW\mgspw\MLG\disc0_rel\00b2b4b6.PDT:entry1978@0x43dd800	45056	5350d409	1	encoded_by=Pro Tools!
C:\Program Files (x86)\Steam\steamapps\common\MGS_PW\mgspw\MLG\disc0_rel\00b2b4b6.PDT:entry1979@0x43e8800	59392	5350d509	1	encoded_by=Pro Tools!
C:\Program Files (x86)\Steam\steamapps\common\MGS_PW\mgspw\MLG\disc0_rel\00b2b4b6.PDT:entry1980@0x43f7000	34816	5350d609	1	encoded_by=Pro Tools!
C:\Program Files (x86)\Steam\steamapps\common\MGS_PW\mgspw\MLG\disc0_rel\00b2b4b6.PDT:entry1981@0x43ff800	104448	5350d709	0	
C:\Program Files (x86)\Steam\steamapps\common\MGS_PW\mgspw\MLG\disc0_rel\00b2b4b6.PDT:entry1982@0x4419000	49152	5350d809	1	encoded_by=Pro Tools!
C:\Program Files (x86)\Steam\steamapps\common\MGS_PW\mgspw\MLG\disc0_rel\00b2b4b6.PDT:entry1983@0x4425000	55296	5350d909	1	encoded_by=Pro Tools!
C:\Program Files (x86)\Steam\steamapps\common\MGS_PW\mgspw\MLG\disc0_rel\00b2b4b6.PDT:entry1984@0x4432800	51200	5350dc09	1	encoded_by=Pro Tools!
C:\Program Files (x86)\Steam\steamapps\common\MGS_PW\mgspw\MLG\disc0_rel\00b2b4b6.PDT:entry1985@0x443f000	51200	5350dd09	1	encoded_by=Pro Tools!
C:\Program Files (x86)\Steam\steamapps\common\MGS_PW\mgspw\MLG\disc0_rel\00b2b4b6.PDT:entry1986@0x444b800	57344	5350de09	0	
C:\Program Files (x86)\Steam\steamapps\common\MGS_PW\mgspw\MLG\disc0_rel\00b2b4b6.PDT:entry1987@0x4459800	6144	5350df09	0	
C:\Program Files (x86)\Steam\steamapps\common\MGS_PW\mgspw\MLG\disc0_rel\00b2b4b6.PDT:entry1988@0x445b000	57344	5350e009	0	
C:\Program Files (x86)\Steam\steamapps\common\MGS_PW\mgspw\MLG\disc0_rel\00b2b4b6.PDT:entry1989@0x4469000	53248	5350e109	1	encoded_by=Pro Tools!
C:\Program Files (x86)\Steam\steamapps\common\MGS_PW\mgspw\MLG\disc0_rel\00b2b4b6.PDT:entry1990@0x4476000	30720	5350e209	1	encoded_by=Pro Tools!
C:\Program Files (x86)\Steam\steamapps\common\MGS_PW\mgspw\MLG\disc0_rel\00b2b4b6.PDT:entry1991@0x447d800	61440	5350e609	1	encoded_by=Pro Tools!
C:\Program Files (x86)\Steam\steamapps\common\MGS_PW\mgspw\MLG\disc0_rel\00b2b4b6.PDT:entry1992@0x448c800	55296	5350e709	0	
C:\Program Files (x86)\Steam\steamapps\common\MGS_PW\mgspw\MLG\disc0_rel\00b2b4b6.PDT:entry1993@0x449a000	65536	5350e809	0	
C:\Program Files (x86)\Steam\steamapps\common\MGS_PW\mgspw\MLG\disc0_rel\00b2b4b6.PDT:entry1994@0x44aa000	22528	5350e909	0	
C:\Program Files (x86)\Steam\steamapps\common\MGS_PW\mgspw\MLG\disc0_rel\00b2b4b6.PDT:entry1995@0x44af800	22528	5350ea09	0	
C:\Program Files (x86)\Steam\steamapps\common\MGS_PW\mgspw\MLG\disc0_rel\00b2b4b6.PDT:entry1996@0x44b5000	26624	5350eb09	0	
C:\Program Files (x86)\Steam\steamapps\common\MGS_PW\mgspw\MLG\disc0_rel\00b2b4b6.PDT:entry1997@0x44bb800	26624	5350ec09	0	
C:\Program Files (x86)\Steam\steamapps\common\MGS_PW\mgspw\MLG\disc0_rel\00b2b4b6.PDT:entry1998@0x44c2000	47104	5350ed09	0	
C:\Program Files (x86)\Steam\steamapps\common\MGS_PW\mgspw\MLG\disc0_rel\00b2b4b6.PDT:entry1999@0x44cd800	49152	5350ee09	0	
C:\Program Files (x86)\Steam\steamapps\common\MGS_PW\mgspw\MLG\disc0_rel\00b2b4b6.PDT:entry2000@0x44d9800	49152	5350ef09	0	
C:\Program Files (x86)\Steam\steamapps\common\MGS_PW\mgspw\MLG\disc0_rel\00b2b4b6.PDT:entry2001@0x44e5800	38912	5350f009	0	
C:\Program Files (x86)\Steam\steamapps\common\MGS_PW\mgspw\MLG\disc0_rel\00b2b4b6.PDT:entry2002@0x44ef000	47104	5350f109	0	
C:\Program Files (x86)\Steam\steamapps\common\MGS_PW\mgspw\MLG\disc0_rel\00b2b4b6.PDT:entry2003@0x44fa800	43008	5350f209	0	
C:\Program Files (x86)\Steam\steamapps\common\MGS_PW\mgspw\MLG\disc0_rel\00b2b4b6.PDT:entry2004@0x4505000	40960	5350f309	0	
C:\Program Files (x86)\Steam\steamapps\common\MGS_PW\mgspw\MLG\disc0_rel\00b2b4b6.PDT:entry2005@0x450f000	61440	5350f409	0	
C:\Program Files (x86)\Steam\steamapps\common\MGS_PW\mgspw\MLG\disc0_rel\00b2b4b6.PDT:entry2006@0x451e000	4096	5350f509	0	
C:\Program Files (x86)\Steam\steamapps\common\MGS_PW\mgspw\MLG\disc0_rel\00b2b4b6.PDT:entry2007@0x451f000	4096	5350f609	0	
C:\Program Files (x86)\Steam\steamapps\common\MGS_PW\mgspw\MLG\disc0_rel\00b2b4b6.PDT:entry2008@0x4520000	4096	5350f709	0	
C:\Program Files (x86)\Steam\steamapps\common\MGS_PW\mgspw\MLG\disc0_rel\00b2b4b6.PDT:entry2009@0x4521000	4096	5350f809	0	
C:\Program Files (x86)\Steam\steamapps\common\MGS_PW\mgspw\MLG\disc0_rel\00b2b4b6.PDT:entry2010@0x4522000	4096	5350f909	0	
C:\Program Files (x86)\Steam\steamapps\common\MGS_PW\mgspw\MLG\disc0_rel\00b2b4b6.PDT:entry2011@0x4523000	4096	5350fa09	0	
C:\Program Files (x86)\Steam\steamapps\common\MGS_PW\mgspw\MLG\disc0_rel\00b2b4b6.PDT:entry2012@0x4524000	4096	5350fb09	0	
C:\Program Files (x86)\Steam\steamapps\common\MGS_PW\mgspw\MLG\disc0_rel\00b2b4b6.PDT:entry2013@0x4525000	69632	5350fc09	0	
C:\Program Files (x86)\Steam\steamapps\common\MGS_PW\mgspw\MLG\disc0_rel\00b2b4b6.PDT:entry2014@0x4536000	36864	5350fd09	0	
C:\Program Files (x86)\Steam\steamapps\common\MGS_PW\mgspw\MLG\disc0_rel\00b2b4b6.PDT:entry2015@0x453f000	36864	5350fe09	0	
C:\Program Files (x86)\Steam\steamapps\common\MGS_PW\mgspw\MLG\disc0_rel\00b2b4b6.PDT:entry2016@0x4548000	32768	5350ff09	0	
C:\Program Files (x86)\Steam\steamapps\common\MGS_PW\mgspw\MLG\disc0_rel\00b2b4b6.PDT:entry2017@0x4550000	32768	5350000a	0	
C:\Program Files (x86)\Steam\steamapps\common\MGS_PW\mgspw\MLG\disc0_rel\00b2b4b6.PDT:entry2018@0x4558000	32768	5350010a	0	
C:\Program Files (x86)\Steam\steamapps\common\MGS_PW\mgspw\MLG\disc0_rel\00b2b4b6.PDT:entry2019@0x4560000	40960	5350020a	0	
C:\Program Files (x86)\Steam\steamapps\common\MGS_PW\mgspw\MLG\disc0_rel\00b2b4b6.PDT:entry2020@0x456a000	28672	5350030a	0	
C:\Program Files (x86)\Steam\steamapps\common\MGS_PW\mgspw\MLG\disc0_rel\00b2b4b6.PDT:entry2021@0x4571000	38912	5350040a	1	encoded_by=Pro Tools!
C:\Program Files (x86)\Steam\steamapps\common\MGS_PW\mgspw\MLG\disc0_rel\00b2b4b6.PDT:entry2022@0x457a800	34816	5350050a	1	encoded_by=Pro Tools!
C:\Program Files (x86)\Steam\steamapps\common\MGS_PW\mgspw\MLG\disc0_rel\00b2b4b6.PDT:entry2023@0x4583000	71680	5350060a	1	encoded_by=Pro Tools!
C:\Program Files (x86)\Steam\steamapps\common\MGS_PW\mgspw\MLG\disc0_rel\00b2b4b6.PDT:entry2024@0x4594800	30720	5350070a	0	
C:\Program Files (x86)\Steam\steamapps\common\MGS_PW\mgspw\MLG\disc0_rel\00b2b4b6.PDT:entry2025@0x459c000	34816	5350080a	1	encoded_by=Pro Tools!
C:\Program Files (x86)\Steam\steamapps\common\MGS_PW\mgspw\MLG\disc0_rel\00b2b4b6.PDT:entry2026@0x45a4800	24576	5350090a	0	
C:\Program Files (x86)\Steam\steamapps\common\MGS_PW\mgspw\MLG\disc0_rel\00b2b4b6.PDT:entry2027@0x45aa800	34816	53500a0a	0	
C:\Program Files (x86)\Steam\steamapps\common\MGS_PW\mgspw\MLG\disc0_rel\00b2b4b6.PDT:entry2028@0x45b3000	40960	53500b0a	0	
C:\Program Files (x86)\Steam\steamapps\common\MGS_PW\mgspw\MLG\disc0_rel\00b2b4b6.PDT:entry2029@0x45bd000	34816	53500c0a	0	
C:\Program Files (x86)\Steam\steamapps\common\MGS_PW\mgspw\MLG\disc0_rel\00b2b4b6.PDT:entry2030@0x45c5800	26624	53500d0a	0	
C:\Program Files (x86)\Steam\steamapps\common\MGS_PW\mgspw\MLG\disc0_rel\00b2b4b6.PDT:entry2031@0x45cc000	30720	53500e0a	0	
C:\Program Files (x86)\Steam\steamapps\common\MGS_PW\mgspw\MLG\disc0_rel\00b2b4b6.PDT:entry2032@0x45d3800	30720	53500f0a	0	
C:\Program Files (x86)\Steam\steamapps\common\MGS_PW\mgspw\MLG\disc0_rel\00b2b4b6.PDT:entry2033@0x45db000	30720	5350100a	0	
C:\Program Files (x86)\Steam\steamapps\common\MGS_PW\mgspw\MLG\disc0_rel\00b2b4b6.PDT:entry2034@0x45e2800	53248	5350110a	0	
C:\Program Files (x86)\Steam\steamapps\common\MGS_PW\mgspw\MLG\disc0_rel\00b2b4b6.PDT:entry2035@0x45ef800	36864	5350120a	0	
C:\Program Files (x86)\Steam\steamapps\common\MGS_PW\mgspw\MLG\disc0_rel\00b2b4b6.PDT:entry2036@0x45f8800	32768	5350130a	0	
C:\Program Files (x86)\Steam\steamapps\common\MGS_PW\mgspw\MLG\disc0_rel\00b2b4b6.PDT:entry2037@0x4600800	20480	5350140a	0	
C:\Program Files (x86)\Steam\steamapps\common\MGS_PW\mgspw\MLG\disc0_rel\00b2b4b6.PDT:entry2038@0x4605800	36864	5350150a	0	
C:\Program Files (x86)\Steam\steamapps\common\MGS_PW\mgspw\MLG\disc0_rel\00b2b4b6.PDT:entry2039@0x460e800	30720	5350160a	0	
C:\Program Files (x86)\Steam\steamapps\common\MGS_PW\mgspw\MLG\disc0_rel\00b2b4b6.PDT:entry2040@0x4616000	36864	5350170a	0	
C:\Program Files (x86)\Steam\steamapps\common\MGS_PW\mgspw\MLG\disc0_rel\00b2b4b6.PDT:entry2041@0x461f000	53248	5350180a	0	
C:\Program Files (x86)\Steam\steamapps\common\MGS_PW\mgspw\MLG\disc0_rel\00b2b4b6.PDT:entry2042@0x462c000	22528	5350190a	0	
C:\Program Files (x86)\Steam\steamapps\common\MGS_PW\mgspw\MLG\disc0_rel\00b2b4b6.PDT:entry2043@0x4631800	30720	53501a0a	0	
C:\Program Files (x86)\Steam\steamapps\common\MGS_PW\mgspw\MLG\disc0_rel\00b2b4b6.PDT:entry2044@0x4639000	71680	53501b0a	0	
C:\Program Files (x86)\Steam\steamapps\common\MGS_PW\mgspw\MLG\disc0_rel\00b2b4b6.PDT:entry2045@0x464a800	20480	53501c0a	0	
C:\Program Files (x86)\Steam\steamapps\common\MGS_PW\mgspw\MLG\disc0_rel\00b2b4b6.PDT:entry2046@0x464f800	40960	53501d0a	0	
C:\Program Files (x86)\Steam\steamapps\common\MGS_PW\mgspw\MLG\disc0_rel\00b2b4b6.PDT:entry2047@0x4659800	47104	53501e0a	0	
C:\Program Files (x86)\Steam\steamapps\common\MGS_PW\mgspw\MLG\disc0_rel\00b2b4b6.PDT:entry2048@0x4665000	43008	53501f0a	0	
C:\Program Files (x86)\Steam\steamapps\common\MGS_PW\mgspw\MLG\disc0_rel\00b2b4b6.PDT:entry2049@0x466f800	59392	5350200a	0	
C:\Program Files (x86)\Steam\steamapps\common\MGS_PW\mgspw\MLG\disc0_rel\00b2b4b6.PDT:entry2050@0x467e000	28672	5350210a	0	
C:\Program Files (x86)\Steam\steamapps\common\MGS_PW\mgspw\MLG\disc0_rel\00b2b4b6.PDT:entry2051@0x4685000	40960	5350220a	0	
C:\Program Files (x86)\Steam\steamapps\common\MGS_PW\mgspw\MLG\disc0_rel\00b2b4b6.PDT:entry2052@0x468f000	67584	5350230a	0	
C:\Program Files (x86)\Steam\steamapps\common\MGS_PW\mgspw\MLG\disc0_rel\00b2b4b6.PDT:entry2053@0x469f800	32768	5350240a	0	
C:\Program Files (x86)\Steam\steamapps\common\MGS_PW\mgspw\MLG\disc0_rel\00b2b4b6.PDT:entry2054@0x46a7800	49152	5350250a	0	
C:\Program Files (x86)\Steam\steamapps\common\MGS_PW\mgspw\MLG\disc0_rel\00b2b4b6.PDT:entry2055@0x46b3800	47104	5350260a	0	
C:\Program Files (x86)\Steam\steamapps\common\MGS_PW\mgspw\MLG\disc0_rel\00b2b4b6.PDT:entry2056@0x46bf000	20480	53506e09	0	
C:\Program Files (x86)\Steam\steamapps\common\MGS_PW\mgspw\MLG\disc0_rel\00b2b4b6.PDT:entry2057@0x46c4000	32768	53506f09	0	
C:\Program Files (x86)\Steam\steamapps\common\MGS_PW\mgspw\MLG\disc0_rel\00b2b4b6.PDT:entry2058@0x46cc000	22528	53507009	0	
C:\Program Files (x86)\Steam\steamapps\common\MGS_PW\mgspw\MLG\disc0_rel\00b2b4b6.PDT:entry2059@0x46d1800	26624	53507109	0	
C:\Program Files (x86)\Steam\steamapps\common\MGS_PW\mgspw\MLG\disc0_rel\00b2b4b6.PDT:entry2060@0x46d8000	38912	53507209	0	
C:\Program Files (x86)\Steam\steamapps\common\MGS_PW\mgspw\MLG\disc0_rel\00b2b4b6.PDT:entry2061@0x46e1800	34816	53507309	0	
C:\Program Files (x86)\Steam\steamapps\common\MGS_PW\mgspw\MLG\disc0_rel\00b2b4b6.PDT:entry2062@0x46ea000	20480	53507609	0	
C:\Program Files (x86)\Steam\steamapps\common\MGS_PW\mgspw\MLG\disc0_rel\00b2b4b6.PDT:entry2063@0x46ef000	30720	53507709	0	
C:\Program Files (x86)\Steam\steamapps\common\MGS_PW\mgspw\MLG\disc0_rel\00b2b4b6.PDT:entry2064@0x46f6800	16384	53507809	0	
C:\Program Files (x86)\Steam\steamapps\common\MGS_PW\mgspw\MLG\disc0_rel\00b2b4b6.PDT:entry2065@0x46fa800	34816	53507a09	0	
C:\Program Files (x86)\Steam\steamapps\common\MGS_PW\mgspw\MLG\disc0_rel\00b2b4b6.PDT:entry2066@0x4703000	28672	53507b09	0	
C:\Program Files (x86)\Steam\steamapps\common\MGS_PW\mgspw\MLG\disc0_rel\00b2b4b6.PDT:entry2067@0x470a000	4096	53507c09	0	
C:\Program Files (x86)\Steam\steamapps\common\MGS_PW\mgspw\MLG\disc0_rel\00b2b4b6.PDT:entry2068@0x470b000	4096	53507d09	0	
C:\Program Files (x86)\Steam\steamapps\common\MGS_PW\mgspw\MLG\disc0_rel\00b2b4b6.PDT:entry2069@0x470c000	4096	53507e09	0	
C:\Program Files (x86)\Steam\steamapps\common\MGS_PW\mgspw\MLG\disc0_rel\00b2b4b6.PDT:entry2070@0x470d000	4096	53507f09	0	
C:\Program Files (x86)\Steam\steamapps\common\MGS_PW\mgspw\MLG\disc0_rel\00b2b4b6.PDT:entry2071@0x470e000	4096	53508009	0	
C:\Program Files (x86)\Steam\steamapps\common\MGS_PW\mgspw\MLG\disc0_rel\00b2b4b6.PDT:entry2072@0x470f000	4096	5350e309	0	
C:\Program Files (x86)\Steam\steamapps\common\MGS_PW\mgspw\MLG\disc0_rel\00b2b4b6.PDT:entry2073@0x4710000	4096	5350e409	0	
C:\Program Files (x86)\Steam\steamapps\common\MGS_PW\mgspw\MLG\disc0_rel\00b2b4b6.PDT:entry2074@0x4711000	4096	5350e509	0	
C:\Program Files (x86)\Steam\steamapps\common\MGS_PW\mgspw\MLG\disc0_rel\00b2b4b6.PDT:entry2075@0x4712000	26624	5350270a	0	
C:\Program Files (x86)\Steam\steamapps\common\MGS_PW\mgspw\MLG\disc0_rel\00b2b4b6.PDT:entry2076@0x4718800	22528	5350280a	0	
C:\Program Files (x86)\Steam\steamapps\common\MGS_PW\mgspw\MLG\disc0_rel\00b2b4b6.PDT:entry2077@0x471e000	36864	5350290a	0	
C:\Program Files (x86)\Steam\steamapps\common\MGS_PW\mgspw\MLG\disc0_rel\00b2b4b6.PDT:entry2078@0x4727000	59392	53502a0a	0	
C:\Program Files (x86)\Steam\steamapps\common\MGS_PW\mgspw\MLG\disc0_rel\00b2b4b6.PDT:entry2079@0x4735800	38912	53502b0a	0	
C:\Program Files (x86)\Steam\steamapps\common\MGS_PW\mgspw\MLG\disc0_rel\00b2b4b6.PDT:entry2080@0x473f000	43008	53502c0a	0	
C:\Program Files (x86)\Steam\steamapps\common\MGS_PW\mgspw\MLG\disc0_rel\00b2b4b6.PDT:entry2081@0x4749800	30720	53502d0a	0	
C:\Program Files (x86)\Steam\steamapps\common\MGS_PW\mgspw\MLG\disc0_rel\00b2b4b6.PDT:entry2082@0x4751000	32768	53502e0a	0	
C:\Program Files (x86)\Steam\steamapps\common\MGS_PW\mgspw\MLG\disc0_rel\00b2b4b6.PDT:entry2083@0x4759000	24576	53502f0a	0	
C:\Program Files (x86)\Steam\steamapps\common\MGS_PW\mgspw\MLG\disc0_rel\00b2b4b6.PDT:entry2084@0x475f000	16384	5350300a	0	
C:\Program Files (x86)\Steam\steamapps\common\MGS_PW\mgspw\MLG\disc0_rel\00b2b4b6.PDT:entry2085@0x4763000	34816	5350310a	0	
C:\Program Files (x86)\Steam\steamapps\common\MGS_PW\mgspw\MLG\disc0_rel\00b2b4b6.PDT:entry2086@0x476b800	32768	5350320a	0	
C:\Program Files (x86)\Steam\steamapps\common\MGS_PW\mgspw\MLG\disc0_rel\00b2b4b6.PDT:entry2087@0x4773800	34816	5350330a	0	
C:\Program Files (x86)\Steam\steamapps\common\MGS_PW\mgspw\MLG\disc0_rel\00b2b4b6.PDT:entry2088@0x477c000	45056	5350340a	0	
C:\Program Files (x86)\Steam\steamapps\common\MGS_PW\mgspw\MLG\disc0_rel\00b2b4b6.PDT:entry2089@0x4787000	59392	5350350a	1	encoded_by=Pro Tools!
C:\Program Files (x86)\Steam\steamapps\common\MGS_PW\mgspw\MLG\disc0_rel\00b2b4b6.PDT:entry2090@0x4795800	12288	5350370a	0	
C:\Program Files (x86)\Steam\steamapps\common\MGS_PW\mgspw\MLG\disc0_rel\00b2b4b6.PDT:entry2091@0x4798800	10240	5350380a	0	
C:\Program Files (x86)\Steam\steamapps\common\MGS_PW\mgspw\MLG\disc0_rel\00b2b4b6.PDT:entry2092@0x479b000	12288	5350390a	0	
C:\Program Files (x86)\Steam\steamapps\common\MGS_PW\mgspw\MLG\disc0_rel\00b2b4b6.PDT:entry2093@0x479e000	53248	53503a0a	1	encoded_by=Pro Tools!
C:\Program Files (x86)\Steam\steamapps\common\MGS_PW\mgspw\MLG\disc0_rel\00b2b4b6.PDT:entry2094@0x47ab000	32768	53503b0a	1	encoded_by=Pro Tools!
C:\Program Files (x86)\Steam\steamapps\common\MGS_PW\mgspw\MLG\disc0_rel\00b2b4b6.PDT:entry2095@0x47b3000	16384	53503d0a	0	
C:\Program Files (x86)\Steam\steamapps\common\MGS_PW\mgspw\MLG\disc0_rel\00b2b4b6.PDT:entry2096@0x47b7000	20480	53503e0a	0	
C:\Program Files (x86)\Steam\steamapps\common\MGS_PW\mgspw\MLG\disc0_rel\00b2b4b6.PDT:entry2097@0x47bc000	30720	53503f0a	0	
C:\Program Files (x86)\Steam\steamapps\common\MGS_PW\mgspw\MLG\disc0_rel\00b2b4b6.PDT:entry2098@0x47c3800	26624	5350400a	0	
C:\Program Files (x86)\Steam\steamapps\common\MGS_PW\mgspw\MLG\disc0_rel\00b2b4b6.PDT:entry2099@0x47ca000	34816	5350410a	0	
C:\Program Files (x86)\Steam\steamapps\common\MGS_PW\mgspw\MLG\disc0_rel\00b2b4b6.PDT:entry2100@0x47d2800	36864	5350420a	0	
C:\Program Files (x86)\Steam\steamapps\common\MGS_PW\mgspw\MLG\disc0_rel\00b2b4b6.PDT:entry2101@0x47db800	34816	5350430a	0	
C:\Program Files (x86)\Steam\steamapps\common\MGS_PW\mgspw\MLG\disc0_rel\00b2b4b6.PDT:entry2102@0x47e4000	26624	5350440a	0	
C:\Program Files (x86)\Steam\steamapps\common\MGS_PW\mgspw\MLG\disc0_rel\00b2b4b6.PDT:entry2103@0x47ea800	49152	5350450a	0	
C:\Program Files (x86)\Steam\steamapps\common\MGS_PW\mgspw\MLG\disc0_rel\00b2b4b6.PDT:entry2104@0x47f6800	22528	5350460a	0	
C:\Program Files (x86)\Steam\steamapps\common\MGS_PW\mgspw\MLG\disc0_rel\00b2b4b6.PDT:entry2105@0x47fc000	12288	5350470a	0	
C:\Program Files (x86)\Steam\steamapps\common\MGS_PW\mgspw\MLG\disc0_rel\00b2b4b6.PDT:entry2106@0x47ff000	43008	5350480a	0	
C:\Program Files (x86)\Steam\steamapps\common\MGS_PW\mgspw\MLG\disc0_rel\00b2b4b6.PDT:entry2107@0x4809800	34816	5350490a	0	
C:\Program Files (x86)\Steam\steamapps\common\MGS_PW\mgspw\MLG\disc0_rel\00b2b4b6.PDT:entry2108@0x4812000	24576	53504a0a	0	
C:\Program Files (x86)\Steam\steamapps\common\MGS_PW\mgspw\MLG\disc0_rel\00b2b4b6.PDT:entry2109@0x4818000	14336	53504b0a	0	
C:\Program Files (x86)\Steam\steamapps\common\MGS_PW\mgspw\MLG\disc0_rel\00b2b4b6.PDT:entry2110@0x481b800	45056	53504c0a	1	encoded_by=Pro Tools!
C:\Program Files (x86)\Steam\steamapps\common\MGS_PW\mgspw\MLG\disc0_rel\00b2b4b6.PDT:entry2111@0x4826800	40960	53504d0a	1	encoded_by=Pro Tools!
C:\Program Files (x86)\Steam\steamapps\common\MGS_PW\mgspw\MLG\disc0_rel\00b2b4b6.PDT:entry2112@0x4830800	43008	53504e0a	0	
C:\Program Files (x86)\Steam\steamapps\common\MGS_PW\mgspw\MLG\disc0_rel\00b2b4b6.PDT:entry2113@0x483b000	32768	53504f0a	0	
C:\Program Files (x86)\Steam\steamapps\common\MGS_PW\mgspw\MLG\disc0_rel\00b2b4b6.PDT:entry2114@0x4843000	28672	5350500a	0	
C:\Program Files (x86)\Steam\steamapps\common\MGS_PW\mgspw\MLG\disc0_rel\00b2b4b6.PDT:entry2115@0x484a000	63488	5350510a	0	
C:\Program Files (x86)\Steam\steamapps\common\MGS_PW\mgspw\MLG\disc0_rel\00b2b4b6.PDT:entry2116@0x4859800	59392	5350520a	0	
C:\Program Files (x86)\Steam\steamapps\common\MGS_PW\mgspw\MLG\disc0_rel\00b2b4b6.PDT:entry2117@0x4868000	34816	5350530a	0	
C:\Program Files (x86)\Steam\steamapps\common\MGS_PW\mgspw\MLG\disc0_rel\00b2b4b6.PDT:entry2118@0x4870800	30720	5350540a	0	
C:\Program Files (x86)\Steam\steamapps\common\MGS_PW\mgspw\MLG\disc0_rel\00b2b4b6.PDT:entry2119@0x4878000	45056	5350550a	0	
C:\Program Files (x86)\Steam\steamapps\common\MGS_PW\mgspw\MLG\disc0_rel\00b2b4b6.PDT:entry2120@0x4883000	40960	5350560a	0	
C:\Program Files (x86)\Steam\steamapps\common\MGS_PW\mgspw\MLG\disc0_rel\00b2b4b6.PDT:entry2121@0x488d000	34816	5350570a	0	
C:\Program Files (x86)\Steam\steamapps\common\MGS_PW\mgspw\MLG\disc0_rel\00b2b4b6.PDT:entry2122@0x4895800	53248	5350580a	0	
C:\Program Files (x86)\Steam\steamapps\common\MGS_PW\mgspw\MLG\disc0_rel\00b2b4b6.PDT:entry2123@0x48a2800	32768	5350590a	0	
C:\Program Files (x86)\Steam\steamapps\common\MGS_PW\mgspw\MLG\disc0_rel\00b2b4b6.PDT:entry2124@0x48aa800	38912	53505a0a	0	
C:\Program Files (x86)\Steam\steamapps\common\MGS_PW\mgspw\MLG\disc0_rel\00b2b4b6.PDT:entry2125@0x48b4000	45056	53505b0a	0	
C:\Program Files (x86)\Steam\steamapps\common\MGS_PW\mgspw\MLG\disc0_rel\00b2b4b6.PDT:entry2126@0x48bf000	36864	53505c0a	0	
C:\Program Files (x86)\Steam\steamapps\common\MGS_PW\mgspw\MLG\disc0_rel\00b2b4b6.PDT:entry2127@0x48c8000	63488	53505d0a	0	
C:\Program Files (x86)\Steam\steamapps\common\MGS_PW\mgspw\MLG\disc0_rel\00b2b4b6.PDT:entry2128@0x48d7800	12288	53505e0a	0	
C:\Program Files (x86)\Steam\steamapps\common\MGS_PW\mgspw\MLG\disc0_rel\00b2b4b6.PDT:entry2129@0x48da800	12288	53505f0a	0	
C:\Program Files (x86)\Steam\steamapps\common\MGS_PW\mgspw\MLG\disc0_rel\00b2b4b6.PDT:entry2130@0x48dd800	12288	5350600a	0	
C:\Program Files (x86)\Steam\steamapps\common\MGS_PW\mgspw\MLG\disc0_rel\00b2b4b6.PDT:entry2131@0x48e0800	12288	5350610a	0	
C:\Program Files (x86)\Steam\steamapps\common\MGS_PW\mgspw\MLG\disc0_rel\00b2b4b6.PDT:entry2132@0x48e3800	22528	5350650a	0	
C:\Program Files (x86)\Steam\steamapps\common\MGS_PW\mgspw\MLG\disc0_rel\00b2b4b6.PDT:entry2133@0x48e9000	47104	53506b0a	0	
C:\Program Files (x86)\Steam\steamapps\common\MGS_PW\mgspw\MLG\disc0_rel\00b2b4b6.PDT:entry2134@0x48f4800	22528	53506c0a	0	
C:\Program Files (x86)\Steam\steamapps\common\MGS_PW\mgspw\MLG\disc0_rel\00b2b4b6.PDT:entry2135@0x48fa000	61440	53506f0a	0	
C:\Program Files (x86)\Steam\steamapps\common\MGS_PW\mgspw\MLG\disc0_rel\00b2b4b6.PDT:entry2136@0x4909000	6144	53501e09	0	
C:\Program Files (x86)\Steam\steamapps\common\MGS_PW\mgspw\MLG\disc0_rel\00b2b4b6.PDT:entry2137@0x490a800	65536	53502009	0	
C:\Program Files (x86)\Steam\steamapps\common\MGS_PW\mgspw\MLG\disc0_rel\00b2b4b6.PDT:entry2138@0x491a800	38912	53502109	0	
C:\Program Files (x86)\Steam\steamapps\common\MGS_PW\mgspw\MLG\disc0_rel\00b2b4b6.PDT:entry2139@0x4924000	20480	53502209	0	
C:\Program Files (x86)\Steam\steamapps\common\MGS_PW\mgspw\MLG\disc0_rel\00b2b4b6.PDT:entry2140@0x4929000	26624	53502309	0	
C:\Program Files (x86)\Steam\steamapps\common\MGS_PW\mgspw\MLG\disc0_rel\00b2b4b6.PDT:entry2141@0x492f800	6144	53507409	0	
C:\Program Files (x86)\Steam\steamapps\common\MGS_PW\mgspw\MLG\disc0_rel\00b2b4b6.PDT:entry2142@0x4931000	4096	53507909	0	
C:\Program Files (x86)\Steam\steamapps\common\MGS_PW\mgspw\MLG\disc0_rel\00b2b4b6.PDT:entry2143@0x4932000	14336	5350700a	0	
C:\Program Files (x86)\Steam\steamapps\common\MGS_PW\mgspw\MLG\disc0_rel\00b2b4b6.PDT:entry2144@0x4935800	4096	5350710a	0	
C:\Program Files (x86)\Steam\steamapps\common\MGS_PW\mgspw\MLG\disc0_rel\00b2b4b6.PDT:entry2145@0x4936800	43008	53507a0a	0	
C:\Program Files (x86)\Steam\steamapps\common\MGS_PW\mgspw\MLG\disc0_rel\00b2b4b6.PDT:entry2146@0x4941000	18432	53507b0a	0	
C:\Program Files (x86)\Steam\steamapps\common\MGS_PW\mgspw\MLG\disc0_rel\00b2b4b6.PDT:entry2147@0x4945800	26624	53507c0a	0	
C:\Program Files (x86)\Steam\steamapps\common\MGS_PW\mgspw\MLG\disc0_rel\00b2b4b6.PDT:entry2148@0x494c000	20480	53507d0a	0	
C:\Program Files (x86)\Steam\steamapps\common\MGS_PW\mgspw\MLG\disc0_rel\00b2b4b6.PDT:entry2149@0x4951000	59392	53507e0a	1	encoded_by=Pro Tools!
C:\Program Files (x86)\Steam\steamapps\common\MGS_PW\mgspw\MLG\disc0_rel\00b2b4b6.PDT:entry2150@0x495f800	69632	53507f0a	2	encoded_by=Pro Tools! | zuvqvsmnvz "$&
C:\Program Files (x86)\Steam\steamapps\common\MGS_PW\mgspw\MLG\disc0_rel\00b2b4b6.PDT:entry2151@0x4970800	36864	5350810a	1	encoded_by=Pro Tools!
C:\Program Files (x86)\Steam\steamapps\common\MGS_PW\mgspw\MLG\disc0_rel\00b2b4b6.PDT:entry2152@0x4979800	30720	5350820a	0	
C:\Program Files (x86)\Steam\steamapps\common\MGS_PW\mgspw\MLG\disc0_rel\00b2b4b6.PDT:entry2153@0x4981000	53248	5350830a	1	encoded_by=Pro Tools!
C:\Program Files (x86)\Steam\steamapps\common\MGS_PW\mgspw\MLG\disc0_rel\00b2b4b6.PDT:entry2154@0x498e000	57344	5350840a	1	encoded_by=Pro Tools!
C:\Program Files (x86)\Steam\steamapps\common\MGS_PW\mgspw\MLG\disc0_rel\00b2b4b6.PDT:entry2155@0x499c000	36864	5350850a	1	encoded_by=Pro Tools!
C:\Program Files (x86)\Steam\steamapps\common\MGS_PW\mgspw\MLG\disc0_rel\00b2b4b6.PDT:entry2156@0x49a5000	43008	5350860a	1	encoded_by=Pro Tools!
C:\Program Files (x86)\Steam\steamapps\common\MGS_PW\mgspw\MLG\disc0_rel\00b2b4b6.PDT:entry2157@0x49af800	47104	5350870a	1	encoded_by=Pro Tools!
C:\Program Files (x86)\Steam\steamapps\common\MGS_PW\mgspw\MLG\disc0_rel\00b2b4b6.PDT:entry2158@0x49bb000	59392	5350880a	1	encoded_by=Pro Tools!
C:\Program Files (x86)\Steam\steamapps\common\MGS_PW\mgspw\MLG\disc0_rel\00b2b4b6.PDT:entry2159@0x49c9800	69632	53508d0a	0	
C:\Program Files (x86)\Steam\steamapps\common\MGS_PW\mgspw\MLG\disc0_rel\00b2b4b6.PDT:entry2160@0x49da800	71680	53508f0a	1	encoded_by=Pro Tools!
C:\Program Files (x86)\Steam\steamapps\common\MGS_PW\mgspw\MLG\disc0_rel\00b2b4b6.PDT:entry2161@0x49ec000	4096	5350900a	0	
C:\Program Files (x86)\Steam\steamapps\common\MGS_PW\mgspw\MLG\disc0_rel\00b2b4b6.PDT:entry2162@0x49ed000	83968	5350910a	0	
C:\Program Files (x86)\Steam\steamapps\common\MGS_PW\mgspw\MLG\disc0_rel\00b2b4b6.PDT:entry2163@0x4a01800	32768	5350920a	0	
C:\Program Files (x86)\Steam\steamapps\common\MGS_PW\mgspw\MLG\disc0_rel\00b2b4b6.PDT:entry2164@0x4a09800	32768	5350930a	0	
C:\Program Files (x86)\Steam\steamapps\common\MGS_PW\mgspw\MLG\disc0_rel\00b2b4b6.PDT:entry2165@0x4a11800	30720	5350940a	0	
C:\Program Files (x86)\Steam\steamapps\common\MGS_PW\mgspw\MLG\disc0_rel\00b2b4b6.PDT:entry2166@0x4a19000	30720	5350950a	0	
C:\Program Files (x86)\Steam\steamapps\common\MGS_PW\mgspw\MLG\disc0_rel\00b2b4b6.PDT:entry2167@0x4a20800	40960	5350960a	0	
C:\Program Files (x86)\Steam\steamapps\common\MGS_PW\mgspw\MLG\disc0_rel\00b2b4b6.PDT:entry2168@0x4a2a800	40960	5350970a	0	
C:\Program Files (x86)\Steam\steamapps\common\MGS_PW\mgspw\MLG\disc0_rel\00b2b4b6.PDT:entry2169@0x4a34800	43008	5350980a	0	
C:\Program Files (x86)\Steam\steamapps\common\MGS_PW\mgspw\MLG\disc0_rel\00b2b4b6.PDT:entry2170@0x4a3f000	61440	5350990a	0	
C:\Program Files (x86)\Steam\steamapps\common\MGS_PW\mgspw\MLG\disc0_rel\00b2b4b6.PDT:entry2171@0x4a4e000	51200	53509a0a	0	
C:\Program Files (x86)\Steam\steamapps\common\MGS_PW\mgspw\MLG\disc0_rel\00b2b4b6.PDT:entry2172@0x4a5a800	22528	53509b0a	0	
C:\Program Files (x86)\Steam\steamapps\common\MGS_PW\mgspw\MLG\disc0_rel\00b2b4b6.PDT:entry2173@0x4a60000	53248	53509c0a	0	
C:\Program Files (x86)\Steam\steamapps\common\MGS_PW\mgspw\MLG\disc0_rel\00b2b4b6.PDT:entry2174@0x4a6d000	49152	53509d0a	1	encoded_by=Pro Tools!
C:\Program Files (x86)\Steam\steamapps\common\MGS_PW\mgspw\MLG\disc0_rel\00b2b4b6.PDT:entry2175@0x4a79000	49152	53509f0a	1	encoded_by=Pro Tools!
C:\Program Files (x86)\Steam\steamapps\common\MGS_PW\mgspw\MLG\disc0_rel\00b2b4b6.PDT:entry2176@0x4a85000	59392	5350a00a	1	encoded_by=Pro Tools!
C:\Program Files (x86)\Steam\steamapps\common\MGS_PW\mgspw\MLG\disc0_rel\00b2b4b6.PDT:entry2177@0x4a93800	24576	5350a10a	0	
C:\Program Files (x86)\Steam\steamapps\common\MGS_PW\mgspw\MLG\disc0_rel\00b2b4b6.PDT:entry2178@0x4a99800	47104	5350a20a	0	
C:\Program Files (x86)\Steam\steamapps\common\MGS_PW\mgspw\MLG\disc0_rel\00b2b4b6.PDT:entry2179@0x4aa5000	32768	5350a30a	0	
C:\Program Files (x86)\Steam\steamapps\common\MGS_PW\mgspw\MLG\disc0_rel\00b2b4b6.PDT:entry2180@0x4aad000	36864	5350a40a	0	
C:\Program Files (x86)\Steam\steamapps\common\MGS_PW\mgspw\MLG\disc0_rel\00b2b4b6.PDT:entry2181@0x4ab6000	40960	5350a50a	0	
C:\Program Files (x86)\Steam\steamapps\common\MGS_PW\mgspw\MLG\disc0_rel\00b2b4b6.PDT:entry2182@0x4ac0000	47104	5350a60a	0	
C:\Program Files (x86)\Steam\steamapps\common\MGS_PW\mgspw\MLG\disc0_rel\00b2b4b6.PDT:entry2183@0x4acb800	20480	5350a70a	0	
C:\Program Files (x86)\Steam\steamapps\common\MGS_PW\mgspw\MLG\disc0_rel\00b2b4b6.PDT:entry2184@0x4ad0800	28672	5350a80a	0	
C:\Program Files (x86)\Steam\steamapps\common\MGS_PW\mgspw\MLG\disc0_rel\00b2b4b6.PDT:entry2185@0x4ad7800	26624	5350a90a	0	
C:\Program Files (x86)\Steam\steamapps\common\MGS_PW\mgspw\MLG\disc0_rel\00b2b4b6.PDT:entry2186@0x4ade000	16384	5350aa0a	0	
C:\Program Files (x86)\Steam\steamapps\common\MGS_PW\mgspw\MLG\disc0_rel\00b2b4b6.PDT:entry2187@0x4ae2000	24576	5350ab0a	0	
C:\Program Files (x86)\Steam\steamapps\common\MGS_PW\mgspw\MLG\disc0_rel\00b2b4b6.PDT:entry2188@0x4ae8000	16384	5350ac0a	0	
C:\Program Files (x86)\Steam\steamapps\common\MGS_PW\mgspw\MLG\disc0_rel\00b2b4b6.PDT:entry2189@0x4aec000	30720	5350ad0a	0	
C:\Program Files (x86)\Steam\steamapps\common\MGS_PW\mgspw\MLG\disc0_rel\00b2b4b6.PDT:entry2190@0x4af3800	14336	5350ae0a	0	
C:\Program Files (x86)\Steam\steamapps\common\MGS_PW\mgspw\MLG\disc0_rel\00b2b4b6.PDT:entry2191@0x4af7000	26624	5350af0a	0	
C:\Program Files (x86)\Steam\steamapps\common\MGS_PW\mgspw\MLG\disc0_rel\00b2b4b6.PDT:entry2192@0x4afd800	36864	5350b00a	0	
C:\Program Files (x86)\Steam\steamapps\common\MGS_PW\mgspw\MLG\disc0_rel\00b2b4b6.PDT:entry2193@0x4b06800	26624	5350b10a	0	
C:\Program Files (x86)\Steam\steamapps\common\MGS_PW\mgspw\MLG\disc0_rel\00b2b4b6.PDT:entry2194@0x4b0d000	24576	5350b20a	0	
C:\Program Files (x86)\Steam\steamapps\common\MGS_PW\mgspw\MLG\disc0_rel\00b2b4b6.PDT:entry2195@0x4b13000	43008	5350b30a	0	
C:\Program Files (x86)\Steam\steamapps\common\MGS_PW\mgspw\MLG\disc0_rel\00b2b4b6.PDT:entry2196@0x4b1d800	45056	5350b40a	0	
C:\Program Files (x86)\Steam\steamapps\common\MGS_PW\mgspw\MLG\disc0_rel\00b2b4b6.PDT:entry2197@0x4b28800	24576	5350b50a	0	
C:\Program Files (x86)\Steam\steamapps\common\MGS_PW\mgspw\MLG\disc0_rel\00b2b4b6.PDT:entry2198@0x4b2e800	30720	5350b60a	0	
C:\Program Files (x86)\Steam\steamapps\common\MGS_PW\mgspw\MLG\disc0_rel\00b2b4b6.PDT:entry2199@0x4b36000	36864	5350b70a	0	
C:\Program Files (x86)\Steam\steamapps\common\MGS_PW\mgspw\MLG\disc0_rel\00b2b4b6.PDT:entry2200@0x4b3f000	34816	5350b80a	0	
C:\Program Files (x86)\Steam\steamapps\common\MGS_PW\mgspw\MLG\disc0_rel\00b2b4b6.PDT:entry2201@0x4b47800	61440	5350b90a	0	
C:\Program Files (x86)\Steam\steamapps\common\MGS_PW\mgspw\MLG\disc0_rel\00b2b4b6.PDT:entry2202@0x4b56800	30720	5350ba0a	0	
C:\Program Files (x86)\Steam\steamapps\common\MGS_PW\mgspw\MLG\disc0_rel\00b2b4b6.PDT:entry2203@0x4b5e000	43008	5350bb0a	0	
C:\Program Files (x86)\Steam\steamapps\common\MGS_PW\mgspw\MLG\disc0_rel\00b2b4b6.PDT:entry2204@0x4b68800	47104	5350bc0a	0	
C:\Program Files (x86)\Steam\steamapps\common\MGS_PW\mgspw\MLG\disc0_rel\00b2b4b6.PDT:entry2205@0x4b74000	47104	5350bd0a	1	encoded_by=Pro Tools!
C:\Program Files (x86)\Steam\steamapps\common\MGS_PW\mgspw\MLG\disc0_rel\00b2b4b6.PDT:entry2206@0x4b7f800	38912	5350be0a	0	
C:\Program Files (x86)\Steam\steamapps\common\MGS_PW\mgspw\MLG\disc0_rel\00b2b4b6.PDT:entry2207@0x4b89000	6144	5350bf0a	0	
C:\Program Files (x86)\Steam\steamapps\common\MGS_PW\mgspw\MLG\disc0_rel\00b2b4b6.PDT:entry2208@0x4b8a800	6144	5350c00a	0	
C:\Program Files (x86)\Steam\steamapps\common\MGS_PW\mgspw\MLG\disc0_rel\00b2b4b6.PDT:entry2209@0x4b8c000	6144	5350c10a	0	
C:\Program Files (x86)\Steam\steamapps\common\MGS_PW\mgspw\MLG\disc0_rel\00b2b4b6.PDT:entry2210@0x4b8d800	6144	5350c20a	0	
C:\Program Files (x86)\Steam\steamapps\common\MGS_PW\mgspw\MLG\disc0_rel\00b2b4b6.PDT:entry2211@0x4b8f000	43008	5350d30a	1	encoded_by=Pro Tools!
C:\Program Files (x86)\Steam\steamapps\common\MGS_PW\mgspw\MLG\disc0_rel\00b2b4b6.PDT:entry2212@0x4b99800	71680	5350d40a	1	encoded_by=Pro Tools!
C:\Program Files (x86)\Steam\steamapps\common\MGS_PW\mgspw\MLG\disc0_rel\00b2b4b6.PDT:entry2213@0x4bab000	71680	5350d50a	1	encoded_by=Pro Tools!
C:\Program Files (x86)\Steam\steamapps\common\MGS_PW\mgspw\MLG\disc0_rel\00b2b4b6.PDT:entry2214@0x4bbc800	36864	5350d80a	0	
C:\Program Files (x86)\Steam\steamapps\common\MGS_PW\mgspw\MLG\disc0_rel\00b2b4b6.PDT:entry2215@0x4bc5800	45056	5350d90a	0	
C:\Program Files (x86)\Steam\steamapps\common\MGS_PW\mgspw\MLG\disc0_rel\00b2b4b6.PDT:entry2216@0x4bd0800	45056	5350da0a	1	encoded_by=Pro Tools
C:\Program Files (x86)\Steam\steamapps\common\MGS_PW\mgspw\MLG\disc0_rel\00b2b4b6.PDT:entry2217@0x4bdb800	24576	5350db0a	0	
C:\Program Files (x86)\Steam\steamapps\common\MGS_PW\mgspw\MLG\disc0_rel\00b2b4b6.PDT:entry2218@0x4be1800	45056	5350dc0a	0	
C:\Program Files (x86)\Steam\steamapps\common\MGS_PW\mgspw\MLG\disc0_rel\00b2b4b6.PDT:entry2219@0x4bec800	49152	5350dd0a	0	
C:\Program Files (x86)\Steam\steamapps\common\MGS_PW\mgspw\MLG\disc0_rel\00b2b4b6.PDT:entry2220@0x4bf8800	43008	5350de0a	0	
C:\Program Files (x86)\Steam\steamapps\common\MGS_PW\mgspw\MLG\disc0_rel\00b2b4b6.PDT:entry2221@0x4c03000	28672	5350df0a	0	
C:\Program Files (x86)\Steam\steamapps\common\MGS_PW\mgspw\MLG\disc0_rel\00b2b4b6.PDT:entry2222@0x4c0a000	22528	5350e00a	0	
C:\Program Files (x86)\Steam\steamapps\common\MGS_PW\mgspw\MLG\disc0_rel\00b2b4b6.PDT:entry2223@0x4c0f800	32768	5350e10a	0	
C:\Program Files (x86)\Steam\steamapps\common\MGS_PW\mgspw\MLG\disc0_rel\00b2b4b6.PDT:entry2224@0x4c17800	94208	5350e20a	0	
C:\Program Files (x86)\Steam\steamapps\common\MGS_PW\mgspw\MLG\disc0_rel\00b2b4b6.PDT:entry2225@0x4c2e800	59392	5350e30a	0	
C:\Program Files (x86)\Steam\steamapps\common\MGS_PW\mgspw\MLG\disc0_rel\00b2b4b6.PDT:entry2226@0x4c3d000	43008	5350e40a	0	
C:\Program Files (x86)\Steam\steamapps\common\MGS_PW\mgspw\MLG\disc0_rel\00b2b4b6.PDT:entry2227@0x4c47800	49152	5350e50a	0	
C:\Program Files (x86)\Steam\steamapps\common\MGS_PW\mgspw\MLG\disc0_rel\00b2b4b6.PDT:entry2228@0x4c53800	40960	5350e60a	0	
C:\Program Files (x86)\Steam\steamapps\common\MGS_PW\mgspw\MLG\disc0_rel\00b2b4b6.PDT:entry2229@0x4c5d800	43008	5350e70a	0	
C:\Program Files (x86)\Steam\steamapps\common\MGS_PW\mgspw\MLG\disc0_rel\00b2b4b6.PDT:entry2230@0x4c68000	32768	5350e80a	0	
C:\Program Files (x86)\Steam\steamapps\common\MGS_PW\mgspw\MLG\disc0_rel\00b2b4b6.PDT:entry2231@0x4c70000	26624	5350e90a	0	
C:\Program Files (x86)\Steam\steamapps\common\MGS_PW\mgspw\MLG\disc0_rel\00b2b4b6.PDT:entry2232@0x4c76800	14336	5350ea0a	0	
C:\Program Files (x86)\Steam\steamapps\common\MGS_PW\mgspw\MLG\disc0_rel\00b2b4b6.PDT:entry2233@0x4c7a000	38912	5350eb0a	0	
C:\Program Files (x86)\Steam\steamapps\common\MGS_PW\mgspw\MLG\disc0_rel\00b2b4b6.PDT:entry2234@0x4c83800	47104	5350d60a	0	
C:\Program Files (x86)\Steam\steamapps\common\MGS_PW\mgspw\MLG\disc0_rel\00b2b4b6.PDT:entry2235@0x4c8f000	45056	5350d70a	0	
C:\Program Files (x86)\Steam\steamapps\common\MGS_PW\mgspw\MLG\disc0_rel\00b2b4b6.PDT:entry2236@0x4c9a000	6144	5350ec0a	0	
C:\Program Files (x86)\Steam\steamapps\common\MGS_PW\mgspw\MLG\disc0_rel\00b2b4b6.PDT:entry2237@0x4c9b800	6144	5350ed0a	0	
C:\Program Files (x86)\Steam\steamapps\common\MGS_PW\mgspw\MLG\disc0_rel\00b2b4b6.PDT:entry2238@0x4c9d000	32768	5350ee0a	0	
C:\Program Files (x86)\Steam\steamapps\common\MGS_PW\mgspw\MLG\disc0_rel\00b2b4b6.PDT:entry2239@0x4ca5000	40960	5350ef0a	0	
C:\Program Files (x86)\Steam\steamapps\common\MGS_PW\mgspw\MLG\disc0_rel\00b2b4b6.PDT:entry2240@0x4caf000	24576	5350f00a	0	
C:\Program Files (x86)\Steam\steamapps\common\MGS_PW\mgspw\MLG\disc0_rel\00b2b4b6.PDT:entry2241@0x4cb5000	24576	5350f10a	0	
C:\Program Files (x86)\Steam\steamapps\common\MGS_PW\mgspw\MLG\disc0_rel\00b2b4b6.PDT:entry2242@0x4cbb000	24576	5350f20a	0	
C:\Program Files (x86)\Steam\steamapps\common\MGS_PW\mgspw\MLG\disc0_rel\00b2b4b6.PDT:entry2243@0x4cc1000	4096	53506209	0	
C:\Program Files (x86)\Steam\steamapps\common\MGS_PW\mgspw\MLG\disc0_rel\00b2b4b6.PDT:entry2244@0x4cc2000	30720	5350620a	0	
C:\Program Files (x86)\Steam\steamapps\common\MGS_PW\mgspw\MLG\disc0_rel\00b2b4b6.PDT:entry2245@0x4cc9800	20480	5350630a	0	
C:\Program Files (x86)\Steam\steamapps\common\MGS_PW\mgspw\MLG\disc0_rel\00b2b4b6.PDT:entry2246@0x4cce800	22528	5350640a	0	
C:\Program Files (x86)\Steam\steamapps\common\MGS_PW\mgspw\MLG\disc0_rel\00b2b4b6.PDT:entry2247@0x4cd4000	28672	5350660a	0	
C:\Program Files (x86)\Steam\steamapps\common\MGS_PW\mgspw\MLG\disc0_rel\00b2b4b6.PDT:entry2248@0x4cdb000	26624	5350670a	0	
C:\Program Files (x86)\Steam\steamapps\common\MGS_PW\mgspw\MLG\disc0_rel\00b2b4b6.PDT:entry2249@0x4ce1800	26624	5350680a	0	
C:\Program Files (x86)\Steam\steamapps\common\MGS_PW\mgspw\MLG\disc0_rel\00b2b4b6.PDT:entry2250@0x4ce8000	36864	5350690a	0	
C:\Program Files (x86)\Steam\steamapps\common\MGS_PW\mgspw\MLG\disc0_rel\00b2b4b6.PDT:entry2251@0x4cf1000	28672	53506a0a	0	
C:\Program Files (x86)\Steam\steamapps\common\MGS_PW\mgspw\MLG\disc0_rel\00b2b4b6.PDT:entry2252@0x4cf8000	26624	53506a07	0	
C:\Program Files (x86)\Steam\steamapps\common\MGS_PW\mgspw\MLG\disc0_rel\00b2b4b6.PDT:entry2253@0x4cfe800	38912	53506b07	0	
C:\Program Files (x86)\Steam\steamapps\common\MGS_PW\mgspw\MLG\disc0_rel\00b2b4b6.PDT:entry2254@0x4d08000	32768	53506607	0	
C:\Program Files (x86)\Steam\steamapps\common\MGS_PW\mgspw\MLG\disc0_rel\00b2b4b6.PDT:entry2255@0x4d10000	40960	53507c07	0	
C:\Program Files (x86)\Steam\steamapps\common\MGS_PW\mgspw\MLG\disc0_rel\00b2b4b6.PDT:entry2256@0x4d1a000	18432	5350760a	0	
C:\Program Files (x86)\Steam\steamapps\common\MGS_PW\mgspw\MLG\disc0_rel\00b2b4b6.PDT:entry2257@0x4d1e800	12288	5350770a	0	
C:\Program Files (x86)\Steam\steamapps\common\MGS_PW\mgspw\MLG\disc0_rel\00b2b4b6.PDT:entry2258@0x4d21800	18432	5350780a	0	
C:\Program Files (x86)\Steam\steamapps\common\MGS_PW\mgspw\MLG\disc0_rel\00b2b4b6.PDT:entry2259@0x4d26000	22528	5350790a	0	
C:\Program Files (x86)\Steam\steamapps\common\MGS_PW\mgspw\MLG\disc0_rel\00b2b4b6.PDT:entry2260@0x4d2b800	24576	53506807	0	
C:\Program Files (x86)\Steam\steamapps\common\MGS_PW\mgspw\MLG\disc0_rel\00b2b4b6.PDT:entry2261@0x4d31800	34816	53506907	0	
C:\Program Files (x86)\Steam\steamapps\common\MGS_PW\mgspw\MLG\disc0_rel\00b2b4b6.PDT:entry2262@0x4d3a000	26624	53506707	0	
C:\Program Files (x86)\Steam\steamapps\common\MGS_PW\mgspw\MLG\disc0_rel\00b2b4b6.PDT:entry2263@0x4d40800	32768	53507a07	0	
C:\Program Files (x86)\Steam\steamapps\common\MGS_PW\mgspw\MLG\disc0_rel\00b2b4b6.PDT:entry2264@0x4d48800	18432	5350720a	0	
C:\Program Files (x86)\Steam\steamapps\common\MGS_PW\mgspw\MLG\disc0_rel\00b2b4b6.PDT:entry2265@0x4d4d000	12288	5350730a	0	
C:\Program Files (x86)\Steam\steamapps\common\MGS_PW\mgspw\MLG\disc0_rel\00b2b4b6.PDT:entry2266@0x4d50000	16384	5350740a	0	
C:\Program Files (x86)\Steam\steamapps\common\MGS_PW\mgspw\MLG\disc0_rel\00b2b4b6.PDT:entry2267@0x4d54000	20480	5350750a	0	
C:\Program Files (x86)\Steam\steamapps\common\MGS_PW\mgspw\MLG\disc0_rel\00b2b4b6.PDT:entry2268@0x4d59000	30720	5350d20a	0	
C:\Program Files (x86)\Steam\steamapps\common\MGS_PW\mgspw\MLG\disc0_rel\00b2b4b6.PDT:entry2269@0x4d60800	32768	5350d10a	0	
C:\Program Files (x86)\Steam\steamapps\common\MGS_PW\mgspw\MLG\disc0_rel\00b2b4b6.PDT:entry2270@0x4d68800	22528	53505a03	1	encoded_by=Pro Tools!
C:\Program Files (x86)\Steam\steamapps\common\MGS_PW\mgspw\MLG\disc0_rel\00b2b4b6.PDT:entry2271@0x4d6e000	24576	5350d200	1	encoded_by=Pro Tools!
C:\Program Files (x86)\Steam\steamapps\common\MGS_PW\mgspw\MLG\disc0_rel\00b2b4b6.PDT:entry2272@0x4d74000	20480	5350d900	1	encoded_by=Pro Tools!
C:\Program Files (x86)\Steam\steamapps\common\MGS_PW\mgspw\MLG\disc0_rel\00b2b4b6.PDT:entry2273@0x4d79000	24576	5350da00	1	encoded_by=Pro Tools!
C:\Program Files (x86)\Steam\steamapps\common\MGS_PW\mgspw\MLG\disc0_rel\00b2b4b6.PDT:entry2274@0x4d7f000	55296	5350dd00	1	encoded_by=Pro Tools!
C:\Program Files (x86)\Steam\steamapps\common\MGS_PW\mgspw\MLG\disc0_rel\00b2b4b6.PDT:entry2275@0x4d8c800	59392	5350f700	1	encoded_by=Pro Tools!
C:\Program Files (x86)\Steam\steamapps\common\MGS_PW\mgspw\MLG\disc0_rel\00b2b4b6.PDT:entry2276@0x4d9b000	61440	53501101	1	encoded_by=Pro Tools!
C:\Program Files (x86)\Steam\steamapps\common\MGS_PW\mgspw\MLG\disc0_rel\00b2b4b6.PDT:entry2277@0x4daa000	24576	53504201	1	encoded_by=Pro Tools!
C:\Program Files (x86)\Steam\steamapps\common\MGS_PW\mgspw\MLG\disc0_rel\00b2b4b6.PDT:entry2278@0x4db0000	36864	53505507	1	encoded_by=Pro Tools!
C:\Program Files (x86)\Steam\steamapps\common\MGS_PW\mgspw\MLG\disc0_rel\00b2b4b6.PDT:entry2279@0x4db9000	63488	5350fb07	1	encoded_by=Pro Tools!
C:\Program Files (x86)\Steam\steamapps\common\MGS_PW\mgspw\MLG\disc0_rel\00b2b4b6.PDT:entry2280@0x4dc8800	63488	5350fe07	1	encoded_by=Pro Tools!
C:\Program Files (x86)\Steam\steamapps\common\MGS_PW\mgspw\MLG\disc0_rel\00b2b4b6.PDT:entry2281@0x4dd8000	26624	53500708	1	encoded_by=Pro Tools!
C:\Program Files (x86)\Steam\steamapps\common\MGS_PW\mgspw\MLG\disc0_rel\00b2b4b6.PDT:entry2282@0x4dde800	30720	53500808	1	encoded_by=Pro Tools!
C:\Program Files (x86)\Steam\steamapps\common\MGS_PW\mgspw\MLG\disc0_rel\00b2b4b6.PDT:entry2283@0x4de6000	36864	53500a08	1	encoded_by=Pro Tools!
C:\Program Files (x86)\Steam\steamapps\common\MGS_PW\mgspw\MLG\disc0_rel\00b2b4b6.PDT:entry2284@0x4def000	43008	53500b08	1	encoded_by=Pro Tools!
C:\Program Files (x86)\Steam\steamapps\common\MGS_PW\mgspw\MLG\disc0_rel\00b2b4b6.PDT:entry2285@0x4df9800	40960	53500c08	1	encoded_by=Pro Tools!
C:\Program Files (x86)\Steam\steamapps\common\MGS_PW\mgspw\MLG\disc0_rel\00b2b4b6.PDT:entry2286@0x4e03800	51200	53506c08	1	encoded_by=Pro Tools!
C:\Program Files (x86)\Steam\steamapps\common\MGS_PW\mgspw\MLG\disc0_rel\00b2b4b6.PDT:entry2287@0x4e10000	49152	53506e08	1	encoded_by=Pro Tools!
C:\Program Files (x86)\Steam\steamapps\common\MGS_PW\mgspw\MLG\disc0_rel\00b2b4b6.PDT:entry2288@0x4e1c000	63488	5350a908	1	encoded_by=Pro Tools!
C:\Program Files (x86)\Steam\steamapps\common\MGS_PW\mgspw\MLG\disc0_rel\00b2b4b6.PDT:entry2289@0x4e2b800	51200	5350ad08	1	encoded_by=Pro Tools!
C:\Program Files (x86)\Steam\steamapps\common\MGS_PW\mgspw\MLG\disc0_rel\00b2b4b6.PDT:entry2290@0x4e38000	63488	5350c408	1	encoded_by=Pro Tools!
C:\Program Files (x86)\Steam\steamapps\common\MGS_PW\mgspw\MLG\disc0_rel\00b2b4b6.PDT:entry2291@0x4e47800	69632	5350f808	1	encoded_by=Pro Tools!
C:\Program Files (x86)\Steam\steamapps\common\MGS_PW\mgspw\MLG\disc0_rel\00b2b4b6.PDT:entry2292@0x4e58800	67584	5350f908	1	encoded_by=Pro Tools!
C:\Program Files (x86)\Steam\steamapps\common\MGS_PW\mgspw\MLG\disc0_rel\00b2b4b6.PDT:entry2293@0x4e69000	53248	5350c309	1	encoded_by=Pro Tools!
C:\Program Files (x86)\Steam\steamapps\common\MGS_PW\mgspw\MLG\disc0_rel\00b2b4b6.PDT:entry2294@0x4e76000	40960	5350c609	1	encoded_by=Pro Tools!
C:\Program Files (x86)\Steam\steamapps\common\MGS_PW\mgspw\MLG\disc0_rel\00b2b4b6.PDT:entry2295@0x4e80000	45056	5350c709	1	encoded_by=Pro Tools!
C:\Program Files (x86)\Steam\steamapps\common\MGS_PW\mgspw\MLG\disc0_rel\00b2b4b6.PDT:entry2296@0x4e8b000	47104	5350da09	1	encoded_by=Pro Tools!
C:\Program Files (x86)\Steam\steamapps\common\MGS_PW\mgspw\MLG\disc0_rel\00b2b4b6.PDT:entry2297@0x4e96800	59392	5350db09	1	encoded_by=Pro Tools!
C:\Program Files (x86)\Steam\steamapps\common\MGS_PW\mgspw\MLG\disc0_rel\00b2b4b6.PDT:entry2298@0x4ea5000	65536	5350800a	1	encoded_by=Pro Tools!
C:\Program Files (x86)\Steam\steamapps\common\MGS_PW\mgspw\MLG\disc0_rel\00b2b4b6.PDT:entry2299@0x4eb5000	61440	5350360a	1	encoded_by=Pro Tools!
C:\Program Files (x86)\Steam\steamapps\common\MGS_PW\mgspw\MLG\disc0_rel\00b2b4b6.PDT:entry2300@0x4ec4000	30720	53503c0a	1	encoded_by=Pro Tools!
C:\Program Files (x86)\Steam\steamapps\common\MGS_PW\mgspw\MLG\disc0_rel\00b2b4b6.PDT:entry2301@0x4ecb800	53248	53509e0a	1	encoded_by=Pro Tools!
C:\Program Files (x86)\Steam\steamapps\common\MGS_PW\mgspw\MLG\disc0_rel\00b2b4b6.PDT:entry2302@0x4ed8800	24576	53503b06	1	encoded_by=Pro Tools!
C:\Program Files (x86)\Steam\steamapps\common\MGS_PW\mgspw\MLG\disc0_rel\00b2b4b6.PDT:entry2303@0x4ede800	4096	5350c403	0	
C:\Program Files (x86)\Steam\steamapps\common\MGS_PW\mgspw\MLG\disc0_rel\00b2b2a8.PDT:entry0@0x5800	28672	5350bb00	0	
C:\Program Files (x86)\Steam\steamapps\common\MGS_PW\mgspw\MLG\disc0_rel\00b2b2a8.PDT:entry1@0xc800	34816	5350bc00	0	
C:\Program Files (x86)\Steam\steamapps\common\MGS_PW\mgspw\MLG\disc0_rel\00b2b2a8.PDT:entry2@0x15000	38912	5350bd00	0	
C:\Program Files (x86)\Steam\steamapps\common\MGS_PW\mgspw\MLG\disc0_rel\00b2b2a8.PDT:entry3@0x1e800	36864	5350be00	0	
C:\Program Files (x86)\Steam\steamapps\common\MGS_PW\mgspw\MLG\disc0_rel\00b2b2a8.PDT:entry4@0x27800	57344	5350bf00	0	
C:\Program Files (x86)\Steam\steamapps\common\MGS_PW\mgspw\MLG\disc0_rel\00b2b2a8.PDT:entry5@0x35800	47104	5350c000	0	
C:\Program Files (x86)\Steam\steamapps\common\MGS_PW\mgspw\MLG\disc0_rel\00b2b2a8.PDT:entry6@0x41000	40960	5350c100	0	
C:\Program Files (x86)\Steam\steamapps\common\MGS_PW\mgspw\MLG\disc0_rel\00b2b2a8.PDT:entry7@0x4b000	36864	5350c200	0	
C:\Program Files (x86)\Steam\steamapps\common\MGS_PW\mgspw\MLG\disc0_rel\00b2b2a8.PDT:entry8@0x54000	36864	5350c300	0	
C:\Program Files (x86)\Steam\steamapps\common\MGS_PW\mgspw\MLG\disc0_rel\00b2b2a8.PDT:entry9@0x5d000	45056	5350c400	0	
C:\Program Files (x86)\Steam\steamapps\common\MGS_PW\mgspw\MLG\disc0_rel\00b2b2a8.PDT:entry10@0x68000	38912	5350c500	0	
C:\Program Files (x86)\Steam\steamapps\common\MGS_PW\mgspw\MLG\disc0_rel\00b2b2a8.PDT:entry11@0x71800	45056	5350c600	0	
C:\Program Files (x86)\Steam\steamapps\common\MGS_PW\mgspw\MLG\disc0_rel\00b2b2a8.PDT:entry12@0x7c800	67584	5350c700	0	
C:\Program Files (x86)\Steam\steamapps\common\MGS_PW\mgspw\MLG\disc0_rel\00b2b2a8.PDT:entry13@0x8d000	57344	5350c800	0	
C:\Program Files (x86)\Steam\steamapps\common\MGS_PW\mgspw\MLG\disc0_rel\00b2b2a8.PDT:entry14@0x9b000	36864	5350c900	0	
C:\Program Files (x86)\Steam\steamapps\common\MGS_PW\mgspw\MLG\disc0_rel\00b2b2a8.PDT:entry15@0xa4000	43008	5350ca00	0	
C:\Program Files (x86)\Steam\steamapps\common\MGS_PW\mgspw\MLG\disc0_rel\00b2b2a8.PDT:entry16@0xae800	36864	5350cb00	0	
C:\Program Files (x86)\Steam\steamapps\common\MGS_PW\mgspw\MLG\disc0_rel\00b2b2a8.PDT:entry17@0xb7800	45056	5350cc00	0	
C:\Program Files (x86)\Steam\steamapps\common\MGS_PW\mgspw\MLG\disc0_rel\00b2b2a8.PDT:entry18@0xc2800	36864	53504901	0	
C:\Program Files (x86)\Steam\steamapps\common\MGS_PW\mgspw\MLG\disc0_rel\00b2b2a8.PDT:entry19@0xcb800	36864	53504a01	0	
C:\Program Files (x86)\Steam\steamapps\common\MGS_PW\mgspw\MLG\disc0_rel\00b2b2a8.PDT:entry20@0xd4800	36864	53504b01	0	
C:\Program Files (x86)\Steam\steamapps\common\MGS_PW\mgspw\MLG\disc0_rel\00b2b2a8.PDT:entry21@0xdd800	45056	53504c01	0	
C:\Program Files (x86)\Steam\steamapps\common\MGS_PW\mgspw\MLG\disc0_rel\00b2b2a8.PDT:entry22@0xe8800	40960	5350c303	0	
C:\Program Files (x86)\Steam\steamapps\common\MGS_PW\mgspw\MLG\disc0_rel\00b2b2a8.PDT:entry23@0xf2800	49152	53501d04	0	
C:\Program Files (x86)\Steam\steamapps\common\MGS_PW\mgspw\MLG\disc0_rel\00b2b2a8.PDT:entry24@0xfe800	63488	53501e04	0	
C:\Program Files (x86)\Steam\steamapps\common\MGS_PW\mgspw\MLG\disc0_rel\00b2b2a8.PDT:entry25@0x10e000	51200	53501f04	0	
C:\Program Files (x86)\Steam\steamapps\common\MGS_PW\mgspw\MLG\disc0_rel\00b2b2a8.PDT:entry26@0x11a800	43008	53502004	0	
C:\Program Files (x86)\Steam\steamapps\common\MGS_PW\mgspw\MLG\disc0_rel\00b2b2a8.PDT:entry27@0x125000	34816	53502104	0	
C:\Program Files (x86)\Steam\steamapps\common\MGS_PW\mgspw\MLG\disc0_rel\00b2b2a8.PDT:entry28@0x12d800	55296	53502204	0	
C:\Program Files (x86)\Steam\steamapps\common\MGS_PW\mgspw\MLG\disc0_rel\00b2b2a8.PDT:entry29@0x13b000	45056	53502304	0	
C:\Program Files (x86)\Steam\steamapps\common\MGS_PW\mgspw\MLG\disc0_rel\00b2b2a8.PDT:entry30@0x146000	49152	53502404	0	
C:\Program Files (x86)\Steam\steamapps\common\MGS_PW\mgspw\MLG\disc0_rel\00b2b2a8.PDT:entry31@0x152000	28672	53502504	0	
C:\Program Files (x86)\Steam\steamapps\common\MGS_PW\mgspw\MLG\disc0_rel\00b2b2a8.PDT:entry32@0x159000	47104	53502604	0	
C:\Program Files (x86)\Steam\steamapps\common\MGS_PW\mgspw\MLG\disc0_rel\00b2b2a8.PDT:entry33@0x164800	32768	53503e04	0	
C:\Program Files (x86)\Steam\steamapps\common\MGS_PW\mgspw\MLG\disc0_rel\00b2b2a8.PDT:entry34@0x16c800	59392	53505404	0	
C:\Program Files (x86)\Steam\steamapps\common\MGS_PW\mgspw\MLG\disc0_rel\00b2b2a8.PDT:entry35@0x17b000	49152	53505504	0	
C:\Program Files (x86)\Steam\steamapps\common\MGS_PW\mgspw\MLG\disc0_rel\00b2b2a8.PDT:entry36@0x187000	51200	53505604	0	
C:\Program Files (x86)\Steam\steamapps\common\MGS_PW\mgspw\MLG\disc0_rel\00b2b2a8.PDT:entry37@0x193800	47104	53505704	0	
C:\Program Files (x86)\Steam\steamapps\common\MGS_PW\mgspw\MLG\disc0_rel\00b2b2a8.PDT:entry38@0x19f000	47104	53505904	0	
C:\Program Files (x86)\Steam\steamapps\common\MGS_PW\mgspw\MLG\disc0_rel\00b2b2a8.PDT:entry39@0x1aa800	43008	53505a04	0	
C:\Program Files (x86)\Steam\steamapps\common\MGS_PW\mgspw\MLG\disc0_rel\00b2b2a8.PDT:entry40@0x1b5000	61440	53505b04	0	
C:\Program Files (x86)\Steam\steamapps\common\MGS_PW\mgspw\MLG\disc0_rel\00b2b2a8.PDT:entry41@0x1c4000	43008	53505c04	0	
C:\Program Files (x86)\Steam\steamapps\common\MGS_PW\mgspw\MLG\disc0_rel\00b2b2a8.PDT:entry42@0x1ce800	43008	53505d04	0	
C:\Program Files (x86)\Steam\steamapps\common\MGS_PW\mgspw\MLG\disc0_rel\00b2b2a8.PDT:entry43@0x1d9000	40960	53505e04	0	
C:\Program Files (x86)\Steam\steamapps\common\MGS_PW\mgspw\MLG\disc0_rel\00b2b2a8.PDT:entry44@0x1e3000	61440	53505f04	0	
C:\Program Files (x86)\Steam\steamapps\common\MGS_PW\mgspw\MLG\disc0_rel\00b2b2a8.PDT:entry45@0x1f2000	24576	53506f04	0	
C:\Program Files (x86)\Steam\steamapps\common\MGS_PW\mgspw\MLG\disc0_rel\00b2b2a8.PDT:entry46@0x1f8000	45056	53507004	1	O0ZpVk}A bGD
C:\Program Files (x86)\Steam\steamapps\common\MGS_PW\mgspw\MLG\disc0_rel\00b2b2a8.PDT:entry47@0x203000	45056	53507104	0	
C:\Program Files (x86)\Steam\steamapps\common\MGS_PW\mgspw\MLG\disc0_rel\00b2b2a8.PDT:entry48@0x20e000	34816	53507204	0	
C:\Program Files (x86)\Steam\steamapps\common\MGS_PW\mgspw\MLG\disc0_rel\00b2b2a8.PDT:entry49@0x216800	34816	53507304	0	
C:\Program Files (x86)\Steam\steamapps\common\MGS_PW\mgspw\MLG\disc0_rel\00b2b2a8.PDT:entry50@0x21f000	36864	53507e04	0	
C:\Program Files (x86)\Steam\steamapps\common\MGS_PW\mgspw\MLG\disc0_rel\00b2b2a8.PDT:entry51@0x228000	45056	53508304	0	
C:\Program Files (x86)\Steam\steamapps\common\MGS_PW\mgspw\MLG\disc0_rel\00b2b2a8.PDT:entry52@0x233000	53248	5350a504	0	
C:\Program Files (x86)\Steam\steamapps\common\MGS_PW\mgspw\MLG\disc0_rel\00b2b2a8.PDT:entry53@0x240000	51200	5350a604	0	
C:\Program Files (x86)\Steam\steamapps\common\MGS_PW\mgspw\MLG\disc0_rel\00b2b2a8.PDT:entry54@0x24c800	61440	53500205	0	
C:\Program Files (x86)\Steam\steamapps\common\MGS_PW\mgspw\MLG\disc0_rel\00b2b2a8.PDT:entry55@0x25b800	67584	53500305	0	
C:\Program Files (x86)\Steam\steamapps\common\MGS_PW\mgspw\MLG\disc0_rel\00b2b2a8.PDT:entry56@0x26c000	71680	53500405	0	
C:\Program Files (x86)\Steam\steamapps\common\MGS_PW\mgspw\MLG\disc0_rel\00b2b2a8.PDT:entry57@0x27d800	57344	53500505	0	
C:\Program Files (x86)\Steam\steamapps\common\MGS_PW\mgspw\MLG\disc0_rel\00b2b2a8.PDT:entry58@0x28b800	55296	53500605	0	
C:\Program Files (x86)\Steam\steamapps\common\MGS_PW\mgspw\MLG\disc0_rel\00b2b2a8.PDT:entry59@0x299000	51200	53500705	0	
C:\Program Files (x86)\Steam\steamapps\common\MGS_PW\mgspw\MLG\disc0_rel\00b2b2a8.PDT:entry60@0x2a5800	40960	53500805	0	
C:\Program Files (x86)\Steam\steamapps\common\MGS_PW\mgspw\MLG\disc0_rel\00b2b2a8.PDT:entry61@0x2af800	61440	53506e05	0	
C:\Program Files (x86)\Steam\steamapps\common\MGS_PW\mgspw\MLG\disc0_rel\00b2b2a8.PDT:entry62@0x2be800	63488	53506f05	0	
C:\Program Files (x86)\Steam\steamapps\common\MGS_PW\mgspw\MLG\disc0_rel\00b2b2a8.PDT:entry63@0x2ce000	59392	53507005	0	
C:\Program Files (x86)\Steam\steamapps\common\MGS_PW\mgspw\MLG\disc0_rel\00b2b2a8.PDT:entry64@0x2dc800	26624	53507105	0	
C:\Program Files (x86)\Steam\steamapps\common\MGS_PW\mgspw\MLG\disc0_rel\00b2b2a8.PDT:entry65@0x2e3000	53248	53507205	0	
C:\Program Files (x86)\Steam\steamapps\common\MGS_PW\mgspw\MLG\disc0_rel\00b2b2a8.PDT:entry66@0x2f0000	40960	53507305	0	
C:\Program Files (x86)\Steam\steamapps\common\MGS_PW\mgspw\MLG\disc0_rel\00b2b2a8.PDT:entry67@0x2fa000	57344	5350d605	0	
C:\Program Files (x86)\Steam\steamapps\common\MGS_PW\mgspw\MLG\disc0_rel\00b2b2a8.PDT:entry68@0x308000	61440	5350d705	0	
C:\Program Files (x86)\Steam\steamapps\common\MGS_PW\mgspw\MLG\disc0_rel\00b2b2a8.PDT:entry69@0x317000	59392	5350d805	0	
C:\Program Files (x86)\Steam\steamapps\common\MGS_PW\mgspw\MLG\disc0_rel\00b2b2a8.PDT:entry70@0x325800	86016	5350d905	0	
C:\Program Files (x86)\Steam\steamapps\common\MGS_PW\mgspw\MLG\disc0_rel\00b2b2a8.PDT:entry71@0x33a800	47104	5350da05	0	
C:\Program Files (x86)\Steam\steamapps\common\MGS_PW\mgspw\MLG\disc0_rel\00b2b2a8.PDT:entry72@0x346000	43008	5350db05	0	
C:\Program Files (x86)\Steam\steamapps\common\MGS_PW\mgspw\MLG\disc0_rel\00b2b2a8.PDT:entry73@0x350800	49152	5350dc05	0	
C:\Program Files (x86)\Steam\steamapps\common\MGS_PW\mgspw\MLG\disc0_rel\00b2b2a8.PDT:entry74@0x35c800	51200	5350dd05	0	
C:\Program Files (x86)\Steam\steamapps\common\MGS_PW\mgspw\MLG\disc0_rel\00b2b2a8.PDT:entry75@0x369000	51200	5350de05	0	
C:\Program Files (x86)\Steam\steamapps\common\MGS_PW\mgspw\MLG\disc0_rel\00b2b2a8.PDT:entry76@0x375800	45056	5350df05	0	
C:\Program Files (x86)\Steam\steamapps\common\MGS_PW\mgspw\MLG\disc0_rel\00b2b2a8.PDT:entry77@0x380800	47104	5350e005	0	
C:\Program Files (x86)\Steam\steamapps\common\MGS_PW\mgspw\MLG\disc0_rel\00b2b2a8.PDT:entry78@0x38c000	36864	53507906	0	
C:\Program Files (x86)\Steam\steamapps\common\MGS_PW\mgspw\MLG\disc0_rel\00b2b2a8.PDT:entry79@0x395000	71680	53507a06	0	
C:\Program Files (x86)\Steam\steamapps\common\MGS_PW\mgspw\MLG\disc0_rel\00b2b2a8.PDT:entry80@0x3a6800	65536	53507b06	0	
C:\Program Files (x86)\Steam\steamapps\common\MGS_PW\mgspw\MLG\disc0_rel\00b2b2a8.PDT:entry81@0x3b6800	53248	53507c06	0	
C:\Program Files (x86)\Steam\steamapps\common\MGS_PW\mgspw\MLG\disc0_rel\00b2b2a8.PDT:entry82@0x3c3800	34816	53507d06	0	
C:\Program Files (x86)\Steam\steamapps\common\MGS_PW\mgspw\MLG\disc0_rel\00b2b2a8.PDT:entry83@0x3cc000	38912	53507e06	0	
C:\Program Files (x86)\Steam\steamapps\common\MGS_PW\mgspw\MLG\disc0_rel\00b2b2a8.PDT:entry84@0x3d5800	49152	53507f06	0	
C:\Program Files (x86)\Steam\steamapps\common\MGS_PW\mgspw\MLG\disc0_rel\00b2b2a8.PDT:entry85@0x3e1800	45056	53508006	0	
C:\Program Files (x86)\Steam\steamapps\common\MGS_PW\mgspw\MLG\disc0_rel\00b2b2a8.PDT:entry86@0x3ec800	81920	53508106	0	
C:\Program Files (x86)\Steam\steamapps\common\MGS_PW\mgspw\MLG\disc0_rel\00b2b2a8.PDT:entry87@0x400800	45056	53508206	0	
C:\Program Files (x86)\Steam\steamapps\common\MGS_PW\mgspw\MLG\disc0_rel\00b2b2a8.PDT:entry88@0x40b800	55296	53508306	0	
C:\Program Files (x86)\Steam\steamapps\common\MGS_PW\mgspw\MLG\disc0_rel\00b2b2a8.PDT:entry89@0x419000	69632	5350cc06	0	
C:\Program Files (x86)\Steam\steamapps\common\MGS_PW\mgspw\MLG\disc0_rel\00b2b2a8.PDT:entry90@0x42a000	47104	5350cd06	0	
C:\Program Files (x86)\Steam\steamapps\common\MGS_PW\mgspw\MLG\disc0_rel\00b2b2a8.PDT:entry91@0x435800	47104	5350ce06	0	
C:\Program Files (x86)\Steam\steamapps\common\MGS_PW\mgspw\MLG\disc0_rel\00b2b2a8.PDT:entry92@0x441000	34816	5350cf06	0	
C:\Program Files (x86)\Steam\steamapps\common\MGS_PW\mgspw\MLG\disc0_rel\00b2b2a8.PDT:entry93@0x449800	55296	5350d006	0	
C:\Program Files (x86)\Steam\steamapps\common\MGS_PW\mgspw\MLG\disc0_rel\00b2b2a8.PDT:entry94@0x457000	30720	5350d106	0	
C:\Program Files (x86)\Steam\steamapps\common\MGS_PW\mgspw\MLG\disc0_rel\00b2b2a8.PDT:entry95@0x45e800	49152	5350d206	0	
C:\Program Files (x86)\Steam\steamapps\common\MGS_PW\mgspw\MLG\disc0_rel\00b2b2a8.PDT:entry96@0x46a800	65536	5350d306	0	
C:\Program Files (x86)\Steam\steamapps\common\MGS_PW\mgspw\MLG\disc0_rel\00b2b2a8.PDT:entry97@0x47a800	34816	5350d406	0	
C:\Program Files (x86)\Steam\steamapps\common\MGS_PW\mgspw\MLG\disc0_rel\00b2b2a8.PDT:entry98@0x483000	51200	5350d506	0	
C:\Program Files (x86)\Steam\steamapps\common\MGS_PW\mgspw\MLG\disc0_rel\00b2b2a8.PDT:entry99@0x48f800	36864	5350ed07	0	
C:\Program Files (x86)\Steam\steamapps\common\MGS_PW\mgspw\MLG\disc0_rel\00b2b2a8.PDT:entry100@0x498800	30720	5350ee07	0	
C:\Program Files (x86)\Steam\steamapps\common\MGS_PW\mgspw\MLG\disc0_rel\00b2b2a8.PDT:entry101@0x4a0000	32768	5350ef07	0	
C:\Program Files (x86)\Steam\steamapps\common\MGS_PW\mgspw\MLG\disc0_rel\00b2b2a8.PDT:entry102@0x4a8000	30720	5350f007	0	
C:\Program Files (x86)\Steam\steamapps\common\MGS_PW\mgspw\MLG\disc0_rel\00b2b2a8.PDT:entry103@0x4af800	40960	5350f107	0	
C:\Program Files (x86)\Steam\steamapps\common\MGS_PW\mgspw\MLG\disc0_rel\00b2b2a8.PDT:entry104@0x4b9800	34816	5350f307	0	
C:\Program Files (x86)\Steam\steamapps\common\MGS_PW\mgspw\MLG\disc0_rel\00b2b2a8.PDT:entry105@0x4c2000	30720	5350f407	0	
C:\Program Files (x86)\Steam\steamapps\common\MGS_PW\mgspw\MLG\disc0_rel\00b2b2a8.PDT:entry106@0x4c9800	38912	5350f507	0	
C:\Program Files (x86)\Steam\steamapps\common\MGS_PW\mgspw\MLG\disc0_rel\00b2b2a8.PDT:entry107@0x4d3000	69632	53506d0a	0	
C:\Program Files (x86)\Steam\steamapps\common\MGS_PW\mgspw\MLG\disc0_rel\00b2b2a8.PDT:entry108@0x4e4000	57344	53506e0a	0	
C:\Program Files (x86)\Steam\steamapps\common\MGS_PW\mgspw\MLG\disc0_rel\00b2b2a8.PDT:entry109@0x4f2000	32768	5350890a	0	
C:\Program Files (x86)\Steam\steamapps\common\MGS_PW\mgspw\MLG\disc0_rel\00b2b2a8.PDT:entry110@0x4fa000	40960	53508a0a	0	
C:\Program Files (x86)\Steam\steamapps\common\MGS_PW\mgspw\MLG\disc0_rel\00b2b2a8.PDT:entry111@0x504000	38912	53508b0a	0	
C:\Program Files (x86)\Steam\steamapps\common\MGS_PW\mgspw\MLG\disc0_rel\00b2b2a8.PDT:entry112@0x50d800	49152	53508c0a	0	
C:\Program Files (x86)\Steam\steamapps\common\MGS_PW\mgspw\MLG\disc0_rel\00b2b2a8.PDT:entry113@0x519800	34816	5350c30a	0	
C:\Program Files (x86)\Steam\steamapps\common\MGS_PW\mgspw\MLG\disc0_rel\00b2b2a8.PDT:entry114@0x522000	63488	5350c40a	0	
C:\Program Files (x86)\Steam\steamapps\common\MGS_PW\mgspw\MLG\disc0_rel\00b2b2a8.PDT:entry115@0x531800	28672	5350c50a	0	
C:\Program Files (x86)\Steam\steamapps\common\MGS_PW\mgspw\MLG\disc0_rel\00b2b2a8.PDT:entry116@0x538800	28672	5350c60a	0	
C:\Program Files (x86)\Steam\steamapps\common\MGS_PW\mgspw\MLG\disc0_rel\00b2b2a8.PDT:entry117@0x53f800	28672	5350c70a	0	
C:\Program Files (x86)\Steam\steamapps\common\MGS_PW\mgspw\MLG\disc0_rel\00b2b2a8.PDT:entry118@0x546800	28672	5350c80a	0	
C:\Program Files (x86)\Steam\steamapps\common\MGS_PW\mgspw\MLG\disc0_rel\00b2b2a8.PDT:entry119@0x54d800	28672	5350c90a	0	
C:\Program Files (x86)\Steam\steamapps\common\MGS_PW\mgspw\MLG\disc0_rel\00b2b2a8.PDT:entry120@0x554800	28672	5350ca0a	0	
C:\Program Files (x86)\Steam\steamapps\common\MGS_PW\mgspw\MLG\disc0_rel\00b2b2a8.PDT:entry121@0x55b800	63488	53506004	0	
C:\Program Files (x86)\Steam\steamapps\common\MGS_PW\mgspw\MLG\disc0_rel\00b2b2a8.PDT:entry122@0x56b000	40960	53503305	0	
C:\Program Files (x86)\Steam\steamapps\common\MGS_PW\mgspw\MLG\disc0_rel\00b2b2a8.PDT:entry123@0x575000	32768	5350d208	0	
C:\Program Files (x86)\Steam\steamapps\common\MGS_PW\mgspw\MLG\disc0_rel\00b2b2a8.PDT:entry124@0x57d000	28672	5350d308	0	
C:\Program Files (x86)\Steam\steamapps\common\MGS_PW\mgspw\MLG\disc0_rel\00b2b2a8.PDT:entry125@0x584000	36864	5350d408	0	
C:\Program Files (x86)\Steam\steamapps\common\MGS_PW\mgspw\MLG\disc0_rel\00b2b2a8.PDT:entry126@0x58d000	36864	5350f207	0	
C:\Program Files (x86)\Steam\steamapps\common\MGS_PW\mgspw\MLG\disc0_rel\00b2b2a8.PDT:entry127@0x596000	26624	5350f50a	0	
C:\Program Files (x86)\Steam\steamapps\common\MGS_PW\mgspw\MLG\disc0_rel\00b2b2a8.PDT:entry128@0x59c800	36864	5350f70a	0	
C:\Program Files (x86)\Steam\steamapps\common\MGS_PW\mgspw\MLG\disc0_rel\00b2b2a8.PDT:entry129@0x5a5800	34816	5350f80a	0	
C:\Program Files (x86)\Steam\steamapps\common\MGS_PW\mgspw\MLG\disc0_rel\00b2b2a8.PDT:entry130@0x5ae000	669696	53503e0b	0	
C:\Program Files (x86)\Steam\steamapps\common\MGS_PW\mgspw\MLG\disc0_rel\00b2b2a8.PDT:entry131@0x651800	243712	53503f0b	0	
C:\Program Files (x86)\Steam\steamapps\common\MGS_PW\mgspw\MLG\disc0_rel\00b2b2a8.PDT:entry132@0x68d000	194560	5350400b	0	
C:\Program Files (x86)\Steam\steamapps\common\MGS_PW\mgspw\MLG\disc0_rel\00b2b2a8.PDT:entry133@0x6bc800	333824	5350410b	0	
C:\Program Files (x86)\Steam\steamapps\common\MGS_PW\mgspw\MLG\disc0_rel\00b2b2a8.PDT:entry134@0x70e000	6144	5350420b	0	
C:\Program Files (x86)\Steam\steamapps\common\MGS_PW\mgspw\MLG\disc0_rel\00b2b2a8.PDT:entry135@0x70f800	952320	5350430b	0	
C:\Program Files (x86)\Steam\steamapps\common\MGS_PW\mgspw\MLG\disc0_rel\00b2b2a8.PDT:entry136@0x7f8000	387072	5350440b	0	
C:\Program Files (x86)\Steam\steamapps\common\MGS_PW\mgspw\MLG\disc0_rel\00b2b2a8.PDT:entry137@0x856800	6144	5350450b	0	
C:\Program Files (x86)\Steam\steamapps\common\MGS_PW\mgspw\MLG\disc0_rel\00b2b2a8.PDT:entry138@0x858000	344064	5350460b	0	
C:\Program Files (x86)\Steam\steamapps\common\MGS_PW\mgspw\MLG\disc0_rel\00b2b2a8.PDT:entry139@0x8ac000	522240	5350470b	0	
C:\Program Files (x86)\Steam\steamapps\common\MGS_PW\mgspw\MLG\disc0_rel\00b2b2a8.PDT:entry140@0x92b800	497664	5350480b	0	
C:\Program Files (x86)\Steam\steamapps\common\MGS_PW\mgspw\MLG\disc0_rel\00b2b2a8.PDT:entry141@0x9a5000	489472	5350490b	0	
C:\Program Files (x86)\Steam\steamapps\common\MGS_PW\mgspw\MLG\disc0_rel\00b2b2a8.PDT:entry142@0xa1c800	262144	53504a0b	0	
C:\Program Files (x86)\Steam\steamapps\common\MGS_PW\mgspw\MLG\disc0_rel\00b2b2a8.PDT:entry143@0xa5c800	155648	53504b0b	0	
C:\Program Files (x86)\Steam\steamapps\common\MGS_PW\mgspw\MLG\disc0_rel\00b2b2a8.PDT:entry144@0xa82800	233472	53504c0b	0	
C:\Program Files (x86)\Steam\steamapps\common\MGS_PW\mgspw\MLG\disc0_rel\00b2b2a8.PDT:entry145@0xabb800	458752	53504d0b	0	
C:\Program Files (x86)\Steam\steamapps\common\MGS_PW\mgspw\MLG\disc0_rel\00b2b2a8.PDT:entry146@0xb2b800	630784	53504e0b	0	
C:\Program Files (x86)\Steam\steamapps\common\MGS_PW\mgspw\MLG\disc0_rel\00b2b2a8.PDT:entry147@0xbc5800	548864	53504f0b	0	
C:\Program Files (x86)\Steam\steamapps\common\MGS_PW\mgspw\MLG\disc0_rel\00b2b2a8.PDT:entry148@0xc4b800	436224	5350500b	0	
C:\Program Files (x86)\Steam\steamapps\common\MGS_PW\mgspw\MLG\disc0_rel\00b2b2a8.PDT:entry149@0xcb6000	491520	5350510b	0	
C:\Program Files (x86)\Steam\steamapps\common\MGS_PW\mgspw\MLG\disc0_rel\00b2b2a8.PDT:entry150@0xd2e000	530432	5350520b	0	
C:\Program Files (x86)\Steam\steamapps\common\MGS_PW\mgspw\MLG\disc0_rel\00b2b2a8.PDT:entry151@0xdaf800	593920	5350530b	0	
C:\Program Files (x86)\Steam\steamapps\common\MGS_PW\mgspw\MLG\disc0_rel\00b2b2a8.PDT:entry152@0xe40800	299008	5350540b	0	
C:\Program Files (x86)\Steam\steamapps\common\MGS_PW\mgspw\MLG\disc0_rel\00b2b2a8.PDT:entry153@0xe89800	548864	5350550b	0	
C:\Program Files (x86)\Steam\steamapps\common\MGS_PW\mgspw\MLG\disc0_rel\00b2b2a8.PDT:entry154@0xf0f800	645120	5350560b	0	
C:\Program Files (x86)\Steam\steamapps\common\MGS_PW\mgspw\MLG\disc0_rel\00b2b2a8.PDT:entry155@0xfad000	655360	5350570b	0	
C:\Program Files (x86)\Steam\steamapps\common\MGS_PW\mgspw\MLG\disc0_rel\00b2b2a8.PDT:entry156@0x104d000	614400	5350580b	0	
C:\Program Files (x86)\Steam\steamapps\common\MGS_PW\mgspw\MLG\disc0_rel\00b2b2a8.PDT:entry157@0x10e3000	718848	5350590b	0	
C:\Program Files (x86)\Steam\steamapps\common\MGS_PW\mgspw\MLG\disc0_rel\00b2b2a8.PDT:entry158@0x1192800	493568	53505a0b	0	
C:\Program Files (x86)\Steam\steamapps\common\MGS_PW\mgspw\MLG\disc0_rel\00b2b2a8.PDT:entry159@0x120b000	440320	53505b0b	0	
C:\Program Files (x86)\Steam\steamapps\common\MGS_PW\mgspw\MLG\disc0_rel\00b2b2a8.PDT:entry160@0x1276800	714752	53505c0b	0	
C:\Program Files (x86)\Steam\steamapps\common\MGS_PW\mgspw\MLG\disc0_rel\00b2b2a8.PDT:entry161@0x1325000	307200	53505d0b	0	
C:\Program Files (x86)\Steam\steamapps\common\MGS_PW\mgspw\MLG\disc0_rel\00b2b2a8.PDT:entry162@0x1370000	573440	53505e0b	0	
C:\Program Files (x86)\Steam\steamapps\common\MGS_PW\mgspw\MLG\disc0_rel\00b2b2a8.PDT:entry163@0x13fc000	528384	53505f0b	0	
C:\Program Files (x86)\Steam\steamapps\common\MGS_PW\mgspw\MLG\disc0_rel\00b2b2a8.PDT:entry164@0x147d000	499712	5350600b	0	
C:\Program Files (x86)\Steam\steamapps\common\MGS_PW\mgspw\MLG\disc0_rel\00b2b2a8.PDT:entry165@0x14f7000	653312	5350610b	0	
C:\Program Files (x86)\Steam\steamapps\common\MGS_PW\mgspw\MLG\disc0_rel\00b2b2a8.PDT:entry166@0x1596800	3223552	5350620b	0	
C:\Program Files (x86)\Steam\steamapps\common\MGS_PW\mgspw\MLG\disc0_rel\00b2b2a8.PDT:entry167@0x18a9800	1304576	5350630b	0	
C:\Program Files (x86)\Steam\steamapps\common\MGS_PW\mgspw\MLG\disc0_rel\00b2b2a8.PDT:entry168@0x19e8000	512000	5350490c	0	
C:\Program Files (x86)\Steam\steamapps\common\MGS_PW\mgspw\MLG\disc0_rel\00b2b2a8.PDT:entry169@0x1a65000	591872	53504a0c	0	
C:\Program Files (x86)\Steam\steamapps\common\MGS_PW\mgspw\MLG\disc0_rel\00b2b2a8.PDT:entry170@0x1af5800	1046528	53504b0c	0	
C:\Program Files (x86)\Steam\steamapps\common\MGS_PW\mgspw\MLG\disc0_rel\00b2b2a8.PDT:entry171@0x1bf5000	382976	5350640b	0	
C:\Program Files (x86)\Steam\steamapps\common\MGS_PW\mgspw\MLG\disc0_rel\00b2b2a8.PDT:entry172@0x1c52800	421888	5350650b	0	
C:\Program Files (x86)\Steam\steamapps\common\MGS_PW\mgspw\MLG\disc0_rel\00b2b2a8.PDT:entry173@0x1cb9800	329728	5350660b	0	
C:\Program Files (x86)\Steam\steamapps\common\MGS_PW\mgspw\MLG\disc0_rel\00b2b2a8.PDT:entry174@0x1d0a000	317440	5350670b	0	
C:\Program Files (x86)\Steam\steamapps\common\MGS_PW\mgspw\MLG\disc0_rel\00b2b2a8.PDT:entry175@0x1d57800	473088	5350680b	0	
C:\Program Files (x86)\Steam\steamapps\common\MGS_PW\mgspw\MLG\disc0_rel\00b2b2a8.PDT:entry176@0x1dcb000	436224	5350690b	0	
C:\Program Files (x86)\Steam\steamapps\common\MGS_PW\mgspw\MLG\disc0_rel\00b2b2a8.PDT:entry177@0x1e35800	374784	53506a0b	0	
C:\Program Files (x86)\Steam\steamapps\common\MGS_PW\mgspw\MLG\disc0_rel\00b2b2a8.PDT:entry178@0x1e91000	239616	53506b0b	0	
C:\Program Files (x86)\Steam\steamapps\common\MGS_PW\mgspw\MLG\disc0_rel\00b2b2a8.PDT:entry179@0x1ecb800	645120	53506c0b	0	
C:\Program Files (x86)\Steam\steamapps\common\MGS_PW\mgspw\MLG\disc0_rel\00b2b2a8.PDT:entry180@0x1f69000	364544	53506d0b	0	
C:\Program Files (x86)\Steam\steamapps\common\MGS_PW\mgspw\MLG\disc0_rel\00b2b2a8.PDT:entry181@0x1fc2000	292864	53506e0b	0	
C:\Program Files (x86)\Steam\steamapps\common\MGS_PW\mgspw\MLG\disc0_rel\00b2b2a8.PDT:entry182@0x2009800	704512	53506f0b	0	
C:\Program Files (x86)\Steam\steamapps\common\MGS_PW\mgspw\MLG\disc0_rel\00b2b2a8.PDT:entry183@0x20b5800	280576	5350700b	0	
C:\Program Files (x86)\Steam\steamapps\common\MGS_PW\mgspw\MLG\disc0_rel\00b2b2a8.PDT:entry184@0x20fa000	317440	5350710b	0	
C:\Program Files (x86)\Steam\steamapps\common\MGS_PW\mgspw\MLG\disc0_rel\00b2b2a8.PDT:entry185@0x2147800	274432	5350720b	0	
C:\Program Files (x86)\Steam\steamapps\common\MGS_PW\mgspw\MLG\disc0_rel\00b2b2a8.PDT:entry186@0x218a800	256000	5350730b	0	
C:\Program Files (x86)\Steam\steamapps\common\MGS_PW\mgspw\MLG\disc0_rel\00b2b2a8.PDT:entry187@0x21c9000	561152	5350740b	0	
C:\Program Files (x86)\Steam\steamapps\common\MGS_PW\mgspw\MLG\disc0_rel\00b2b2a8.PDT:entry188@0x2252000	499712	5350750b	0	
C:\Program Files (x86)\Steam\steamapps\common\MGS_PW\mgspw\MLG\disc0_rel\00b2b2a8.PDT:entry189@0x22cc000	339968	5350760b	0	
C:\Program Files (x86)\Steam\steamapps\common\MGS_PW\mgspw\MLG\disc0_rel\00b2b2a8.PDT:entry190@0x231f000	327680	5350770b	0	
C:\Program Files (x86)\Steam\steamapps\common\MGS_PW\mgspw\MLG\disc0_rel\00b2b2a8.PDT:entry191@0x236f000	454656	5350780b	0	
C:\Program Files (x86)\Steam\steamapps\common\MGS_PW\mgspw\MLG\disc0_rel\00b2b2a8.PDT:entry192@0x23de000	294912	5350790b	0	
C:\Program Files (x86)\Steam\steamapps\common\MGS_PW\mgspw\MLG\disc0_rel\00b2b2a8.PDT:entry193@0x2426000	589824	53507a0b	0	
C:\Program Files (x86)\Steam\steamapps\common\MGS_PW\mgspw\MLG\disc0_rel\00b2b2a8.PDT:entry194@0x24b6000	849920	5350b30b	0	
C:\Program Files (x86)\Steam\steamapps\common\MGS_PW\mgspw\MLG\disc0_rel\00b2b2a8.PDT:entry195@0x2585800	997376	5350b40b	0	
C:\Program Files (x86)\Steam\steamapps\common\MGS_PW\mgspw\MLG\disc0_rel\00b2b2a8.PDT:entry196@0x2679000	489472	5350b50b	0	
C:\Program Files (x86)\Steam\steamapps\common\MGS_PW\mgspw\MLG\disc0_rel\00b2b2a8.PDT:entry197@0x26f0800	571392	5350b60b	0	
C:\Program Files (x86)\Steam\steamapps\common\MGS_PW\mgspw\MLG\disc0_rel\00b2b2a8.PDT:entry198@0x277c000	526336	5350b70b	0	
C:\Program Files (x86)\Steam\steamapps\common\MGS_PW\mgspw\MLG\disc0_rel\00b2b2a8.PDT:entry199@0x27fc800	471040	5350b80b	0	
C:\Program Files (x86)\Steam\steamapps\common\MGS_PW\mgspw\MLG\disc0_rel\00b2b2a8.PDT:entry200@0x286f800	22528	5350b90b	0	
C:\Program Files (x86)\Steam\steamapps\common\MGS_PW\mgspw\MLG\disc0_rel\00b2b2a8.PDT:entry201@0x2875000	733184	5350ba0b	0	
C:\Program Files (x86)\Steam\steamapps\common\MGS_PW\mgspw\MLG\disc0_rel\00b2b2a8.PDT:entry202@0x2928000	571392	5350bb0b	0	
C:\Program Files (x86)\Steam\steamapps\common\MGS_PW\mgspw\MLG\disc0_rel\00b2b2a8.PDT:entry203@0x29b3800	913408	5350bc0b	0	
C:\Program Files (x86)\Steam\steamapps\common\MGS_PW\mgspw\MLG\disc0_rel\00b2b2a8.PDT:entry204@0x2a92800	655360	5350bd0b	0	
C:\Program Files (x86)\Steam\steamapps\common\MGS_PW\mgspw\MLG\disc0_rel\00b2b2a8.PDT:entry205@0x2b32800	634880	5350be0b	0	
C:\Program Files (x86)\Steam\steamapps\common\MGS_PW\mgspw\MLG\disc0_rel\00b2b2a8.PDT:entry206@0x2bcd800	532480	5350bf0b	0	
C:\Program Files (x86)\Steam\steamapps\common\MGS_PW\mgspw\MLG\disc0_rel\00b2b2a8.PDT:entry207@0x2c4f800	458752	5350c00b	0	
C:\Program Files (x86)\Steam\steamapps\common\MGS_PW\mgspw\MLG\disc0_rel\00b2b2a8.PDT:entry208@0x2cbf800	557056	5350c10b	0	
C:\Program Files (x86)\Steam\steamapps\common\MGS_PW\mgspw\MLG\disc0_rel\00b2b2a8.PDT:entry209@0x2d47800	690176	5350120c	0	
C:\Program Files (x86)\Steam\steamapps\common\MGS_PW\mgspw\MLG\disc0_rel\00b2b2a8.PDT:entry210@0x2df0000	606208	5350130c	0	
C:\Program Files (x86)\Steam\steamapps\common\MGS_PW\mgspw\MLG\disc0_rel\00b2b2a8.PDT:entry211@0x2e84000	1028096	5350140c	0	
C:\Program Files (x86)\Steam\steamapps\common\MGS_PW\mgspw\MLG\disc0_rel\00b2b2a8.PDT:entry212@0x2f7f000	921600	5350150c	0	
C:\Program Files (x86)\Steam\steamapps\common\MGS_PW\mgspw\MLG\disc0_rel\00b2b2a8.PDT:entry213@0x3060000	1243136	5350160c	0	
C:\Program Files (x86)\Steam\steamapps\common\MGS_PW\mgspw\MLG\disc0_rel\00b2b2a8.PDT:entry214@0x318f800	897024	5350170c	0	
C:\Program Files (x86)\Steam\steamapps\common\MGS_PW\mgspw\MLG\disc0_rel\00b2b2a8.PDT:entry215@0x326a800	1234944	5350180c	0	
C:\Program Files (x86)\Steam\steamapps\common\MGS_PW\mgspw\MLG\disc0_rel\00b2b2a8.PDT:entry216@0x3398000	700416	5350190c	0	
C:\Program Files (x86)\Steam\steamapps\common\MGS_PW\mgspw\MLG\disc0_rel\00b2b2a8.PDT:entry217@0x3443000	385024	53501a0c	0	
C:\Program Files (x86)\Steam\steamapps\common\MGS_PW\mgspw\MLG\disc0_rel\00b2b2a8.PDT:entry218@0x34a1000	405504	53501b0c	0	
C:\Program Files (x86)\Steam\steamapps\common\MGS_PW\mgspw\MLG\disc0_rel\00b2b2a8.PDT:entry219@0x3504000	358400	5350990b	0	
C:\Program Files (x86)\Steam\steamapps\common\MGS_PW\mgspw\MLG\disc0_rel\00b2b2a8.PDT:entry220@0x355b800	540672	53509a0b	0	
C:\Program Files (x86)\Steam\steamapps\common\MGS_PW\mgspw\MLG\disc0_rel\00b2b2a8.PDT:entry221@0x35df800	356352	53509b0b	0	
C:\Program Files (x86)\Steam\steamapps\common\MGS_PW\mgspw\MLG\disc0_rel\00b2b2a8.PDT:entry222@0x3636800	327680	53509c0b	0	
C:\Program Files (x86)\Steam\steamapps\common\MGS_PW\mgspw\MLG\disc0_rel\00b2b2a8.PDT:entry223@0x3686800	294912	53509d0b	0	
C:\Program Files (x86)\Steam\steamapps\common\MGS_PW\mgspw\MLG\disc0_rel\00b2b2a8.PDT:entry224@0x36ce800	491520	53509e0b	0	
C:\Program Files (x86)\Steam\steamapps\common\MGS_PW\mgspw\MLG\disc0_rel\00b2b2a8.PDT:entry225@0x3746800	434176	53509f0b	0	
C:\Program Files (x86)\Steam\steamapps\common\MGS_PW\mgspw\MLG\disc0_rel\00b2b2a8.PDT:entry226@0x37b0800	540672	5350a00b	0	
C:\Program Files (x86)\Steam\steamapps\common\MGS_PW\mgspw\MLG\disc0_rel\00b2b2a8.PDT:entry227@0x3834800	618496	5350a10b	0	
C:\Program Files (x86)\Steam\steamapps\common\MGS_PW\mgspw\MLG\disc0_rel\00b2b2a8.PDT:entry228@0x38cb800	491520	5350a20b	0	
C:\Program Files (x86)\Steam\steamapps\common\MGS_PW\mgspw\MLG\disc0_rel\00b2b2a8.PDT:entry229@0x3943800	483328	5350a30b	0	
C:\Program Files (x86)\Steam\steamapps\common\MGS_PW\mgspw\MLG\disc0_rel\00b2b2a8.PDT:entry230@0x39b9800	395264	5350a40b	0	
C:\Program Files (x86)\Steam\steamapps\common\MGS_PW\mgspw\MLG\disc0_rel\00b2b2a8.PDT:entry231@0x3a1a000	380928	5350a50b	0	
C:\Program Files (x86)\Steam\steamapps\common\MGS_PW\mgspw\MLG\disc0_rel\00b2b2a8.PDT:entry232@0x3a77000	622592	5350a60b	0	
C:\Program Files (x86)\Steam\steamapps\common\MGS_PW\mgspw\MLG\disc0_rel\00b2b2a8.PDT:entry233@0x3b0f000	499712	5350a70b	0	
C:\Program Files (x86)\Steam\steamapps\common\MGS_PW\mgspw\MLG\disc0_rel\00b2b2a8.PDT:entry234@0x3b89000	380928	5350a80b	0	
C:\Program Files (x86)\Steam\steamapps\common\MGS_PW\mgspw\MLG\disc0_rel\00b2b2a8.PDT:entry235@0x3be6000	737280	5350a90b	0	
C:\Program Files (x86)\Steam\steamapps\common\MGS_PW\mgspw\MLG\disc0_rel\00b2b2a8.PDT:entry236@0x3c9a000	327680	5350aa0b	0	
C:\Program Files (x86)\Steam\steamapps\common\MGS_PW\mgspw\MLG\disc0_rel\00b2b2a8.PDT:entry237@0x3cea000	421888	5350ab0b	0	
C:\Program Files (x86)\Steam\steamapps\common\MGS_PW\mgspw\MLG\disc0_rel\00b2b2a8.PDT:entry238@0x3d51000	567296	5350ac0b	0	
C:\Program Files (x86)\Steam\steamapps\common\MGS_PW\mgspw\MLG\disc0_rel\00b2b2a8.PDT:entry239@0x3ddb800	430080	5350ad0b	0	
C:\Program Files (x86)\Steam\steamapps\common\MGS_PW\mgspw\MLG\disc0_rel\00b2b2a8.PDT:entry240@0x3e44800	571392	5350ae0b	0	
C:\Program Files (x86)\Steam\steamapps\common\MGS_PW\mgspw\MLG\disc0_rel\00b2b2a8.PDT:entry241@0x3ed0000	317440	5350af0b	0	
C:\Program Files (x86)\Steam\steamapps\common\MGS_PW\mgspw\MLG\disc0_rel\00b2b2a8.PDT:entry242@0x3f1d800	808960	5350b00b	0	
C:\Program Files (x86)\Steam\steamapps\common\MGS_PW\mgspw\MLG\disc0_rel\00b2b2a8.PDT:entry243@0x3fe3000	651264	5350b10b	0	
C:\Program Files (x86)\Steam\steamapps\common\MGS_PW\mgspw\MLG\disc0_rel\00b2b2a8.PDT:entry244@0x4082000	514048	5350b20b	0	
C:\Program Files (x86)\Steam\steamapps\common\MGS_PW\mgspw\MLG\disc0_rel\00b2b2a8.PDT:entry245@0x40ff800	313344	53504f0c	0	
C:\Program Files (x86)\Steam\steamapps\common\MGS_PW\mgspw\MLG\disc0_rel\00b2b2a8.PDT:entry246@0x414c000	292864	5350c20b	0	
C:\Program Files (x86)\Steam\steamapps\common\MGS_PW\mgspw\MLG\disc0_rel\00b2b2a8.PDT:entry247@0x4193800	651264	5350c30b	0	
C:\Program Files (x86)\Steam\steamapps\common\MGS_PW\mgspw\MLG\disc0_rel\00b2b2a8.PDT:entry248@0x4232800	645120	5350c40b	0	
C:\Program Files (x86)\Steam\steamapps\common\MGS_PW\mgspw\MLG\disc0_rel\00b2b2a8.PDT:entry249@0x42d0000	563200	5350c50b	0	
C:\Program Files (x86)\Steam\steamapps\common\MGS_PW\mgspw\MLG\disc0_rel\00b2b2a8.PDT:entry250@0x4359800	1056768	5350c60b	0	
C:\Program Files (x86)\Steam\steamapps\common\MGS_PW\mgspw\MLG\disc0_rel\00b2b2a8.PDT:entry251@0x445b800	1101824	5350c70b	0	
C:\Program Files (x86)\Steam\steamapps\common\MGS_PW\mgspw\MLG\disc0_rel\00b2b2a8.PDT:entry252@0x4568800	899072	5350c80b	0	
C:\Program Files (x86)\Steam\steamapps\common\MGS_PW\mgspw\MLG\disc0_rel\00b2b2a8.PDT:entry253@0x4644000	489472	5350c90b	0	
C:\Program Files (x86)\Steam\steamapps\common\MGS_PW\mgspw\MLG\disc0_rel\00b2b2a8.PDT:entry254@0x46bb800	518144	5350ca0b	0	
C:\Program Files (x86)\Steam\steamapps\common\MGS_PW\mgspw\MLG\disc0_rel\00b2b2a8.PDT:entry255@0x473a000	374784	5350cb0b	0	
C:\Program Files (x86)\Steam\steamapps\common\MGS_PW\mgspw\MLG\disc0_rel\00b2b2a8.PDT:entry256@0x4795800	581632	5350cc0b	0	
C:\Program Files (x86)\Steam\steamapps\common\MGS_PW\mgspw\MLG\disc0_rel\00b2b2a8.PDT:entry257@0x4823800	731136	5350cd0b	0	
C:\Program Files (x86)\Steam\steamapps\common\MGS_PW\mgspw\MLG\disc0_rel\00b2b2a8.PDT:entry258@0x48d6000	286720	5350ce0b	0	
C:\Program Files (x86)\Steam\steamapps\common\MGS_PW\mgspw\MLG\disc0_rel\00b2b2a8.PDT:entry259@0x491c000	790528	5350d10b	0	
C:\Program Files (x86)\Steam\steamapps\common\MGS_PW\mgspw\MLG\disc0_rel\00b2b2a8.PDT:entry260@0x49dd000	903168	5350d20b	0	
C:\Program Files (x86)\Steam\steamapps\common\MGS_PW\mgspw\MLG\disc0_rel\00b2b2a8.PDT:entry261@0x4ab9800	575488	5350d30b	0	
C:\Program Files (x86)\Steam\steamapps\common\MGS_PW\mgspw\MLG\disc0_rel\00b2b2a8.PDT:entry262@0x4b46000	655360	5350d40b	0	
C:\Program Files (x86)\Steam\steamapps\common\MGS_PW\mgspw\MLG\disc0_rel\00b2b2a8.PDT:entry263@0x4be6000	442368	5350d50b	0	
C:\Program Files (x86)\Steam\steamapps\common\MGS_PW\mgspw\MLG\disc0_rel\00b2b2a8.PDT:entry264@0x4c52000	651264	5350d60b	0	
C:\Program Files (x86)\Steam\steamapps\common\MGS_PW\mgspw\MLG\disc0_rel\00b2b2a8.PDT:entry265@0x4cf1000	800768	5350d70b	0	
C:\Program Files (x86)\Steam\steamapps\common\MGS_PW\mgspw\MLG\disc0_rel\00b2b2a8.PDT:entry266@0x4db4800	604160	5350d80b	0	
C:\Program Files (x86)\Steam\steamapps\common\MGS_PW\mgspw\MLG\disc0_rel\00b2b2a8.PDT:entry267@0x4e48000	1255424	5350d90b	0	
C:\Program Files (x86)\Steam\steamapps\common\MGS_PW\mgspw\MLG\disc0_rel\00b2b2a8.PDT:entry268@0x4f7a800	632832	5350da0b	0	
C:\Program Files (x86)\Steam\steamapps\common\MGS_PW\mgspw\MLG\disc0_rel\00b2b2a8.PDT:entry269@0x5015000	724992	53507b0b	0	
C:\Program Files (x86)\Steam\steamapps\common\MGS_PW\mgspw\MLG\disc0_rel\00b2b2a8.PDT:entry270@0x50c6000	860160	53507c0b	0	
C:\Program Files (x86)\Steam\steamapps\common\MGS_PW\mgspw\MLG\disc0_rel\00b2b2a8.PDT:entry271@0x5198000	776192	53507d0b	0	
C:\Program Files (x86)\Steam\steamapps\common\MGS_PW\mgspw\MLG\disc0_rel\00b2b2a8.PDT:entry272@0x5255800	669696	53507e0b	0	
C:\Program Files (x86)\Steam\steamapps\common\MGS_PW\mgspw\MLG\disc0_rel\00b2b2a8.PDT:entry273@0x52f9000	1052672	53507f0b	0	
C:\Program Files (x86)\Steam\steamapps\common\MGS_PW\mgspw\MLG\disc0_rel\00b2b2a8.PDT:entry274@0x53fa000	536576	5350800b	0	
C:\Program Files (x86)\Steam\steamapps\common\MGS_PW\mgspw\MLG\disc0_rel\00b2b2a8.PDT:entry275@0x547d000	1499136	5350810b	0	
C:\Program Files (x86)\Steam\steamapps\common\MGS_PW\mgspw\MLG\disc0_rel\00b2b2a8.PDT:entry276@0x55eb000	325632	5350820b	0	
C:\Program Files (x86)\Steam\steamapps\common\MGS_PW\mgspw\MLG\disc0_rel\00b2b2a8.PDT:entry277@0x563a800	309248	5350830b	0	
C:\Program Files (x86)\Steam\steamapps\common\MGS_PW\mgspw\MLG\disc0_rel\00b2b2a8.PDT:entry278@0x5686000	473088	5350840b	0	
C:\Program Files (x86)\Steam\steamapps\common\MGS_PW\mgspw\MLG\disc0_rel\00b2b2a8.PDT:entry279@0x56f9800	1282048	5350850b	0	
C:\Program Files (x86)\Steam\steamapps\common\MGS_PW\mgspw\MLG\disc0_rel\00b2b2a8.PDT:entry280@0x5832800	321536	5350860b	0	
C:\Program Files (x86)\Steam\steamapps\common\MGS_PW\mgspw\MLG\disc0_rel\00b2b2a8.PDT:entry281@0x5881000	690176	5350870b	0	
C:\Program Files (x86)\Steam\steamapps\common\MGS_PW\mgspw\MLG\disc0_rel\00b2b2a8.PDT:entry282@0x5929800	286720	5350880b	0	
C:\Program Files (x86)\Steam\steamapps\common\MGS_PW\mgspw\MLG\disc0_rel\00b2b2a8.PDT:entry283@0x596f800	632832	5350890b	0	
C:\Program Files (x86)\Steam\steamapps\common\MGS_PW\mgspw\MLG\disc0_rel\00b2b2a8.PDT:entry284@0x5a0a000	831488	53508a0b	0	
C:\Program Files (x86)\Steam\steamapps\common\MGS_PW\mgspw\MLG\disc0_rel\00b2b2a8.PDT:entry285@0x5ad5000	268288	53508b0b	0	
C:\Program Files (x86)\Steam\steamapps\common\MGS_PW\mgspw\MLG\disc0_rel\00b2b2a8.PDT:entry286@0x5b16800	634880	53508c0b	0	
C:\Program Files (x86)\Steam\steamapps\common\MGS_PW\mgspw\MLG\disc0_rel\00b2b2a8.PDT:entry287@0x5bb1800	317440	53508d0b	0	
C:\Program Files (x86)\Steam\steamapps\common\MGS_PW\mgspw\MLG\disc0_rel\00b2b2a8.PDT:entry288@0x5bff000	313344	53508e0b	0	
C:\Program Files (x86)\Steam\steamapps\common\MGS_PW\mgspw\MLG\disc0_rel\00b2b2a8.PDT:entry289@0x5c4b800	299008	53508f0b	0	
C:\Program Files (x86)\Steam\steamapps\common\MGS_PW\mgspw\MLG\disc0_rel\00b2b2a8.PDT:entry290@0x5c94800	356352	5350900b	0	
C:\Program Files (x86)\Steam\steamapps\common\MGS_PW\mgspw\MLG\disc0_rel\00b2b2a8.PDT:entry291@0x5ceb800	659456	5350910b	0	
C:\Program Files (x86)\Steam\steamapps\common\MGS_PW\mgspw\MLG\disc0_rel\00b2b2a8.PDT:entry292@0x5d8c800	731136	5350920b	0	
C:\Program Files (x86)\Steam\steamapps\common\MGS_PW\mgspw\MLG\disc0_rel\00b2b2a8.PDT:entry293@0x5e3f000	585728	5350930b	0	
C:\Program Files (x86)\Steam\steamapps\common\MGS_PW\mgspw\MLG\disc0_rel\00b2b2a8.PDT:entry294@0x5ece000	524288	5350940b	0	
C:\Program Files (x86)\Steam\steamapps\common\MGS_PW\mgspw\MLG\disc0_rel\00b2b2a8.PDT:entry295@0x5f4e000	708608	5350950b	0	
C:\Program Files (x86)\Steam\steamapps\common\MGS_PW\mgspw\MLG\disc0_rel\00b2b2a8.PDT:entry296@0x5ffb000	225280	5350960b	0	
C:\Program Files (x86)\Steam\steamapps\common\MGS_PW\mgspw\MLG\disc0_rel\00b2b2a8.PDT:entry297@0x6032000	421888	5350970b	0	
C:\Program Files (x86)\Steam\steamapps\common\MGS_PW\mgspw\MLG\disc0_rel\00b2b2a8.PDT:entry298@0x6099000	663552	5350980b	0	
C:\Program Files (x86)\Steam\steamapps\common\MGS_PW\mgspw\MLG\disc0_rel\00b2b2a8.PDT:entry299@0x613b000	483328	53504c0c	0	
C:\Program Files (x86)\Steam\steamapps\common\MGS_PW\mgspw\MLG\disc0_rel\00b2b2a8.PDT:entry300@0x61b1000	686080	53504d0c	0	
C:\Program Files (x86)\Steam\steamapps\common\MGS_PW\mgspw\MLG\disc0_rel\00b2b2a8.PDT:entry301@0x6258800	1052672	53504e0c	0	
C:\Program Files (x86)\Steam\steamapps\common\MGS_PW\mgspw\MLG\disc0_rel\00b2b2a8.PDT:entry302@0x6359800	299008	5350db0b	0	
C:\Program Files (x86)\Steam\steamapps\common\MGS_PW\mgspw\MLG\disc0_rel\00b2b2a8.PDT:entry303@0x63a2800	229376	5350dc0b	0	
C:\Program Files (x86)\Steam\steamapps\common\MGS_PW\mgspw\MLG\disc0_rel\00b2b2a8.PDT:entry304@0x63da800	378880	5350dd0b	0	
C:\Program Files (x86)\Steam\steamapps\common\MGS_PW\mgspw\MLG\disc0_rel\00b2b2a8.PDT:entry305@0x6437000	724992	5350de0b	0	
C:\Program Files (x86)\Steam\steamapps\common\MGS_PW\mgspw\MLG\disc0_rel\00b2b2a8.PDT:entry306@0x64e8000	606208	5350df0b	0	
C:\Program Files (x86)\Steam\steamapps\common\MGS_PW\mgspw\MLG\disc0_rel\00b2b2a8.PDT:entry307@0x657c000	372736	5350e00b	0	
C:\Program Files (x86)\Steam\steamapps\common\MGS_PW\mgspw\MLG\disc0_rel\00b2b2a8.PDT:entry308@0x65d7000	372736	5350e10b	0	
C:\Program Files (x86)\Steam\steamapps\common\MGS_PW\mgspw\MLG\disc0_rel\00b2b2a8.PDT:entry309@0x6632000	401408	5350e20b	0	
C:\Program Files (x86)\Steam\steamapps\common\MGS_PW\mgspw\MLG\disc0_rel\00b2b2a8.PDT:entry310@0x6694000	724992	5350e30b	0	
C:\Program Files (x86)\Steam\steamapps\common\MGS_PW\mgspw\MLG\disc0_rel\00b2b2a8.PDT:entry311@0x6745000	847872	5350e40b	0	
C:\Program Files (x86)\Steam\steamapps\common\MGS_PW\mgspw\MLG\disc0_rel\00b2b2a8.PDT:entry312@0x6814000	346112	5350e50b	0	
C:\Program Files (x86)\Steam\steamapps\common\MGS_PW\mgspw\MLG\disc0_rel\00b2b2a8.PDT:entry313@0x6868800	514048	5350e60b	0	
C:\Program Files (x86)\Steam\steamapps\common\MGS_PW\mgspw\MLG\disc0_rel\00b2b2a8.PDT:entry314@0x68e6000	901120	5350e70b	0	
C:\Program Files (x86)\Steam\steamapps\common\MGS_PW\mgspw\MLG\disc0_rel\00b2b2a8.PDT:entry315@0x69c2000	833536	5350e80b	0	
C:\Program Files (x86)\Steam\steamapps\common\MGS_PW\mgspw\MLG\disc0_rel\00b2b2a8.PDT:entry316@0x6a8d800	425984	5350e90b	0	
C:\Program Files (x86)\Steam\steamapps\common\MGS_PW\mgspw\MLG\disc0_rel\00b2b2a8.PDT:entry317@0x6af5800	403456	5350ea0b	0	
C:\Program Files (x86)\Steam\steamapps\common\MGS_PW\mgspw\MLG\disc0_rel\00b2b2a8.PDT:entry318@0x6b58000	507904	5350eb0b	0	
C:\Program Files (x86)\Steam\steamapps\common\MGS_PW\mgspw\MLG\disc0_rel\00b2b2a8.PDT:entry319@0x6bd4000	591872	5350ec0b	0	
C:\Program Files (x86)\Steam\steamapps\common\MGS_PW\mgspw\MLG\disc0_rel\00b2b2a8.PDT:entry320@0x6c64800	737280	5350ed0b	0	
C:\Program Files (x86)\Steam\steamapps\common\MGS_PW\mgspw\MLG\disc0_rel\00b2b2a8.PDT:entry321@0x6d18800	987136	5350ee0b	0	
C:\Program Files (x86)\Steam\steamapps\common\MGS_PW\mgspw\MLG\disc0_rel\00b2b2a8.PDT:entry322@0x6e09800	561152	5350ef0b	0	
C:\Program Files (x86)\Steam\steamapps\common\MGS_PW\mgspw\MLG\disc0_rel\00b2b2a8.PDT:entry323@0x6e92800	430080	5350f00b	0	
C:\Program Files (x86)\Steam\steamapps\common\MGS_PW\mgspw\MLG\disc0_rel\00b2b2a8.PDT:entry324@0x6efb800	614400	5350f10b	0	
C:\Program Files (x86)\Steam\steamapps\common\MGS_PW\mgspw\MLG\disc0_rel\00b2b2a8.PDT:entry325@0x6f91800	438272	5350f20b	0	
C:\Program Files (x86)\Steam\steamapps\common\MGS_PW\mgspw\MLG\disc0_rel\00b2b2a8.PDT:entry326@0x6ffc800	6144	5350f30b	0	
C:\Program Files (x86)\Steam\steamapps\common\MGS_PW\mgspw\MLG\disc0_rel\00b2b2a8.PDT:entry327@0x6ffe000	204800	5350f40b	0	
C:\Program Files (x86)\Steam\steamapps\common\MGS_PW\mgspw\MLG\disc0_rel\00b2b2a8.PDT:entry328@0x7030000	362496	5350f50b	0	
C:\Program Files (x86)\Steam\steamapps\common\MGS_PW\mgspw\MLG\disc0_rel\00b2b2a8.PDT:entry329@0x7088800	761856	5350f60b	0	
C:\Program Files (x86)\Steam\steamapps\common\MGS_PW\mgspw\MLG\disc0_rel\00b2b2a8.PDT:entry330@0x7142800	253952	5350f70b	0	
C:\Program Files (x86)\Steam\steamapps\common\MGS_PW\mgspw\MLG\disc0_rel\00b2b2a8.PDT:entry331@0x7180800	403456	5350f80b	0	
C:\Program Files (x86)\Steam\steamapps\common\MGS_PW\mgspw\MLG\disc0_rel\00b2b2a8.PDT:entry332@0x71e3000	266240	5350f90b	0	
C:\Program Files (x86)\Steam\steamapps\common\MGS_PW\mgspw\MLG\disc0_rel\00b2b2a8.PDT:entry333@0x7224000	272384	5350fa0b	0	
C:\Program Files (x86)\Steam\steamapps\common\MGS_PW\mgspw\MLG\disc0_rel\00b2b2a8.PDT:entry334@0x7266800	215040	5350fb0b	0	
C:\Program Files (x86)\Steam\steamapps\common\MGS_PW\mgspw\MLG\disc0_rel\00b2b2a8.PDT:entry335@0x729b000	307200	5350fc0b	0	
C:\Program Files (x86)\Steam\steamapps\common\MGS_PW\mgspw\MLG\disc0_rel\00b2b2a8.PDT:entry336@0x72e6000	321536	5350fd0b	1	WJ^E_YRv yey
C:\Program Files (x86)\Steam\steamapps\common\MGS_PW\mgspw\MLG\disc0_rel\00b2b2a8.PDT:entry337@0x7334800	395264	5350fe0b	0	
C:\Program Files (x86)\Steam\steamapps\common\MGS_PW\mgspw\MLG\disc0_rel\00b2b2a8.PDT:entry338@0x7395000	217088	5350ff0b	0	
C:\Program Files (x86)\Steam\steamapps\common\MGS_PW\mgspw\MLG\disc0_rel\00b2b2a8.PDT:entry339@0x73ca000	331776	5350000c	0	
C:\Program Files (x86)\Steam\steamapps\common\MGS_PW\mgspw\MLG\disc0_rel\00b2b2a8.PDT:entry340@0x741b000	262144	5350010c	0	
C:\Program Files (x86)\Steam\steamapps\common\MGS_PW\mgspw\MLG\disc0_rel\00b2b2a8.PDT:entry341@0x745b000	374784	5350020c	0	
C:\Program Files (x86)\Steam\steamapps\common\MGS_PW\mgspw\MLG\disc0_rel\00b2b2a8.PDT:entry342@0x74b6800	143360	5350030c	0	
C:\Program Files (x86)\Steam\steamapps\common\MGS_PW\mgspw\MLG\disc0_rel\00b2b2a8.PDT:entry343@0x74d9800	229376	5350040c	0	
C:\Program Files (x86)\Steam\steamapps\common\MGS_PW\mgspw\MLG\disc0_rel\00b2b2a8.PDT:entry344@0x7511800	243712	5350050c	0	
C:\Program Files (x86)\Steam\steamapps\common\MGS_PW\mgspw\MLG\disc0_rel\00b2b2a8.PDT:entry345@0x754d000	6144	5350060c	0	
C:\Program Files (x86)\Steam\steamapps\common\MGS_PW\mgspw\MLG\disc0_rel\00b2b2a8.PDT:entry346@0x754e800	350208	5350070c	0	
C:\Program Files (x86)\Steam\steamapps\common\MGS_PW\mgspw\MLG\disc0_rel\00b2b2a8.PDT:entry347@0x75a4000	6144	5350080c	0	
C:\Program Files (x86)\Steam\steamapps\common\MGS_PW\mgspw\MLG\disc0_rel\00b2b2a8.PDT:entry348@0x75a5800	6144	5350090c	0	
C:\Program Files (x86)\Steam\steamapps\common\MGS_PW\mgspw\MLG\disc0_rel\00b2b2a8.PDT:entry349@0x75a7000	225280	53500a0c	0	
C:\Program Files (x86)\Steam\steamapps\common\MGS_PW\mgspw\MLG\disc0_rel\00b2b2a8.PDT:entry350@0x75de000	370688	53500b0c	0	
C:\Program Files (x86)\Steam\steamapps\common\MGS_PW\mgspw\MLG\disc0_rel\00b2b2a8.PDT:entry351@0x7638800	374784	53500c0c	0	
C:\Program Files (x86)\Steam\steamapps\common\MGS_PW\mgspw\MLG\disc0_rel\00b2b2a8.PDT:entry352@0x7694000	190464	53500d0c	1	mciu.XgGIl# l
C:\Program Files (x86)\Steam\steamapps\common\MGS_PW\mgspw\MLG\disc0_rel\00b2b2a8.PDT:entry353@0x76c2800	311296	53500e0c	1	encoded_by=Pro Tools!
C:\Program Files (x86)\Steam\steamapps\common\MGS_PW\mgspw\MLG\disc0_rel\00b2b2a8.PDT:entry354@0x770e800	6144	53500f0c	0	
C:\Program Files (x86)\Steam\steamapps\common\MGS_PW\mgspw\MLG\disc0_rel\00b2b2a8.PDT:entry355@0x7710000	6144	5350100c	0	
C:\Program Files (x86)\Steam\steamapps\common\MGS_PW\mgspw\MLG\disc0_rel\00b2b2a8.PDT:entry356@0x7711800	851968	5350110c	0	
C:\Program Files (x86)\Steam\steamapps\common\MGS_PW\mgspw\MLG\disc0_rel\00b2b2a8.PDT:entry357@0x77e1800	1247232	53501c0c	0	
C:\Program Files (x86)\Steam\steamapps\common\MGS_PW\mgspw\MLG\disc0_rel\00b2b2a8.PDT:entry358@0x7912000	532480	5350390c	0	
C:\Program Files (x86)\Steam\steamapps\common\MGS_PW\mgspw\MLG\disc0_rel\00b2b2a8.PDT:entry359@0x7994000	675840	53503a0c	0	
C:\Program Files (x86)\Steam\steamapps\common\MGS_PW\mgspw\MLG\disc0_rel\00b2b2a8.PDT:entry360@0x7a39000	354304	53503b0c	0	
C:\Program Files (x86)\Steam\steamapps\common\MGS_PW\mgspw\MLG\disc0_rel\00b2b2a8.PDT:entry361@0x7a8f800	321536	53503c0c	0	
C:\Program Files (x86)\Steam\steamapps\common\MGS_PW\mgspw\MLG\disc0_rel\00b2b2a8.PDT:entry362@0x7ade000	356352	53503d0c	0	
C:\Program Files (x86)\Steam\steamapps\common\MGS_PW\mgspw\MLG\disc0_rel\00b2b2a8.PDT:entry363@0x7b35000	729088	53503e0c	0	
C:\Program Files (x86)\Steam\steamapps\common\MGS_PW\mgspw\MLG\disc0_rel\00b2b2a8.PDT:entry364@0x7be7000	389120	53503f0c	0	
C:\Program Files (x86)\Steam\steamapps\common\MGS_PW\mgspw\MLG\disc0_rel\00b2b2a8.PDT:entry365@0x7c46000	339968	5350400c	0	
C:\Program Files (x86)\Steam\steamapps\common\MGS_PW\mgspw\MLG\disc0_rel\00b2b2a8.PDT:entry366@0x7c99000	278528	5350410c	0	
C:\Program Files (x86)\Steam\steamapps\common\MGS_PW\mgspw\MLG\disc0_rel\00b2b2a8.PDT:entry367@0x7cdd000	417792	5350420c	0	
C:\Program Files (x86)\Steam\steamapps\common\MGS_PW\mgspw\MLG\disc0_rel\00b2b2a8.PDT:entry368@0x7d43000	659456	5350430c	0	
C:\Program Files (x86)\Steam\steamapps\common\MGS_PW\mgspw\MLG\disc0_rel\00b2b2a8.PDT:entry369@0x7de4000	538624	5350440c	0	
C:\Program Files (x86)\Steam\steamapps\common\MGS_PW\mgspw\MLG\disc0_rel\00b2b2a8.PDT:entry370@0x7e67800	577536	5350450c	0	
C:\Program Files (x86)\Steam\steamapps\common\MGS_PW\mgspw\MLG\disc0_rel\00b2b2a8.PDT:entry371@0x7ef4800	534528	5350460c	0	
C:\Program Files (x86)\Steam\steamapps\common\MGS_PW\mgspw\MLG\disc0_rel\00b2b2a8.PDT:entry372@0x7f77000	520192	5350470c	0	
C:\Program Files (x86)\Steam\steamapps\common\MGS_PW\mgspw\MLG\disc0_rel\00b2b2a8.PDT:entry373@0x7ff6000	305152	5350480c	0	
C:\Program Files (x86)\Steam\steamapps\common\MGS_PW\mgspw\MLG\disc0_rel\00b2b2a8.PDT:entry374@0x8040800	309248	53501d0c	0	
C:\Program Files (x86)\Steam\steamapps\common\MGS_PW\mgspw\MLG\disc0_rel\00b2b2a8.PDT:entry375@0x808c000	235520	53501e0c	0	
C:\Program Files (x86)\Steam\steamapps\common\MGS_PW\mgspw\MLG\disc0_rel\00b2b2a8.PDT:entry376@0x80c5800	299008	53501f0c	0	
C:\Program Files (x86)\Steam\steamapps\common\MGS_PW\mgspw\MLG\disc0_rel\00b2b2a8.PDT:entry377@0x810e800	251904	5350200c	0	
C:\Program Files (x86)\Steam\steamapps\common\MGS_PW\mgspw\MLG\disc0_rel\00b2b2a8.PDT:entry378@0x814c000	241664	5350210c	0	
C:\Program Files (x86)\Steam\steamapps\common\MGS_PW\mgspw\MLG\disc0_rel\00b2b2a8.PDT:entry379@0x8187000	165888	5350220c	0	
C:\Program Files (x86)\Steam\steamapps\common\MGS_PW\mgspw\MLG\disc0_rel\00b2b2a8.PDT:entry380@0x81af800	393216	5350230c	0	
C:\Program Files (x86)\Steam\steamapps\common\MGS_PW\mgspw\MLG\disc0_rel\00b2b2a8.PDT:entry381@0x820f800	321536	5350240c	0	
C:\Program Files (x86)\Steam\steamapps\common\MGS_PW\mgspw\MLG\disc0_rel\00b2b2a8.PDT:entry382@0x825e000	358400	5350250c	0	
C:\Program Files (x86)\Steam\steamapps\common\MGS_PW\mgspw\MLG\disc0_rel\00b2b2a8.PDT:entry383@0x82b5800	237568	5350260c	0	
C:\Program Files (x86)\Steam\steamapps\common\MGS_PW\mgspw\MLG\disc0_rel\00b2b2a8.PDT:entry384@0x82ef800	235520	5350270c	0	
C:\Program Files (x86)\Steam\steamapps\common\MGS_PW\mgspw\MLG\disc0_rel\00b2b2a8.PDT:entry385@0x8329000	419840	5350280c	0	
C:\Program Files (x86)\Steam\steamapps\common\MGS_PW\mgspw\MLG\disc0_rel\00b2b2a8.PDT:entry386@0x838f800	413696	5350290c	0	
C:\Program Files (x86)\Steam\steamapps\common\MGS_PW\mgspw\MLG\disc0_rel\00b2b2a8.PDT:entry387@0x83f4800	503808	53502a0c	0	
C:\Program Files (x86)\Steam\steamapps\common\MGS_PW\mgspw\MLG\disc0_rel\00b2b2a8.PDT:entry388@0x846f800	278528	53502b0c	0	
C:\Program Files (x86)\Steam\steamapps\common\MGS_PW\mgspw\MLG\disc0_rel\00b2b2a8.PDT:entry389@0x84b3800	290816	53502c0c	0	
C:\Program Files (x86)\Steam\steamapps\common\MGS_PW\mgspw\MLG\disc0_rel\00b2b2a8.PDT:entry390@0x84fa800	382976	53502d0c	0	
C:\Program Files (x86)\Steam\steamapps\common\MGS_PW\mgspw\MLG\disc0_rel\00b2b2a8.PDT:entry391@0x8558000	622592	53502e0c	0	
C:\Program Files (x86)\Steam\steamapps\common\MGS_PW\mgspw\MLG\disc0_rel\00b2b2a8.PDT:entry392@0x85f0000	348160	53502f0c	0	
C:\Program Files (x86)\Steam\steamapps\common\MGS_PW\mgspw\MLG\disc0_rel\00b2b2a8.PDT:entry393@0x8645000	346112	5350300c	0	
C:\Program Files (x86)\Steam\steamapps\common\MGS_PW\mgspw\MLG\disc0_rel\00b2b2a8.PDT:entry394@0x8699800	329728	5350310c	0	
C:\Program Files (x86)\Steam\steamapps\common\MGS_PW\mgspw\MLG\disc0_rel\00b2b2a8.PDT:entry395@0x86ea000	645120	5350320c	0	
C:\Program Files (x86)\Steam\steamapps\common\MGS_PW\mgspw\MLG\disc0_rel\00b2b2a8.PDT:entry396@0x8787800	440320	5350330c	0	
C:\Program Files (x86)\Steam\steamapps\common\MGS_PW\mgspw\MLG\disc0_rel\00b2b2a8.PDT:entry397@0x87f3000	382976	5350340c	0	
C:\Program Files (x86)\Steam\steamapps\common\MGS_PW\mgspw\MLG\disc0_rel\00b2b2a8.PDT:entry398@0x8850800	329728	5350350c	0	
C:\Program Files (x86)\Steam\steamapps\common\MGS_PW\mgspw\MLG\disc0_rel\00b2b2a8.PDT:entry399@0x88a1000	413696	5350360c	0	
C:\Program Files (x86)\Steam\steamapps\common\MGS_PW\mgspw\MLG\disc0_rel\00b2b2a8.PDT:entry400@0x8906000	6144	5350370c	0	
C:\Program Files (x86)\Steam\steamapps\common\MGS_PW\mgspw\MLG\disc0_rel\00b2b2a8.PDT:entry401@0x8907800	8192	5350380c	0	
C:\Program Files (x86)\Steam\steamapps\common\MGS_PW\mgspw\MLG\disc0_rel\00b2b2a8.PDT:entry402@0x8909800	270336	5350500c	0	
C:\Program Files (x86)\Steam\steamapps\common\MGS_PW\mgspw\MLG\disc0_rel\00b2b2a8.PDT:entry403@0x894b800	356352	5350510c	0	
C:\Program Files (x86)\Steam\steamapps\common\MGS_PW\mgspw\MLG\disc0_rel\00b2b2a8.PDT:entry404@0x89a2800	6144	5350520c	0	
C:\Program Files (x86)\Steam\steamapps\common\MGS_PW\mgspw\MLG\disc0_rel\00b2b2a8.PDT:entry405@0x89a4000	6144	5350530c	0	
C:\Program Files (x86)\Steam\steamapps\common\MGS_PW\mgspw\MLG\disc0_rel\00b2b2a8.PDT:entry406@0x89a5800	210944	5350540c	0	
C:\Program Files (x86)\Steam\steamapps\common\MGS_PW\mgspw\MLG\disc0_rel\00b2b2a8.PDT:entry407@0x89d9000	77824	5350550c	0	
C:\Program Files (x86)\Steam\steamapps\common\MGS_PW\mgspw\MLG\disc0_rel\00b2b2a8.PDT:entry408@0x89ec000	286720	5350560c	0	
C:\Program Files (x86)\Steam\steamapps\common\MGS_PW\mgspw\MLG\disc0_rel\00b2b2a8.PDT:entry409@0x8a32000	237568	5350570c	0	
C:\Program Files (x86)\Steam\steamapps\common\MGS_PW\mgspw\MLG\disc0_rel\00b2b2a8.PDT:entry410@0x8a6c000	266240	5350580c	0	
C:\Program Files (x86)\Steam\steamapps\common\MGS_PW\mgspw\MLG\disc0_rel\00b2b2a8.PDT:entry411@0x8aad000	430080	5350590c	0	
C:\Program Files (x86)\Steam\steamapps\common\MGS_PW\mgspw\MLG\disc0_rel\00b2b2a8.PDT:entry412@0x8b16000	405504	53505a0c	0	
C:\Program Files (x86)\Steam\steamapps\common\MGS_PW\mgspw\MLG\disc0_rel\00b2b2a8.PDT:entry413@0x8b79000	542720	53505b0c	0	
C:\Program Files (x86)\Steam\steamapps\common\MGS_PW\mgspw\MLG\disc0_rel\00b2b2a8.PDT:entry414@0x8bfd800	352256	53505c0c	0	
C:\Program Files (x86)\Steam\steamapps\common\MGS_PW\mgspw\MLG\disc0_rel\00b2b2a8.PDT:entry415@0x8c53800	364544	53505d0c	0	
C:\Program Files (x86)\Steam\steamapps\common\MGS_PW\mgspw\MLG\disc0_rel\00b2b2a8.PDT:entry416@0x8cac800	552960	53505e0c	0	
C:\Program Files (x86)\Steam\steamapps\common\MGS_PW\mgspw\MLG\disc0_rel\00b2b2a8.PDT:entry417@0x8d33800	618496	53505f0c	0	
C:\Program Files (x86)\Steam\steamapps\common\MGS_PW\mgspw\MLG\disc0_rel\00b2b2a8.PDT:entry418@0x8dca800	382976	5350600c	0	
C:\Program Files (x86)\Steam\steamapps\common\MGS_PW\mgspw\MLG\disc0_rel\00b2b2a8.PDT:entry419@0x8e28000	479232	5350610c	0	
C:\Program Files (x86)\Steam\steamapps\common\MGS_PW\mgspw\MLG\disc0_rel\00b2b2a8.PDT:entry420@0x8e9d000	253952	5350620c	0	
C:\Program Files (x86)\Steam\steamapps\common\MGS_PW\mgspw\MLG\disc0_rel\00b2b2a8.PDT:entry421@0x8edb000	577536	5350630c	1	encoded_by=Pro Tools!
C:\Program Files (x86)\Steam\steamapps\common\MGS_PW\mgspw\MLG\disc0_rel\00b2b2a8.PDT:entry422@0x8f68000	641024	5350640c	0	
C:\Program Files (x86)\Steam\steamapps\common\MGS_PW\mgspw\MLG\disc0_rel\00b2b2a8.PDT:entry423@0x9004800	612352	5350650c	0	
C:\Program Files (x86)\Steam\steamapps\common\MGS_PW\mgspw\MLG\disc0_rel\00b2b2a8.PDT:entry424@0x909a000	311296	5350660c	0	
C:\Program Files (x86)\Steam\steamapps\common\MGS_PW\mgspw\MLG\disc0_rel\00b2b2a8.PDT:entry425@0x90e6000	643072	5350670c	0	
C:\Program Files (x86)\Steam\steamapps\common\MGS_PW\mgspw\MLG\disc0_rel\00b2b2a8.PDT:entry426@0x9183000	782336	5350680c	0	
C:\Program Files (x86)\Steam\steamapps\common\MGS_PW\mgspw\MLG\disc0_rel\00b2b2a8.PDT:entry427@0x9242000	6144	5350690c	0	
C:\Program Files (x86)\Steam\steamapps\common\MGS_PW\mgspw\MLG\disc0_rel\00b2b2a8.PDT:entry428@0x9243800	6144	53506a0c	0	
C:\Program Files (x86)\Steam\steamapps\common\MGS_PW\mgspw\MLG\disc0_rel\00b2b2a8.PDT:entry429@0x9245000	401408	53506b0c	0	
C:\Program Files (x86)\Steam\steamapps\common\MGS_PW\mgspw\MLG\disc0_rel\00b2b2a8.PDT:entry430@0x92a7000	493568	53506c0c	0	
C:\Program Files (x86)\Steam\steamapps\common\MGS_PW\mgspw\MLG\disc0_rel\00b2b2a8.PDT:entry431@0x931f800	221184	53506d0c	0	
C:\Program Files (x86)\Steam\steamapps\common\MGS_PW\mgspw\MLG\disc0_rel\00b2b2a8.PDT:entry432@0x9355800	182272	53506e0c	0	
C:\Program Files (x86)\Steam\steamapps\common\MGS_PW\mgspw\MLG\disc0_rel\00b2b2a8.PDT:entry433@0x9382000	133120	53506f0c	0	
C:\Program Files (x86)\Steam\steamapps\common\MGS_PW\mgspw\MLG\disc0_rel\00b2b2a8.PDT:entry434@0x93a2800	176128	5350700c	0	
C:\Program Files (x86)\Steam\steamapps\common\MGS_PW\mgspw\MLG\disc0_rel\00b2b2a8.PDT:entry435@0x93cd800	194560	5350710c	0	
C:\Program Files (x86)\Steam\steamapps\common\MGS_PW\mgspw\MLG\disc0_rel\00b2b2a8.PDT:entry436@0x93fd000	169984	5350720c	0	
C:\Program Files (x86)\Steam\steamapps\common\MGS_PW\mgspw\MLG\disc0_rel\00b2b2a8.PDT:entry437@0x9426800	6144	5350730c	0	
C:\Program Files (x86)\Steam\steamapps\common\MGS_PW\mgspw\MLG\disc0_rel\00b2b2a8.PDT:entry438@0x9428000	206848	5350740c	0	
C:\Program Files (x86)\Steam\steamapps\common\MGS_PW\mgspw\MLG\disc0_rel\00b2b2a8.PDT:entry439@0x945a800	227328	5350750c	0	
C:\Program Files (x86)\Steam\steamapps\common\MGS_PW\mgspw\MLG\disc0_rel\00b2b2a8.PDT:entry440@0x9492000	6144	5350760c	0	
C:\Program Files (x86)\Steam\steamapps\common\MGS_PW\mgspw\MLG\disc0_rel\00b2b2a8.PDT:entry441@0x9493800	190464	5350770c	0	
C:\Program Files (x86)\Steam\steamapps\common\MGS_PW\mgspw\MLG\disc0_rel\00b2b2a8.PDT:entry442@0x94c2000	399360	5350780c	1	encoded_by=Pro Tools!
C:\Program Files (x86)\Steam\steamapps\common\MGS_PW\mgspw\MLG\disc0_rel\00b2b2a8.PDT:entry443@0x9523800	6144	5350790c	0	
C:\Program Files (x86)\Steam\steamapps\common\MGS_PW\mgspw\MLG\disc0_rel\00b2b2a8.PDT:entry444@0x9525000	378880	53507a0c	1	encoded_by=Pro Tools!
C:\Program Files (x86)\Steam\steamapps\common\MGS_PW\mgspw\MLG\disc0_rel\00b2b2a8.PDT:entry445@0x9581800	598016	53507b0c	0	
C:\Program Files (x86)\Steam\steamapps\common\MGS_PW\mgspw\MLG\disc0_rel\00b2b2a8.PDT:entry446@0x9613800	180224	53507c0c	0	
C:\Program Files (x86)\Steam\steamapps\common\MGS_PW\mgspw\MLG\disc0_rel\00b2b2a8.PDT:entry447@0x963f800	112640	53507d0c	0	
C:\Program Files (x86)\Steam\steamapps\common\MGS_PW\mgspw\MLG\disc0_rel\00b2b2a8.PDT:entry448@0x965b000	6144	53507e0c	0	
C:\Program Files (x86)\Steam\steamapps\common\MGS_PW\mgspw\MLG\disc0_rel\00b2b2a8.PDT:entry449@0x965c800	6144	53507f0c	0	
C:\Program Files (x86)\Steam\steamapps\common\MGS_PW\mgspw\MLG\disc0_rel\00b2b2a8.PDT:entry450@0x965e000	151552	5350800c	0	
C:\Program Files (x86)\Steam\steamapps\common\MGS_PW\mgspw\MLG\disc0_rel\00b2b2a8.PDT:entry451@0x9683000	204800	5350810c	0	
C:\Program Files (x86)\Steam\steamapps\common\MGS_PW\mgspw\MLG\disc0_rel\00b2b2a8.PDT:entry452@0x96b5000	139264	5350820c	0	
C:\Program Files (x86)\Steam\steamapps\common\MGS_PW\mgspw\MLG\disc0_rel\00b2b2a8.PDT:entry453@0x96d7000	22528	5350830c	0	
C:\Program Files (x86)\Steam\steamapps\common\MGS_PW\mgspw\MLG\disc0_rel\00b2b2a8.PDT:entry454@0x96dc800	278528	5350840c	0	
C:\Program Files (x86)\Steam\steamapps\common\MGS_PW\mgspw\MLG\disc0_rel\00b2b2a8.PDT:entry455@0x9720800	137216	5350850c	0	
C:\Program Files (x86)\Steam\steamapps\common\MGS_PW\mgspw\MLG\disc0_rel\00b2b2a8.PDT:entry456@0x9742000	477184	5350860c	0	
C:\Program Files (x86)\Steam\steamapps\common\MGS_PW\mgspw\MLG\disc0_rel\00b2b2a8.PDT:entry457@0x97b6800	454656	5350870c	0	
C:\Program Files (x86)\Steam\steamapps\common\MGS_PW\mgspw\MLG\disc0_rel\00b2b2a8.PDT:entry458@0x9825800	192512	5350880c	0	
C:\Program Files (x86)\Steam\steamapps\common\MGS_PW\mgspw\MLG\disc0_rel\00b2b2a8.PDT:entry459@0x9854800	307200	5350890c	0	
C:\Program Files (x86)\Steam\steamapps\common\MGS_PW\mgspw\MLG\disc0_rel\00b2b2a8.PDT:entry460@0x989f800	618496	53508a0c	0	
C:\Program Files (x86)\Steam\steamapps\common\MGS_PW\mgspw\MLG\disc0_rel\00b2b2a8.PDT:entry461@0x9936800	198656	53508b0c	0	
C:\Program Files (x86)\Steam\steamapps\common\MGS_PW\mgspw\MLG\disc0_rel\00b2b2a8.PDT:entry462@0x9967000	419840	53508c0c	0	
C:\Program Files (x86)\Steam\steamapps\common\MGS_PW\mgspw\MLG\disc0_rel\00b2b2a8.PDT:entry463@0x99cd800	251904	53508d0c	0	
C:\Program Files (x86)\Steam\steamapps\common\MGS_PW\mgspw\MLG\disc0_rel\00b2b2a8.PDT:entry464@0x9a0b000	124928	53508e0c	0	
C:\Program Files (x86)\Steam\steamapps\common\MGS_PW\mgspw\MLG\disc0_rel\00b2b2a8.PDT:entry465@0x9a29800	133120	53508f0c	0	
C:\Program Files (x86)\Steam\steamapps\common\MGS_PW\mgspw\MLG\disc0_rel\00b2b2a8.PDT:entry466@0x9a4a000	126976	5350900c	0	
C:\Program Files (x86)\Steam\steamapps\common\MGS_PW\mgspw\MLG\disc0_rel\00b2b2a8.PDT:entry467@0x9a69000	217088	5350910c	0	
C:\Program Files (x86)\Steam\steamapps\common\MGS_PW\mgspw\MLG\disc0_rel\00b2b2a8.PDT:entry468@0x9a9e000	288768	5350920c	0	
C:\Program Files (x86)\Steam\steamapps\common\MGS_PW\mgspw\MLG\disc0_rel\00b2b2a8.PDT:entry469@0x9ae4800	356352	5350930c	0	
C:\Program Files (x86)\Steam\steamapps\common\MGS_PW\mgspw\MLG\disc0_rel\00b2b2a8.PDT:entry470@0x9b3b800	6144	5350940c	0	
C:\Program Files (x86)\Steam\steamapps\common\MGS_PW\mgspw\MLG\disc0_rel\00b2b2a8.PDT:entry471@0x9b3d000	6144	5350950c	0	
C:\Program Files (x86)\Steam\steamapps\common\MGS_PW\mgspw\MLG\disc0_rel\00b2b2a8.PDT:entry472@0x9b3e800	6144	5350960c	0	
C:\Program Files (x86)\Steam\steamapps\common\MGS_PW\mgspw\MLG\disc0_rel\00b2b2a8.PDT:entry473@0x9b40000	274432	5350970c	0	
C:\Program Files (x86)\Steam\steamapps\common\MGS_PW\mgspw\MLG\disc0_rel\00b2b2a8.PDT:entry474@0x9b83000	215040	5350ca0c	0	
C:\Program Files (x86)\Steam\steamapps\common\MGS_PW\mgspw\MLG\disc0_rel\00b2b2a8.PDT:entry475@0x9bb7800	1028096	5350f90a	0	
C:\Program Files (x86)\Steam\steamapps\common\MGS_PW\mgspw\MLG\disc0_rel\00b2b2a8.PDT:entry476@0x9cb2800	1636352	5350fa0a	0	
C:\Program Files (x86)\Steam\steamapps\common\MGS_PW\mgspw\MLG\disc0_rel\00b2b2a8.PDT:entry477@0x9e42000	325632	5350fb0a	0	
C:\Program Files (x86)\Steam\steamapps\common\MGS_PW\mgspw\MLG\disc0_rel\00b2b2a8.PDT:entry478@0x9e91800	90112	5350fc0a	0	
C:\Program Files (x86)\Steam\steamapps\common\MGS_PW\mgspw\MLG\disc0_rel\00b2b2a8.PDT:entry479@0x9ea7800	59392	5350fd0a	0	
C:\Program Files (x86)\Steam\steamapps\common\MGS_PW\mgspw\MLG\disc0_rel\00b2b2a8.PDT:entry480@0x9eb6000	489472	5350fe0a	0	
C:\Program Files (x86)\Steam\steamapps\common\MGS_PW\mgspw\MLG\disc0_rel\00b2b2a8.PDT:entry481@0x9f2d800	546816	5350ff0a	0	
C:\Program Files (x86)\Steam\steamapps\common\MGS_PW\mgspw\MLG\disc0_rel\00b2b2a8.PDT:entry482@0x9fb3000	2379776	5350000b	0	
C:\Program Files (x86)\Steam\steamapps\common\MGS_PW\mgspw\MLG\disc0_rel\00b2b2a8.PDT:entry483@0xa1f8000	126976	5350010b	0	
C:\Program Files (x86)\Steam\steamapps\common\MGS_PW\mgspw\MLG\disc0_rel\00b2b2a8.PDT:entry484@0xa217000	59392	5350020b	0	
C:\Program Files (x86)\Steam\steamapps\common\MGS_PW\mgspw\MLG\disc0_rel\00b2b2a8.PDT:entry485@0xa225800	1818624	5350030b	1	HKPNH>UQLORQSRONNLTRLLISPOQHONFLGCFEE
C:\Program Files (x86)\Steam\steamapps\common\MGS_PW\mgspw\MLG\disc0_rel\00b2b2a8.PDT:entry486@0xa3e1800	6144	5350040b	0	
C:\Program Files (x86)\Steam\steamapps\common\MGS_PW\mgspw\MLG\disc0_rel\00b2b2a8.PDT:entry487@0xa3e3000	6144	5350050b	0	
C:\Program Files (x86)\Steam\steamapps\common\MGS_PW\mgspw\MLG\disc0_rel\00b2b2a8.PDT:entry488@0xa3e4800	6144	5350060b	0	
C:\Program Files (x86)\Steam\steamapps\common\MGS_PW\mgspw\MLG\disc0_rel\00b2b2a8.PDT:entry489@0xa3e6000	102400	5350070b	0	
C:\Program Files (x86)\Steam\steamapps\common\MGS_PW\mgspw\MLG\disc0_rel\00b2b2a8.PDT:entry490@0xa3ff000	94208	5350080b	0	
C:\Program Files (x86)\Steam\steamapps\common\MGS_PW\mgspw\MLG\disc0_rel\00b2b2a8.PDT:entry491@0xa416000	548864	5350090b	0	
C:\Program Files (x86)\Steam\steamapps\common\MGS_PW\mgspw\MLG\disc0_rel\00b2b2a8.PDT:entry492@0xa49c000	212992	53500a0b	0	
C:\Program Files (x86)\Steam\steamapps\common\MGS_PW\mgspw\MLG\disc0_rel\00b2b2a8.PDT:entry493@0xa4d0000	73728	53500b0b	0	
C:\Program Files (x86)\Steam\steamapps\common\MGS_PW\mgspw\MLG\disc0_rel\00b2b2a8.PDT:entry494@0xa4e2000	94208	53500c0b	0	
C:\Program Files (x86)\Steam\steamapps\common\MGS_PW\mgspw\MLG\disc0_rel\00b2b2a8.PDT:entry495@0xa4f9000	2455552	53500d0b	1	PCGeCbP~[ gG
C:\Program Files (x86)\Steam\steamapps\common\MGS_PW\mgspw\MLG\disc0_rel\00b2b2a8.PDT:entry496@0xa750800	176128	53500e0b	0	
C:\Program Files (x86)\Steam\steamapps\common\MGS_PW\mgspw\MLG\disc0_rel\00b2b2a8.PDT:entry497@0xa77b800	53248	53500f0b	0	
C:\Program Files (x86)\Steam\steamapps\common\MGS_PW\mgspw\MLG\disc0_rel\00b2b2a8.PDT:entry498@0xa788800	2809856	5350100b	0	
C:\Program Files (x86)\Steam\steamapps\common\MGS_PW\mgspw\MLG\disc0_rel\00b2b2a8.PDT:entry499@0xaa36800	96256	5350110b	0	
C:\Program Files (x86)\Steam\steamapps\common\MGS_PW\mgspw\MLG\disc0_rel\00b2b2a8.PDT:entry500@0xaa4e000	47104	5350120b	0	
C:\Program Files (x86)\Steam\steamapps\common\MGS_PW\mgspw\MLG\disc0_rel\00b2b2a8.PDT:entry501@0xaa59800	47104	5350130b	0	
C:\Program Files (x86)\Steam\steamapps\common\MGS_PW\mgspw\MLG\disc0_rel\00b2b2a8.PDT:entry502@0xaa65000	86016	5350140b	0	
C:\Program Files (x86)\Steam\steamapps\common\MGS_PW\mgspw\MLG\disc0_rel\00b2b2a8.PDT:entry503@0xaa7a000	106496	5350150b	0	
C:\Program Files (x86)\Steam\steamapps\common\MGS_PW\mgspw\MLG\disc0_rel\00b2b2a8.PDT:entry504@0xaa94000	1810432	5350160b	0	
C:\Program Files (x86)\Steam\steamapps\common\MGS_PW\mgspw\MLG\disc0_rel\00b2b2a8.PDT:entry505@0xac4e000	83968	5350170b	0	
C:\Program Files (x86)\Steam\steamapps\common\MGS_PW\mgspw\MLG\disc0_rel\00b2b2a8.PDT:entry506@0xac62800	61440	5350180b	0	
C:\Program Files (x86)\Steam\steamapps\common\MGS_PW\mgspw\MLG\disc0_rel\00b2b2a8.PDT:entry507@0xac71800	6144	5350190b	0	
C:\Program Files (x86)\Steam\steamapps\common\MGS_PW\mgspw\MLG\disc0_rel\00b2b2a8.PDT:entry508@0xac73000	141312	53501a0b	0	
C:\Program Files (x86)\Steam\steamapps\common\MGS_PW\mgspw\MLG\disc0_rel\00b2b2a8.PDT:entry509@0xac95800	8192	53501b0b	0	
C:\Program Files (x86)\Steam\steamapps\common\MGS_PW\mgspw\MLG\disc0_rel\00b2b2a8.PDT:entry510@0xac97800	67584	53501c0b	0	
C:\Program Files (x86)\Steam\steamapps\common\MGS_PW\mgspw\MLG\disc0_rel\00b2b2a8.PDT:entry511@0xaca8000	24576	53501d0b	0	
C:\Program Files (x86)\Steam\steamapps\common\MGS_PW\mgspw\MLG\disc0_rel\00b2b2a8.PDT:entry512@0xacae000	276480	53501e0b	0	
C:\Program Files (x86)\Steam\steamapps\common\MGS_PW\mgspw\MLG\disc0_rel\00b2b2a8.PDT:entry513@0xacf1800	40960	53501f0b	0	
C:\Program Files (x86)\Steam\steamapps\common\MGS_PW\mgspw\MLG\disc0_rel\00b2b2a8.PDT:entry514@0xacfb800	141312	5350200b	0	
C:\Program Files (x86)\Steam\steamapps\common\MGS_PW\mgspw\MLG\disc0_rel\00b2b2a8.PDT:entry515@0xad1e000	155648	5350210b	0	
C:\Program Files (x86)\Steam\steamapps\common\MGS_PW\mgspw\MLG\disc0_rel\00b2b2a8.PDT:entry516@0xad44000	45056	5350220b	0	
C:\Program Files (x86)\Steam\steamapps\common\MGS_PW\mgspw\MLG\disc0_rel\00b2b2a8.PDT:entry517@0xad4f000	81920	5350230b	0	
C:\Program Files (x86)\Steam\steamapps\common\MGS_PW\mgspw\MLG\disc0_rel\00b2b2a8.PDT:entry518@0xad63000	83968	5350240b	0	
C:\Program Files (x86)\Steam\steamapps\common\MGS_PW\mgspw\MLG\disc0_rel\00b2b2a8.PDT:entry519@0xad77800	43008	5350250b	0	
C:\Program Files (x86)\Steam\steamapps\common\MGS_PW\mgspw\MLG\disc0_rel\00b2b2a8.PDT:entry520@0xad82000	67584	5350260b	0	
C:\Program Files (x86)\Steam\steamapps\common\MGS_PW\mgspw\MLG\disc0_rel\00b2b2a8.PDT:entry521@0xad92800	247808	5350270b	0	
C:\Program Files (x86)\Steam\steamapps\common\MGS_PW\mgspw\MLG\disc0_rel\00b2b2a8.PDT:entry522@0xadcf000	47104	5350280b	0	
C:\Program Files (x86)\Steam\steamapps\common\MGS_PW\mgspw\MLG\disc0_rel\00b2b2a8.PDT:entry523@0xadda800	231424	5350290b	0	
C:\Program Files (x86)\Steam\steamapps\common\MGS_PW\mgspw\MLG\disc0_rel\00b2b2a8.PDT:entry524@0xae13000	32768	53502a0b	0	
C:\Program Files (x86)\Steam\steamapps\common\MGS_PW\mgspw\MLG\disc0_rel\00b2b2a8.PDT:entry525@0xae1b000	67584	53502b0b	0	
C:\Program Files (x86)\Steam\steamapps\common\MGS_PW\mgspw\MLG\disc0_rel\00b2b2a8.PDT:entry526@0xae2b800	385024	53502c0b	0	
C:\Program Files (x86)\Steam\steamapps\common\MGS_PW\mgspw\MLG\disc0_rel\00b2b2a8.PDT:entry527@0xae89800	45056	53502d0b	0	
C:\Program Files (x86)\Steam\steamapps\common\MGS_PW\mgspw\MLG\disc0_rel\00b2b2a8.PDT:entry528@0xae94800	69632	53502e0b	0	
C:\Program Files (x86)\Steam\steamapps\common\MGS_PW\mgspw\MLG\disc0_rel\00b2b2a8.PDT:entry529@0xaea5800	526336	53502f0b	0	
C:\Program Files (x86)\Steam\steamapps\common\MGS_PW\mgspw\MLG\disc0_rel\00b2b2a8.PDT:entry530@0xaf26000	2103296	5350300b	0	
C:\Program Files (x86)\Steam\steamapps\common\MGS_PW\mgspw\MLG\disc0_rel\00b2b2a8.PDT:entry531@0xb127800	1523712	5350310b	0	
C:\Program Files (x86)\Steam\steamapps\common\MGS_PW\mgspw\MLG\disc0_rel\00b2b2a8.PDT:entry532@0xb29b800	32768	5350320b	0	
C:\Program Files (x86)\Steam\steamapps\common\MGS_PW\mgspw\MLG\disc0_rel\00b2b2a8.PDT:entry533@0xb2a3800	83968	5350d50c	0	
C:\Program Files (x86)\Steam\steamapps\common\MGS_PW\mgspw\MLG\disc0_rel\00b2b2a8.PDT:entry534@0xb2b8000	198656	5350330b	0	
C:\Program Files (x86)\Steam\steamapps\common\MGS_PW\mgspw\MLG\disc0_rel\00b2b2a8.PDT:entry535@0xb2e8800	217088	5350340b	0	
C:\Program Files (x86)\Steam\steamapps\common\MGS_PW\mgspw\MLG\disc0_rel\00b2b2a8.PDT:entry536@0xb31d800	79872	5350350b	0	
C:\Program Files (x86)\Steam\steamapps\common\MGS_PW\mgspw\MLG\disc0_rel\00b2b2a8.PDT:entry537@0xb331000	81920	5350360b	0	
C:\Program Files (x86)\Steam\steamapps\common\MGS_PW\mgspw\MLG\disc0_rel\00b2b2a8.PDT:entry538@0xb345000	86016	5350370b	0	
C:\Program Files (x86)\Steam\steamapps\common\MGS_PW\mgspw\MLG\disc0_rel\00b2b2a8.PDT:entry539@0xb35a000	59392	5350380b	0	
C:\Program Files (x86)\Steam\steamapps\common\MGS_PW\mgspw\MLG\disc0_rel\00b2b2a8.PDT:entry540@0xb368800	51200	5350390b	0	
C:\Program Files (x86)\Steam\steamapps\common\MGS_PW\mgspw\MLG\disc0_rel\00b2b2a8.PDT:entry541@0xb375000	75776	53503a0b	0	
C:\Program Files (x86)\Steam\steamapps\common\MGS_PW\mgspw\MLG\disc0_rel\00b2b2a8.PDT:entry542@0xb387800	71680	53503b0b	0	
C:\Program Files (x86)\Steam\steamapps\common\MGS_PW\mgspw\MLG\disc0_rel\00b2b2a8.PDT:entry543@0xb399000	129024	53503c0b	0	
C:\Program Files (x86)\Steam\steamapps\common\MGS_PW\mgspw\MLG\disc0_rel\00b2b2a8.PDT:entry544@0xb3b8800	237568	53503d0b	0	
C:\Program Files (x86)\Steam\steamapps\common\MGS_PW\mgspw\MLG\disc0_rel\00b2b2a8.PDT:entry545@0xb3f2800	147456	5350980c	0	
C:\Program Files (x86)\Steam\steamapps\common\MGS_PW\mgspw\MLG\disc0_rel\00b2b2a8.PDT:entry546@0xb416800	116736	5350990c	0	
C:\Program Files (x86)\Steam\steamapps\common\MGS_PW\mgspw\MLG\disc0_rel\00b2b2a8.PDT:entry547@0xb433000	235520	53509a0c	0	
C:\Program Files (x86)\Steam\steamapps\common\MGS_PW\mgspw\MLG\disc0_rel\00b2b2a8.PDT:entry548@0xb46c800	100352	53509b0c	0	
C:\Program Files (x86)\Steam\steamapps\common\MGS_PW\mgspw\MLG\disc0_rel\00b2b2a8.PDT:entry549@0xb485000	118784	53509c0c	0	
C:\Program Files (x86)\Steam\steamapps\common\MGS_PW\mgspw\MLG\disc0_rel\00b2b2a8.PDT:entry550@0xb4a2000	133120	53509d0c	0	
C:\Program Files (x86)\Steam\steamapps\common\MGS_PW\mgspw\MLG\disc0_rel\00b2b2a8.PDT:entry551@0xb4c2800	106496	5350ce0c	0	
C:\Program Files (x86)\Steam\steamapps\common\MGS_PW\mgspw\MLG\disc0_rel\00b2b2a8.PDT:entry552@0xb4dc800	8192	5350cf0c	0	
C:\Program Files (x86)\Steam\steamapps\common\MGS_PW\mgspw\MLG\disc0_rel\00b2b2a8.PDT:entry553@0xb4de800	96256	5350d00c	0	
C:\Program Files (x86)\Steam\steamapps\common\MGS_PW\mgspw\MLG\disc0_rel\00b2b2a8.PDT:entry554@0xb4f6000	75776	5350d10c	0	
C:\Program Files (x86)\Steam\steamapps\common\MGS_PW\mgspw\MLG\disc0_rel\00b2b2a8.PDT:entry555@0xb508800	98304	5350d20c	0	
C:\Program Files (x86)\Steam\steamapps\common\MGS_PW\mgspw\MLG\disc0_rel\00b2b2a8.PDT:entry556@0xb520800	77824	5350d30c	0	
C:\Program Files (x86)\Steam\steamapps\common\MGS_PW\mgspw\MLG\disc0_rel\00b2b2a8.PDT:entry557@0xb533800	247808	5350d40c	0	
C:\Program Files (x86)\Steam\steamapps\common\MGS_PW\mgspw\MLG\disc0_rel\00b2b2a8.PDT:entry558@0xb570000	628736	53509e0c	0	
C:\Program Files (x86)\Steam\steamapps\common\MGS_PW\mgspw\MLG\disc0_rel\00b2b2a8.PDT:entry559@0xb609800	174080	53509f0c	0	
C:\Program Files (x86)\Steam\steamapps\common\MGS_PW\mgspw\MLG\disc0_rel\00b2b2a8.PDT:entry560@0xb634000	243712	5350a00c	0	
C:\Program Files (x86)\Steam\steamapps\common\MGS_PW\mgspw\MLG\disc0_rel\00b2b2a8.PDT:entry561@0xb66f800	598016	5350a10c	0	
C:\Program Files (x86)\Steam\steamapps\common\MGS_PW\mgspw\MLG\disc0_rel\00b2b2a8.PDT:entry562@0xb701800	1048576	5350a20c	0	
C:\Program Files (x86)\Steam\steamapps\common\MGS_PW\mgspw\MLG\disc0_rel\00b2b2a8.PDT:entry563@0xb801800	538624	5350a30c	0	
C:\Program Files (x86)\Steam\steamapps\common\MGS_PW\mgspw\MLG\disc0_rel\00b2b2a8.PDT:entry564@0xb885000	286720	5350a40c	0	
C:\Program Files (x86)\Steam\steamapps\common\MGS_PW\mgspw\MLG\disc0_rel\00b2b2a8.PDT:entry565@0xb8cb000	755712	5350a50c	0	
C:\Program Files (x86)\Steam\steamapps\common\MGS_PW\mgspw\MLG\disc0_rel\00b2b2a8.PDT:entry566@0xb983800	231424	5350a60c	0	
C:\Program Files (x86)\Steam\steamapps\common\MGS_PW\mgspw\MLG\disc0_rel\00b2b2a8.PDT:entry567@0xb9bc000	374784	5350a70c	0	
C:\Program Files (x86)\Steam\steamapps\common\MGS_PW\mgspw\MLG\disc0_rel\00b2b2a8.PDT:entry568@0xba17800	6144	5350a80c	0	
C:\Program Files (x86)\Steam\steamapps\common\MGS_PW\mgspw\MLG\disc0_rel\00b2b2a8.PDT:entry569@0xba19000	292864	5350a90c	0	
C:\Program Files (x86)\Steam\steamapps\common\MGS_PW\mgspw\MLG\disc0_rel\00b2b2a8.PDT:entry570@0xba60800	6144	5350aa0c	0	
C:\Program Files (x86)\Steam\steamapps\common\MGS_PW\mgspw\MLG\disc0_rel\00b2b2a8.PDT:entry571@0xba62000	333824	5350ab0c	0	
C:\Program Files (x86)\Steam\steamapps\common\MGS_PW\mgspw\MLG\disc0_rel\00b2b2a8.PDT:entry572@0xbab3800	385024	5350ac0c	0	
C:\Program Files (x86)\Steam\steamapps\common\MGS_PW\mgspw\MLG\disc0_rel\00b2b2a8.PDT:entry573@0xbb11800	274432	5350ad0c	0	
C:\Program Files (x86)\Steam\steamapps\common\MGS_PW\mgspw\MLG\disc0_rel\00b2b2a8.PDT:entry574@0xbb54800	270336	5350ae0c	0	
C:\Program Files (x86)\Steam\steamapps\common\MGS_PW\mgspw\MLG\disc0_rel\00b2b2a8.PDT:entry575@0xbb96800	229376	5350af0c	0	
C:\Program Files (x86)\Steam\steamapps\common\MGS_PW\mgspw\MLG\disc0_rel\00b2b2a8.PDT:entry576@0xbbce800	145408	5350b10c	0	
C:\Program Files (x86)\Steam\steamapps\common\MGS_PW\mgspw\MLG\disc0_rel\00b2b2a8.PDT:entry577@0xbbf2000	83968	5350b00c	0	
C:\Program Files (x86)\Steam\steamapps\common\MGS_PW\mgspw\MLG\disc0_rel\00b2b2a8.PDT:entry578@0xbc06800	61440	5350cb0c	0	
C:\Program Files (x86)\Steam\steamapps\common\MGS_PW\mgspw\MLG\disc0_rel\00b2b2a8.PDT:entry579@0xbc15800	77824	5350cc0c	0	
C:\Program Files (x86)\Steam\steamapps\common\MGS_PW\mgspw\MLG\disc0_rel\00b2b2a8.PDT:entry580@0xbc28800	57344	5350cd0c	0	
C:\Program Files (x86)\Steam\steamapps\common\MGS_PW\mgspw\MLG\disc0_rel\00b2b2a8.PDT:entry581@0xbc36800	1460224	5350b60c	1	>?A>=HEMGKAAJJMOL
C:\Program Files (x86)\Steam\steamapps\common\MGS_PW\mgspw\MLG\disc0_rel\00b2b2a8.PDT:entry582@0xbd9b000	1986560	5350b70c	2	^BlNwp vp Nq | u+v VlMC-lD,li
C:\Program Files (x86)\Steam\steamapps\common\MGS_PW\mgspw\MLG\disc0_rel\00b2b2a8.PDT:entry583@0xbf80000	2897920	5350b80c	2	BCFECKINC>?>HK | BBC>EA=IMKINMG
C:\Program Files (x86)\Steam\steamapps\common\MGS_PW\mgspw\MLG\disc0_rel\00b2b2a8.PDT:entry584@0xc243800	2799616	5350b90c	1	IRL<A=PHF?D?MLPD@?NLPB?BAAHJ
C:\Program Files (x86)\Steam\steamapps\common\MGS_PW\mgspw\MLG\disc0_rel\00b2b2a8.PDT:entry585@0xc4ef000	3043328	5350ba0c	0	
C:\Program Files (x86)\Steam\steamapps\common\MGS_PW\mgspw\MLG\disc0_rel\00b2b2a8.PDT:entry586@0xc7d6000	2867200	5350bb0c	0	
C:\Program Files (x86)\Steam\steamapps\common\MGS_PW\mgspw\MLG\disc0_rel\00b2b2a8.PDT:entry587@0xca92000	2277376	5350bc0c	0	
C:\Program Files (x86)\Steam\steamapps\common\MGS_PW\mgspw\MLG\disc0_rel\00b2b2a8.PDT:entry588@0xccbe000	2721792	5350bd0c	1	=D?@LFNIJMMPNH
C:\Program Files (x86)\Steam\steamapps\common\MGS_PW\mgspw\MLG\disc0_rel\00b2b2a8.PDT:entry589@0xcf56800	1765376	5350be0c	0	
C:\Program Files (x86)\Steam\steamapps\common\MGS_PW\mgspw\MLG\disc0_rel\00b2b2a8.PDT:entry590@0xd105800	2574336	5350bf0c	0	
C:\Program Files (x86)\Steam\steamapps\common\MGS_PW\mgspw\MLG\disc0_rel\00b2b2a8.PDT:entry591@0xd37a000	6553600	5350b20c	1	pppppp ff1fG
C:\Program Files (x86)\Steam\steamapps\common\MGS_PW\mgspw\MLG\disc0_rel\00b2b2a8.PDT:entry592@0xd9ba000	6854656	5350cf0b	1	vp vpH!f&ffbb
C:\Program Files (x86)\Steam\steamapps\common\MGS_PW\mgspw\MLG\disc0_rel\00b2b2a8.PDT:entry593@0xe043800	5781504	5350b30c	0	
C:\Program Files (x86)\Steam\steamapps\common\MGS_PW\mgspw\MLG\disc0_rel\00b2b2a8.PDT:entry594@0xe5c7000	3336192	5350b40c	0	
C:\Program Files (x86)\Steam\steamapps\common\MGS_PW\mgspw\MLG\disc0_rel\00b2b2a8.PDT:entry595@0xe8f5800	3815424	5350c00c	1	@?AMMOMKKNOMNQ
C:\Program Files (x86)\Steam\steamapps\common\MGS_PW\mgspw\MLG\disc0_rel\00b2b2a8.PDT:entry596@0xec99000	4507648	5350c10c	0	
C:\Program Files (x86)\Steam\steamapps\common\MGS_PW\mgspw\MLG\disc0_rel\00b2b2a8.PDT:entry597@0xf0e5800	3297280	5350c20c	2	@BBAD>:NNFEDEJE | DA@E>=KMMABKJ
C:\Program Files (x86)\Steam\steamapps\common\MGS_PW\mgspw\MLG\disc0_rel\00b2b2a8.PDT:entry598@0xf40a800	2740224	5350c30c	0	
C:\Program Files (x86)\Steam\steamapps\common\MGS_PW\mgspw\MLG\disc0_rel\00b2b2a8.PDT:entry599@0xf6a7800	2424832	5350c40c	0	
C:\Program Files (x86)\Steam\steamapps\common\MGS_PW\mgspw\MLG\disc0_rel\00b2b2a8.PDT:entry600@0xf8f7800	4141056	5350c50c	0	
C:\Program Files (x86)\Steam\steamapps\common\MGS_PW\mgspw\MLG\disc0_rel\00b2b2a8.PDT:entry601@0xfcea800	4255744	5350c60c	1	dsppHIqp f1b
C:\Program Files (x86)\Steam\steamapps\common\MGS_PW\mgspw\MLG\disc0_rel\00b2b2a8.PDT:entry602@0x100f9800	4405248	5350d00b	2	soCsvi!wppp v | = sFGKD@DERNO
C:\Program Files (x86)\Steam\steamapps\common\MGS_PW\mgspw\MLG\disc0_rel\00b2b2a8.PDT:entry603@0x1052d000	18432	5350b50c	0	
C:\Program Files (x86)\Steam\steamapps\common\MGS_PW\mgspw\MLG\disc0_rel\00b2b2a8.PDT:entry604@0x10531800	1630208	5350c70c	0	
C:\Program Files (x86)\Steam\steamapps\common\MGS_PW\mgspw\MLG\disc0_rel\00b2b2a8.PDT:entry605@0x106bf800	1349632	5350c80c	1	spppp f1fbGs
C:\Program Files (x86)\Steam\steamapps\common\MGS_PW\mgspw\MLG\disc0_rel\00b2b2a8.PDT:entry606@0x10809000	1417216	5350c90c	0	
C:\Program Files (x86)\Steam\steamapps\common\MGS_PW\mgspw\MLG\disc0_rel\00b2b2a8.PDT:entry607@0x10963000	1001472	5350d60c	0	
