mode	pack	slot	group	line	lang	src	text
1	AVD00003	1	0xbc4a75	0	de	MLG/Text/009c9ea4.olang	Sperre gelöst.
1	AVD00003	1	0xbc4a75	0	de	EXLANG/Text/00c7f1dd.olang	
1	AVD00003	1	0xbc4a75	0	en	MLG/Text/009c9ea4.olang	Lock disengaged.
1	AVD00003	1	0xbc4a75	0	en	EXLANG/Text/00c7f1dd.olang	
1	AVD00003	1	0xbc4a75	0	es	MLG/Text/009c9ea4.olang	Seguro desbloqueado.
1	AVD00003	1	0xbc4a75	0	fr	MLG/Text/009c9ea4.olang	Verrouillage désengagé.
1	AVD00003	1	0xbc4a75	0	fr	EXLANG/Text/00c7f1dd.olang	
1	AVD00003	1	0xbc4a75	0	it	MLG/Text/009c9ea4.olang	Blocco disattivato.
1	AVD00003	1	0xbc4a75	0	it	EXLANG/Text/00c7f1dd.olang	
1	AVD00003	1	0xbc4a75	0	ja	MLG/Text/009c9ea4.olang	ロック解除
1	AVD00003	1	0xbc4a75	0	ja	EXLANG/Text/00c7f1dd.olang	
1	AVD00003	1	0xbc4a75	0	pt	EXLANG/Text/00c7f1dd.olang	Trava desativada.
1	AVD00003	1	0xbc4a75	1	de	MLG/Text/009c9ea4.olang	Plattform wird reinitialisiert.
1	AVD00003	1	0xbc4a75	1	de	EXLANG/Text/00c7f1dd.olang	
1	AVD00003	1	0xbc4a75	1	en	MLG/Text/009c9ea4.olang	Reinitializing platform.
1	AVD00003	1	0xbc4a75	1	en	EXLANG/Text/00c7f1dd.olang	
1	AVD00003	1	0xbc4a75	1	es	MLG/Text/009c9ea4.olang	Reiniciando plataforma.
1	AVD00003	1	0xbc4a75	1	fr	MLG/Text/009c9ea4.olang	Réinitialisation de la plateforme.
1	AVD00003	1	0xbc4a75	1	fr	EXLANG/Text/00c7f1dd.olang	
1	AVD00003	1	0xbc4a75	1	it	MLG/Text/009c9ea4.olang	Riattivazione piattaforma.
1	AVD00003	1	0xbc4a75	1	it	EXLANG/Text/00c7f1dd.olang	
1	AVD00003	1	0xbc4a75	1	ja	MLG/Text/009c9ea4.olang	プラットフォーム再起動！
1	AVD00003	1	0xbc4a75	1	ja	EXLANG/Text/00c7f1dd.olang	
1	AVD00003	1	0xbc4a75	1	pt	EXLANG/Text/00c7f1dd.olang	Reinicializando plataforma.
1	AVD00003	1	0xbc4a75	2	de	MLG/Text/009c9ea4.olang	Selbstverteidigungssystem aktiv.
1	AVD00003	1	0xbc4a75	2	de	EXLANG/Text/00c7f1dd.olang	
1	AVD00003	1	0xbc4a75	2	en	MLG/Text/009c9ea4.olang	Self-defense system online.
1	AVD00003	1	0xbc4a75	2	en	EXLANG/Text/00c7f1dd.olang	
1	AVD00003	1	0xbc4a75	2	es	MLG/Text/009c9ea4.olang	Sistema de autodefensa activado.
1	AVD00003	1	0xbc4a75	2	fr	MLG/Text/009c9ea4.olang	Système d'auto-défense en ligne.
1	AVD00003	1	0xbc4a75	2	fr	EXLANG/Text/00c7f1dd.olang	
1	AVD00003	1	0xbc4a75	2	it	MLG/Text/009c9ea4.olang	Sistema di autodifesa attivato.
1	AVD00003	1	0xbc4a75	2	it	EXLANG/Text/00c7f1dd.olang	
1	AVD00003	1	0xbc4a75	2	ja	MLG/Text/009c9ea4.olang	自己防衛システム、作動！
1	AVD00003	1	0xbc4a75	2	ja	EXLANG/Text/00c7f1dd.olang	
1	AVD00003	1	0xbc4a75	2	pt	EXLANG/Text/00c7f1dd.olang	Sistema de autodefesa ativado.
1	AVD00003	1	0xbc4a75	3	de	MLG/Text/009c9ea4.olang	Wechsle in den Selbstverteidigungsmodus.
1	AVD00003	1	0xbc4a75	3	de	EXLANG/Text/00c7f1dd.olang	
1	AVD00003	1	0xbc4a75	3	en	MLG/Text/009c9ea4.olang	Switching to self-defense mode.
1	AVD00003	1	0xbc4a75	3	en	EXLANG/Text/00c7f1dd.olang	
1	AVD00003	1	0xbc4a75	3	es	MLG/Text/009c9ea4.olang	Pasando a modo de autodefensa.
1	AVD00003	1	0xbc4a75	3	fr	MLG/Text/009c9ea4.olang	Passage en mode auto-défense.
1	AVD00003	1	0xbc4a75	3	fr	EXLANG/Text/00c7f1dd.olang	
1	AVD00003	1	0xbc4a75	3	it	MLG/Text/009c9ea4.olang	Passaggio a modalità autodifesa.
1	AVD00003	1	0xbc4a75	3	it	EXLANG/Text/00c7f1dd.olang	
1	AVD00003	1	0xbc4a75	3	ja	MLG/Text/009c9ea4.olang	自己防衛モードに移行！
1	AVD00003	1	0xbc4a75	3	ja	EXLANG/Text/00c7f1dd.olang	
1	AVD00003	1	0xbc4a75	3	pt	EXLANG/Text/00c7f1dd.olang	Mudando para modo de autodefesa.
1	AVD00003	1	0xbc4a75	4	de	MLG/Text/009c9ea4.olang	Flammenwerfer aktiv.
1	AVD00003	1	0xbc4a75	4	de	EXLANG/Text/00c7f1dd.olang	
1	AVD00003	1	0xbc4a75	4	en	MLG/Text/009c9ea4.olang	Flamethrower engaged.
1	AVD00003	1	0xbc4a75	4	en	EXLANG/Text/00c7f1dd.olang	
1	AVD00003	1	0xbc4a75	4	es	MLG/Text/009c9ea4.olang	Lanzallamas iniciado.
1	AVD00003	1	0xbc4a75	4	fr	MLG/Text/009c9ea4.olang	Lance-flammes engagé.
1	AVD00003	1	0xbc4a75	4	fr	EXLANG/Text/00c7f1dd.olang	
1	AVD00003	1	0xbc4a75	4	it	MLG/Text/009c9ea4.olang	Lanciafiamme attivato.
1	AVD00003	1	0xbc4a75	4	it	EXLANG/Text/00c7f1dd.olang	
1	AVD00003	1	0xbc4a75	4	ja	MLG/Text/009c9ea4.olang	火炎放射開始！
1	AVD00003	1	0xbc4a75	4	ja	EXLANG/Text/00c7f1dd.olang	
1	AVD00003	1	0xbc4a75	4	pt	EXLANG/Text/00c7f1dd.olang	Lança-chamas ativado.
1	AVD00003	1	0xbc4a75	5	de	MLG/Text/009c9ea4.olang	Lege S-Minen.
1	AVD00003	1	0xbc4a75	5	de	EXLANG/Text/00c7f1dd.olang	
1	AVD00003	1	0xbc4a75	5	en	MLG/Text/009c9ea4.olang	Launching S mines.
1	AVD00003	1	0xbc4a75	5	en	EXLANG/Text/00c7f1dd.olang	
1	AVD00003	1	0xbc4a75	5	es	MLG/Text/009c9ea4.olang	Lanzando minas S.
1	AVD00003	1	0xbc4a75	5	fr	MLG/Text/009c9ea4.olang	Lancement de mines S.
1	AVD00003	1	0xbc4a75	5	fr	EXLANG/Text/00c7f1dd.olang	
1	AVD00003	1	0xbc4a75	5	it	MLG/Text/009c9ea4.olang	Lancio mina S.
1	AVD00003	1	0xbc4a75	5	it	EXLANG/Text/00c7f1dd.olang	
1	AVD00003	1	0xbc4a75	5	ja	MLG/Text/009c9ea4.olang	Ｓマイン発射！
1	AVD00003	1	0xbc4a75	5	ja	EXLANG/Text/00c7f1dd.olang	
1	AVD00003	1	0xbc4a75	5	pt	EXLANG/Text/00c7f1dd.olang	Lançando minas S.
1	AVD00003	1	0xbc4a75	6	de	MLG/Text/009c9ea4.olang	Feuere Raketenwerfer ab.
1	AVD00003	1	0xbc4a75	6	de	EXLANG/Text/00c7f1dd.olang	
1	AVD00003	1	0xbc4a75	6	en	MLG/Text/009c9ea4.olang	Firing rocket launcher.
1	AVD00003	1	0xbc4a75	6	en	EXLANG/Text/00c7f1dd.olang	
1	AVD00003	1	0xbc4a75	6	es	MLG/Text/009c9ea4.olang	Lanzando misil.
1	AVD00003	1	0xbc4a75	6	fr	MLG/Text/009c9ea4.olang	Tir de lance-roquette.
1	AVD00003	1	0xbc4a75	6	fr	EXLANG/Text/00c7f1dd.olang	
1	AVD00003	1	0xbc4a75	6	it	MLG/Text/009c9ea4.olang	Attivazione lanciarazzi.
1	AVD00003	1	0xbc4a75	6	it	EXLANG/Text/00c7f1dd.olang	
1	AVD00003	1	0xbc4a75	6	ja	MLG/Text/009c9ea4.olang	ロケットランチャー発射！
1	AVD00003	1	0xbc4a75	6	ja	EXLANG/Text/00c7f1dd.olang	
1	AVD00003	1	0xbc4a75	6	pt	EXLANG/Text/00c7f1dd.olang	Disparando lança-foguetes.
1	AVD00003	1	0xbc4a75	7	de	MLG/Text/009c9ea4.olang	Feuere Bohrerraketen ab.
1	AVD00003	1	0xbc4a75	7	de	EXLANG/Text/00c7f1dd.olang	
1	AVD00003	1	0xbc4a75	7	en	MLG/Text/009c9ea4.olang	Firing drill missiles.
1	AVD00003	1	0xbc4a75	7	en	EXLANG/Text/00c7f1dd.olang	
1	AVD00003	1	0xbc4a75	7	es	MLG/Text/009c9ea4.olang	Lanzando misiles taladradores.
1	AVD00003	1	0xbc4a75	7	fr	MLG/Text/009c9ea4.olang	Tir de missiles fouisseurs.
1	AVD00003	1	0xbc4a75	7	fr	EXLANG/Text/00c7f1dd.olang	
1	AVD00003	1	0xbc4a75	7	it	MLG/Text/009c9ea4.olang	Lancio missili perforanti.
1	AVD00003	1	0xbc4a75	7	it	EXLANG/Text/00c7f1dd.olang	
1	AVD00003	1	0xbc4a75	7	ja	MLG/Text/009c9ea4.olang	ドリルミサイル発射！
1	AVD00003	1	0xbc4a75	7	ja	EXLANG/Text/00c7f1dd.olang	
1	AVD00003	1	0xbc4a75	7	pt	EXLANG/Text/00c7f1dd.olang	Disparando mísseis-broca.
1	AVD00003	1	0xbc4a75	8	de	MLG/Text/009c9ea4.olang	Stehenbleiben!
1	AVD00003	1	0xbc4a75	8	de	EXLANG/Text/00c7f1dd.olang	
1	AVD00003	1	0xbc4a75	8	en	MLG/Text/009c9ea4.olang	Freeze!
1	AVD00003	1	0xbc4a75	8	en	EXLANG/Text/00c7f1dd.olang	
1	AVD00003	1	0xbc4a75	8	es	MLG/Text/009c9ea4.olang	¡Alto!
1	AVD00003	1	0xbc4a75	8	fr	MLG/Text/009c9ea4.olang	Ne bouge pas !
1	AVD00003	1	0xbc4a75	8	fr	EXLANG/Text/00c7f1dd.olang	
1	AVD00003	1	0xbc4a75	8	it	MLG/Text/009c9ea4.olang	Fermati!
1	AVD00003	1	0xbc4a75	8	it	EXLANG/Text/00c7f1dd.olang	
1	AVD00003	1	0xbc4a75	8	ja	MLG/Text/009c9ea4.olang	動くな！
1	AVD00003	1	0xbc4a75	8	ja	EXLANG/Text/00c7f1dd.olang	
1	AVD00003	1	0xbc4a75	8	pt	EXLANG/Text/00c7f1dd.olang	Não se mexa!
1	AVD00003	1	0xbc4a75	9	de	MLG/Text/009c9ea4.olang	EM-Puls-Maximum erreicht.
1	AVD00003	1	0xbc4a75	9	de	EXLANG/Text/00c7f1dd.olang	
1	AVD00003	1	0xbc4a75	9	en	MLG/Text/009c9ea4.olang	EM pulse at maximum.
1	AVD00003	1	0xbc4a75	9	en	EXLANG/Text/00c7f1dd.olang	
1	AVD00003	1	0xbc4a75	9	es	MLG/Text/009c9ea4.olang	Pulso EM al máximo.
1	AVD00003	1	0xbc4a75	9	fr	MLG/Text/009c9ea4.olang	Impulsion EM au maximum.
1	AVD00003	1	0xbc4a75	9	fr	EXLANG/Text/00c7f1dd.olang	
1	AVD00003	1	0xbc4a75	9	it	MLG/Text/009c9ea4.olang	Impulso EM al massimo.
1	AVD00003	1	0xbc4a75	9	it	EXLANG/Text/00c7f1dd.olang	
1	AVD00003	1	0xbc4a75	9	ja	MLG/Text/009c9ea4.olang	電磁パルス最大！
1	AVD00003	1	0xbc4a75	9	ja	EXLANG/Text/00c7f1dd.olang	
1	AVD00003	1	0xbc4a75	9	pt	EXLANG/Text/00c7f1dd.olang	Pulso EM no máximo.
1	AVD00003	1	0xbc4a75	10	de	MLG/Text/009c9ea4.olang	Beinantriebsmotor wird geladen.
1	AVD00003	1	0xbc4a75	10	de	EXLANG/Text/00c7f1dd.olang	
1	AVD00003	1	0xbc4a75	10	en	MLG/Text/009c9ea4.olang	Leg drive motor charging.
1	AVD00003	1	0xbc4a75	10	en	EXLANG/Text/00c7f1dd.olang	
1	AVD00003	1	0xbc4a75	10	es	MLG/Text/009c9ea4.olang	Cargando motor de pierna.
1	AVD00003	1	0xbc4a75	10	fr	MLG/Text/009c9ea4.olang	Moteur de jambe en charge.
1	AVD00003	1	0xbc4a75	10	fr	EXLANG/Text/00c7f1dd.olang	
1	AVD00003	1	0xbc4a75	10	it	MLG/Text/009c9ea4.olang	Motore propulsione gamba in fase di carica.
1	AVD00003	1	0xbc4a75	10	it	EXLANG/Text/00c7f1dd.olang	
1	AVD00003	1	0xbc4a75	10	ja	MLG/Text/009c9ea4.olang	脚部駆動モーター、チャージ！
1	AVD00003	1	0xbc4a75	10	ja	EXLANG/Text/00c7f1dd.olang	
1	AVD00003	1	0xbc4a75	10	pt	EXLANG/Text/00c7f1dd.olang	Carregando motor de tração das pernas.
1	AVD00003	1	0xbc4a75	11	de	MLG/Text/009c9ea4.olang	Sprungmodus aktiv.
1	AVD00003	1	0xbc4a75	11	de	EXLANG/Text/00c7f1dd.olang	
1	AVD00003	1	0xbc4a75	11	en	MLG/Text/009c9ea4.olang	Jump engaged.
1	AVD00003	1	0xbc4a75	11	en	EXLANG/Text/00c7f1dd.olang	
1	AVD00003	1	0xbc4a75	11	es	MLG/Text/009c9ea4.olang	Modo de salto activado.
1	AVD00003	1	0xbc4a75	11	fr	MLG/Text/009c9ea4.olang	Mode saut engagé.
1	AVD00003	1	0xbc4a75	11	fr	EXLANG/Text/00c7f1dd.olang	
1	AVD00003	1	0xbc4a75	11	it	MLG/Text/009c9ea4.olang	Attivazione modalità salto.
1	AVD00003	1	0xbc4a75	11	it	EXLANG/Text/00c7f1dd.olang	
1	AVD00003	1	0xbc4a75	11	ja	MLG/Text/009c9ea4.olang	跳躍体勢！
1	AVD00003	1	0xbc4a75	11	ja	EXLANG/Text/00c7f1dd.olang	
1	AVD00003	1	0xbc4a75	11	pt	EXLANG/Text/00c7f1dd.olang	Salto ativado.
1	AVD00003	1	0xbc4a75	12	de	MLG/Text/009c9ea4.olang	Initialisiere atomare Zündsequenz.
1	AVD00003	1	0xbc4a75	12	de	EXLANG/Text/00c7f1dd.olang	
1	AVD00003	1	0xbc4a75	12	en	MLG/Text/009c9ea4.olang	Initializing nuclear launch sequence.
1	AVD00003	1	0xbc4a75	12	en	EXLANG/Text/00c7f1dd.olang	
1	AVD00003	1	0xbc4a75	12	es	MLG/Text/009c9ea4.olang	Iniciando secuencia de lanzamiento nuclear.
1	AVD00003	1	0xbc4a75	12	fr	MLG/Text/009c9ea4.olang	Initialisation de la séquence de tir nucléaire.
1	AVD00003	1	0xbc4a75	12	fr	EXLANG/Text/00c7f1dd.olang	
1	AVD00003	1	0xbc4a75	12	it	MLG/Text/009c9ea4.olang	Avvio sequenza lancio nucleare.
1	AVD00003	1	0xbc4a75	12	it	EXLANG/Text/00c7f1dd.olang	
1	AVD00003	1	0xbc4a75	12	ja	MLG/Text/009c9ea4.olang	核発射シーケンス開始
1	AVD00003	1	0xbc4a75	12	ja	EXLANG/Text/00c7f1dd.olang	
1	AVD00003	1	0xbc4a75	12	pt	EXLANG/Text/00c7f1dd.olang	Iniciando sequência de lançamento nuclear.
1	AVD00003	1	0xbc4a75	13	de	MLG/Text/009c9ea4.olang	Abschusswinkel eingestellt.
1	AVD00003	1	0xbc4a75	13	de	EXLANG/Text/00c7f1dd.olang	
1	AVD00003	1	0xbc4a75	13	en	MLG/Text/009c9ea4.olang	Launch angle set.
1	AVD00003	1	0xbc4a75	13	en	EXLANG/Text/00c7f1dd.olang	
1	AVD00003	1	0xbc4a75	13	es	MLG/Text/009c9ea4.olang	Ángulo de lanzamiento determinado.
1	AVD00003	1	0xbc4a75	13	fr	MLG/Text/009c9ea4.olang	Angle de tir établi.
1	AVD00003	1	0xbc4a75	13	fr	EXLANG/Text/00c7f1dd.olang	
1	AVD00003	1	0xbc4a75	13	it	MLG/Text/009c9ea4.olang	Angolo di lancio impostato.
1	AVD00003	1	0xbc4a75	13	it	EXLANG/Text/00c7f1dd.olang	
1	AVD00003	1	0xbc4a75	13	ja	MLG/Text/009c9ea4.olang	発射角度設定完了
1	AVD00003	1	0xbc4a75	13	ja	EXLANG/Text/00c7f1dd.olang	
1	AVD00003	1	0xbc4a75	13	pt	EXLANG/Text/00c7f1dd.olang	Ângulo de lançamento definido.
1	AVD00003	1	0xbc4a75	14	de	MLG/Text/009c9ea4.olang	Öffne Raketenluke.
1	AVD00003	1	0xbc4a75	14	de	EXLANG/Text/00c7f1dd.olang	
1	AVD00003	1	0xbc4a75	14	en	MLG/Text/009c9ea4.olang	Opening missile hatch.
1	AVD00003	1	0xbc4a75	14	en	EXLANG/Text/00c7f1dd.olang	
1	AVD00003	1	0xbc4a75	14	es	MLG/Text/009c9ea4.olang	Abriendo compuerta del misil.
1	AVD00003	1	0xbc4a75	14	fr	MLG/Text/009c9ea4.olang	Ouverture du sabord de missile.
1	AVD00003	1	0xbc4a75	14	fr	EXLANG/Text/00c7f1dd.olang	
1	AVD00003	1	0xbc4a75	14	it	MLG/Text/009c9ea4.olang	Apertura portello missile.
1	AVD00003	1	0xbc4a75	14	it	EXLANG/Text/00c7f1dd.olang	
1	AVD00003	1	0xbc4a75	14	ja	MLG/Text/009c9ea4.olang	ミサイルハッチオープン
1	AVD00003	1	0xbc4a75	14	ja	EXLANG/Text/00c7f1dd.olang	
1	AVD00003	1	0xbc4a75	14	pt	EXLANG/Text/00c7f1dd.olang	Abrindo escotilha de mísseis.
1	AVD00003	1	0xbc4a75	15	de	MLG/Text/009c9ea4.olang	Leite Zündung ein.
1	AVD00003	1	0xbc4a75	15	de	EXLANG/Text/00c7f1dd.olang	
1	AVD00003	1	0xbc4a75	15	en	MLG/Text/009c9ea4.olang	Commencing pre-ignition.
1	AVD00003	1	0xbc4a75	15	en	EXLANG/Text/00c7f1dd.olang	
1	AVD00003	1	0xbc4a75	15	es	MLG/Text/009c9ea4.olang	Iniciando preignición.
1	AVD00003	1	0xbc4a75	15	fr	MLG/Text/009c9ea4.olang	Pré-allumage déclenché.
1	AVD00003	1	0xbc4a75	15	fr	EXLANG/Text/00c7f1dd.olang	
1	AVD00003	1	0xbc4a75	15	it	MLG/Text/009c9ea4.olang	Inizio pre-accensione.
1	AVD00003	1	0xbc4a75	15	it	EXLANG/Text/00c7f1dd.olang	
1	AVD00003	1	0xbc4a75	15	ja	MLG/Text/009c9ea4.olang	予備点火開始
1	AVD00003	1	0xbc4a75	15	ja	EXLANG/Text/00c7f1dd.olang	
1	AVD00003	1	0xbc4a75	15	pt	EXLANG/Text/00c7f1dd.olang	Iniciando pré-ignição.
1	AVD00003	1	0xbc4a75	16	de	MLG/Text/009c9ea4.olang	10 ...
1	AVD00003	1	0xbc4a75	16	de	EXLANG/Text/00c7f1dd.olang	
1	AVD00003	1	0xbc4a75	16	en	MLG/Text/009c9ea4.olang	10...
1	AVD00003	1	0xbc4a75	16	en	EXLANG/Text/00c7f1dd.olang	
1	AVD00003	1	0xbc4a75	16	es	MLG/Text/009c9ea4.olang	¡10!
1	AVD00003	1	0xbc4a75	16	fr	MLG/Text/009c9ea4.olang	10...
1	AVD00003	1	0xbc4a75	16	fr	EXLANG/Text/00c7f1dd.olang	
1	AVD00003	1	0xbc4a75	16	it	MLG/Text/009c9ea4.olang	10...
1	AVD00003	1	0xbc4a75	16	it	EXLANG/Text/00c7f1dd.olang	
1	AVD00003	1	0xbc4a75	16	ja	MLG/Text/009c9ea4.olang	10
1	AVD00003	1	0xbc4a75	16	ja	EXLANG/Text/00c7f1dd.olang	
1	AVD00003	1	0xbc4a75	16	pt	EXLANG/Text/00c7f1dd.olang	10...
1	AVD00003	1	0xbc4a75	17	de	MLG/Text/009c9ea4.olang	9 ...
1	AVD00003	1	0xbc4a75	17	de	EXLANG/Text/00c7f1dd.olang	
1	AVD00003	1	0xbc4a75	17	en	MLG/Text/009c9ea4.olang	9...
1	AVD00003	1	0xbc4a75	17	en	EXLANG/Text/00c7f1dd.olang	
1	AVD00003	1	0xbc4a75	17	es	MLG/Text/009c9ea4.olang	¡9!
1	AVD00003	1	0xbc4a75	17	fr	MLG/Text/009c9ea4.olang	9...
1	AVD00003	1	0xbc4a75	17	fr	EXLANG/Text/00c7f1dd.olang	
1	AVD00003	1	0xbc4a75	17	it	MLG/Text/009c9ea4.olang	9...
1	AVD00003	1	0xbc4a75	17	it	EXLANG/Text/00c7f1dd.olang	
1	AVD00003	1	0xbc4a75	17	ja	MLG/Text/009c9ea4.olang	9
1	AVD00003	1	0xbc4a75	17	ja	EXLANG/Text/00c7f1dd.olang	
1	AVD00003	1	0xbc4a75	17	pt	EXLANG/Text/00c7f1dd.olang	9...
1	AVD00003	1	0xbc4a75	18	de	MLG/Text/009c9ea4.olang	8 ...
1	AVD00003	1	0xbc4a75	18	de	EXLANG/Text/00c7f1dd.olang	
1	AVD00003	1	0xbc4a75	18	en	MLG/Text/009c9ea4.olang	8...
1	AVD00003	1	0xbc4a75	18	en	EXLANG/Text/00c7f1dd.olang	
1	AVD00003	1	0xbc4a75	18	es	MLG/Text/009c9ea4.olang	¡8!
1	AVD00003	1	0xbc4a75	18	fr	MLG/Text/009c9ea4.olang	8...
1	AVD00003	1	0xbc4a75	18	fr	EXLANG/Text/00c7f1dd.olang	
1	AVD00003	1	0xbc4a75	18	it	MLG/Text/009c9ea4.olang	8...
1	AVD00003	1	0xbc4a75	18	it	EXLANG/Text/00c7f1dd.olang	
1	AVD00003	1	0xbc4a75	18	ja	MLG/Text/009c9ea4.olang	8
1	AVD00003	1	0xbc4a75	18	ja	EXLANG/Text/00c7f1dd.olang	
1	AVD00003	1	0xbc4a75	18	pt	EXLANG/Text/00c7f1dd.olang	8...
1	AVD00003	1	0xbc4a75	19	de	MLG/Text/009c9ea4.olang	7 ...
1	AVD00003	1	0xbc4a75	19	de	EXLANG/Text/00c7f1dd.olang	
1	AVD00003	1	0xbc4a75	19	en	MLG/Text/009c9ea4.olang	7...
1	AVD00003	1	0xbc4a75	19	en	EXLANG/Text/00c7f1dd.olang	
1	AVD00003	1	0xbc4a75	19	es	MLG/Text/009c9ea4.olang	¡7!
1	AVD00003	1	0xbc4a75	19	fr	MLG/Text/009c9ea4.olang	7...
1	AVD00003	1	0xbc4a75	19	fr	EXLANG/Text/00c7f1dd.olang	
1	AVD00003	1	0xbc4a75	19	it	MLG/Text/009c9ea4.olang	7...
1	AVD00003	1	0xbc4a75	19	it	EXLANG/Text/00c7f1dd.olang	
1	AVD00003	1	0xbc4a75	19	ja	MLG/Text/009c9ea4.olang	7
1	AVD00003	1	0xbc4a75	19	ja	EXLANG/Text/00c7f1dd.olang	
1	AVD00003	1	0xbc4a75	19	pt	EXLANG/Text/00c7f1dd.olang	7...
1	AVD00003	1	0xbc4a75	20	de	MLG/Text/009c9ea4.olang	6 ...
1	AVD00003	1	0xbc4a75	20	de	EXLANG/Text/00c7f1dd.olang	
1	AVD00003	1	0xbc4a75	20	en	MLG/Text/009c9ea4.olang	6...
1	AVD00003	1	0xbc4a75	20	en	EXLANG/Text/00c7f1dd.olang	
1	AVD00003	1	0xbc4a75	20	es	MLG/Text/009c9ea4.olang	¡6!
1	AVD00003	1	0xbc4a75	20	fr	MLG/Text/009c9ea4.olang	6...
1	AVD00003	1	0xbc4a75	20	fr	EXLANG/Text/00c7f1dd.olang	
1	AVD00003	1	0xbc4a75	20	it	MLG/Text/009c9ea4.olang	6...
1	AVD00003	1	0xbc4a75	20	it	EXLANG/Text/00c7f1dd.olang	
1	AVD00003	1	0xbc4a75	20	ja	MLG/Text/009c9ea4.olang	6
1	AVD00003	1	0xbc4a75	20	ja	EXLANG/Text/00c7f1dd.olang	
1	AVD00003	1	0xbc4a75	20	pt	EXLANG/Text/00c7f1dd.olang	6...
1	AVD00003	1	0xbc4a75	21	de	MLG/Text/009c9ea4.olang	5 ...
1	AVD00003	1	0xbc4a75	21	de	EXLANG/Text/00c7f1dd.olang	
1	AVD00003	1	0xbc4a75	21	en	MLG/Text/009c9ea4.olang	5...
1	AVD00003	1	0xbc4a75	21	en	EXLANG/Text/00c7f1dd.olang	
1	AVD00003	1	0xbc4a75	21	es	MLG/Text/009c9ea4.olang	¡5!
1	AVD00003	1	0xbc4a75	21	fr	MLG/Text/009c9ea4.olang	5...
1	AVD00003	1	0xbc4a75	21	fr	EXLANG/Text/00c7f1dd.olang	
1	AVD00003	1	0xbc4a75	21	it	MLG/Text/009c9ea4.olang	5...
1	AVD00003	1	0xbc4a75	21	it	EXLANG/Text/00c7f1dd.olang	
1	AVD00003	1	0xbc4a75	21	ja	MLG/Text/009c9ea4.olang	5
1	AVD00003	1	0xbc4a75	21	ja	EXLANG/Text/00c7f1dd.olang	
1	AVD00003	1	0xbc4a75	21	pt	EXLANG/Text/00c7f1dd.olang	5...
1	AVD00003	1	0xbc4a75	22	de	MLG/Text/009c9ea4.olang	4 ...
1	AVD00003	1	0xbc4a75	22	de	EXLANG/Text/00c7f1dd.olang	
1	AVD00003	1	0xbc4a75	22	en	MLG/Text/009c9ea4.olang	4...
1	AVD00003	1	0xbc4a75	22	en	EXLANG/Text/00c7f1dd.olang	
1	AVD00003	1	0xbc4a75	22	es	MLG/Text/009c9ea4.olang	¡4!
1	AVD00003	1	0xbc4a75	22	fr	MLG/Text/009c9ea4.olang	4...
1	AVD00003	1	0xbc4a75	22	fr	EXLANG/Text/00c7f1dd.olang	
1	AVD00003	1	0xbc4a75	22	it	MLG/Text/009c9ea4.olang	4...
1	AVD00003	1	0xbc4a75	22	it	EXLANG/Text/00c7f1dd.olang	
1	AVD00003	1	0xbc4a75	22	ja	MLG/Text/009c9ea4.olang	4
1	AVD00003	1	0xbc4a75	22	ja	EXLANG/Text/00c7f1dd.olang	
1	AVD00003	1	0xbc4a75	22	pt	EXLANG/Text/00c7f1dd.olang	4...
1	AVD00003	1	0xbc4a75	23	de	MLG/Text/009c9ea4.olang	3 ...
1	AVD00003	1	0xbc4a75	23	de	EXLANG/Text/00c7f1dd.olang	
1	AVD00003	1	0xbc4a75	23	en	MLG/Text/009c9ea4.olang	3...
1	AVD00003	1	0xbc4a75	23	en	EXLANG/Text/00c7f1dd.olang	
1	AVD00003	1	0xbc4a75	23	es	MLG/Text/009c9ea4.olang	¡3!
1	AVD00003	1	0xbc4a75	23	fr	MLG/Text/009c9ea4.olang	3...
1	AVD00003	1	0xbc4a75	23	fr	EXLANG/Text/00c7f1dd.olang	
1	AVD00003	1	0xbc4a75	23	it	MLG/Text/009c9ea4.olang	3...
1	AVD00003	1	0xbc4a75	23	it	EXLANG/Text/00c7f1dd.olang	
1	AVD00003	1	0xbc4a75	23	ja	MLG/Text/009c9ea4.olang	3
1	AVD00003	1	0xbc4a75	23	ja	EXLANG/Text/00c7f1dd.olang	
1	AVD00003	1	0xbc4a75	23	pt	EXLANG/Text/00c7f1dd.olang	3...
1	AVD00003	1	0xbc4a75	24	de	MLG/Text/009c9ea4.olang	2 ...
1	AVD00003	1	0xbc4a75	24	de	EXLANG/Text/00c7f1dd.olang	
1	AVD00003	1	0xbc4a75	24	en	MLG/Text/009c9ea4.olang	2...
1	AVD00003	1	0xbc4a75	24	en	EXLANG/Text/00c7f1dd.olang	
1	AVD00003	1	0xbc4a75	24	es	MLG/Text/009c9ea4.olang	¡2!
1	AVD00003	1	0xbc4a75	24	fr	MLG/Text/009c9ea4.olang	2...
1	AVD00003	1	0xbc4a75	24	fr	EXLANG/Text/00c7f1dd.olang	
1	AVD00003	1	0xbc4a75	24	it	MLG/Text/009c9ea4.olang	2...
1	AVD00003	1	0xbc4a75	24	it	EXLANG/Text/00c7f1dd.olang	
1	AVD00003	1	0xbc4a75	24	ja	MLG/Text/009c9ea4.olang	2
1	AVD00003	1	0xbc4a75	24	ja	EXLANG/Text/00c7f1dd.olang	
1	AVD00003	1	0xbc4a75	24	pt	EXLANG/Text/00c7f1dd.olang	2...
1	AVD00003	1	0xbc4a75	25	de	MLG/Text/009c9ea4.olang	1 ...
1	AVD00003	1	0xbc4a75	25	de	EXLANG/Text/00c7f1dd.olang	
1	AVD00003	1	0xbc4a75	25	en	MLG/Text/009c9ea4.olang	1...
1	AVD00003	1	0xbc4a75	25	en	EXLANG/Text/00c7f1dd.olang	
1	AVD00003	1	0xbc4a75	25	es	MLG/Text/009c9ea4.olang	¡1!
1	AVD00003	1	0xbc4a75	25	fr	MLG/Text/009c9ea4.olang	1...
1	AVD00003	1	0xbc4a75	25	fr	EXLANG/Text/00c7f1dd.olang	
1	AVD00003	1	0xbc4a75	25	it	MLG/Text/009c9ea4.olang	1...
1	AVD00003	1	0xbc4a75	25	it	EXLANG/Text/00c7f1dd.olang	
1	AVD00003	1	0xbc4a75	25	ja	MLG/Text/009c9ea4.olang	1
1	AVD00003	1	0xbc4a75	25	ja	EXLANG/Text/00c7f1dd.olang	
1	AVD00003	1	0xbc4a75	25	pt	EXLANG/Text/00c7f1dd.olang	1...
1	AVD00003	1	0xbc4a75	26	de	MLG/Text/009c9ea4.olang	... Zündung.
1	AVD00003	1	0xbc4a75	26	de	EXLANG/Text/00c7f1dd.olang	
1	AVD00003	1	0xbc4a75	26	en	MLG/Text/009c9ea4.olang	... Launch.
1	AVD00003	1	0xbc4a75	26	en	EXLANG/Text/00c7f1dd.olang	
1	AVD00003	1	0xbc4a75	26	es	MLG/Text/009c9ea4.olang	Lanzamiento.
1	AVD00003	1	0xbc4a75	26	fr	MLG/Text/009c9ea4.olang	... Lancement.
1	AVD00003	1	0xbc4a75	26	fr	EXLANG/Text/00c7f1dd.olang	
1	AVD00003	1	0xbc4a75	26	it	MLG/Text/009c9ea4.olang	...Lancio.
1	AVD00003	1	0xbc4a75	26	it	EXLANG/Text/00c7f1dd.olang	
1	AVD00003	1	0xbc4a75	26	ja	MLG/Text/009c9ea4.olang	発射
1	AVD00003	1	0xbc4a75	26	ja	EXLANG/Text/00c7f1dd.olang	
1	AVD00003	1	0xbc4a75	26	pt	EXLANG/Text/00c7f1dd.olang	... Lançar.
1	AVD00003	1	0xbc4a75	27	de	MLG/Text/009c9ea4.olang	Drei Minuten bis zur Zündung!
1	AVD00003	1	0xbc4a75	27	de	EXLANG/Text/00c7f1dd.olang	
1	AVD00003	1	0xbc4a75	27	en	MLG/Text/009c9ea4.olang	Three minutes to launch!
1	AVD00003	1	0xbc4a75	27	en	EXLANG/Text/00c7f1dd.olang	
1	AVD00003	1	0xbc4a75	27	es	MLG/Text/009c9ea4.olang	¡Tres minutos para el lanzamiento!
1	AVD00003	1	0xbc4a75	27	fr	MLG/Text/009c9ea4.olang	Trois minutes avant lancement !
1	AVD00003	1	0xbc4a75	27	fr	EXLANG/Text/00c7f1dd.olang	
1	AVD00003	1	0xbc4a75	27	it	MLG/Text/009c9ea4.olang	Tre minuti al lancio.
1	AVD00003	1	0xbc4a75	27	it	EXLANG/Text/00c7f1dd.olang	
1	AVD00003	1	0xbc4a75	27	ja	MLG/Text/009c9ea4.olang	発射3分前
1	AVD00003	1	0xbc4a75	27	ja	EXLANG/Text/00c7f1dd.olang	
1	AVD00003	1	0xbc4a75	27	pt	EXLANG/Text/00c7f1dd.olang	Três minutos para o lançamento!
1	AVD00003	1	0xbc4a75	28	de	MLG/Text/009c9ea4.olang	Eine Minute bis zur Zündung!
1	AVD00003	1	0xbc4a75	28	de	EXLANG/Text/00c7f1dd.olang	
1	AVD00003	1	0xbc4a75	28	en	MLG/Text/009c9ea4.olang	One minute to launch!
1	AVD00003	1	0xbc4a75	28	en	EXLANG/Text/00c7f1dd.olang	
1	AVD00003	1	0xbc4a75	28	es	MLG/Text/009c9ea4.olang	¡Un minuto para el lanzamiento!
1	AVD00003	1	0xbc4a75	28	fr	MLG/Text/009c9ea4.olang	Une minute avant lancement !
1	AVD00003	1	0xbc4a75	28	fr	EXLANG/Text/00c7f1dd.olang	
1	AVD00003	1	0xbc4a75	28	it	MLG/Text/009c9ea4.olang	Un minuto al lancio!
1	AVD00003	1	0xbc4a75	28	it	EXLANG/Text/00c7f1dd.olang	
1	AVD00003	1	0xbc4a75	28	ja	MLG/Text/009c9ea4.olang	発射１分前
1	AVD00003	1	0xbc4a75	28	ja	EXLANG/Text/00c7f1dd.olang	
1	AVD00003	1	0xbc4a75	28	pt	EXLANG/Text/00c7f1dd.olang	Um minuto para o lançamento!
1	AVD00003	1	0xbc4a75	29	de	MLG/Text/009c9ea4.olang	Dreißig Sekunden bis zur Zündung!
1	AVD00003	1	0xbc4a75	29	de	EXLANG/Text/00c7f1dd.olang	
1	AVD00003	1	0xbc4a75	29	en	MLG/Text/009c9ea4.olang	Thirty seconds to launch!
1	AVD00003	1	0xbc4a75	29	en	EXLANG/Text/00c7f1dd.olang	
1	AVD00003	1	0xbc4a75	29	es	MLG/Text/009c9ea4.olang	¡Treinta segundos para el lanzamiento!
1	AVD00003	1	0xbc4a75	29	fr	MLG/Text/009c9ea4.olang	Trente secondes avant lancement !
1	AVD00003	1	0xbc4a75	29	fr	EXLANG/Text/00c7f1dd.olang	
1	AVD00003	1	0xbc4a75	29	it	MLG/Text/009c9ea4.olang	Trenta secondi al lancio!
1	AVD00003	1	0xbc4a75	29	it	EXLANG/Text/00c7f1dd.olang	
1	AVD00003	1	0xbc4a75	29	ja	MLG/Text/009c9ea4.olang	発射30秒前
1	AVD00003	1	0xbc4a75	29	ja	EXLANG/Text/00c7f1dd.olang	
1	AVD00003	1	0xbc4a75	29	pt	EXLANG/Text/00c7f1dd.olang	Trinta segundos para o lançamento!
1	AVD00003	1	0xbc4a75	30	de	MLG/Text/009c9ea4.olang	Kritische Beinschäden.
1	AVD00003	1	0xbc4a75	30	de	EXLANG/Text/00c7f1dd.olang	
1	AVD00003	1	0xbc4a75	30	en	MLG/Text/009c9ea4.olang	Leg damage critical!
1	AVD00003	1	0xbc4a75	30	en	EXLANG/Text/00c7f1dd.olang	
1	AVD00003	1	0xbc4a75	30	es	MLG/Text/009c9ea4.olang	Daño crítico en la pierna.
1	AVD00003	1	0xbc4a75	30	fr	MLG/Text/009c9ea4.olang	Dégâts critiques à la jambe.
1	AVD00003	1	0xbc4a75	30	fr	EXLANG/Text/00c7f1dd.olang	
1	AVD00003	1	0xbc4a75	30	it	MLG/Text/009c9ea4.olang	Rilevato danno critico alla gamba.
1	AVD00003	1	0xbc4a75	30	it	EXLANG/Text/00c7f1dd.olang	
1	AVD00003	1	0xbc4a75	30	ja	MLG/Text/009c9ea4.olang	脚部損傷
1	AVD00003	1	0xbc4a75	30	ja	EXLANG/Text/00c7f1dd.olang	
1	AVD00003	1	0xbc4a75	30	pt	EXLANG/Text/00c7f1dd.olang	Dano crítico nas pernas!
1	AVD00003	1	0xbc4a75	31	de	MLG/Text/009c9ea4.olang	Waffenbehälter zerstört.
1	AVD00003	1	0xbc4a75	31	de	EXLANG/Text/00c7f1dd.olang	
1	AVD00003	1	0xbc4a75	31	en	MLG/Text/009c9ea4.olang	Weapon container destroyed!
1	AVD00003	1	0xbc4a75	31	en	EXLANG/Text/00c7f1dd.olang	
1	AVD00003	1	0xbc4a75	31	es	MLG/Text/009c9ea4.olang	Contenedor de armas destruido.
1	AVD00003	1	0xbc4a75	31	fr	MLG/Text/009c9ea4.olang	Conteneur d'arme détruit.
1	AVD00003	1	0xbc4a75	31	fr	EXLANG/Text/00c7f1dd.olang	
1	AVD00003	1	0xbc4a75	31	it	MLG/Text/009c9ea4.olang	Compartimento armi distrutto.
1	AVD00003	1	0xbc4a75	31	it	EXLANG/Text/00c7f1dd.olang	
1	AVD00003	1	0xbc4a75	31	ja	MLG/Text/009c9ea4.olang	ウェポンコンテナ破損
1	AVD00003	1	0xbc4a75	31	ja	EXLANG/Text/00c7f1dd.olang	
1	AVD00003	1	0xbc4a75	31	pt	EXLANG/Text/00c7f1dd.olang	Contêiner de armas destruído!
1	AVD00003	1	0xbc4a75	32	de	MLG/Text/009c9ea4.olang	Du bist stärker geworden ...
1	AVD00003	1	0xbc4a75	32	de	EXLANG/Text/00c7f1dd.olang	
1	AVD00003	1	0xbc4a75	32	en	MLG/Text/009c9ea4.olang	You've gotten stronger...
1	AVD00003	1	0xbc4a75	32	en	EXLANG/Text/00c7f1dd.olang	
1	AVD00003	1	0xbc4a75	32	es	MLG/Text/009c9ea4.olang	Te has vuelto más fuerte.
1	AVD00003	1	0xbc4a75	32	fr	MLG/Text/009c9ea4.olang	Tu es plus fort...
1	AVD00003	1	0xbc4a75	32	fr	EXLANG/Text/00c7f1dd.olang	
1	AVD00003	1	0xbc4a75	32	it	MLG/Text/009c9ea4.olang	Sei più forte...
1	AVD00003	1	0xbc4a75	32	it	EXLANG/Text/00c7f1dd.olang	
1	AVD00003	1	0xbc4a75	32	ja	MLG/Text/009c9ea4.olang	強くなったな
1	AVD00003	1	0xbc4a75	32	ja	EXLANG/Text/00c7f1dd.olang	
1	AVD00003	1	0xbc4a75	32	pt	EXLANG/Text/00c7f1dd.olang	Você ficou mais forte...
1	AVD00003	1	0xbc4a75	33	de	MLG/Text/009c9ea4.olang	Stelle dich!
1	AVD00003	1	0xbc4a75	33	de	EXLANG/Text/00c7f1dd.olang	
1	AVD00003	1	0xbc4a75	33	en	MLG/Text/009c9ea4.olang	Face me!
1	AVD00003	1	0xbc4a75	33	en	EXLANG/Text/00c7f1dd.olang	
1	AVD00003	1	0xbc4a75	33	es	MLG/Text/009c9ea4.olang	¡Enfréntame!
1	AVD00003	1	0xbc4a75	33	fr	MLG/Text/009c9ea4.olang	Affronte-moi !
1	AVD00003	1	0xbc4a75	33	fr	EXLANG/Text/00c7f1dd.olang	
1	AVD00003	1	0xbc4a75	33	it	MLG/Text/009c9ea4.olang	Affrontami!
1	AVD00003	1	0xbc4a75	33	it	EXLANG/Text/00c7f1dd.olang	
1	AVD00003	1	0xbc4a75	33	ja	MLG/Text/009c9ea4.olang	さあ 来い！
1	AVD00003	1	0xbc4a75	33	ja	EXLANG/Text/00c7f1dd.olang	
1	AVD00003	1	0xbc4a75	33	pt	EXLANG/Text/00c7f1dd.olang	Enfrente-me!
1	AVD00003	1	0xbc4a75	34	de	MLG/Text/009c9ea4.olang	
1	AVD00003	1	0xbc4a75	34	de	EXLANG/Text/00c7f1dd.olang	
1	AVD00003	1	0xbc4a75	34	en	MLG/Text/009c9ea4.olang	
1	AVD00003	1	0xbc4a75	34	en	EXLANG/Text/00c7f1dd.olang	
1	AVD00003	1	0xbc4a75	34	es	MLG/Text/009c9ea4.olang	
1	AVD00003	1	0xbc4a75	34	fr	MLG/Text/009c9ea4.olang	
1	AVD00003	1	0xbc4a75	34	fr	EXLANG/Text/00c7f1dd.olang	
1	AVD00003	1	0xbc4a75	34	it	MLG/Text/009c9ea4.olang	
1	AVD00003	1	0xbc4a75	34	it	EXLANG/Text/00c7f1dd.olang	
1	AVD00003	1	0xbc4a75	34	ja	MLG/Text/009c9ea4.olang	
1	AVD00003	1	0xbc4a75	34	ja	EXLANG/Text/00c7f1dd.olang	
1	AVD00003	1	0xbc4a75	34	pt	EXLANG/Text/00c7f1dd.olang	
1	AVD00003	1	0xbc4a75	35	de	MLG/Text/009c9ea4.olang	
1	AVD00003	1	0xbc4a75	35	de	EXLANG/Text/00c7f1dd.olang	
1	AVD00003	1	0xbc4a75	35	en	MLG/Text/009c9ea4.olang	
1	AVD00003	1	0xbc4a75	35	en	EXLANG/Text/00c7f1dd.olang	
1	AVD00003	1	0xbc4a75	35	es	MLG/Text/009c9ea4.olang	
1	AVD00003	1	0xbc4a75	35	fr	MLG/Text/009c9ea4.olang	
1	AVD00003	1	0xbc4a75	35	fr	EXLANG/Text/00c7f1dd.olang	
1	AVD00003	1	0xbc4a75	35	it	MLG/Text/009c9ea4.olang	
1	AVD00003	1	0xbc4a75	35	it	EXLANG/Text/00c7f1dd.olang	
1	AVD00003	1	0xbc4a75	35	ja	MLG/Text/009c9ea4.olang	
1	AVD00003	1	0xbc4a75	35	ja	EXLANG/Text/00c7f1dd.olang	
1	AVD00003	1	0xbc4a75	35	pt	EXLANG/Text/00c7f1dd.olang	
1	AVD00003	1	0xbc4a75	36	de	MLG/Text/009c9ea4.olang	
1	AVD00003	1	0xbc4a75	36	de	EXLANG/Text/00c7f1dd.olang	
1	AVD00003	1	0xbc4a75	36	en	MLG/Text/009c9ea4.olang	
1	AVD00003	1	0xbc4a75	36	en	EXLANG/Text/00c7f1dd.olang	
1	AVD00003	1	0xbc4a75	36	es	MLG/Text/009c9ea4.olang	
1	AVD00003	1	0xbc4a75	36	fr	MLG/Text/009c9ea4.olang	
1	AVD00003	1	0xbc4a75	36	fr	EXLANG/Text/00c7f1dd.olang	
1	AVD00003	1	0xbc4a75	36	it	MLG/Text/009c9ea4.olang	
1	AVD00003	1	0xbc4a75	36	it	EXLANG/Text/00c7f1dd.olang	
1	AVD00003	1	0xbc4a75	36	ja	MLG/Text/009c9ea4.olang	
1	AVD00003	1	0xbc4a75	36	ja	EXLANG/Text/00c7f1dd.olang	
1	AVD00003	1	0xbc4a75	36	pt	EXLANG/Text/00c7f1dd.olang	
1	AVD00003	1	0xbc4a75	37	de	MLG/Text/009c9ea4.olang	Sperre gelöst.
1	AVD00003	1	0xbc4a75	37	de	EXLANG/Text/00c7f1dd.olang	
1	AVD00003	1	0xbc4a75	37	en	MLG/Text/009c9ea4.olang	Lock disengaged.
1	AVD00003	1	0xbc4a75	37	en	EXLANG/Text/00c7f1dd.olang	
1	AVD00003	1	0xbc4a75	37	es	MLG/Text/009c9ea4.olang	Seguro desbloqueado.
1	AVD00003	1	0xbc4a75	37	fr	MLG/Text/009c9ea4.olang	Verrouillage désengagé.
1	AVD00003	1	0xbc4a75	37	fr	EXLANG/Text/00c7f1dd.olang	
1	AVD00003	1	0xbc4a75	37	it	MLG/Text/009c9ea4.olang	Blocco disattivato.
1	AVD00003	1	0xbc4a75	37	it	EXLANG/Text/00c7f1dd.olang	
1	AVD00003	1	0xbc4a75	37	ja	MLG/Text/009c9ea4.olang	ロック解除
1	AVD00003	1	0xbc4a75	37	ja	EXLANG/Text/00c7f1dd.olang	
1	AVD00003	1	0xbc4a75	37	pt	EXLANG/Text/00c7f1dd.olang	Trava desativada.
1	AVD00003	1	0xbc4a75	38	de	MLG/Text/009c9ea4.olang	Es ist noch nicht vorbei!
1	AVD00003	1	0xbc4a75	38	de	EXLANG/Text/00c7f1dd.olang	
1	AVD00003	1	0xbc4a75	38	en	MLG/Text/009c9ea4.olang	It's not over yet!
1	AVD00003	1	0xbc4a75	38	en	EXLANG/Text/00c7f1dd.olang	
1	AVD00003	1	0xbc4a75	38	es	MLG/Text/009c9ea4.olang	¡Esto aún no se ha acabado!
1	AVD00003	1	0xbc4a75	38	fr	MLG/Text/009c9ea4.olang	Ce n'est pas encore terminé !
1	AVD00003	1	0xbc4a75	38	fr	EXLANG/Text/00c7f1dd.olang	
1	AVD00003	1	0xbc4a75	38	it	MLG/Text/009c9ea4.olang	Non è ancora finita!
1	AVD00003	1	0xbc4a75	38	it	EXLANG/Text/00c7f1dd.olang	
1	AVD00003	1	0xbc4a75	38	ja	MLG/Text/009c9ea4.olang	まだ終わっていない！
1	AVD00003	1	0xbc4a75	38	ja	EXLANG/Text/00c7f1dd.olang	
1	AVD00003	1	0xbc4a75	38	pt	EXLANG/Text/00c7f1dd.olang	Ainda não acabou!
1	AVD00003	1	0xbc4a75	39	de	MLG/Text/009c9ea4.olang	Selbstverteidigungssystem aktiv!
1	AVD00003	1	0xbc4a75	39	de	EXLANG/Text/00c7f1dd.olang	
1	AVD00003	1	0xbc4a75	39	en	MLG/Text/009c9ea4.olang	Self-defense system online!
1	AVD00003	1	0xbc4a75	39	en	EXLANG/Text/00c7f1dd.olang	
1	AVD00003	1	0xbc4a75	39	es	MLG/Text/009c9ea4.olang	¡Sistema de autodefensa activado!
1	AVD00003	1	0xbc4a75	39	fr	MLG/Text/009c9ea4.olang	Système d'auto-défense en ligne !
1	AVD00003	1	0xbc4a75	39	fr	EXLANG/Text/00c7f1dd.olang	
1	AVD00003	1	0xbc4a75	39	it	MLG/Text/009c9ea4.olang	Sistema di autodifesa attivato!
1	AVD00003	1	0xbc4a75	39	it	EXLANG/Text/00c7f1dd.olang	
1	AVD00003	1	0xbc4a75	39	ja	MLG/Text/009c9ea4.olang	自己防衛システム、作動！
1	AVD00003	1	0xbc4a75	39	ja	EXLANG/Text/00c7f1dd.olang	
1	AVD00003	1	0xbc4a75	39	pt	EXLANG/Text/00c7f1dd.olang	Sistema de autodefesa ativado!
1	AVD00003	1	0xbc4a75	40	de	MLG/Text/009c9ea4.olang	Wechsle in den Selbstverteidigungsmodus!
1	AVD00003	1	0xbc4a75	40	de	EXLANG/Text/00c7f1dd.olang	
1	AVD00003	1	0xbc4a75	40	en	MLG/Text/009c9ea4.olang	Switching to self-defense mode!
1	AVD00003	1	0xbc4a75	40	en	EXLANG/Text/00c7f1dd.olang	
1	AVD00003	1	0xbc4a75	40	es	MLG/Text/009c9ea4.olang	¡Pasando a modo de autodefensa!
1	AVD00003	1	0xbc4a75	40	fr	MLG/Text/009c9ea4.olang	Passage en mode auto-défense !
1	AVD00003	1	0xbc4a75	40	fr	EXLANG/Text/00c7f1dd.olang	
1	AVD00003	1	0xbc4a75	40	it	MLG/Text/009c9ea4.olang	Passaggio a modalità autodifesa!
1	AVD00003	1	0xbc4a75	40	it	EXLANG/Text/00c7f1dd.olang	
1	AVD00003	1	0xbc4a75	40	ja	MLG/Text/009c9ea4.olang	自己防衛モードに移行！
1	AVD00003	1	0xbc4a75	40	ja	EXLANG/Text/00c7f1dd.olang	
1	AVD00003	1	0xbc4a75	40	pt	EXLANG/Text/00c7f1dd.olang	Mudando para modo de autodefesa!
1	AVD00003	1	0xbc4a75	41	de	MLG/Text/009c9ea4.olang	Flammenwerfer!
1	AVD00003	1	0xbc4a75	41	de	EXLANG/Text/00c7f1dd.olang	
1	AVD00003	1	0xbc4a75	41	en	MLG/Text/009c9ea4.olang	Flamethrower!
1	AVD00003	1	0xbc4a75	41	en	EXLANG/Text/00c7f1dd.olang	
1	AVD00003	1	0xbc4a75	41	es	MLG/Text/009c9ea4.olang	¡Lanzallamas!
1	AVD00003	1	0xbc4a75	41	fr	MLG/Text/009c9ea4.olang	Lance-flammes !
1	AVD00003	1	0xbc4a75	41	fr	EXLANG/Text/00c7f1dd.olang	
1	AVD00003	1	0xbc4a75	41	it	MLG/Text/009c9ea4.olang	Lanciafiamme!
1	AVD00003	1	0xbc4a75	41	it	EXLANG/Text/00c7f1dd.olang	
1	AVD00003	1	0xbc4a75	41	ja	MLG/Text/009c9ea4.olang	火炎放射だ！
1	AVD00003	1	0xbc4a75	41	ja	EXLANG/Text/00c7f1dd.olang	
1	AVD00003	1	0xbc4a75	41	pt	EXLANG/Text/00c7f1dd.olang	Lança-chamas!
1	AVD00003	1	0xbc4a75	42	de	MLG/Text/009c9ea4.olang	Probier das mal!
1	AVD00003	1	0xbc4a75	42	de	EXLANG/Text/00c7f1dd.olang	
1	AVD00003	1	0xbc4a75	42	en	MLG/Text/009c9ea4.olang	Try this on for size!
1	AVD00003	1	0xbc4a75	42	en	EXLANG/Text/00c7f1dd.olang	
1	AVD00003	1	0xbc4a75	42	es	MLG/Text/009c9ea4.olang	¡Pruébate esto, a ver si es de tu talla!
1	AVD00003	1	0xbc4a75	42	fr	MLG/Text/009c9ea4.olang	Regarde si c'est à ton goût !
1	AVD00003	1	0xbc4a75	42	fr	EXLANG/Text/00c7f1dd.olang	
1	AVD00003	1	0xbc4a75	42	it	MLG/Text/009c9ea4.olang	Prova con questo!
1	AVD00003	1	0xbc4a75	42	it	EXLANG/Text/00c7f1dd.olang	
1	AVD00003	1	0xbc4a75	42	ja	MLG/Text/009c9ea4.olang	これでも喰らえ！
1	AVD00003	1	0xbc4a75	42	ja	EXLANG/Text/00c7f1dd.olang	
1	AVD00003	1	0xbc4a75	42	pt	EXLANG/Text/00c7f1dd.olang	Toma isso!
1	AVD00003	1	0xbc4a75	43	de	MLG/Text/009c9ea4.olang	Wie gefällt dir das?
1	AVD00003	1	0xbc4a75	43	de	EXLANG/Text/00c7f1dd.olang	
1	AVD00003	1	0xbc4a75	43	en	MLG/Text/009c9ea4.olang	How do you like this?
1	AVD00003	1	0xbc4a75	43	en	EXLANG/Text/00c7f1dd.olang	
1	AVD00003	1	0xbc4a75	43	es	MLG/Text/009c9ea4.olang	¡Espero que te guste!
1	AVD00003	1	0xbc4a75	43	fr	MLG/Text/009c9ea4.olang	Est-ce que tu aimes ça ?
1	AVD00003	1	0xbc4a75	43	fr	EXLANG/Text/00c7f1dd.olang	
1	AVD00003	1	0xbc4a75	43	it	MLG/Text/009c9ea4.olang	Che ne dici di questo?
1	AVD00003	1	0xbc4a75	43	it	EXLANG/Text/00c7f1dd.olang	
1	AVD00003	1	0xbc4a75	43	ja	MLG/Text/009c9ea4.olang	これはどうだ！
1	AVD00003	1	0xbc4a75	43	ja	EXLANG/Text/00c7f1dd.olang	
1	AVD00003	1	0xbc4a75	43	pt	EXLANG/Text/00c7f1dd.olang	E aí, o que achou disso?
1	AVD00003	1	0xbc4a75	44	de	MLG/Text/009c9ea4.olang	Stirb!
1	AVD00003	1	0xbc4a75	44	de	EXLANG/Text/00c7f1dd.olang	
1	AVD00003	1	0xbc4a75	44	en	MLG/Text/009c9ea4.olang	Die!
1	AVD00003	1	0xbc4a75	44	en	EXLANG/Text/00c7f1dd.olang	
1	AVD00003	1	0xbc4a75	44	es	MLG/Text/009c9ea4.olang	¡Muere!
1	AVD00003	1	0xbc4a75	44	fr	MLG/Text/009c9ea4.olang	Meurs !
1	AVD00003	1	0xbc4a75	44	fr	EXLANG/Text/00c7f1dd.olang	
1	AVD00003	1	0xbc4a75	44	it	MLG/Text/009c9ea4.olang	Muori!
1	AVD00003	1	0xbc4a75	44	it	EXLANG/Text/00c7f1dd.olang	
1	AVD00003	1	0xbc4a75	44	ja	MLG/Text/009c9ea4.olang	死ねえぇ！
1	AVD00003	1	0xbc4a75	44	ja	EXLANG/Text/00c7f1dd.olang	
1	AVD00003	1	0xbc4a75	44	pt	EXLANG/Text/00c7f1dd.olang	Morra!
1	AVD00003	1	0xbc4a75	45	de	MLG/Text/009c9ea4.olang	Giftstrahl!
1	AVD00003	1	0xbc4a75	45	de	EXLANG/Text/00c7f1dd.olang	
1	AVD00003	1	0xbc4a75	45	en	MLG/Text/009c9ea4.olang	Poison beam!
1	AVD00003	1	0xbc4a75	45	en	EXLANG/Text/00c7f1dd.olang	
1	AVD00003	1	0xbc4a75	45	es	MLG/Text/009c9ea4.olang	¡Rayo de veneno!
1	AVD00003	1	0xbc4a75	45	fr	MLG/Text/009c9ea4.olang	Rayon empoisonné !
1	AVD00003	1	0xbc4a75	45	fr	EXLANG/Text/00c7f1dd.olang	
1	AVD00003	1	0xbc4a75	45	it	MLG/Text/009c9ea4.olang	Raggio velenoso!
1	AVD00003	1	0xbc4a75	45	it	EXLANG/Text/00c7f1dd.olang	
1	AVD00003	1	0xbc4a75	45	ja	MLG/Text/009c9ea4.olang	毒ビーム発射！
1	AVD00003	1	0xbc4a75	45	ja	EXLANG/Text/00c7f1dd.olang	
1	AVD00003	1	0xbc4a75	45	pt	EXLANG/Text/00c7f1dd.olang	Raio venenoso!
1	AVD00003	1	0xbc4a75	46	de	MLG/Text/009c9ea4.olang	EM-Puls-Maximum erreicht!
1	AVD00003	1	0xbc4a75	46	de	EXLANG/Text/00c7f1dd.olang	
1	AVD00003	1	0xbc4a75	46	en	MLG/Text/009c9ea4.olang	EM pulse at maximum!
1	AVD00003	1	0xbc4a75	46	en	EXLANG/Text/00c7f1dd.olang	
1	AVD00003	1	0xbc4a75	46	es	MLG/Text/009c9ea4.olang	¡Pulso EM al máximo!
1	AVD00003	1	0xbc4a75	46	fr	MLG/Text/009c9ea4.olang	Impulsion EM au maximum !
1	AVD00003	1	0xbc4a75	46	fr	EXLANG/Text/00c7f1dd.olang	
1	AVD00003	1	0xbc4a75	46	it	MLG/Text/009c9ea4.olang	Impulso EM al massimo!
1	AVD00003	1	0xbc4a75	46	it	EXLANG/Text/00c7f1dd.olang	
1	AVD00003	1	0xbc4a75	46	ja	MLG/Text/009c9ea4.olang	電磁パルス最大！
1	AVD00003	1	0xbc4a75	46	ja	EXLANG/Text/00c7f1dd.olang	
1	AVD00003	1	0xbc4a75	46	pt	EXLANG/Text/00c7f1dd.olang	Pulso EM no máximo!
1	AVD00003	1	0xbc4a75	47	de	MLG/Text/009c9ea4.olang	Beinantriebsmotor wird geladen!
1	AVD00003	1	0xbc4a75	47	de	EXLANG/Text/00c7f1dd.olang	
1	AVD00003	1	0xbc4a75	47	en	MLG/Text/009c9ea4.olang	Leg drive motor charging!
1	AVD00003	1	0xbc4a75	47	en	EXLANG/Text/00c7f1dd.olang	
1	AVD00003	1	0xbc4a75	47	es	MLG/Text/009c9ea4.olang	¡Cargando motor de pierna!
1	AVD00003	1	0xbc4a75	47	fr	MLG/Text/009c9ea4.olang	Moteur de jambe en charge !
1	AVD00003	1	0xbc4a75	47	fr	EXLANG/Text/00c7f1dd.olang	
1	AVD00003	1	0xbc4a75	47	it	MLG/Text/009c9ea4.olang	Motore propulsione gamba in fase di carica!
1	AVD00003	1	0xbc4a75	47	it	EXLANG/Text/00c7f1dd.olang	
1	AVD00003	1	0xbc4a75	47	ja	MLG/Text/009c9ea4.olang	脚部駆動モーター、チャージ！
1	AVD00003	1	0xbc4a75	47	ja	EXLANG/Text/00c7f1dd.olang	
1	AVD00003	1	0xbc4a75	47	pt	EXLANG/Text/00c7f1dd.olang	Carregando motor de tração das pernas!
1	AVD00003	1	0xbc4a75	48	de	MLG/Text/009c9ea4.olang	Sprungmodus aktiv!
1	AVD00003	1	0xbc4a75	48	de	EXLANG/Text/00c7f1dd.olang	
1	AVD00003	1	0xbc4a75	48	en	MLG/Text/009c9ea4.olang	Jump engaged!
1	AVD00003	1	0xbc4a75	48	en	EXLANG/Text/00c7f1dd.olang	
1	AVD00003	1	0xbc4a75	48	es	MLG/Text/009c9ea4.olang	¡Modo de salto activado!
1	AVD00003	1	0xbc4a75	48	fr	MLG/Text/009c9ea4.olang	Mode saut engagé !
1	AVD00003	1	0xbc4a75	48	fr	EXLANG/Text/00c7f1dd.olang	
1	AVD00003	1	0xbc4a75	48	it	MLG/Text/009c9ea4.olang	Attivazione modalità salto!
1	AVD00003	1	0xbc4a75	48	it	EXLANG/Text/00c7f1dd.olang	
1	AVD00003	1	0xbc4a75	48	ja	MLG/Text/009c9ea4.olang	跳躍体勢！
1	AVD00003	1	0xbc4a75	48	ja	EXLANG/Text/00c7f1dd.olang	
1	AVD00003	1	0xbc4a75	48	pt	EXLANG/Text/00c7f1dd.olang	Salto acionado!
1	AVD00003	1	0xbc4a75	49	de	MLG/Text/009c9ea4.olang	Initialisiere atomare Zündsequenz!
1	AVD00003	1	0xbc4a75	49	de	EXLANG/Text/00c7f1dd.olang	
1	AVD00003	1	0xbc4a75	49	en	MLG/Text/009c9ea4.olang	Initializing nuclear launch sequence!
1	AVD00003	1	0xbc4a75	49	en	EXLANG/Text/00c7f1dd.olang	
1	AVD00003	1	0xbc4a75	49	es	MLG/Text/009c9ea4.olang	¡Iniciando secuencia de lanzamiento nuclear!
1	AVD00003	1	0xbc4a75	49	fr	MLG/Text/009c9ea4.olang	Initialisation de la séquence de tir nucléaire !
1	AVD00003	1	0xbc4a75	49	fr	EXLANG/Text/00c7f1dd.olang	
1	AVD00003	1	0xbc4a75	49	it	MLG/Text/009c9ea4.olang	Avvio sequenza lancio nucleare!
1	AVD00003	1	0xbc4a75	49	it	EXLANG/Text/00c7f1dd.olang	
1	AVD00003	1	0xbc4a75	49	ja	MLG/Text/009c9ea4.olang	核発射シーケンス開始
1	AVD00003	1	0xbc4a75	49	ja	EXLANG/Text/00c7f1dd.olang	
1	AVD00003	1	0xbc4a75	49	pt	EXLANG/Text/00c7f1dd.olang	Iniciando sequência de lançamento nuclear!
1	AVD00003	1	0xbc4a75	50	de	MLG/Text/009c9ea4.olang	Abschusswinkel eingestellt!
1	AVD00003	1	0xbc4a75	50	de	EXLANG/Text/00c7f1dd.olang	
1	AVD00003	1	0xbc4a75	50	en	MLG/Text/009c9ea4.olang	Launch angle set!
1	AVD00003	1	0xbc4a75	50	en	EXLANG/Text/00c7f1dd.olang	
1	AVD00003	1	0xbc4a75	50	es	MLG/Text/009c9ea4.olang	¡Ángulo de lanzamiento determinado!
1	AVD00003	1	0xbc4a75	50	fr	MLG/Text/009c9ea4.olang	Angle de tir établi !
1	AVD00003	1	0xbc4a75	50	fr	EXLANG/Text/00c7f1dd.olang	
1	AVD00003	1	0xbc4a75	50	it	MLG/Text/009c9ea4.olang	Angolo di lancio impostato!
1	AVD00003	1	0xbc4a75	50	it	EXLANG/Text/00c7f1dd.olang	
1	AVD00003	1	0xbc4a75	50	ja	MLG/Text/009c9ea4.olang	発射角度設定完了
1	AVD00003	1	0xbc4a75	50	ja	EXLANG/Text/00c7f1dd.olang	
1	AVD00003	1	0xbc4a75	50	pt	EXLANG/Text/00c7f1dd.olang	Ângulo de lançamento definido!
1	AVD00003	1	0xbc4a75	51	de	MLG/Text/009c9ea4.olang	Öffne Raketenluke!
1	AVD00003	1	0xbc4a75	51	de	EXLANG/Text/00c7f1dd.olang	
1	AVD00003	1	0xbc4a75	51	en	MLG/Text/009c9ea4.olang	Opening missile hatch!
1	AVD00003	1	0xbc4a75	51	en	EXLANG/Text/00c7f1dd.olang	
1	AVD00003	1	0xbc4a75	51	es	MLG/Text/009c9ea4.olang	¡Abriendo compuerta del misil!
1	AVD00003	1	0xbc4a75	51	fr	MLG/Text/009c9ea4.olang	Ouverture du sabord de missile !
1	AVD00003	1	0xbc4a75	51	fr	EXLANG/Text/00c7f1dd.olang	
1	AVD00003	1	0xbc4a75	51	it	MLG/Text/009c9ea4.olang	Apertura portello missile!
1	AVD00003	1	0xbc4a75	51	it	EXLANG/Text/00c7f1dd.olang	
1	AVD00003	1	0xbc4a75	51	ja	MLG/Text/009c9ea4.olang	ミサイルハッチオープン
1	AVD00003	1	0xbc4a75	51	ja	EXLANG/Text/00c7f1dd.olang	
1	AVD00003	1	0xbc4a75	51	pt	EXLANG/Text/00c7f1dd.olang	Abrindo escotilha de mísseis!
1	AVD00003	1	0xbc4a75	52	de	MLG/Text/009c9ea4.olang	Leite Zündung ein!
1	AVD00003	1	0xbc4a75	52	de	EXLANG/Text/00c7f1dd.olang	
1	AVD00003	1	0xbc4a75	52	en	MLG/Text/009c9ea4.olang	Commencing pre-ignition!
1	AVD00003	1	0xbc4a75	52	en	EXLANG/Text/00c7f1dd.olang	
1	AVD00003	1	0xbc4a75	52	es	MLG/Text/009c9ea4.olang	¡Iniciando preignición!
1	AVD00003	1	0xbc4a75	52	fr	MLG/Text/009c9ea4.olang	Pré-allumage déclenché !
1	AVD00003	1	0xbc4a75	52	fr	EXLANG/Text/00c7f1dd.olang	
1	AVD00003	1	0xbc4a75	52	it	MLG/Text/009c9ea4.olang	Inizio pre-accensione!
1	AVD00003	1	0xbc4a75	52	it	EXLANG/Text/00c7f1dd.olang	
1	AVD00003	1	0xbc4a75	52	ja	MLG/Text/009c9ea4.olang	予備点火開始
1	AVD00003	1	0xbc4a75	52	ja	EXLANG/Text/00c7f1dd.olang	
1	AVD00003	1	0xbc4a75	52	pt	EXLANG/Text/00c7f1dd.olang	Iniciando pré-ignição!
1	AVD00003	1	0xbc4a75	53	de	MLG/Text/009c9ea4.olang	10 ...
1	AVD00003	1	0xbc4a75	53	de	EXLANG/Text/00c7f1dd.olang	
1	AVD00003	1	0xbc4a75	53	en	MLG/Text/009c9ea4.olang	10!
1	AVD00003	1	0xbc4a75	53	en	EXLANG/Text/00c7f1dd.olang	
1	AVD00003	1	0xbc4a75	53	es	MLG/Text/009c9ea4.olang	¡10!
1	AVD00003	1	0xbc4a75	53	fr	MLG/Text/009c9ea4.olang	10...
1	AVD00003	1	0xbc4a75	53	fr	EXLANG/Text/00c7f1dd.olang	
1	AVD00003	1	0xbc4a75	53	it	MLG/Text/009c9ea4.olang	10...
1	AVD00003	1	0xbc4a75	53	it	EXLANG/Text/00c7f1dd.olang	
1	AVD00003	1	0xbc4a75	53	ja	MLG/Text/009c9ea4.olang	10
1	AVD00003	1	0xbc4a75	53	ja	EXLANG/Text/00c7f1dd.olang	
1	AVD00003	1	0xbc4a75	53	pt	EXLANG/Text/00c7f1dd.olang	10!
1	AVD00003	1	0xbc4a75	54	de	MLG/Text/009c9ea4.olang	9 ...
1	AVD00003	1	0xbc4a75	54	de	EXLANG/Text/00c7f1dd.olang	
1	AVD00003	1	0xbc4a75	54	en	MLG/Text/009c9ea4.olang	9!
1	AVD00003	1	0xbc4a75	54	en	EXLANG/Text/00c7f1dd.olang	
1	AVD00003	1	0xbc4a75	54	es	MLG/Text/009c9ea4.olang	¡9!
1	AVD00003	1	0xbc4a75	54	fr	MLG/Text/009c9ea4.olang	9...
1	AVD00003	1	0xbc4a75	54	fr	EXLANG/Text/00c7f1dd.olang	
1	AVD00003	1	0xbc4a75	54	it	MLG/Text/009c9ea4.olang	9...
1	AVD00003	1	0xbc4a75	54	it	EXLANG/Text/00c7f1dd.olang	
1	AVD00003	1	0xbc4a75	54	ja	MLG/Text/009c9ea4.olang	9
1	AVD00003	1	0xbc4a75	54	ja	EXLANG/Text/00c7f1dd.olang	
1	AVD00003	1	0xbc4a75	54	pt	EXLANG/Text/00c7f1dd.olang	9!
1	AVD00003	1	0xbc4a75	55	de	MLG/Text/009c9ea4.olang	8 ...
1	AVD00003	1	0xbc4a75	55	de	EXLANG/Text/00c7f1dd.olang	
1	AVD00003	1	0xbc4a75	55	en	MLG/Text/009c9ea4.olang	8!
1	AVD00003	1	0xbc4a75	55	en	EXLANG/Text/00c7f1dd.olang	
1	AVD00003	1	0xbc4a75	55	es	MLG/Text/009c9ea4.olang	¡8!
1	AVD00003	1	0xbc4a75	55	fr	MLG/Text/009c9ea4.olang	8...
1	AVD00003	1	0xbc4a75	55	fr	EXLANG/Text/00c7f1dd.olang	
1	AVD00003	1	0xbc4a75	55	it	MLG/Text/009c9ea4.olang	8...
1	AVD00003	1	0xbc4a75	55	it	EXLANG/Text/00c7f1dd.olang	
1	AVD00003	1	0xbc4a75	55	ja	MLG/Text/009c9ea4.olang	8
1	AVD00003	1	0xbc4a75	55	ja	EXLANG/Text/00c7f1dd.olang	
1	AVD00003	1	0xbc4a75	55	pt	EXLANG/Text/00c7f1dd.olang	8!
1	AVD00003	1	0xbc4a75	56	de	MLG/Text/009c9ea4.olang	7 ...
1	AVD00003	1	0xbc4a75	56	de	EXLANG/Text/00c7f1dd.olang	
1	AVD00003	1	0xbc4a75	56	en	MLG/Text/009c9ea4.olang	7!
1	AVD00003	1	0xbc4a75	56	en	EXLANG/Text/00c7f1dd.olang	
1	AVD00003	1	0xbc4a75	56	es	MLG/Text/009c9ea4.olang	¡7!
1	AVD00003	1	0xbc4a75	56	fr	MLG/Text/009c9ea4.olang	7...
1	AVD00003	1	0xbc4a75	56	fr	EXLANG/Text/00c7f1dd.olang	
1	AVD00003	1	0xbc4a75	56	it	MLG/Text/009c9ea4.olang	7...
1	AVD00003	1	0xbc4a75	56	it	EXLANG/Text/00c7f1dd.olang	
1	AVD00003	1	0xbc4a75	56	ja	MLG/Text/009c9ea4.olang	7
1	AVD00003	1	0xbc4a75	56	ja	EXLANG/Text/00c7f1dd.olang	
1	AVD00003	1	0xbc4a75	56	pt	EXLANG/Text/00c7f1dd.olang	7!
1	AVD00003	1	0xbc4a75	57	de	MLG/Text/009c9ea4.olang	6 ...
1	AVD00003	1	0xbc4a75	57	de	EXLANG/Text/00c7f1dd.olang	
1	AVD00003	1	0xbc4a75	57	en	MLG/Text/009c9ea4.olang	6!
1	AVD00003	1	0xbc4a75	57	en	EXLANG/Text/00c7f1dd.olang	
1	AVD00003	1	0xbc4a75	57	es	MLG/Text/009c9ea4.olang	¡6!
1	AVD00003	1	0xbc4a75	57	fr	MLG/Text/009c9ea4.olang	6...
1	AVD00003	1	0xbc4a75	57	fr	EXLANG/Text/00c7f1dd.olang	
1	AVD00003	1	0xbc4a75	57	it	MLG/Text/009c9ea4.olang	6...
1	AVD00003	1	0xbc4a75	57	it	EXLANG/Text/00c7f1dd.olang	
1	AVD00003	1	0xbc4a75	57	ja	MLG/Text/009c9ea4.olang	6
1	AVD00003	1	0xbc4a75	57	ja	EXLANG/Text/00c7f1dd.olang	
1	AVD00003	1	0xbc4a75	57	pt	EXLANG/Text/00c7f1dd.olang	6!
1	AVD00003	1	0xbc4a75	58	de	MLG/Text/009c9ea4.olang	5 ...
1	AVD00003	1	0xbc4a75	58	de	EXLANG/Text/00c7f1dd.olang	
1	AVD00003	1	0xbc4a75	58	en	MLG/Text/009c9ea4.olang	5!
1	AVD00003	1	0xbc4a75	58	en	EXLANG/Text/00c7f1dd.olang	
1	AVD00003	1	0xbc4a75	58	es	MLG/Text/009c9ea4.olang	¡5!
1	AVD00003	1	0xbc4a75	58	fr	MLG/Text/009c9ea4.olang	5...
1	AVD00003	1	0xbc4a75	58	fr	EXLANG/Text/00c7f1dd.olang	
1	AVD00003	1	0xbc4a75	58	it	MLG/Text/009c9ea4.olang	5...
1	AVD00003	1	0xbc4a75	58	it	EXLANG/Text/00c7f1dd.olang	
1	AVD00003	1	0xbc4a75	58	ja	MLG/Text/009c9ea4.olang	5
1	AVD00003	1	0xbc4a75	58	ja	EXLANG/Text/00c7f1dd.olang	
1	AVD00003	1	0xbc4a75	58	pt	EXLANG/Text/00c7f1dd.olang	5!
1	AVD00003	1	0xbc4a75	59	de	MLG/Text/009c9ea4.olang	4 ...
1	AVD00003	1	0xbc4a75	59	de	EXLANG/Text/00c7f1dd.olang	
1	AVD00003	1	0xbc4a75	59	en	MLG/Text/009c9ea4.olang	4!
1	AVD00003	1	0xbc4a75	59	en	EXLANG/Text/00c7f1dd.olang	
1	AVD00003	1	0xbc4a75	59	es	MLG/Text/009c9ea4.olang	¡4!
1	AVD00003	1	0xbc4a75	59	fr	MLG/Text/009c9ea4.olang	4...
1	AVD00003	1	0xbc4a75	59	fr	EXLANG/Text/00c7f1dd.olang	
1	AVD00003	1	0xbc4a75	59	it	MLG/Text/009c9ea4.olang	4...
1	AVD00003	1	0xbc4a75	59	it	EXLANG/Text/00c7f1dd.olang	
1	AVD00003	1	0xbc4a75	59	ja	MLG/Text/009c9ea4.olang	4
1	AVD00003	1	0xbc4a75	59	ja	EXLANG/Text/00c7f1dd.olang	
1	AVD00003	1	0xbc4a75	59	pt	EXLANG/Text/00c7f1dd.olang	4!
1	AVD00003	1	0xbc4a75	60	de	MLG/Text/009c9ea4.olang	3 ...
1	AVD00003	1	0xbc4a75	60	de	EXLANG/Text/00c7f1dd.olang	
1	AVD00003	1	0xbc4a75	60	en	MLG/Text/009c9ea4.olang	3!
1	AVD00003	1	0xbc4a75	60	en	EXLANG/Text/00c7f1dd.olang	
1	AVD00003	1	0xbc4a75	60	es	MLG/Text/009c9ea4.olang	¡3!
1	AVD00003	1	0xbc4a75	60	fr	MLG/Text/009c9ea4.olang	3...
1	AVD00003	1	0xbc4a75	60	fr	EXLANG/Text/00c7f1dd.olang	
1	AVD00003	1	0xbc4a75	60	it	MLG/Text/009c9ea4.olang	3...
1	AVD00003	1	0xbc4a75	60	it	EXLANG/Text/00c7f1dd.olang	
1	AVD00003	1	0xbc4a75	60	ja	MLG/Text/009c9ea4.olang	3
1	AVD00003	1	0xbc4a75	60	ja	EXLANG/Text/00c7f1dd.olang	
1	AVD00003	1	0xbc4a75	60	pt	EXLANG/Text/00c7f1dd.olang	3!
1	AVD00003	1	0xbc4a75	61	de	MLG/Text/009c9ea4.olang	2 ...
1	AVD00003	1	0xbc4a75	61	de	EXLANG/Text/00c7f1dd.olang	
1	AVD00003	1	0xbc4a75	61	en	MLG/Text/009c9ea4.olang	2!
1	AVD00003	1	0xbc4a75	61	en	EXLANG/Text/00c7f1dd.olang	
1	AVD00003	1	0xbc4a75	61	es	MLG/Text/009c9ea4.olang	¡2!
1	AVD00003	1	0xbc4a75	61	fr	MLG/Text/009c9ea4.olang	2...
1	AVD00003	1	0xbc4a75	61	fr	EXLANG/Text/00c7f1dd.olang	
1	AVD00003	1	0xbc4a75	61	it	MLG/Text/009c9ea4.olang	2...
1	AVD00003	1	0xbc4a75	61	it	EXLANG/Text/00c7f1dd.olang	
1	AVD00003	1	0xbc4a75	61	ja	MLG/Text/009c9ea4.olang	2
1	AVD00003	1	0xbc4a75	61	ja	EXLANG/Text/00c7f1dd.olang	
1	AVD00003	1	0xbc4a75	61	pt	EXLANG/Text/00c7f1dd.olang	2!
1	AVD00003	1	0xbc4a75	62	de	MLG/Text/009c9ea4.olang	1 ...
1	AVD00003	1	0xbc4a75	62	de	EXLANG/Text/00c7f1dd.olang	
1	AVD00003	1	0xbc4a75	62	en	MLG/Text/009c9ea4.olang	1!
1	AVD00003	1	0xbc4a75	62	en	EXLANG/Text/00c7f1dd.olang	
1	AVD00003	1	0xbc4a75	62	es	MLG/Text/009c9ea4.olang	¡1!
1	AVD00003	1	0xbc4a75	62	fr	MLG/Text/009c9ea4.olang	1...
1	AVD00003	1	0xbc4a75	62	fr	EXLANG/Text/00c7f1dd.olang	
1	AVD00003	1	0xbc4a75	62	it	MLG/Text/009c9ea4.olang	1...
1	AVD00003	1	0xbc4a75	62	it	EXLANG/Text/00c7f1dd.olang	
1	AVD00003	1	0xbc4a75	62	ja	MLG/Text/009c9ea4.olang	1
1	AVD00003	1	0xbc4a75	62	ja	EXLANG/Text/00c7f1dd.olang	
1	AVD00003	1	0xbc4a75	62	pt	EXLANG/Text/00c7f1dd.olang	1!
1	AVD00003	1	0xbc4a75	63	de	MLG/Text/009c9ea4.olang	... Zündung!
1	AVD00003	1	0xbc4a75	63	de	EXLANG/Text/00c7f1dd.olang	
1	AVD00003	1	0xbc4a75	63	en	MLG/Text/009c9ea4.olang	Launch!
1	AVD00003	1	0xbc4a75	63	en	EXLANG/Text/00c7f1dd.olang	
1	AVD00003	1	0xbc4a75	63	es	MLG/Text/009c9ea4.olang	¡Lanzamiento!
1	AVD00003	1	0xbc4a75	63	fr	MLG/Text/009c9ea4.olang	Lancement !
1	AVD00003	1	0xbc4a75	63	fr	EXLANG/Text/00c7f1dd.olang	
1	AVD00003	1	0xbc4a75	63	it	MLG/Text/009c9ea4.olang	Lancio!
1	AVD00003	1	0xbc4a75	63	it	EXLANG/Text/00c7f1dd.olang	
1	AVD00003	1	0xbc4a75	63	ja	MLG/Text/009c9ea4.olang	発射
1	AVD00003	1	0xbc4a75	63	ja	EXLANG/Text/00c7f1dd.olang	
1	AVD00003	1	0xbc4a75	63	pt	EXLANG/Text/00c7f1dd.olang	Lançar!
1	AVD00003	1	0xbc4a75	64	de	MLG/Text/009c9ea4.olang	Drei Minuten bis zur Zündung!
1	AVD00003	1	0xbc4a75	64	de	EXLANG/Text/00c7f1dd.olang	
1	AVD00003	1	0xbc4a75	64	en	MLG/Text/009c9ea4.olang	Three minutes to launch!
1	AVD00003	1	0xbc4a75	64	en	EXLANG/Text/00c7f1dd.olang	
1	AVD00003	1	0xbc4a75	64	es	MLG/Text/009c9ea4.olang	¡Tres minutos para el lanzamiento!
1	AVD00003	1	0xbc4a75	64	fr	MLG/Text/009c9ea4.olang	Trois minutes avant lancement !
1	AVD00003	1	0xbc4a75	64	fr	EXLANG/Text/00c7f1dd.olang	
1	AVD00003	1	0xbc4a75	64	it	MLG/Text/009c9ea4.olang	Tre minuti al lancio.
1	AVD00003	1	0xbc4a75	64	it	EXLANG/Text/00c7f1dd.olang	
1	AVD00003	1	0xbc4a75	64	ja	MLG/Text/009c9ea4.olang	発射3分前
1	AVD00003	1	0xbc4a75	64	ja	EXLANG/Text/00c7f1dd.olang	
1	AVD00003	1	0xbc4a75	64	pt	EXLANG/Text/00c7f1dd.olang	Três minutos para o lançamento!
1	AVD00003	1	0xbc4a75	65	de	MLG/Text/009c9ea4.olang	Eine Minute bis zur Zündung!
1	AVD00003	1	0xbc4a75	65	de	EXLANG/Text/00c7f1dd.olang	
1	AVD00003	1	0xbc4a75	65	en	MLG/Text/009c9ea4.olang	One minute to launch!
1	AVD00003	1	0xbc4a75	65	en	EXLANG/Text/00c7f1dd.olang	
1	AVD00003	1	0xbc4a75	65	es	MLG/Text/009c9ea4.olang	¡Un minuto para el lanzamiento!
1	AVD00003	1	0xbc4a75	65	fr	MLG/Text/009c9ea4.olang	Une minute avant lancement !
1	AVD00003	1	0xbc4a75	65	fr	EXLANG/Text/00c7f1dd.olang	
1	AVD00003	1	0xbc4a75	65	it	MLG/Text/009c9ea4.olang	Un minuto al lancio!
1	AVD00003	1	0xbc4a75	65	it	EXLANG/Text/00c7f1dd.olang	
1	AVD00003	1	0xbc4a75	65	ja	MLG/Text/009c9ea4.olang	発射１分前
1	AVD00003	1	0xbc4a75	65	ja	EXLANG/Text/00c7f1dd.olang	
1	AVD00003	1	0xbc4a75	65	pt	EXLANG/Text/00c7f1dd.olang	Um minuto para o lançamento!
1	AVD00003	1	0xbc4a75	66	de	MLG/Text/009c9ea4.olang	Dreißig Sekunden bis zur Zündung!
1	AVD00003	1	0xbc4a75	66	de	EXLANG/Text/00c7f1dd.olang	
1	AVD00003	1	0xbc4a75	66	en	MLG/Text/009c9ea4.olang	Thirty seconds to launch!
1	AVD00003	1	0xbc4a75	66	en	EXLANG/Text/00c7f1dd.olang	
1	AVD00003	1	0xbc4a75	66	es	MLG/Text/009c9ea4.olang	¡Treinta segundos para el lanzamiento!
1	AVD00003	1	0xbc4a75	66	fr	MLG/Text/009c9ea4.olang	Trente secondes avant lancement !
1	AVD00003	1	0xbc4a75	66	fr	EXLANG/Text/00c7f1dd.olang	
1	AVD00003	1	0xbc4a75	66	it	MLG/Text/009c9ea4.olang	Trenta secondi al lancio!
1	AVD00003	1	0xbc4a75	66	it	EXLANG/Text/00c7f1dd.olang	
1	AVD00003	1	0xbc4a75	66	ja	MLG/Text/009c9ea4.olang	発射30秒前
1	AVD00003	1	0xbc4a75	66	ja	EXLANG/Text/00c7f1dd.olang	
1	AVD00003	1	0xbc4a75	66	pt	EXLANG/Text/00c7f1dd.olang	Trinta segundos para o lançamento!
1	AVD00003	1	0xbc4a75	67	de	MLG/Text/009c9ea4.olang	Kritische Beinschäden.
1	AVD00003	1	0xbc4a75	67	de	EXLANG/Text/00c7f1dd.olang	
1	AVD00003	1	0xbc4a75	67	en	MLG/Text/009c9ea4.olang	Leg damage critical!
1	AVD00003	1	0xbc4a75	67	en	EXLANG/Text/00c7f1dd.olang	
1	AVD00003	1	0xbc4a75	67	es	MLG/Text/009c9ea4.olang	Daño crítico en la pierna.
1	AVD00003	1	0xbc4a75	67	fr	MLG/Text/009c9ea4.olang	Dégâts critiques à la jambe.
1	AVD00003	1	0xbc4a75	67	fr	EXLANG/Text/00c7f1dd.olang	
1	AVD00003	1	0xbc4a75	67	it	MLG/Text/009c9ea4.olang	Rilevato danno critico alla gamba.
1	AVD00003	1	0xbc4a75	67	it	EXLANG/Text/00c7f1dd.olang	
1	AVD00003	1	0xbc4a75	67	ja	MLG/Text/009c9ea4.olang	脚部損傷
1	AVD00003	1	0xbc4a75	67	ja	EXLANG/Text/00c7f1dd.olang	
1	AVD00003	1	0xbc4a75	67	pt	EXLANG/Text/00c7f1dd.olang	Dano crítico nas pernas!
1	AVD00003	1	0xbc4a75	68	de	MLG/Text/009c9ea4.olang	Waffenbehälter zerstört.
1	AVD00003	1	0xbc4a75	68	de	EXLANG/Text/00c7f1dd.olang	
1	AVD00003	1	0xbc4a75	68	en	MLG/Text/009c9ea4.olang	Weapon container destroyed!
1	AVD00003	1	0xbc4a75	68	en	EXLANG/Text/00c7f1dd.olang	
1	AVD00003	1	0xbc4a75	68	es	MLG/Text/009c9ea4.olang	Contenedor de armas destruido.
1	AVD00003	1	0xbc4a75	68	fr	MLG/Text/009c9ea4.olang	Conteneur d'arme détruit.
1	AVD00003	1	0xbc4a75	68	fr	EXLANG/Text/00c7f1dd.olang	
1	AVD00003	1	0xbc4a75	68	it	MLG/Text/009c9ea4.olang	Compartimento armi distrutto.
1	AVD00003	1	0xbc4a75	68	it	EXLANG/Text/00c7f1dd.olang	
1	AVD00003	1	0xbc4a75	68	ja	MLG/Text/009c9ea4.olang	ウェポンコンテナ破損
1	AVD00003	1	0xbc4a75	68	ja	EXLANG/Text/00c7f1dd.olang	
1	AVD00003	1	0xbc4a75	68	pt	EXLANG/Text/00c7f1dd.olang	Contêiner de armas destruído!
1	AVD00003	1	0xbc4a75	69	de	MLG/Text/009c9ea4.olang	Du bist stärker geworden ...
1	AVD00003	1	0xbc4a75	69	de	EXLANG/Text/00c7f1dd.olang	
1	AVD00003	1	0xbc4a75	69	en	MLG/Text/009c9ea4.olang	You've gotten stronger...
1	AVD00003	1	0xbc4a75	69	en	EXLANG/Text/00c7f1dd.olang	
1	AVD00003	1	0xbc4a75	69	es	MLG/Text/009c9ea4.olang	Te has vuelto más fuerte.
1	AVD00003	1	0xbc4a75	69	fr	MLG/Text/009c9ea4.olang	Tu es plus fort...
1	AVD00003	1	0xbc4a75	69	fr	EXLANG/Text/00c7f1dd.olang	
1	AVD00003	1	0xbc4a75	69	it	MLG/Text/009c9ea4.olang	Sei più forte...
1	AVD00003	1	0xbc4a75	69	it	EXLANG/Text/00c7f1dd.olang	
1	AVD00003	1	0xbc4a75	69	ja	MLG/Text/009c9ea4.olang	強くなったな
1	AVD00003	1	0xbc4a75	69	ja	EXLANG/Text/00c7f1dd.olang	
1	AVD00003	1	0xbc4a75	69	pt	EXLANG/Text/00c7f1dd.olang	Você ficou mais forte...
1	AVD00003	1	0xbc4a75	70	de	MLG/Text/009c9ea4.olang	Dann mal los.
1	AVD00003	1	0xbc4a75	70	de	EXLANG/Text/00c7f1dd.olang	
1	AVD00003	1	0xbc4a75	70	en	MLG/Text/009c9ea4.olang	Bring it on!
1	AVD00003	1	0xbc4a75	70	en	EXLANG/Text/00c7f1dd.olang	
1	AVD00003	1	0xbc4a75	70	es	MLG/Text/009c9ea4.olang	Adelante.
1	AVD00003	1	0xbc4a75	70	fr	MLG/Text/009c9ea4.olang	Allez.
1	AVD00003	1	0xbc4a75	70	fr	EXLANG/Text/00c7f1dd.olang	
1	AVD00003	1	0xbc4a75	70	it	MLG/Text/009c9ea4.olang	Forza.
1	AVD00003	1	0xbc4a75	70	it	EXLANG/Text/00c7f1dd.olang	
1	AVD00003	1	0xbc4a75	70	ja	MLG/Text/009c9ea4.olang	行くぞ！
1	AVD00003	1	0xbc4a75	70	ja	EXLANG/Text/00c7f1dd.olang	
1	AVD00003	1	0xbc4a75	70	pt	EXLANG/Text/00c7f1dd.olang	Pode vir!
1	AVD00003	1	0xbc4a75	71	de	MLG/Text/009c9ea4.olang	
1	AVD00003	1	0xbc4a75	71	de	EXLANG/Text/00c7f1dd.olang	
1	AVD00003	1	0xbc4a75	71	en	MLG/Text/009c9ea4.olang	
1	AVD00003	1	0xbc4a75	71	en	EXLANG/Text/00c7f1dd.olang	
1	AVD00003	1	0xbc4a75	71	es	MLG/Text/009c9ea4.olang	
1	AVD00003	1	0xbc4a75	71	fr	MLG/Text/009c9ea4.olang	
1	AVD00003	1	0xbc4a75	71	fr	EXLANG/Text/00c7f1dd.olang	
1	AVD00003	1	0xbc4a75	71	it	MLG/Text/009c9ea4.olang	
1	AVD00003	1	0xbc4a75	71	it	EXLANG/Text/00c7f1dd.olang	
1	AVD00003	1	0xbc4a75	71	ja	MLG/Text/009c9ea4.olang	
1	AVD00003	1	0xbc4a75	71	ja	EXLANG/Text/00c7f1dd.olang	
1	AVD00003	1	0xbc4a75	71	pt	EXLANG/Text/00c7f1dd.olang	
1	AVD00003	1	0xbc4a75	72	de	MLG/Text/009c9ea4.olang	
1	AVD00003	1	0xbc4a75	72	de	EXLANG/Text/00c7f1dd.olang	
1	AVD00003	1	0xbc4a75	72	en	MLG/Text/009c9ea4.olang	
1	AVD00003	1	0xbc4a75	72	en	EXLANG/Text/00c7f1dd.olang	
1	AVD00003	1	0xbc4a75	72	es	MLG/Text/009c9ea4.olang	
1	AVD00003	1	0xbc4a75	72	fr	MLG/Text/009c9ea4.olang	
1	AVD00003	1	0xbc4a75	72	fr	EXLANG/Text/00c7f1dd.olang	
1	AVD00003	1	0xbc4a75	72	it	MLG/Text/009c9ea4.olang	
1	AVD00003	1	0xbc4a75	72	it	EXLANG/Text/00c7f1dd.olang	
1	AVD00003	1	0xbc4a75	72	ja	MLG/Text/009c9ea4.olang	
1	AVD00003	1	0xbc4a75	72	ja	EXLANG/Text/00c7f1dd.olang	
1	AVD00003	1	0xbc4a75	72	pt	EXLANG/Text/00c7f1dd.olang	
1	AVD00003	1	0xbc4a75	73	de	MLG/Text/009c9ea4.olang	
1	AVD00003	1	0xbc4a75	73	de	EXLANG/Text/00c7f1dd.olang	
1	AVD00003	1	0xbc4a75	73	en	MLG/Text/009c9ea4.olang	
1	AVD00003	1	0xbc4a75	73	en	EXLANG/Text/00c7f1dd.olang	
1	AVD00003	1	0xbc4a75	73	es	MLG/Text/009c9ea4.olang	
1	AVD00003	1	0xbc4a75	73	fr	MLG/Text/009c9ea4.olang	
1	AVD00003	1	0xbc4a75	73	fr	EXLANG/Text/00c7f1dd.olang	
1	AVD00003	1	0xbc4a75	73	it	MLG/Text/009c9ea4.olang	
1	AVD00003	1	0xbc4a75	73	it	EXLANG/Text/00c7f1dd.olang	
1	AVD00003	1	0xbc4a75	73	ja	MLG/Text/009c9ea4.olang	
1	AVD00003	1	0xbc4a75	73	ja	EXLANG/Text/00c7f1dd.olang	
1	AVD00003	1	0xbc4a75	73	pt	EXLANG/Text/00c7f1dd.olang	
1	AVD00003	2	0x468863	0	de	MLG/Text/009c9ea4.olang	
1	AVD00003	2	0x468863	0	de	EXLANG/Text/00c7f1dd.olang	
1	AVD00003	2	0x468863	0	en	MLG/Text/009c9ea4.olang	
1	AVD00003	2	0x468863	0	en	EXLANG/Text/00c7f1dd.olang	
1	AVD00003	2	0x468863	0	es	MLG/Text/009c9ea4.olang	
1	AVD00003	2	0x468863	0	fr	MLG/Text/009c9ea4.olang	
1	AVD00003	2	0x468863	0	fr	EXLANG/Text/00c7f1dd.olang	
1	AVD00003	2	0x468863	0	it	MLG/Text/009c9ea4.olang	
1	AVD00003	2	0x468863	0	it	EXLANG/Text/00c7f1dd.olang	
1	AVD00003	2	0x468863	0	ja	MLG/Text/009c9ea4.olang	
1	AVD00003	2	0x468863	0	ja	EXLANG/Text/00c7f1dd.olang	
1	AVD00003	2	0x468863	0	pt	EXLANG/Text/00c7f1dd.olang	
1	AVD00003	2	0x468863	1	de	MLG/Text/009c9ea4.olang	
1	AVD00003	2	0x468863	1	de	EXLANG/Text/00c7f1dd.olang	
1	AVD00003	2	0x468863	1	en	MLG/Text/009c9ea4.olang	
1	AVD00003	2	0x468863	1	en	EXLANG/Text/00c7f1dd.olang	
1	AVD00003	2	0x468863	1	es	MLG/Text/009c9ea4.olang	
1	AVD00003	2	0x468863	1	fr	MLG/Text/009c9ea4.olang	
1	AVD00003	2	0x468863	1	fr	EXLANG/Text/00c7f1dd.olang	
1	AVD00003	2	0x468863	1	it	MLG/Text/009c9ea4.olang	
1	AVD00003	2	0x468863	1	it	EXLANG/Text/00c7f1dd.olang	
1	AVD00003	2	0x468863	1	ja	MLG/Text/009c9ea4.olang	まっぺんやったるわ！
1	AVD00003	2	0x468863	1	ja	EXLANG/Text/00c7f1dd.olang	
1	AVD00003	2	0x468863	1	pt	EXLANG/Text/00c7f1dd.olang	
1	AVD00003	2	0x468863	2	de	MLG/Text/009c9ea4.olang	
1	AVD00003	2	0x468863	2	de	EXLANG/Text/00c7f1dd.olang	
1	AVD00003	2	0x468863	2	en	MLG/Text/009c9ea4.olang	
1	AVD00003	2	0x468863	2	en	EXLANG/Text/00c7f1dd.olang	
1	AVD00003	2	0x468863	2	es	MLG/Text/009c9ea4.olang	
1	AVD00003	2	0x468863	2	fr	MLG/Text/009c9ea4.olang	
1	AVD00003	2	0x468863	2	fr	EXLANG/Text/00c7f1dd.olang	
1	AVD00003	2	0x468863	2	it	MLG/Text/009c9ea4.olang	
1	AVD00003	2	0x468863	2	it	EXLANG/Text/00c7f1dd.olang	
1	AVD00003	2	0x468863	2	ja	MLG/Text/009c9ea4.olang	おうじょうこくわ～、反撃せんといかん
1	AVD00003	2	0x468863	2	ja	EXLANG/Text/00c7f1dd.olang	
1	AVD00003	2	0x468863	2	pt	EXLANG/Text/00c7f1dd.olang	
1	AVD00003	2	0x468863	3	de	MLG/Text/009c9ea4.olang	
1	AVD00003	2	0x468863	3	de	EXLANG/Text/00c7f1dd.olang	
1	AVD00003	2	0x468863	3	en	MLG/Text/009c9ea4.olang	
1	AVD00003	2	0x468863	3	en	EXLANG/Text/00c7f1dd.olang	
1	AVD00003	2	0x468863	3	es	MLG/Text/009c9ea4.olang	
1	AVD00003	2	0x468863	3	fr	MLG/Text/009c9ea4.olang	
1	AVD00003	2	0x468863	3	fr	EXLANG/Text/00c7f1dd.olang	
1	AVD00003	2	0x468863	3	it	MLG/Text/009c9ea4.olang	
1	AVD00003	2	0x468863	3	it	EXLANG/Text/00c7f1dd.olang	
1	AVD00003	2	0x468863	3	ja	MLG/Text/009c9ea4.olang	まぁ～かん、自己防衛モードにしてまうぞ！
1	AVD00003	2	0x468863	3	ja	EXLANG/Text/00c7f1dd.olang	
1	AVD00003	2	0x468863	3	pt	EXLANG/Text/00c7f1dd.olang	
1	AVD00003	2	0x468863	4	de	MLG/Text/009c9ea4.olang	
1	AVD00003	2	0x468863	4	de	EXLANG/Text/00c7f1dd.olang	
1	AVD00003	2	0x468863	4	en	MLG/Text/009c9ea4.olang	
1	AVD00003	2	0x468863	4	en	EXLANG/Text/00c7f1dd.olang	
1	AVD00003	2	0x468863	4	es	MLG/Text/009c9ea4.olang	
1	AVD00003	2	0x468863	4	fr	MLG/Text/009c9ea4.olang	
1	AVD00003	2	0x468863	4	fr	EXLANG/Text/00c7f1dd.olang	
1	AVD00003	2	0x468863	4	it	MLG/Text/009c9ea4.olang	
1	AVD00003	2	0x468863	4	it	EXLANG/Text/00c7f1dd.olang	
1	AVD00003	2	0x468863	4	ja	MLG/Text/009c9ea4.olang	めちゃんこ、ちんちこちんだでよ～
1	AVD00003	2	0x468863	4	ja	EXLANG/Text/00c7f1dd.olang	
1	AVD00003	2	0x468863	4	pt	EXLANG/Text/00c7f1dd.olang	
1	AVD00003	2	0x468863	5	de	MLG/Text/009c9ea4.olang	
1	AVD00003	2	0x468863	5	de	EXLANG/Text/00c7f1dd.olang	
1	AVD00003	2	0x468863	5	en	MLG/Text/009c9ea4.olang	
1	AVD00003	2	0x468863	5	en	EXLANG/Text/00c7f1dd.olang	
1	AVD00003	2	0x468863	5	es	MLG/Text/009c9ea4.olang	
1	AVD00003	2	0x468863	5	fr	MLG/Text/009c9ea4.olang	
1	AVD00003	2	0x468863	5	fr	EXLANG/Text/00c7f1dd.olang	
1	AVD00003	2	0x468863	5	it	MLG/Text/009c9ea4.olang	
1	AVD00003	2	0x468863	5	it	EXLANG/Text/00c7f1dd.olang	
1	AVD00003	2	0x468863	5	ja	MLG/Text/009c9ea4.olang	よーけ喰らわしたる！
1	AVD00003	2	0x468863	5	ja	EXLANG/Text/00c7f1dd.olang	
1	AVD00003	2	0x468863	5	pt	EXLANG/Text/00c7f1dd.olang	
1	AVD00003	2	0x468863	6	de	MLG/Text/009c9ea4.olang	
1	AVD00003	2	0x468863	6	de	EXLANG/Text/00c7f1dd.olang	
1	AVD00003	2	0x468863	6	en	MLG/Text/009c9ea4.olang	
1	AVD00003	2	0x468863	6	en	EXLANG/Text/00c7f1dd.olang	
1	AVD00003	2	0x468863	6	es	MLG/Text/009c9ea4.olang	
1	AVD00003	2	0x468863	6	fr	MLG/Text/009c9ea4.olang	
1	AVD00003	2	0x468863	6	fr	EXLANG/Text/00c7f1dd.olang	
1	AVD00003	2	0x468863	6	it	MLG/Text/009c9ea4.olang	
1	AVD00003	2	0x468863	6	it	EXLANG/Text/00c7f1dd.olang	
1	AVD00003	2	0x468863	6	ja	MLG/Text/009c9ea4.olang	ワヤにしたるがや！
1	AVD00003	2	0x468863	6	ja	EXLANG/Text/00c7f1dd.olang	
1	AVD00003	2	0x468863	6	pt	EXLANG/Text/00c7f1dd.olang	
1	AVD00003	2	0x468863	7	de	MLG/Text/009c9ea4.olang	
1	AVD00003	2	0x468863	7	de	EXLANG/Text/00c7f1dd.olang	
1	AVD00003	2	0x468863	7	en	MLG/Text/009c9ea4.olang	
1	AVD00003	2	0x468863	7	en	EXLANG/Text/00c7f1dd.olang	
1	AVD00003	2	0x468863	7	es	MLG/Text/009c9ea4.olang	
1	AVD00003	2	0x468863	7	fr	MLG/Text/009c9ea4.olang	
1	AVD00003	2	0x468863	7	fr	EXLANG/Text/00c7f1dd.olang	
1	AVD00003	2	0x468863	7	it	MLG/Text/009c9ea4.olang	
1	AVD00003	2	0x468863	7	it	EXLANG/Text/00c7f1dd.olang	
1	AVD00003	2	0x468863	7	ja	MLG/Text/009c9ea4.olang	いっぺん死んでちょう！
1	AVD00003	2	0x468863	7	ja	EXLANG/Text/00c7f1dd.olang	
1	AVD00003	2	0x468863	7	pt	EXLANG/Text/00c7f1dd.olang	
1	AVD00003	2	0x468863	8	de	MLG/Text/009c9ea4.olang	
1	AVD00003	2	0x468863	8	de	EXLANG/Text/00c7f1dd.olang	
1	AVD00003	2	0x468863	8	en	MLG/Text/009c9ea4.olang	
1	AVD00003	2	0x468863	8	en	EXLANG/Text/00c7f1dd.olang	
1	AVD00003	2	0x468863	8	es	MLG/Text/009c9ea4.olang	
1	AVD00003	2	0x468863	8	fr	MLG/Text/009c9ea4.olang	
1	AVD00003	2	0x468863	8	fr	EXLANG/Text/00c7f1dd.olang	
1	AVD00003	2	0x468863	8	it	MLG/Text/009c9ea4.olang	
1	AVD00003	2	0x468863	8	it	EXLANG/Text/00c7f1dd.olang	
1	AVD00003	2	0x468863	8	ja	MLG/Text/009c9ea4.olang	いごかんといてちょう！
1	AVD00003	2	0x468863	8	ja	EXLANG/Text/00c7f1dd.olang	
1	AVD00003	2	0x468863	8	pt	EXLANG/Text/00c7f1dd.olang	
1	AVD00003	2	0x468863	9	de	MLG/Text/009c9ea4.olang	
1	AVD00003	2	0x468863	9	de	EXLANG/Text/00c7f1dd.olang	
1	AVD00003	2	0x468863	9	en	MLG/Text/009c9ea4.olang	
1	AVD00003	2	0x468863	9	en	EXLANG/Text/00c7f1dd.olang	
1	AVD00003	2	0x468863	9	es	MLG/Text/009c9ea4.olang	
1	AVD00003	2	0x468863	9	fr	MLG/Text/009c9ea4.olang	
1	AVD00003	2	0x468863	9	fr	EXLANG/Text/00c7f1dd.olang	
1	AVD00003	2	0x468863	9	it	MLG/Text/009c9ea4.olang	
1	AVD00003	2	0x468863	9	it	EXLANG/Text/00c7f1dd.olang	
1	AVD00003	2	0x468863	9	ja	MLG/Text/009c9ea4.olang	どえりゃあ電磁パルスや！
1	AVD00003	2	0x468863	9	ja	EXLANG/Text/00c7f1dd.olang	
1	AVD00003	2	0x468863	9	pt	EXLANG/Text/00c7f1dd.olang	
1	AVD00003	2	0x468863	10	de	MLG/Text/009c9ea4.olang	
1	AVD00003	2	0x468863	10	de	EXLANG/Text/00c7f1dd.olang	
1	AVD00003	2	0x468863	10	en	MLG/Text/009c9ea4.olang	
1	AVD00003	2	0x468863	10	en	EXLANG/Text/00c7f1dd.olang	
1	AVD00003	2	0x468863	10	es	MLG/Text/009c9ea4.olang	
1	AVD00003	2	0x468863	10	fr	MLG/Text/009c9ea4.olang	
1	AVD00003	2	0x468863	10	fr	EXLANG/Text/00c7f1dd.olang	
1	AVD00003	2	0x468863	10	it	MLG/Text/009c9ea4.olang	
1	AVD00003	2	0x468863	10	it	EXLANG/Text/00c7f1dd.olang	
1	AVD00003	2	0x468863	10	ja	MLG/Text/009c9ea4.olang	ダッシュするで、気つけんといかんぞ～！
1	AVD00003	2	0x468863	10	ja	EXLANG/Text/00c7f1dd.olang	
1	AVD00003	2	0x468863	10	pt	EXLANG/Text/00c7f1dd.olang	
1	AVD00003	2	0x468863	11	de	MLG/Text/009c9ea4.olang	
1	AVD00003	2	0x468863	11	de	EXLANG/Text/00c7f1dd.olang	
1	AVD00003	2	0x468863	11	en	MLG/Text/009c9ea4.olang	
1	AVD00003	2	0x468863	11	en	EXLANG/Text/00c7f1dd.olang	
1	AVD00003	2	0x468863	11	es	MLG/Text/009c9ea4.olang	
1	AVD00003	2	0x468863	11	fr	MLG/Text/009c9ea4.olang	
1	AVD00003	2	0x468863	11	fr	EXLANG/Text/00c7f1dd.olang	
1	AVD00003	2	0x468863	11	it	MLG/Text/009c9ea4.olang	
1	AVD00003	2	0x468863	11	it	EXLANG/Text/00c7f1dd.olang	
1	AVD00003	2	0x468863	11	ja	MLG/Text/009c9ea4.olang	ちゃっと飛んだるがね！
1	AVD00003	2	0x468863	11	ja	EXLANG/Text/00c7f1dd.olang	
1	AVD00003	2	0x468863	11	pt	EXLANG/Text/00c7f1dd.olang	
1	AVD00003	2	0x468863	12	de	MLG/Text/009c9ea4.olang	
1	AVD00003	2	0x468863	12	de	EXLANG/Text/00c7f1dd.olang	
1	AVD00003	2	0x468863	12	en	MLG/Text/009c9ea4.olang	
1	AVD00003	2	0x468863	12	en	EXLANG/Text/00c7f1dd.olang	
1	AVD00003	2	0x468863	12	es	MLG/Text/009c9ea4.olang	
1	AVD00003	2	0x468863	12	fr	MLG/Text/009c9ea4.olang	
1	AVD00003	2	0x468863	12	fr	EXLANG/Text/00c7f1dd.olang	
1	AVD00003	2	0x468863	12	it	MLG/Text/009c9ea4.olang	
1	AVD00003	2	0x468863	12	it	EXLANG/Text/00c7f1dd.olang	
1	AVD00003	2	0x468863	12	ja	MLG/Text/009c9ea4.olang	まあちょっとで発射するわ～
1	AVD00003	2	0x468863	12	ja	EXLANG/Text/00c7f1dd.olang	
1	AVD00003	2	0x468863	12	pt	EXLANG/Text/00c7f1dd.olang	
1	AVD00003	2	0x468863	13	de	MLG/Text/009c9ea4.olang	
1	AVD00003	2	0x468863	13	de	EXLANG/Text/00c7f1dd.olang	
1	AVD00003	2	0x468863	13	en	MLG/Text/009c9ea4.olang	
1	AVD00003	2	0x468863	13	en	EXLANG/Text/00c7f1dd.olang	
1	AVD00003	2	0x468863	13	es	MLG/Text/009c9ea4.olang	
1	AVD00003	2	0x468863	13	fr	MLG/Text/009c9ea4.olang	
1	AVD00003	2	0x468863	13	fr	EXLANG/Text/00c7f1dd.olang	
1	AVD00003	2	0x468863	13	it	MLG/Text/009c9ea4.olang	
1	AVD00003	2	0x468863	13	it	EXLANG/Text/00c7f1dd.olang	
1	AVD00003	2	0x468863	13	ja	MLG/Text/009c9ea4.olang	発射角度設定もーはい完了
1	AVD00003	2	0x468863	13	ja	EXLANG/Text/00c7f1dd.olang	
1	AVD00003	2	0x468863	13	pt	EXLANG/Text/00c7f1dd.olang	
1	AVD00003	2	0x468863	14	de	MLG/Text/009c9ea4.olang	
1	AVD00003	2	0x468863	14	de	EXLANG/Text/00c7f1dd.olang	
1	AVD00003	2	0x468863	14	en	MLG/Text/009c9ea4.olang	
1	AVD00003	2	0x468863	14	en	EXLANG/Text/00c7f1dd.olang	
1	AVD00003	2	0x468863	14	es	MLG/Text/009c9ea4.olang	
1	AVD00003	2	0x468863	14	fr	MLG/Text/009c9ea4.olang	
1	AVD00003	2	0x468863	14	fr	EXLANG/Text/00c7f1dd.olang	
1	AVD00003	2	0x468863	14	it	MLG/Text/009c9ea4.olang	
1	AVD00003	2	0x468863	14	it	EXLANG/Text/00c7f1dd.olang	
1	AVD00003	2	0x468863	14	ja	MLG/Text/009c9ea4.olang	ミサイルハッチ開けるがね！
1	AVD00003	2	0x468863	14	ja	EXLANG/Text/00c7f1dd.olang	
1	AVD00003	2	0x468863	14	pt	EXLANG/Text/00c7f1dd.olang	
1	AVD00003	2	0x468863	15	de	MLG/Text/009c9ea4.olang	
1	AVD00003	2	0x468863	15	de	EXLANG/Text/00c7f1dd.olang	
1	AVD00003	2	0x468863	15	en	MLG/Text/009c9ea4.olang	
1	AVD00003	2	0x468863	15	en	EXLANG/Text/00c7f1dd.olang	
1	AVD00003	2	0x468863	15	es	MLG/Text/009c9ea4.olang	
1	AVD00003	2	0x468863	15	fr	MLG/Text/009c9ea4.olang	
1	AVD00003	2	0x468863	15	fr	EXLANG/Text/00c7f1dd.olang	
1	AVD00003	2	0x468863	15	it	MLG/Text/009c9ea4.olang	
1	AVD00003	2	0x468863	15	it	EXLANG/Text/00c7f1dd.olang	
1	AVD00003	2	0x468863	15	ja	MLG/Text/009c9ea4.olang	火がついてまった
1	AVD00003	2	0x468863	15	ja	EXLANG/Text/00c7f1dd.olang	
1	AVD00003	2	0x468863	15	pt	EXLANG/Text/00c7f1dd.olang	
1	AVD00003	2	0x468863	16	de	MLG/Text/009c9ea4.olang	
1	AVD00003	2	0x468863	16	de	EXLANG/Text/00c7f1dd.olang	
1	AVD00003	2	0x468863	16	en	MLG/Text/009c9ea4.olang	
1	AVD00003	2	0x468863	16	en	EXLANG/Text/00c7f1dd.olang	
1	AVD00003	2	0x468863	16	es	MLG/Text/009c9ea4.olang	
1	AVD00003	2	0x468863	16	fr	MLG/Text/009c9ea4.olang	
1	AVD00003	2	0x468863	16	fr	EXLANG/Text/00c7f1dd.olang	
1	AVD00003	2	0x468863	16	it	MLG/Text/009c9ea4.olang	
1	AVD00003	2	0x468863	16	it	EXLANG/Text/00c7f1dd.olang	
1	AVD00003	2	0x468863	16	ja	MLG/Text/009c9ea4.olang	10
1	AVD00003	2	0x468863	16	ja	EXLANG/Text/00c7f1dd.olang	
1	AVD00003	2	0x468863	16	pt	EXLANG/Text/00c7f1dd.olang	
1	AVD00003	2	0x468863	17	de	MLG/Text/009c9ea4.olang	
1	AVD00003	2	0x468863	17	de	EXLANG/Text/00c7f1dd.olang	
1	AVD00003	2	0x468863	17	en	MLG/Text/009c9ea4.olang	
1	AVD00003	2	0x468863	17	en	EXLANG/Text/00c7f1dd.olang	
1	AVD00003	2	0x468863	17	es	MLG/Text/009c9ea4.olang	
1	AVD00003	2	0x468863	17	fr	MLG/Text/009c9ea4.olang	
1	AVD00003	2	0x468863	17	fr	EXLANG/Text/00c7f1dd.olang	
1	AVD00003	2	0x468863	17	it	MLG/Text/009c9ea4.olang	
1	AVD00003	2	0x468863	17	it	EXLANG/Text/00c7f1dd.olang	
1	AVD00003	2	0x468863	17	ja	MLG/Text/009c9ea4.olang	9
1	AVD00003	2	0x468863	17	ja	EXLANG/Text/00c7f1dd.olang	
1	AVD00003	2	0x468863	17	pt	EXLANG/Text/00c7f1dd.olang	
1	AVD00003	2	0x468863	18	de	MLG/Text/009c9ea4.olang	
1	AVD00003	2	0x468863	18	de	EXLANG/Text/00c7f1dd.olang	
1	AVD00003	2	0x468863	18	en	MLG/Text/009c9ea4.olang	
1	AVD00003	2	0x468863	18	en	EXLANG/Text/00c7f1dd.olang	
1	AVD00003	2	0x468863	18	es	MLG/Text/009c9ea4.olang	
1	AVD00003	2	0x468863	18	fr	MLG/Text/009c9ea4.olang	
1	AVD00003	2	0x468863	18	fr	EXLANG/Text/00c7f1dd.olang	
1	AVD00003	2	0x468863	18	it	MLG/Text/009c9ea4.olang	
1	AVD00003	2	0x468863	18	it	EXLANG/Text/00c7f1dd.olang	
1	AVD00003	2	0x468863	18	ja	MLG/Text/009c9ea4.olang	8
1	AVD00003	2	0x468863	18	ja	EXLANG/Text/00c7f1dd.olang	
1	AVD00003	2	0x468863	18	pt	EXLANG/Text/00c7f1dd.olang	
1	AVD00003	2	0x468863	19	de	MLG/Text/009c9ea4.olang	
1	AVD00003	2	0x468863	19	de	EXLANG/Text/00c7f1dd.olang	
1	AVD00003	2	0x468863	19	en	MLG/Text/009c9ea4.olang	
1	AVD00003	2	0x468863	19	en	EXLANG/Text/00c7f1dd.olang	
1	AVD00003	2	0x468863	19	es	MLG/Text/009c9ea4.olang	
1	AVD00003	2	0x468863	19	fr	MLG/Text/009c9ea4.olang	
1	AVD00003	2	0x468863	19	fr	EXLANG/Text/00c7f1dd.olang	
1	AVD00003	2	0x468863	19	it	MLG/Text/009c9ea4.olang	
1	AVD00003	2	0x468863	19	it	EXLANG/Text/00c7f1dd.olang	
1	AVD00003	2	0x468863	19	ja	MLG/Text/009c9ea4.olang	7
1	AVD00003	2	0x468863	19	ja	EXLANG/Text/00c7f1dd.olang	
1	AVD00003	2	0x468863	19	pt	EXLANG/Text/00c7f1dd.olang	
1	AVD00003	2	0x468863	20	de	MLG/Text/009c9ea4.olang	
1	AVD00003	2	0x468863	20	de	EXLANG/Text/00c7f1dd.olang	
1	AVD00003	2	0x468863	20	en	MLG/Text/009c9ea4.olang	
1	AVD00003	2	0x468863	20	en	EXLANG/Text/00c7f1dd.olang	
1	AVD00003	2	0x468863	20	es	MLG/Text/009c9ea4.olang	
1	AVD00003	2	0x468863	20	fr	MLG/Text/009c9ea4.olang	
1	AVD00003	2	0x468863	20	fr	EXLANG/Text/00c7f1dd.olang	
1	AVD00003	2	0x468863	20	it	MLG/Text/009c9ea4.olang	
1	AVD00003	2	0x468863	20	it	EXLANG/Text/00c7f1dd.olang	
1	AVD00003	2	0x468863	20	ja	MLG/Text/009c9ea4.olang	6
1	AVD00003	2	0x468863	20	ja	EXLANG/Text/00c7f1dd.olang	
1	AVD00003	2	0x468863	20	pt	EXLANG/Text/00c7f1dd.olang	
1	AVD00003	2	0x468863	21	de	MLG/Text/009c9ea4.olang	
1	AVD00003	2	0x468863	21	de	EXLANG/Text/00c7f1dd.olang	
1	AVD00003	2	0x468863	21	en	MLG/Text/009c9ea4.olang	
1	AVD00003	2	0x468863	21	en	EXLANG/Text/00c7f1dd.olang	
1	AVD00003	2	0x468863	21	es	MLG/Text/009c9ea4.olang	
1	AVD00003	2	0x468863	21	fr	MLG/Text/009c9ea4.olang	
1	AVD00003	2	0x468863	21	fr	EXLANG/Text/00c7f1dd.olang	
1	AVD00003	2	0x468863	21	it	MLG/Text/009c9ea4.olang	
1	AVD00003	2	0x468863	21	it	EXLANG/Text/00c7f1dd.olang	
1	AVD00003	2	0x468863	21	ja	MLG/Text/009c9ea4.olang	5
1	AVD00003	2	0x468863	21	ja	EXLANG/Text/00c7f1dd.olang	
1	AVD00003	2	0x468863	21	pt	EXLANG/Text/00c7f1dd.olang	
1	AVD00003	2	0x468863	22	de	MLG/Text/009c9ea4.olang	
1	AVD00003	2	0x468863	22	de	EXLANG/Text/00c7f1dd.olang	
1	AVD00003	2	0x468863	22	en	MLG/Text/009c9ea4.olang	
1	AVD00003	2	0x468863	22	en	EXLANG/Text/00c7f1dd.olang	
1	AVD00003	2	0x468863	22	es	MLG/Text/009c9ea4.olang	
1	AVD00003	2	0x468863	22	fr	MLG/Text/009c9ea4.olang	
1	AVD00003	2	0x468863	22	fr	EXLANG/Text/00c7f1dd.olang	
1	AVD00003	2	0x468863	22	it	MLG/Text/009c9ea4.olang	
1	AVD00003	2	0x468863	22	it	EXLANG/Text/00c7f1dd.olang	
1	AVD00003	2	0x468863	22	ja	MLG/Text/009c9ea4.olang	4
1	AVD00003	2	0x468863	22	ja	EXLANG/Text/00c7f1dd.olang	
1	AVD00003	2	0x468863	22	pt	EXLANG/Text/00c7f1dd.olang	
1	AVD00003	2	0x468863	23	de	MLG/Text/009c9ea4.olang	
1	AVD00003	2	0x468863	23	de	EXLANG/Text/00c7f1dd.olang	
1	AVD00003	2	0x468863	23	en	MLG/Text/009c9ea4.olang	
1	AVD00003	2	0x468863	23	en	EXLANG/Text/00c7f1dd.olang	
1	AVD00003	2	0x468863	23	es	MLG/Text/009c9ea4.olang	
1	AVD00003	2	0x468863	23	fr	MLG/Text/009c9ea4.olang	
1	AVD00003	2	0x468863	23	fr	EXLANG/Text/00c7f1dd.olang	
1	AVD00003	2	0x468863	23	it	MLG/Text/009c9ea4.olang	
1	AVD00003	2	0x468863	23	it	EXLANG/Text/00c7f1dd.olang	
1	AVD00003	2	0x468863	23	ja	MLG/Text/009c9ea4.olang	3
1	AVD00003	2	0x468863	23	ja	EXLANG/Text/00c7f1dd.olang	
1	AVD00003	2	0x468863	23	pt	EXLANG/Text/00c7f1dd.olang	
1	AVD00003	2	0x468863	24	de	MLG/Text/009c9ea4.olang	
1	AVD00003	2	0x468863	24	de	EXLANG/Text/00c7f1dd.olang	
1	AVD00003	2	0x468863	24	en	MLG/Text/009c9ea4.olang	
1	AVD00003	2	0x468863	24	en	EXLANG/Text/00c7f1dd.olang	
1	AVD00003	2	0x468863	24	es	MLG/Text/009c9ea4.olang	
1	AVD00003	2	0x468863	24	fr	MLG/Text/009c9ea4.olang	
1	AVD00003	2	0x468863	24	fr	EXLANG/Text/00c7f1dd.olang	
1	AVD00003	2	0x468863	24	it	MLG/Text/009c9ea4.olang	
1	AVD00003	2	0x468863	24	it	EXLANG/Text/00c7f1dd.olang	
1	AVD00003	2	0x468863	24	ja	MLG/Text/009c9ea4.olang	2
1	AVD00003	2	0x468863	24	ja	EXLANG/Text/00c7f1dd.olang	
1	AVD00003	2	0x468863	24	pt	EXLANG/Text/00c7f1dd.olang	
1	AVD00003	2	0x468863	25	de	MLG/Text/009c9ea4.olang	
1	AVD00003	2	0x468863	25	de	EXLANG/Text/00c7f1dd.olang	
1	AVD00003	2	0x468863	25	en	MLG/Text/009c9ea4.olang	
1	AVD00003	2	0x468863	25	en	EXLANG/Text/00c7f1dd.olang	
1	AVD00003	2	0x468863	25	es	MLG/Text/009c9ea4.olang	
1	AVD00003	2	0x468863	25	fr	MLG/Text/009c9ea4.olang	
1	AVD00003	2	0x468863	25	fr	EXLANG/Text/00c7f1dd.olang	
1	AVD00003	2	0x468863	25	it	MLG/Text/009c9ea4.olang	
1	AVD00003	2	0x468863	25	it	EXLANG/Text/00c7f1dd.olang	
1	AVD00003	2	0x468863	25	ja	MLG/Text/009c9ea4.olang	1
1	AVD00003	2	0x468863	25	ja	EXLANG/Text/00c7f1dd.olang	
1	AVD00003	2	0x468863	25	pt	EXLANG/Text/00c7f1dd.olang	
1	AVD00003	2	0x468863	26	de	MLG/Text/009c9ea4.olang	
1	AVD00003	2	0x468863	26	de	EXLANG/Text/00c7f1dd.olang	
1	AVD00003	2	0x468863	26	en	MLG/Text/009c9ea4.olang	
1	AVD00003	2	0x468863	26	en	EXLANG/Text/00c7f1dd.olang	
1	AVD00003	2	0x468863	26	es	MLG/Text/009c9ea4.olang	
1	AVD00003	2	0x468863	26	fr	MLG/Text/009c9ea4.olang	
1	AVD00003	2	0x468863	26	fr	EXLANG/Text/00c7f1dd.olang	
1	AVD00003	2	0x468863	26	it	MLG/Text/009c9ea4.olang	
1	AVD00003	2	0x468863	26	it	EXLANG/Text/00c7f1dd.olang	
1	AVD00003	2	0x468863	26	ja	MLG/Text/009c9ea4.olang	発射だぎゃあ
1	AVD00003	2	0x468863	26	ja	EXLANG/Text/00c7f1dd.olang	
1	AVD00003	2	0x468863	26	pt	EXLANG/Text/00c7f1dd.olang	
1	AVD00003	2	0x468863	27	de	MLG/Text/009c9ea4.olang	
1	AVD00003	2	0x468863	27	de	EXLANG/Text/00c7f1dd.olang	
1	AVD00003	2	0x468863	27	en	MLG/Text/009c9ea4.olang	
1	AVD00003	2	0x468863	27	en	EXLANG/Text/00c7f1dd.olang	
1	AVD00003	2	0x468863	27	es	MLG/Text/009c9ea4.olang	
1	AVD00003	2	0x468863	27	fr	MLG/Text/009c9ea4.olang	
1	AVD00003	2	0x468863	27	fr	EXLANG/Text/00c7f1dd.olang	
1	AVD00003	2	0x468863	27	it	MLG/Text/009c9ea4.olang	
1	AVD00003	2	0x468863	27	it	EXLANG/Text/00c7f1dd.olang	
1	AVD00003	2	0x468863	27	ja	MLG/Text/009c9ea4.olang	
1	AVD00003	2	0x468863	27	ja	EXLANG/Text/00c7f1dd.olang	
1	AVD00003	2	0x468863	27	pt	EXLANG/Text/00c7f1dd.olang	
1	AVD00003	2	0x468863	28	de	MLG/Text/009c9ea4.olang	
1	AVD00003	2	0x468863	28	de	EXLANG/Text/00c7f1dd.olang	
1	AVD00003	2	0x468863	28	en	MLG/Text/009c9ea4.olang	
1	AVD00003	2	0x468863	28	en	EXLANG/Text/00c7f1dd.olang	
1	AVD00003	2	0x468863	28	es	MLG/Text/009c9ea4.olang	
1	AVD00003	2	0x468863	28	fr	MLG/Text/009c9ea4.olang	
1	AVD00003	2	0x468863	28	fr	EXLANG/Text/00c7f1dd.olang	
1	AVD00003	2	0x468863	28	it	MLG/Text/009c9ea4.olang	
1	AVD00003	2	0x468863	28	it	EXLANG/Text/00c7f1dd.olang	
1	AVD00003	2	0x468863	28	ja	MLG/Text/009c9ea4.olang	発射まぁじき一分前
1	AVD00003	2	0x468863	28	ja	EXLANG/Text/00c7f1dd.olang	
1	AVD00003	2	0x468863	28	pt	EXLANG/Text/00c7f1dd.olang	
1	AVD00003	2	0x468863	29	de	MLG/Text/009c9ea4.olang	
1	AVD00003	2	0x468863	29	de	EXLANG/Text/00c7f1dd.olang	
1	AVD00003	2	0x468863	29	en	MLG/Text/009c9ea4.olang	
1	AVD00003	2	0x468863	29	en	EXLANG/Text/00c7f1dd.olang	
1	AVD00003	2	0x468863	29	es	MLG/Text/009c9ea4.olang	
1	AVD00003	2	0x468863	29	fr	MLG/Text/009c9ea4.olang	
1	AVD00003	2	0x468863	29	fr	EXLANG/Text/00c7f1dd.olang	
1	AVD00003	2	0x468863	29	it	MLG/Text/009c9ea4.olang	
1	AVD00003	2	0x468863	29	it	EXLANG/Text/00c7f1dd.olang	
1	AVD00003	2	0x468863	29	ja	MLG/Text/009c9ea4.olang	発射もうはい30秒前
1	AVD00003	2	0x468863	29	ja	EXLANG/Text/00c7f1dd.olang	
1	AVD00003	2	0x468863	29	pt	EXLANG/Text/00c7f1dd.olang	
1	AVD00003	2	0x468863	30	de	MLG/Text/009c9ea4.olang	
1	AVD00003	2	0x468863	30	de	EXLANG/Text/00c7f1dd.olang	
1	AVD00003	2	0x468863	30	en	MLG/Text/009c9ea4.olang	
1	AVD00003	2	0x468863	30	en	EXLANG/Text/00c7f1dd.olang	
1	AVD00003	2	0x468863	30	es	MLG/Text/009c9ea4.olang	
1	AVD00003	2	0x468863	30	fr	MLG/Text/009c9ea4.olang	
1	AVD00003	2	0x468863	30	fr	EXLANG/Text/00c7f1dd.olang	
1	AVD00003	2	0x468863	30	it	MLG/Text/009c9ea4.olang	
1	AVD00003	2	0x468863	30	it	EXLANG/Text/00c7f1dd.olang	
1	AVD00003	2	0x468863	30	ja	MLG/Text/009c9ea4.olang	
1	AVD00003	2	0x468863	30	ja	EXLANG/Text/00c7f1dd.olang	
1	AVD00003	2	0x468863	30	pt	EXLANG/Text/00c7f1dd.olang	
1	AVD00003	2	0x468863	31	de	MLG/Text/009c9ea4.olang	
1	AVD00003	2	0x468863	31	de	EXLANG/Text/00c7f1dd.olang	
1	AVD00003	2	0x468863	31	en	MLG/Text/009c9ea4.olang	
1	AVD00003	2	0x468863	31	en	EXLANG/Text/00c7f1dd.olang	
1	AVD00003	2	0x468863	31	es	MLG/Text/009c9ea4.olang	
1	AVD00003	2	0x468863	31	fr	MLG/Text/009c9ea4.olang	
1	AVD00003	2	0x468863	31	fr	EXLANG/Text/00c7f1dd.olang	
1	AVD00003	2	0x468863	31	it	MLG/Text/009c9ea4.olang	
1	AVD00003	2	0x468863	31	it	EXLANG/Text/00c7f1dd.olang	
1	AVD00003	2	0x468863	31	ja	MLG/Text/009c9ea4.olang	ウェポンコンテナこわけたがね
1	AVD00003	2	0x468863	31	ja	EXLANG/Text/00c7f1dd.olang	
1	AVD00003	2	0x468863	31	pt	EXLANG/Text/00c7f1dd.olang	
1	AVD00003	2	0x468863	32	de	MLG/Text/009c9ea4.olang	
1	AVD00003	2	0x468863	32	de	EXLANG/Text/00c7f1dd.olang	
1	AVD00003	2	0x468863	32	en	MLG/Text/009c9ea4.olang	
1	AVD00003	2	0x468863	32	en	EXLANG/Text/00c7f1dd.olang	
1	AVD00003	2	0x468863	32	es	MLG/Text/009c9ea4.olang	
1	AVD00003	2	0x468863	32	fr	MLG/Text/009c9ea4.olang	
1	AVD00003	2	0x468863	32	fr	EXLANG/Text/00c7f1dd.olang	
1	AVD00003	2	0x468863	32	it	MLG/Text/009c9ea4.olang	
1	AVD00003	2	0x468863	32	it	EXLANG/Text/00c7f1dd.olang	
1	AVD00003	2	0x468863	32	ja	MLG/Text/009c9ea4.olang	おみゃあさん、つよなっとるが！
1	AVD00003	2	0x468863	32	ja	EXLANG/Text/00c7f1dd.olang	
1	AVD00003	2	0x468863	32	pt	EXLANG/Text/00c7f1dd.olang	
1	AVD00003	2	0x468863	33	de	MLG/Text/009c9ea4.olang	
1	AVD00003	2	0x468863	33	de	EXLANG/Text/00c7f1dd.olang	
1	AVD00003	2	0x468863	33	en	MLG/Text/009c9ea4.olang	
1	AVD00003	2	0x468863	33	en	EXLANG/Text/00c7f1dd.olang	
1	AVD00003	2	0x468863	33	es	MLG/Text/009c9ea4.olang	
1	AVD00003	2	0x468863	33	fr	MLG/Text/009c9ea4.olang	
1	AVD00003	2	0x468863	33	fr	EXLANG/Text/00c7f1dd.olang	
1	AVD00003	2	0x468863	33	it	MLG/Text/009c9ea4.olang	
1	AVD00003	2	0x468863	33	it	EXLANG/Text/00c7f1dd.olang	
1	AVD00003	2	0x468863	33	ja	MLG/Text/009c9ea4.olang	さぁ、行こみゃあ！
1	AVD00003	2	0x468863	33	ja	EXLANG/Text/00c7f1dd.olang	
1	AVD00003	2	0x468863	33	pt	EXLANG/Text/00c7f1dd.olang	
1	AVD00003	2	0x468863	34	de	MLG/Text/009c9ea4.olang	
1	AVD00003	2	0x468863	34	de	EXLANG/Text/00c7f1dd.olang	
1	AVD00003	2	0x468863	34	en	MLG/Text/009c9ea4.olang	
1	AVD00003	2	0x468863	34	en	EXLANG/Text/00c7f1dd.olang	
1	AVD00003	2	0x468863	34	es	MLG/Text/009c9ea4.olang	
1	AVD00003	2	0x468863	34	fr	MLG/Text/009c9ea4.olang	
1	AVD00003	2	0x468863	34	fr	EXLANG/Text/00c7f1dd.olang	
1	AVD00003	2	0x468863	34	it	MLG/Text/009c9ea4.olang	
1	AVD00003	2	0x468863	34	it	EXLANG/Text/00c7f1dd.olang	
1	AVD00003	2	0x468863	34	ja	MLG/Text/009c9ea4.olang	
1	AVD00003	2	0x468863	34	ja	EXLANG/Text/00c7f1dd.olang	
1	AVD00003	2	0x468863	34	pt	EXLANG/Text/00c7f1dd.olang	
1	AVD00003	2	0x468863	35	de	MLG/Text/009c9ea4.olang	
1	AVD00003	2	0x468863	35	de	EXLANG/Text/00c7f1dd.olang	
1	AVD00003	2	0x468863	35	en	MLG/Text/009c9ea4.olang	
1	AVD00003	2	0x468863	35	en	EXLANG/Text/00c7f1dd.olang	
1	AVD00003	2	0x468863	35	es	MLG/Text/009c9ea4.olang	
1	AVD00003	2	0x468863	35	fr	MLG/Text/009c9ea4.olang	
1	AVD00003	2	0x468863	35	fr	EXLANG/Text/00c7f1dd.olang	
1	AVD00003	2	0x468863	35	it	MLG/Text/009c9ea4.olang	
1	AVD00003	2	0x468863	35	it	EXLANG/Text/00c7f1dd.olang	
1	AVD00003	2	0x468863	35	ja	MLG/Text/009c9ea4.olang	
1	AVD00003	2	0x468863	35	ja	EXLANG/Text/00c7f1dd.olang	
1	AVD00003	2	0x468863	35	pt	EXLANG/Text/00c7f1dd.olang	
1	AVD00003	2	0x468863	36	de	MLG/Text/009c9ea4.olang	
1	AVD00003	2	0x468863	36	de	EXLANG/Text/00c7f1dd.olang	
1	AVD00003	2	0x468863	36	en	MLG/Text/009c9ea4.olang	
1	AVD00003	2	0x468863	36	en	EXLANG/Text/00c7f1dd.olang	
1	AVD00003	2	0x468863	36	es	MLG/Text/009c9ea4.olang	
1	AVD00003	2	0x468863	36	fr	MLG/Text/009c9ea4.olang	
1	AVD00003	2	0x468863	36	fr	EXLANG/Text/00c7f1dd.olang	
1	AVD00003	2	0x468863	36	it	MLG/Text/009c9ea4.olang	
1	AVD00003	2	0x468863	36	it	EXLANG/Text/00c7f1dd.olang	
1	AVD00003	2	0x468863	36	ja	MLG/Text/009c9ea4.olang	
1	AVD00003	2	0x468863	36	ja	EXLANG/Text/00c7f1dd.olang	
1	AVD00003	2	0x468863	36	pt	EXLANG/Text/00c7f1dd.olang	
1	AVD00003	2	0x468863	37	de	MLG/Text/009c9ea4.olang	
1	AVD00003	2	0x468863	37	de	EXLANG/Text/00c7f1dd.olang	
1	AVD00003	2	0x468863	37	en	MLG/Text/009c9ea4.olang	
1	AVD00003	2	0x468863	37	en	EXLANG/Text/00c7f1dd.olang	
1	AVD00003	2	0x468863	37	es	MLG/Text/009c9ea4.olang	
1	AVD00003	2	0x468863	37	fr	MLG/Text/009c9ea4.olang	
1	AVD00003	2	0x468863	37	fr	EXLANG/Text/00c7f1dd.olang	
1	AVD00003	2	0x468863	37	it	MLG/Text/009c9ea4.olang	
1	AVD00003	2	0x468863	37	it	EXLANG/Text/00c7f1dd.olang	
1	AVD00003	2	0x468863	37	ja	MLG/Text/009c9ea4.olang	
1	AVD00003	2	0x468863	37	ja	EXLANG/Text/00c7f1dd.olang	
1	AVD00003	2	0x468863	37	pt	EXLANG/Text/00c7f1dd.olang	
1	AVD00003	2	0x468863	38	de	MLG/Text/009c9ea4.olang	
1	AVD00003	2	0x468863	38	de	EXLANG/Text/00c7f1dd.olang	
1	AVD00003	2	0x468863	38	en	MLG/Text/009c9ea4.olang	
1	AVD00003	2	0x468863	38	en	EXLANG/Text/00c7f1dd.olang	
1	AVD00003	2	0x468863	38	es	MLG/Text/009c9ea4.olang	
1	AVD00003	2	0x468863	38	fr	MLG/Text/009c9ea4.olang	
1	AVD00003	2	0x468863	38	fr	EXLANG/Text/00c7f1dd.olang	
1	AVD00003	2	0x468863	38	it	MLG/Text/009c9ea4.olang	
1	AVD00003	2	0x468863	38	it	EXLANG/Text/00c7f1dd.olang	
1	AVD00003	2	0x468863	38	ja	MLG/Text/009c9ea4.olang	まっぺんやったるわ！
1	AVD00003	2	0x468863	38	ja	EXLANG/Text/00c7f1dd.olang	
1	AVD00003	2	0x468863	38	pt	EXLANG/Text/00c7f1dd.olang	
1	AVD00003	2	0x468863	39	de	MLG/Text/009c9ea4.olang	
1	AVD00003	2	0x468863	39	de	EXLANG/Text/00c7f1dd.olang	
1	AVD00003	2	0x468863	39	en	MLG/Text/009c9ea4.olang	
1	AVD00003	2	0x468863	39	en	EXLANG/Text/00c7f1dd.olang	
1	AVD00003	2	0x468863	39	es	MLG/Text/009c9ea4.olang	
1	AVD00003	2	0x468863	39	fr	MLG/Text/009c9ea4.olang	
1	AVD00003	2	0x468863	39	fr	EXLANG/Text/00c7f1dd.olang	
1	AVD00003	2	0x468863	39	it	MLG/Text/009c9ea4.olang	
1	AVD00003	2	0x468863	39	it	EXLANG/Text/00c7f1dd.olang	
1	AVD00003	2	0x468863	39	ja	MLG/Text/009c9ea4.olang	おうじょうこくわ～、反撃せんといかん
1	AVD00003	2	0x468863	39	ja	EXLANG/Text/00c7f1dd.olang	
1	AVD00003	2	0x468863	39	pt	EXLANG/Text/00c7f1dd.olang	
1	AVD00003	2	0x468863	40	de	MLG/Text/009c9ea4.olang	
1	AVD00003	2	0x468863	40	de	EXLANG/Text/00c7f1dd.olang	
1	AVD00003	2	0x468863	40	en	MLG/Text/009c9ea4.olang	
1	AVD00003	2	0x468863	40	en	EXLANG/Text/00c7f1dd.olang	
1	AVD00003	2	0x468863	40	es	MLG/Text/009c9ea4.olang	
1	AVD00003	2	0x468863	40	fr	MLG/Text/009c9ea4.olang	
1	AVD00003	2	0x468863	40	fr	EXLANG/Text/00c7f1dd.olang	
1	AVD00003	2	0x468863	40	it	MLG/Text/009c9ea4.olang	
1	AVD00003	2	0x468863	40	it	EXLANG/Text/00c7f1dd.olang	
1	AVD00003	2	0x468863	40	ja	MLG/Text/009c9ea4.olang	まぁ～かん、自己防衛モードにしてまうぞ！
1	AVD00003	2	0x468863	40	ja	EXLANG/Text/00c7f1dd.olang	
1	AVD00003	2	0x468863	40	pt	EXLANG/Text/00c7f1dd.olang	
1	AVD00003	2	0x468863	41	de	MLG/Text/009c9ea4.olang	
1	AVD00003	2	0x468863	41	de	EXLANG/Text/00c7f1dd.olang	
1	AVD00003	2	0x468863	41	en	MLG/Text/009c9ea4.olang	
1	AVD00003	2	0x468863	41	en	EXLANG/Text/00c7f1dd.olang	
1	AVD00003	2	0x468863	41	es	MLG/Text/009c9ea4.olang	
1	AVD00003	2	0x468863	41	fr	MLG/Text/009c9ea4.olang	
1	AVD00003	2	0x468863	41	fr	EXLANG/Text/00c7f1dd.olang	
1	AVD00003	2	0x468863	41	it	MLG/Text/009c9ea4.olang	
1	AVD00003	2	0x468863	41	it	EXLANG/Text/00c7f1dd.olang	
1	AVD00003	2	0x468863	41	ja	MLG/Text/009c9ea4.olang	めちゃんこ、ちんちこちんだでよ～
1	AVD00003	2	0x468863	41	ja	EXLANG/Text/00c7f1dd.olang	
1	AVD00003	2	0x468863	41	pt	EXLANG/Text/00c7f1dd.olang	
1	AVD00003	2	0x468863	42	de	MLG/Text/009c9ea4.olang	
1	AVD00003	2	0x468863	42	de	EXLANG/Text/00c7f1dd.olang	
1	AVD00003	2	0x468863	42	en	MLG/Text/009c9ea4.olang	
1	AVD00003	2	0x468863	42	en	EXLANG/Text/00c7f1dd.olang	
1	AVD00003	2	0x468863	42	es	MLG/Text/009c9ea4.olang	
1	AVD00003	2	0x468863	42	fr	MLG/Text/009c9ea4.olang	
1	AVD00003	2	0x468863	42	fr	EXLANG/Text/00c7f1dd.olang	
1	AVD00003	2	0x468863	42	it	MLG/Text/009c9ea4.olang	
1	AVD00003	2	0x468863	42	it	EXLANG/Text/00c7f1dd.olang	
1	AVD00003	2	0x468863	42	ja	MLG/Text/009c9ea4.olang	よーけ喰らわしたる！
1	AVD00003	2	0x468863	42	ja	EXLANG/Text/00c7f1dd.olang	
1	AVD00003	2	0x468863	42	pt	EXLANG/Text/00c7f1dd.olang	
1	AVD00003	2	0x468863	43	de	MLG/Text/009c9ea4.olang	
1	AVD00003	2	0x468863	43	de	EXLANG/Text/00c7f1dd.olang	
1	AVD00003	2	0x468863	43	en	MLG/Text/009c9ea4.olang	
1	AVD00003	2	0x468863	43	en	EXLANG/Text/00c7f1dd.olang	
1	AVD00003	2	0x468863	43	es	MLG/Text/009c9ea4.olang	
1	AVD00003	2	0x468863	43	fr	MLG/Text/009c9ea4.olang	
1	AVD00003	2	0x468863	43	fr	EXLANG/Text/00c7f1dd.olang	
1	AVD00003	2	0x468863	43	it	MLG/Text/009c9ea4.olang	
1	AVD00003	2	0x468863	43	it	EXLANG/Text/00c7f1dd.olang	
1	AVD00003	2	0x468863	43	ja	MLG/Text/009c9ea4.olang	ワヤにしたるがや！
1	AVD00003	2	0x468863	43	ja	EXLANG/Text/00c7f1dd.olang	
1	AVD00003	2	0x468863	43	pt	EXLANG/Text/00c7f1dd.olang	
1	AVD00003	2	0x468863	44	de	MLG/Text/009c9ea4.olang	
1	AVD00003	2	0x468863	44	de	EXLANG/Text/00c7f1dd.olang	
1	AVD00003	2	0x468863	44	en	MLG/Text/009c9ea4.olang	
1	AVD00003	2	0x468863	44	en	EXLANG/Text/00c7f1dd.olang	
1	AVD00003	2	0x468863	44	es	MLG/Text/009c9ea4.olang	
1	AVD00003	2	0x468863	44	fr	MLG/Text/009c9ea4.olang	
1	AVD00003	2	0x468863	44	fr	EXLANG/Text/00c7f1dd.olang	
1	AVD00003	2	0x468863	44	it	MLG/Text/009c9ea4.olang	
1	AVD00003	2	0x468863	44	it	EXLANG/Text/00c7f1dd.olang	
1	AVD00003	2	0x468863	44	ja	MLG/Text/009c9ea4.olang	いっぺん死んでちょう！
1	AVD00003	2	0x468863	44	ja	EXLANG/Text/00c7f1dd.olang	
1	AVD00003	2	0x468863	44	pt	EXLANG/Text/00c7f1dd.olang	
1	AVD00003	2	0x468863	45	de	MLG/Text/009c9ea4.olang	
1	AVD00003	2	0x468863	45	de	EXLANG/Text/00c7f1dd.olang	
1	AVD00003	2	0x468863	45	en	MLG/Text/009c9ea4.olang	
1	AVD00003	2	0x468863	45	en	EXLANG/Text/00c7f1dd.olang	
1	AVD00003	2	0x468863	45	es	MLG/Text/009c9ea4.olang	
1	AVD00003	2	0x468863	45	fr	MLG/Text/009c9ea4.olang	
1	AVD00003	2	0x468863	45	fr	EXLANG/Text/00c7f1dd.olang	
1	AVD00003	2	0x468863	45	it	MLG/Text/009c9ea4.olang	
1	AVD00003	2	0x468863	45	it	EXLANG/Text/00c7f1dd.olang	
1	AVD00003	2	0x468863	45	ja	MLG/Text/009c9ea4.olang	いごかんといてちょう！
1	AVD00003	2	0x468863	45	ja	EXLANG/Text/00c7f1dd.olang	
1	AVD00003	2	0x468863	45	pt	EXLANG/Text/00c7f1dd.olang	
1	AVD00003	2	0x468863	46	de	MLG/Text/009c9ea4.olang	
1	AVD00003	2	0x468863	46	de	EXLANG/Text/00c7f1dd.olang	
1	AVD00003	2	0x468863	46	en	MLG/Text/009c9ea4.olang	
1	AVD00003	2	0x468863	46	en	EXLANG/Text/00c7f1dd.olang	
1	AVD00003	2	0x468863	46	es	MLG/Text/009c9ea4.olang	
1	AVD00003	2	0x468863	46	fr	MLG/Text/009c9ea4.olang	
1	AVD00003	2	0x468863	46	fr	EXLANG/Text/00c7f1dd.olang	
1	AVD00003	2	0x468863	46	it	MLG/Text/009c9ea4.olang	
1	AVD00003	2	0x468863	46	it	EXLANG/Text/00c7f1dd.olang	
1	AVD00003	2	0x468863	46	ja	MLG/Text/009c9ea4.olang	どえりゃあ電磁パルスや！
1	AVD00003	2	0x468863	46	ja	EXLANG/Text/00c7f1dd.olang	
1	AVD00003	2	0x468863	46	pt	EXLANG/Text/00c7f1dd.olang	
1	AVD00003	2	0x468863	47	de	MLG/Text/009c9ea4.olang	
1	AVD00003	2	0x468863	47	de	EXLANG/Text/00c7f1dd.olang	
1	AVD00003	2	0x468863	47	en	MLG/Text/009c9ea4.olang	
1	AVD00003	2	0x468863	47	en	EXLANG/Text/00c7f1dd.olang	
1	AVD00003	2	0x468863	47	es	MLG/Text/009c9ea4.olang	
1	AVD00003	2	0x468863	47	fr	MLG/Text/009c9ea4.olang	
1	AVD00003	2	0x468863	47	fr	EXLANG/Text/00c7f1dd.olang	
1	AVD00003	2	0x468863	47	it	MLG/Text/009c9ea4.olang	
1	AVD00003	2	0x468863	47	it	EXLANG/Text/00c7f1dd.olang	
1	AVD00003	2	0x468863	47	ja	MLG/Text/009c9ea4.olang	ダッシュするで、気つけんといかんぞ～！
1	AVD00003	2	0x468863	47	ja	EXLANG/Text/00c7f1dd.olang	
1	AVD00003	2	0x468863	47	pt	EXLANG/Text/00c7f1dd.olang	
1	AVD00003	2	0x468863	48	de	MLG/Text/009c9ea4.olang	
1	AVD00003	2	0x468863	48	de	EXLANG/Text/00c7f1dd.olang	
1	AVD00003	2	0x468863	48	en	MLG/Text/009c9ea4.olang	
1	AVD00003	2	0x468863	48	en	EXLANG/Text/00c7f1dd.olang	
1	AVD00003	2	0x468863	48	es	MLG/Text/009c9ea4.olang	
1	AVD00003	2	0x468863	48	fr	MLG/Text/009c9ea4.olang	
1	AVD00003	2	0x468863	48	fr	EXLANG/Text/00c7f1dd.olang	
1	AVD00003	2	0x468863	48	it	MLG/Text/009c9ea4.olang	
1	AVD00003	2	0x468863	48	it	EXLANG/Text/00c7f1dd.olang	
1	AVD00003	2	0x468863	48	ja	MLG/Text/009c9ea4.olang	ちゃっと飛んだるがね！
1	AVD00003	2	0x468863	48	ja	EXLANG/Text/00c7f1dd.olang	
1	AVD00003	2	0x468863	48	pt	EXLANG/Text/00c7f1dd.olang	
1	AVD00003	2	0x468863	49	de	MLG/Text/009c9ea4.olang	
1	AVD00003	2	0x468863	49	de	EXLANG/Text/00c7f1dd.olang	
1	AVD00003	2	0x468863	49	en	MLG/Text/009c9ea4.olang	
1	AVD00003	2	0x468863	49	en	EXLANG/Text/00c7f1dd.olang	
1	AVD00003	2	0x468863	49	es	MLG/Text/009c9ea4.olang	
1	AVD00003	2	0x468863	49	fr	MLG/Text/009c9ea4.olang	
1	AVD00003	2	0x468863	49	fr	EXLANG/Text/00c7f1dd.olang	
1	AVD00003	2	0x468863	49	it	MLG/Text/009c9ea4.olang	
1	AVD00003	2	0x468863	49	it	EXLANG/Text/00c7f1dd.olang	
1	AVD00003	2	0x468863	49	ja	MLG/Text/009c9ea4.olang	まあちょっとで発射するわ～
1	AVD00003	2	0x468863	49	ja	EXLANG/Text/00c7f1dd.olang	
1	AVD00003	2	0x468863	49	pt	EXLANG/Text/00c7f1dd.olang	
1	AVD00003	2	0x468863	50	de	MLG/Text/009c9ea4.olang	
1	AVD00003	2	0x468863	50	de	EXLANG/Text/00c7f1dd.olang	
1	AVD00003	2	0x468863	50	en	MLG/Text/009c9ea4.olang	
1	AVD00003	2	0x468863	50	en	EXLANG/Text/00c7f1dd.olang	
1	AVD00003	2	0x468863	50	es	MLG/Text/009c9ea4.olang	
1	AVD00003	2	0x468863	50	fr	MLG/Text/009c9ea4.olang	
1	AVD00003	2	0x468863	50	fr	EXLANG/Text/00c7f1dd.olang	
1	AVD00003	2	0x468863	50	it	MLG/Text/009c9ea4.olang	
1	AVD00003	2	0x468863	50	it	EXLANG/Text/00c7f1dd.olang	
1	AVD00003	2	0x468863	50	ja	MLG/Text/009c9ea4.olang	発射角度設定もーはい完了
1	AVD00003	2	0x468863	50	ja	EXLANG/Text/00c7f1dd.olang	
1	AVD00003	2	0x468863	50	pt	EXLANG/Text/00c7f1dd.olang	
1	AVD00003	2	0x468863	51	de	MLG/Text/009c9ea4.olang	
1	AVD00003	2	0x468863	51	de	EXLANG/Text/00c7f1dd.olang	
1	AVD00003	2	0x468863	51	en	MLG/Text/009c9ea4.olang	
1	AVD00003	2	0x468863	51	en	EXLANG/Text/00c7f1dd.olang	
1	AVD00003	2	0x468863	51	es	MLG/Text/009c9ea4.olang	
1	AVD00003	2	0x468863	51	fr	MLG/Text/009c9ea4.olang	
1	AVD00003	2	0x468863	51	fr	EXLANG/Text/00c7f1dd.olang	
1	AVD00003	2	0x468863	51	it	MLG/Text/009c9ea4.olang	
1	AVD00003	2	0x468863	51	it	EXLANG/Text/00c7f1dd.olang	
1	AVD00003	2	0x468863	51	ja	MLG/Text/009c9ea4.olang	ミサイルハッチ開けるがね！
1	AVD00003	2	0x468863	51	ja	EXLANG/Text/00c7f1dd.olang	
1	AVD00003	2	0x468863	51	pt	EXLANG/Text/00c7f1dd.olang	
1	AVD00003	2	0x468863	52	de	MLG/Text/009c9ea4.olang	
1	AVD00003	2	0x468863	52	de	EXLANG/Text/00c7f1dd.olang	
1	AVD00003	2	0x468863	52	en	MLG/Text/009c9ea4.olang	
1	AVD00003	2	0x468863	52	en	EXLANG/Text/00c7f1dd.olang	
1	AVD00003	2	0x468863	52	es	MLG/Text/009c9ea4.olang	
1	AVD00003	2	0x468863	52	fr	MLG/Text/009c9ea4.olang	
1	AVD00003	2	0x468863	52	fr	EXLANG/Text/00c7f1dd.olang	
1	AVD00003	2	0x468863	52	it	MLG/Text/009c9ea4.olang	
1	AVD00003	2	0x468863	52	it	EXLANG/Text/00c7f1dd.olang	
1	AVD00003	2	0x468863	52	ja	MLG/Text/009c9ea4.olang	火がついてまった
1	AVD00003	2	0x468863	52	ja	EXLANG/Text/00c7f1dd.olang	
1	AVD00003	2	0x468863	52	pt	EXLANG/Text/00c7f1dd.olang	
1	AVD00003	2	0x468863	53	de	MLG/Text/009c9ea4.olang	
1	AVD00003	2	0x468863	53	de	EXLANG/Text/00c7f1dd.olang	
1	AVD00003	2	0x468863	53	en	MLG/Text/009c9ea4.olang	
1	AVD00003	2	0x468863	53	en	EXLANG/Text/00c7f1dd.olang	
1	AVD00003	2	0x468863	53	es	MLG/Text/009c9ea4.olang	
1	AVD00003	2	0x468863	53	fr	MLG/Text/009c9ea4.olang	
1	AVD00003	2	0x468863	53	fr	EXLANG/Text/00c7f1dd.olang	
1	AVD00003	2	0x468863	53	it	MLG/Text/009c9ea4.olang	
1	AVD00003	2	0x468863	53	it	EXLANG/Text/00c7f1dd.olang	
1	AVD00003	2	0x468863	53	ja	MLG/Text/009c9ea4.olang	10
1	AVD00003	2	0x468863	53	ja	EXLANG/Text/00c7f1dd.olang	
1	AVD00003	2	0x468863	53	pt	EXLANG/Text/00c7f1dd.olang	
1	AVD00003	2	0x468863	54	de	MLG/Text/009c9ea4.olang	
1	AVD00003	2	0x468863	54	de	EXLANG/Text/00c7f1dd.olang	
1	AVD00003	2	0x468863	54	en	MLG/Text/009c9ea4.olang	
1	AVD00003	2	0x468863	54	en	EXLANG/Text/00c7f1dd.olang	
1	AVD00003	2	0x468863	54	es	MLG/Text/009c9ea4.olang	
1	AVD00003	2	0x468863	54	fr	MLG/Text/009c9ea4.olang	
1	AVD00003	2	0x468863	54	fr	EXLANG/Text/00c7f1dd.olang	
1	AVD00003	2	0x468863	54	it	MLG/Text/009c9ea4.olang	
1	AVD00003	2	0x468863	54	it	EXLANG/Text/00c7f1dd.olang	
1	AVD00003	2	0x468863	54	ja	MLG/Text/009c9ea4.olang	9
1	AVD00003	2	0x468863	54	ja	EXLANG/Text/00c7f1dd.olang	
1	AVD00003	2	0x468863	54	pt	EXLANG/Text/00c7f1dd.olang	
1	AVD00003	2	0x468863	55	de	MLG/Text/009c9ea4.olang	
1	AVD00003	2	0x468863	55	de	EXLANG/Text/00c7f1dd.olang	
1	AVD00003	2	0x468863	55	en	MLG/Text/009c9ea4.olang	
1	AVD00003	2	0x468863	55	en	EXLANG/Text/00c7f1dd.olang	
1	AVD00003	2	0x468863	55	es	MLG/Text/009c9ea4.olang	
1	AVD00003	2	0x468863	55	fr	MLG/Text/009c9ea4.olang	
1	AVD00003	2	0x468863	55	fr	EXLANG/Text/00c7f1dd.olang	
1	AVD00003	2	0x468863	55	it	MLG/Text/009c9ea4.olang	
1	AVD00003	2	0x468863	55	it	EXLANG/Text/00c7f1dd.olang	
1	AVD00003	2	0x468863	55	ja	MLG/Text/009c9ea4.olang	8
1	AVD00003	2	0x468863	55	ja	EXLANG/Text/00c7f1dd.olang	
1	AVD00003	2	0x468863	55	pt	EXLANG/Text/00c7f1dd.olang	
1	AVD00003	2	0x468863	56	de	MLG/Text/009c9ea4.olang	
1	AVD00003	2	0x468863	56	de	EXLANG/Text/00c7f1dd.olang	
1	AVD00003	2	0x468863	56	en	MLG/Text/009c9ea4.olang	
1	AVD00003	2	0x468863	56	en	EXLANG/Text/00c7f1dd.olang	
1	AVD00003	2	0x468863	56	es	MLG/Text/009c9ea4.olang	
1	AVD00003	2	0x468863	56	fr	MLG/Text/009c9ea4.olang	
1	AVD00003	2	0x468863	56	fr	EXLANG/Text/00c7f1dd.olang	
1	AVD00003	2	0x468863	56	it	MLG/Text/009c9ea4.olang	
1	AVD00003	2	0x468863	56	it	EXLANG/Text/00c7f1dd.olang	
1	AVD00003	2	0x468863	56	ja	MLG/Text/009c9ea4.olang	7
1	AVD00003	2	0x468863	56	ja	EXLANG/Text/00c7f1dd.olang	
1	AVD00003	2	0x468863	56	pt	EXLANG/Text/00c7f1dd.olang	
1	AVD00003	2	0x468863	57	de	MLG/Text/009c9ea4.olang	
1	AVD00003	2	0x468863	57	de	EXLANG/Text/00c7f1dd.olang	
1	AVD00003	2	0x468863	57	en	MLG/Text/009c9ea4.olang	
1	AVD00003	2	0x468863	57	en	EXLANG/Text/00c7f1dd.olang	
1	AVD00003	2	0x468863	57	es	MLG/Text/009c9ea4.olang	
1	AVD00003	2	0x468863	57	fr	MLG/Text/009c9ea4.olang	
1	AVD00003	2	0x468863	57	fr	EXLANG/Text/00c7f1dd.olang	
1	AVD00003	2	0x468863	57	it	MLG/Text/009c9ea4.olang	
1	AVD00003	2	0x468863	57	it	EXLANG/Text/00c7f1dd.olang	
1	AVD00003	2	0x468863	57	ja	MLG/Text/009c9ea4.olang	6
1	AVD00003	2	0x468863	57	ja	EXLANG/Text/00c7f1dd.olang	
1	AVD00003	2	0x468863	57	pt	EXLANG/Text/00c7f1dd.olang	
1	AVD00003	2	0x468863	58	de	MLG/Text/009c9ea4.olang	
1	AVD00003	2	0x468863	58	de	EXLANG/Text/00c7f1dd.olang	
1	AVD00003	2	0x468863	58	en	MLG/Text/009c9ea4.olang	
1	AVD00003	2	0x468863	58	en	EXLANG/Text/00c7f1dd.olang	
1	AVD00003	2	0x468863	58	es	MLG/Text/009c9ea4.olang	
1	AVD00003	2	0x468863	58	fr	MLG/Text/009c9ea4.olang	
1	AVD00003	2	0x468863	58	fr	EXLANG/Text/00c7f1dd.olang	
1	AVD00003	2	0x468863	58	it	MLG/Text/009c9ea4.olang	
1	AVD00003	2	0x468863	58	it	EXLANG/Text/00c7f1dd.olang	
1	AVD00003	2	0x468863	58	ja	MLG/Text/009c9ea4.olang	5
1	AVD00003	2	0x468863	58	ja	EXLANG/Text/00c7f1dd.olang	
1	AVD00003	2	0x468863	58	pt	EXLANG/Text/00c7f1dd.olang	
1	AVD00003	2	0x468863	59	de	MLG/Text/009c9ea4.olang	
1	AVD00003	2	0x468863	59	de	EXLANG/Text/00c7f1dd.olang	
1	AVD00003	2	0x468863	59	en	MLG/Text/009c9ea4.olang	
1	AVD00003	2	0x468863	59	en	EXLANG/Text/00c7f1dd.olang	
1	AVD00003	2	0x468863	59	es	MLG/Text/009c9ea4.olang	
1	AVD00003	2	0x468863	59	fr	MLG/Text/009c9ea4.olang	
1	AVD00003	2	0x468863	59	fr	EXLANG/Text/00c7f1dd.olang	
1	AVD00003	2	0x468863	59	it	MLG/Text/009c9ea4.olang	
1	AVD00003	2	0x468863	59	it	EXLANG/Text/00c7f1dd.olang	
1	AVD00003	2	0x468863	59	ja	MLG/Text/009c9ea4.olang	4
1	AVD00003	2	0x468863	59	ja	EXLANG/Text/00c7f1dd.olang	
1	AVD00003	2	0x468863	59	pt	EXLANG/Text/00c7f1dd.olang	
1	AVD00003	2	0x468863	60	de	MLG/Text/009c9ea4.olang	
1	AVD00003	2	0x468863	60	de	EXLANG/Text/00c7f1dd.olang	
1	AVD00003	2	0x468863	60	en	MLG/Text/009c9ea4.olang	
1	AVD00003	2	0x468863	60	en	EXLANG/Text/00c7f1dd.olang	
1	AVD00003	2	0x468863	60	es	MLG/Text/009c9ea4.olang	
1	AVD00003	2	0x468863	60	fr	MLG/Text/009c9ea4.olang	
1	AVD00003	2	0x468863	60	fr	EXLANG/Text/00c7f1dd.olang	
1	AVD00003	2	0x468863	60	it	MLG/Text/009c9ea4.olang	
1	AVD00003	2	0x468863	60	it	EXLANG/Text/00c7f1dd.olang	
1	AVD00003	2	0x468863	60	ja	MLG/Text/009c9ea4.olang	3
1	AVD00003	2	0x468863	60	ja	EXLANG/Text/00c7f1dd.olang	
1	AVD00003	2	0x468863	60	pt	EXLANG/Text/00c7f1dd.olang	
1	AVD00003	2	0x468863	61	de	MLG/Text/009c9ea4.olang	
1	AVD00003	2	0x468863	61	de	EXLANG/Text/00c7f1dd.olang	
1	AVD00003	2	0x468863	61	en	MLG/Text/009c9ea4.olang	
1	AVD00003	2	0x468863	61	en	EXLANG/Text/00c7f1dd.olang	
1	AVD00003	2	0x468863	61	es	MLG/Text/009c9ea4.olang	
1	AVD00003	2	0x468863	61	fr	MLG/Text/009c9ea4.olang	
1	AVD00003	2	0x468863	61	fr	EXLANG/Text/00c7f1dd.olang	
1	AVD00003	2	0x468863	61	it	MLG/Text/009c9ea4.olang	
1	AVD00003	2	0x468863	61	it	EXLANG/Text/00c7f1dd.olang	
1	AVD00003	2	0x468863	61	ja	MLG/Text/009c9ea4.olang	2
1	AVD00003	2	0x468863	61	ja	EXLANG/Text/00c7f1dd.olang	
1	AVD00003	2	0x468863	61	pt	EXLANG/Text/00c7f1dd.olang	
1	AVD00003	2	0x468863	62	de	MLG/Text/009c9ea4.olang	
1	AVD00003	2	0x468863	62	de	EXLANG/Text/00c7f1dd.olang	
1	AVD00003	2	0x468863	62	en	MLG/Text/009c9ea4.olang	
1	AVD00003	2	0x468863	62	en	EXLANG/Text/00c7f1dd.olang	
1	AVD00003	2	0x468863	62	es	MLG/Text/009c9ea4.olang	
1	AVD00003	2	0x468863	62	fr	MLG/Text/009c9ea4.olang	
1	AVD00003	2	0x468863	62	fr	EXLANG/Text/00c7f1dd.olang	
1	AVD00003	2	0x468863	62	it	MLG/Text/009c9ea4.olang	
1	AVD00003	2	0x468863	62	it	EXLANG/Text/00c7f1dd.olang	
1	AVD00003	2	0x468863	62	ja	MLG/Text/009c9ea4.olang	1
1	AVD00003	2	0x468863	62	ja	EXLANG/Text/00c7f1dd.olang	
1	AVD00003	2	0x468863	62	pt	EXLANG/Text/00c7f1dd.olang	
1	AVD00003	2	0x468863	63	de	MLG/Text/009c9ea4.olang	
1	AVD00003	2	0x468863	63	de	EXLANG/Text/00c7f1dd.olang	
1	AVD00003	2	0x468863	63	en	MLG/Text/009c9ea4.olang	
1	AVD00003	2	0x468863	63	en	EXLANG/Text/00c7f1dd.olang	
1	AVD00003	2	0x468863	63	es	MLG/Text/009c9ea4.olang	
1	AVD00003	2	0x468863	63	fr	MLG/Text/009c9ea4.olang	
1	AVD00003	2	0x468863	63	fr	EXLANG/Text/00c7f1dd.olang	
1	AVD00003	2	0x468863	63	it	MLG/Text/009c9ea4.olang	
1	AVD00003	2	0x468863	63	it	EXLANG/Text/00c7f1dd.olang	
1	AVD00003	2	0x468863	63	ja	MLG/Text/009c9ea4.olang	発射だぎゃあ
1	AVD00003	2	0x468863	63	ja	EXLANG/Text/00c7f1dd.olang	
1	AVD00003	2	0x468863	63	pt	EXLANG/Text/00c7f1dd.olang	
1	AVD00003	2	0x468863	64	de	MLG/Text/009c9ea4.olang	
1	AVD00003	2	0x468863	64	de	EXLANG/Text/00c7f1dd.olang	
1	AVD00003	2	0x468863	64	en	MLG/Text/009c9ea4.olang	
1	AVD00003	2	0x468863	64	en	EXLANG/Text/00c7f1dd.olang	
1	AVD00003	2	0x468863	64	es	MLG/Text/009c9ea4.olang	
1	AVD00003	2	0x468863	64	fr	MLG/Text/009c9ea4.olang	
1	AVD00003	2	0x468863	64	fr	EXLANG/Text/00c7f1dd.olang	
1	AVD00003	2	0x468863	64	it	MLG/Text/009c9ea4.olang	
1	AVD00003	2	0x468863	64	it	EXLANG/Text/00c7f1dd.olang	
1	AVD00003	2	0x468863	64	ja	MLG/Text/009c9ea4.olang	
1	AVD00003	2	0x468863	64	ja	EXLANG/Text/00c7f1dd.olang	
1	AVD00003	2	0x468863	64	pt	EXLANG/Text/00c7f1dd.olang	
1	AVD00003	2	0x468863	65	de	MLG/Text/009c9ea4.olang	
1	AVD00003	2	0x468863	65	de	EXLANG/Text/00c7f1dd.olang	
1	AVD00003	2	0x468863	65	en	MLG/Text/009c9ea4.olang	
1	AVD00003	2	0x468863	65	en	EXLANG/Text/00c7f1dd.olang	
1	AVD00003	2	0x468863	65	es	MLG/Text/009c9ea4.olang	
1	AVD00003	2	0x468863	65	fr	MLG/Text/009c9ea4.olang	
1	AVD00003	2	0x468863	65	fr	EXLANG/Text/00c7f1dd.olang	
1	AVD00003	2	0x468863	65	it	MLG/Text/009c9ea4.olang	
1	AVD00003	2	0x468863	65	it	EXLANG/Text/00c7f1dd.olang	
1	AVD00003	2	0x468863	65	ja	MLG/Text/009c9ea4.olang	発射まぁじき一分前
1	AVD00003	2	0x468863	65	ja	EXLANG/Text/00c7f1dd.olang	
1	AVD00003	2	0x468863	65	pt	EXLANG/Text/00c7f1dd.olang	
1	AVD00003	2	0x468863	66	de	MLG/Text/009c9ea4.olang	
1	AVD00003	2	0x468863	66	de	EXLANG/Text/00c7f1dd.olang	
1	AVD00003	2	0x468863	66	en	MLG/Text/009c9ea4.olang	
1	AVD00003	2	0x468863	66	en	EXLANG/Text/00c7f1dd.olang	
1	AVD00003	2	0x468863	66	es	MLG/Text/009c9ea4.olang	
1	AVD00003	2	0x468863	66	fr	MLG/Text/009c9ea4.olang	
1	AVD00003	2	0x468863	66	fr	EXLANG/Text/00c7f1dd.olang	
1	AVD00003	2	0x468863	66	it	MLG/Text/009c9ea4.olang	
1	AVD00003	2	0x468863	66	it	EXLANG/Text/00c7f1dd.olang	
1	AVD00003	2	0x468863	66	ja	MLG/Text/009c9ea4.olang	発射もうはい30秒前
1	AVD00003	2	0x468863	66	ja	EXLANG/Text/00c7f1dd.olang	
1	AVD00003	2	0x468863	66	pt	EXLANG/Text/00c7f1dd.olang	
1	AVD00003	2	0x468863	67	de	MLG/Text/009c9ea4.olang	
1	AVD00003	2	0x468863	67	de	EXLANG/Text/00c7f1dd.olang	
1	AVD00003	2	0x468863	67	en	MLG/Text/009c9ea4.olang	
1	AVD00003	2	0x468863	67	en	EXLANG/Text/00c7f1dd.olang	
1	AVD00003	2	0x468863	67	es	MLG/Text/009c9ea4.olang	
1	AVD00003	2	0x468863	67	fr	MLG/Text/009c9ea4.olang	
1	AVD00003	2	0x468863	67	fr	EXLANG/Text/00c7f1dd.olang	
1	AVD00003	2	0x468863	67	it	MLG/Text/009c9ea4.olang	
1	AVD00003	2	0x468863	67	it	EXLANG/Text/00c7f1dd.olang	
1	AVD00003	2	0x468863	67	ja	MLG/Text/009c9ea4.olang	
1	AVD00003	2	0x468863	67	ja	EXLANG/Text/00c7f1dd.olang	
1	AVD00003	2	0x468863	67	pt	EXLANG/Text/00c7f1dd.olang	
1	AVD00003	2	0x468863	68	de	MLG/Text/009c9ea4.olang	
1	AVD00003	2	0x468863	68	de	EXLANG/Text/00c7f1dd.olang	
1	AVD00003	2	0x468863	68	en	MLG/Text/009c9ea4.olang	
1	AVD00003	2	0x468863	68	en	EXLANG/Text/00c7f1dd.olang	
1	AVD00003	2	0x468863	68	es	MLG/Text/009c9ea4.olang	
1	AVD00003	2	0x468863	68	fr	MLG/Text/009c9ea4.olang	
1	AVD00003	2	0x468863	68	fr	EXLANG/Text/00c7f1dd.olang	
1	AVD00003	2	0x468863	68	it	MLG/Text/009c9ea4.olang	
1	AVD00003	2	0x468863	68	it	EXLANG/Text/00c7f1dd.olang	
1	AVD00003	2	0x468863	68	ja	MLG/Text/009c9ea4.olang	ウェポンコンテナこわけたがね
1	AVD00003	2	0x468863	68	ja	EXLANG/Text/00c7f1dd.olang	
1	AVD00003	2	0x468863	68	pt	EXLANG/Text/00c7f1dd.olang	
1	AVD00003	2	0x468863	69	de	MLG/Text/009c9ea4.olang	
1	AVD00003	2	0x468863	69	de	EXLANG/Text/00c7f1dd.olang	
1	AVD00003	2	0x468863	69	en	MLG/Text/009c9ea4.olang	
1	AVD00003	2	0x468863	69	en	EXLANG/Text/00c7f1dd.olang	
1	AVD00003	2	0x468863	69	es	MLG/Text/009c9ea4.olang	
1	AVD00003	2	0x468863	69	fr	MLG/Text/009c9ea4.olang	
1	AVD00003	2	0x468863	69	fr	EXLANG/Text/00c7f1dd.olang	
1	AVD00003	2	0x468863	69	it	MLG/Text/009c9ea4.olang	
1	AVD00003	2	0x468863	69	it	EXLANG/Text/00c7f1dd.olang	
1	AVD00003	2	0x468863	69	ja	MLG/Text/009c9ea4.olang	おみゃあさん、つよなっとるが！
1	AVD00003	2	0x468863	69	ja	EXLANG/Text/00c7f1dd.olang	
1	AVD00003	2	0x468863	69	pt	EXLANG/Text/00c7f1dd.olang	
1	AVD00003	2	0x468863	70	de	MLG/Text/009c9ea4.olang	
1	AVD00003	2	0x468863	70	de	EXLANG/Text/00c7f1dd.olang	
1	AVD00003	2	0x468863	70	en	MLG/Text/009c9ea4.olang	
1	AVD00003	2	0x468863	70	en	EXLANG/Text/00c7f1dd.olang	
1	AVD00003	2	0x468863	70	es	MLG/Text/009c9ea4.olang	
1	AVD00003	2	0x468863	70	fr	MLG/Text/009c9ea4.olang	
1	AVD00003	2	0x468863	70	fr	EXLANG/Text/00c7f1dd.olang	
1	AVD00003	2	0x468863	70	it	MLG/Text/009c9ea4.olang	
1	AVD00003	2	0x468863	70	it	EXLANG/Text/00c7f1dd.olang	
1	AVD00003	2	0x468863	70	ja	MLG/Text/009c9ea4.olang	さぁ、行こみゃあ！
1	AVD00003	2	0x468863	70	ja	EXLANG/Text/00c7f1dd.olang	
1	AVD00003	2	0x468863	70	pt	EXLANG/Text/00c7f1dd.olang	
1	AVD00003	2	0x468863	71	de	MLG/Text/009c9ea4.olang	
1	AVD00003	2	0x468863	71	de	EXLANG/Text/00c7f1dd.olang	
1	AVD00003	2	0x468863	71	en	MLG/Text/009c9ea4.olang	
1	AVD00003	2	0x468863	71	en	EXLANG/Text/00c7f1dd.olang	
1	AVD00003	2	0x468863	71	es	MLG/Text/009c9ea4.olang	
1	AVD00003	2	0x468863	71	fr	MLG/Text/009c9ea4.olang	
1	AVD00003	2	0x468863	71	fr	EXLANG/Text/00c7f1dd.olang	
1	AVD00003	2	0x468863	71	it	MLG/Text/009c9ea4.olang	
1	AVD00003	2	0x468863	71	it	EXLANG/Text/00c7f1dd.olang	
1	AVD00003	2	0x468863	71	ja	MLG/Text/009c9ea4.olang	
1	AVD00003	2	0x468863	71	ja	EXLANG/Text/00c7f1dd.olang	
1	AVD00003	2	0x468863	71	pt	EXLANG/Text/00c7f1dd.olang	
1	AVD00003	2	0x468863	72	de	MLG/Text/009c9ea4.olang	
1	AVD00003	2	0x468863	72	de	EXLANG/Text/00c7f1dd.olang	
1	AVD00003	2	0x468863	72	en	MLG/Text/009c9ea4.olang	
1	AVD00003	2	0x468863	72	en	EXLANG/Text/00c7f1dd.olang	
1	AVD00003	2	0x468863	72	es	MLG/Text/009c9ea4.olang	
1	AVD00003	2	0x468863	72	fr	MLG/Text/009c9ea4.olang	
1	AVD00003	2	0x468863	72	fr	EXLANG/Text/00c7f1dd.olang	
1	AVD00003	2	0x468863	72	it	MLG/Text/009c9ea4.olang	
1	AVD00003	2	0x468863	72	it	EXLANG/Text/00c7f1dd.olang	
1	AVD00003	2	0x468863	72	ja	MLG/Text/009c9ea4.olang	
1	AVD00003	2	0x468863	72	ja	EXLANG/Text/00c7f1dd.olang	
1	AVD00003	2	0x468863	72	pt	EXLANG/Text/00c7f1dd.olang	
1	AVD00003	2	0x468863	73	de	MLG/Text/009c9ea4.olang	
1	AVD00003	2	0x468863	73	de	EXLANG/Text/00c7f1dd.olang	
1	AVD00003	2	0x468863	73	en	MLG/Text/009c9ea4.olang	
1	AVD00003	2	0x468863	73	en	EXLANG/Text/00c7f1dd.olang	
1	AVD00003	2	0x468863	73	es	MLG/Text/009c9ea4.olang	
1	AVD00003	2	0x468863	73	fr	MLG/Text/009c9ea4.olang	
1	AVD00003	2	0x468863	73	fr	EXLANG/Text/00c7f1dd.olang	
1	AVD00003	2	0x468863	73	it	MLG/Text/009c9ea4.olang	
1	AVD00003	2	0x468863	73	it	EXLANG/Text/00c7f1dd.olang	
1	AVD00003	2	0x468863	73	ja	MLG/Text/009c9ea4.olang	
1	AVD00003	2	0x468863	73	ja	EXLANG/Text/00c7f1dd.olang	
1	AVD00003	2	0x468863	73	pt	EXLANG/Text/00c7f1dd.olang	
2	AVD00000	1	0xe34675	0	de	MLG/Text/009c9ea4.olang	Sperre gelöst.
2	AVD00000	1	0xe34675	0	de	EXLANG/Text/00c7f1dd.olang	
2	AVD00000	1	0xe34675	0	en	MLG/Text/009c9ea4.olang	Lock disengaged.
2	AVD00000	1	0xe34675	0	en	EXLANG/Text/00c7f1dd.olang	
2	AVD00000	1	0xe34675	0	es	MLG/Text/009c9ea4.olang	Seguro desbloqueado.
2	AVD00000	1	0xe34675	0	fr	MLG/Text/009c9ea4.olang	Verrouillage désengagé.
2	AVD00000	1	0xe34675	0	fr	EXLANG/Text/00c7f1dd.olang	
2	AVD00000	1	0xe34675	0	it	MLG/Text/009c9ea4.olang	Blocco disattivato.
2	AVD00000	1	0xe34675	0	it	EXLANG/Text/00c7f1dd.olang	
2	AVD00000	1	0xe34675	0	ja	MLG/Text/009c9ea4.olang	ロック解除
2	AVD00000	1	0xe34675	0	ja	EXLANG/Text/00c7f1dd.olang	
2	AVD00000	1	0xe34675	0	pt	EXLANG/Text/00c7f1dd.olang	Trava desativada.
2	AVD00000	1	0xe34675	1	de	MLG/Text/009c9ea4.olang	Chaingun.
2	AVD00000	1	0xe34675	1	de	EXLANG/Text/00c7f1dd.olang	
2	AVD00000	1	0xe34675	1	en	MLG/Text/009c9ea4.olang	Chaingun.
2	AVD00000	1	0xe34675	1	en	EXLANG/Text/00c7f1dd.olang	
2	AVD00000	1	0xe34675	1	es	MLG/Text/009c9ea4.olang	Ametralladora de cadena.
2	AVD00000	1	0xe34675	1	fr	MLG/Text/009c9ea4.olang	Chain gun.
2	AVD00000	1	0xe34675	1	fr	EXLANG/Text/00c7f1dd.olang	
2	AVD00000	1	0xe34675	1	it	MLG/Text/009c9ea4.olang	Minigun.
2	AVD00000	1	0xe34675	1	it	EXLANG/Text/00c7f1dd.olang	
2	AVD00000	1	0xe34675	1	ja	MLG/Text/009c9ea4.olang	チェインガン掃射！
2	AVD00000	1	0xe34675	1	ja	EXLANG/Text/00c7f1dd.olang	
2	AVD00000	1	0xe34675	1	pt	EXLANG/Text/00c7f1dd.olang	Canhão automático.
2	AVD00000	1	0xe34675	2	de	MLG/Text/009c9ea4.olang	Lade Railgun.
2	AVD00000	1	0xe34675	2	de	EXLANG/Text/00c7f1dd.olang	
2	AVD00000	1	0xe34675	2	en	MLG/Text/009c9ea4.olang	Charging railgun.
2	AVD00000	1	0xe34675	2	en	EXLANG/Text/00c7f1dd.olang	
2	AVD00000	1	0xe34675	2	es	MLG/Text/009c9ea4.olang	Cargando cañón de riel.
2	AVD00000	1	0xe34675	2	fr	MLG/Text/009c9ea4.olang	Chargement railgun.
2	AVD00000	1	0xe34675	2	fr	EXLANG/Text/00c7f1dd.olang	
2	AVD00000	1	0xe34675	2	it	MLG/Text/009c9ea4.olang	Ricarica cannone elettromagnetico.
2	AVD00000	1	0xe34675	2	it	EXLANG/Text/00c7f1dd.olang	
2	AVD00000	1	0xe34675	2	ja	MLG/Text/009c9ea4.olang	レールガンチャージ！
2	AVD00000	1	0xe34675	2	ja	EXLANG/Text/00c7f1dd.olang	
2	AVD00000	1	0xe34675	2	pt	EXLANG/Text/00c7f1dd.olang	Carregando canhão eletromagnético.
2	AVD00000	1	0xe34675	3	de	MLG/Text/009c9ea4.olang	Starte Kidnapper.
2	AVD00000	1	0xe34675	3	de	EXLANG/Text/00c7f1dd.olang	
2	AVD00000	1	0xe34675	3	en	MLG/Text/009c9ea4.olang	Launching kidnappers.
2	AVD00000	1	0xe34675	3	en	EXLANG/Text/00c7f1dd.olang	
2	AVD00000	1	0xe34675	3	es	MLG/Text/009c9ea4.olang	Lanzando secuestradores.
2	AVD00000	1	0xe34675	3	fr	MLG/Text/009c9ea4.olang	Lancement Kidnappers.
2	AVD00000	1	0xe34675	3	fr	EXLANG/Text/00c7f1dd.olang	
2	AVD00000	1	0xe34675	3	it	MLG/Text/009c9ea4.olang	Lancio Kidnapper.
2	AVD00000	1	0xe34675	3	it	EXLANG/Text/00c7f1dd.olang	
2	AVD00000	1	0xe34675	3	ja	MLG/Text/009c9ea4.olang	キッドナッパー射出！
2	AVD00000	1	0xe34675	3	ja	EXLANG/Text/00c7f1dd.olang	
2	AVD00000	1	0xe34675	3	pt	EXLANG/Text/00c7f1dd.olang	Lançando sequestradores.
2	AVD00000	1	0xe34675	4	de	MLG/Text/009c9ea4.olang	Wechsele in den Angriffsmodus.
2	AVD00000	1	0xe34675	4	de	EXLANG/Text/00c7f1dd.olang	
2	AVD00000	1	0xe34675	4	en	MLG/Text/009c9ea4.olang	Switching to attack mode!
2	AVD00000	1	0xe34675	4	en	EXLANG/Text/00c7f1dd.olang	
2	AVD00000	1	0xe34675	4	es	MLG/Text/009c9ea4.olang	Pasando a modo de ataque.
2	AVD00000	1	0xe34675	4	fr	MLG/Text/009c9ea4.olang	Basculement en mode attaque.
2	AVD00000	1	0xe34675	4	fr	EXLANG/Text/00c7f1dd.olang	
2	AVD00000	1	0xe34675	4	it	MLG/Text/009c9ea4.olang	Passaggio a modalità attacco.
2	AVD00000	1	0xe34675	4	it	EXLANG/Text/00c7f1dd.olang	
2	AVD00000	1	0xe34675	4	ja	MLG/Text/009c9ea4.olang	攻撃モード！
2	AVD00000	1	0xe34675	4	ja	EXLANG/Text/00c7f1dd.olang	
2	AVD00000	1	0xe34675	4	pt	EXLANG/Text/00c7f1dd.olang	Mudando para modo de ataque!
2	AVD00000	1	0xe34675	5	de	MLG/Text/009c9ea4.olang	Kehre zurück zum normalen Modus.
2	AVD00000	1	0xe34675	5	de	EXLANG/Text/00c7f1dd.olang	
2	AVD00000	1	0xe34675	5	en	MLG/Text/009c9ea4.olang	Returning to normal mode.
2	AVD00000	1	0xe34675	5	en	EXLANG/Text/00c7f1dd.olang	
2	AVD00000	1	0xe34675	5	es	MLG/Text/009c9ea4.olang	Regresando a modo normal.
2	AVD00000	1	0xe34675	5	fr	MLG/Text/009c9ea4.olang	Retour au mode normal.
2	AVD00000	1	0xe34675	5	fr	EXLANG/Text/00c7f1dd.olang	
2	AVD00000	1	0xe34675	5	it	MLG/Text/009c9ea4.olang	Ritorno in modalità normale.
2	AVD00000	1	0xe34675	5	it	EXLANG/Text/00c7f1dd.olang	
2	AVD00000	1	0xe34675	5	ja	MLG/Text/009c9ea4.olang	通常モード
2	AVD00000	1	0xe34675	5	ja	EXLANG/Text/00c7f1dd.olang	
2	AVD00000	1	0xe34675	5	pt	EXLANG/Text/00c7f1dd.olang	Retornando ao modo normal.
2	AVD00000	1	0xe34675	6	de	MLG/Text/009c9ea4.olang	
2	AVD00000	1	0xe34675	6	de	EXLANG/Text/00c7f1dd.olang	
2	AVD00000	1	0xe34675	6	en	MLG/Text/009c9ea4.olang	
2	AVD00000	1	0xe34675	6	en	EXLANG/Text/00c7f1dd.olang	
2	AVD00000	1	0xe34675	6	es	MLG/Text/009c9ea4.olang	
2	AVD00000	1	0xe34675	6	fr	MLG/Text/009c9ea4.olang	
2	AVD00000	1	0xe34675	6	fr	EXLANG/Text/00c7f1dd.olang	
2	AVD00000	1	0xe34675	6	it	MLG/Text/009c9ea4.olang	
2	AVD00000	1	0xe34675	6	it	EXLANG/Text/00c7f1dd.olang	
2	AVD00000	1	0xe34675	6	ja	MLG/Text/009c9ea4.olang	
2	AVD00000	1	0xe34675	6	ja	EXLANG/Text/00c7f1dd.olang	
2	AVD00000	1	0xe34675	6	pt	EXLANG/Text/00c7f1dd.olang	
2	AVD00000	1	0xe34675	7	de	MLG/Text/009c9ea4.olang	Leite automatische Reparatur ein.
2	AVD00000	1	0xe34675	7	de	EXLANG/Text/00c7f1dd.olang	
2	AVD00000	1	0xe34675	7	en	MLG/Text/009c9ea4.olang	Commencing auto-repair.
2	AVD00000	1	0xe34675	7	en	EXLANG/Text/00c7f1dd.olang	
2	AVD00000	1	0xe34675	7	es	MLG/Text/009c9ea4.olang	Iniciando autorreparación.
2	AVD00000	1	0xe34675	7	fr	MLG/Text/009c9ea4.olang	Commencer l'auto-réparation.
2	AVD00000	1	0xe34675	7	fr	EXLANG/Text/00c7f1dd.olang	
2	AVD00000	1	0xe34675	7	it	MLG/Text/009c9ea4.olang	Inizio autoriparazione.
2	AVD00000	1	0xe34675	7	it	EXLANG/Text/00c7f1dd.olang	
2	AVD00000	1	0xe34675	7	ja	MLG/Text/009c9ea4.olang	自己修復開始！
2	AVD00000	1	0xe34675	7	ja	EXLANG/Text/00c7f1dd.olang	
2	AVD00000	1	0xe34675	7	pt	EXLANG/Text/00c7f1dd.olang	Iniciando autorreparo.
2	AVD00000	1	0xe34675	8	de	MLG/Text/009c9ea4.olang	Schaden an Radarkuppel festgestellt.
2	AVD00000	1	0xe34675	8	de	EXLANG/Text/00c7f1dd.olang	
2	AVD00000	1	0xe34675	8	en	MLG/Text/009c9ea4.olang	Radome damage detected.
2	AVD00000	1	0xe34675	8	en	EXLANG/Text/00c7f1dd.olang	
2	AVD00000	1	0xe34675	8	es	MLG/Text/009c9ea4.olang	Detectado daño en el radomo.
2	AVD00000	1	0xe34675	8	fr	MLG/Text/009c9ea4.olang	Dégâts du radôme détectés.
2	AVD00000	1	0xe34675	8	fr	EXLANG/Text/00c7f1dd.olang	
2	AVD00000	1	0xe34675	8	it	MLG/Text/009c9ea4.olang	Rilevato danno a cupola radar.
2	AVD00000	1	0xe34675	8	it	EXLANG/Text/00c7f1dd.olang	
2	AVD00000	1	0xe34675	8	ja	MLG/Text/009c9ea4.olang	レドーム損傷！
2	AVD00000	1	0xe34675	8	ja	EXLANG/Text/00c7f1dd.olang	
2	AVD00000	1	0xe34675	8	pt	EXLANG/Text/00c7f1dd.olang	Dano no radomo detectado.
2	AVD00000	1	0xe34675	9	de	MLG/Text/009c9ea4.olang	Nähere mich dem Ziel.
2	AVD00000	1	0xe34675	9	de	EXLANG/Text/00c7f1dd.olang	
2	AVD00000	1	0xe34675	9	en	MLG/Text/009c9ea4.olang	Closing in!
2	AVD00000	1	0xe34675	9	en	EXLANG/Text/00c7f1dd.olang	
2	AVD00000	1	0xe34675	9	es	MLG/Text/009c9ea4.olang	Aproximación al objetivo.
2	AVD00000	1	0xe34675	9	fr	MLG/Text/009c9ea4.olang	En approche de la cible.
2	AVD00000	1	0xe34675	9	fr	EXLANG/Text/00c7f1dd.olang	
2	AVD00000	1	0xe34675	9	it	MLG/Text/009c9ea4.olang	Avvicinamento al bersaglio.
2	AVD00000	1	0xe34675	9	it	EXLANG/Text/00c7f1dd.olang	
2	AVD00000	1	0xe34675	9	ja	MLG/Text/009c9ea4.olang	対象へ接近！
2	AVD00000	1	0xe34675	9	ja	EXLANG/Text/00c7f1dd.olang	
2	AVD00000	1	0xe34675	9	pt	EXLANG/Text/00c7f1dd.olang	Aproximando!
2	AVD00000	1	0xe34675	10	de	MLG/Text/009c9ea4.olang	Reinitialisierung.
2	AVD00000	1	0xe34675	10	de	EXLANG/Text/00c7f1dd.olang	
2	AVD00000	1	0xe34675	10	en	MLG/Text/009c9ea4.olang	Reinitializing!
2	AVD00000	1	0xe34675	10	en	EXLANG/Text/00c7f1dd.olang	
2	AVD00000	1	0xe34675	10	es	MLG/Text/009c9ea4.olang	Reiniciando.
2	AVD00000	1	0xe34675	10	fr	MLG/Text/009c9ea4.olang	Réinitialisation.
2	AVD00000	1	0xe34675	10	fr	EXLANG/Text/00c7f1dd.olang	
2	AVD00000	1	0xe34675	10	it	MLG/Text/009c9ea4.olang	Riattivazione.
2	AVD00000	1	0xe34675	10	it	EXLANG/Text/00c7f1dd.olang	
2	AVD00000	1	0xe34675	10	ja	MLG/Text/009c9ea4.olang	再起動！
2	AVD00000	1	0xe34675	10	ja	EXLANG/Text/00c7f1dd.olang	
2	AVD00000	1	0xe34675	10	pt	EXLANG/Text/00c7f1dd.olang	Reinicializando!
2	AVD00000	1	0xe34675	11	de	MLG/Text/009c9ea4.olang	
2	AVD00000	1	0xe34675	11	de	EXLANG/Text/00c7f1dd.olang	
2	AVD00000	1	0xe34675	11	en	MLG/Text/009c9ea4.olang	
2	AVD00000	1	0xe34675	11	en	EXLANG/Text/00c7f1dd.olang	
2	AVD00000	1	0xe34675	11	es	MLG/Text/009c9ea4.olang	
2	AVD00000	1	0xe34675	11	fr	MLG/Text/009c9ea4.olang	
2	AVD00000	1	0xe34675	11	fr	EXLANG/Text/00c7f1dd.olang	
2	AVD00000	1	0xe34675	11	it	MLG/Text/009c9ea4.olang	
2	AVD00000	1	0xe34675	11	it	EXLANG/Text/00c7f1dd.olang	
2	AVD00000	1	0xe34675	11	ja	MLG/Text/009c9ea4.olang	
2	AVD00000	1	0xe34675	11	ja	EXLANG/Text/00c7f1dd.olang	
2	AVD00000	1	0xe34675	11	pt	EXLANG/Text/00c7f1dd.olang	
2	AVD00000	1	0xe34675	12	de	MLG/Text/009c9ea4.olang	
2	AVD00000	1	0xe34675	12	de	EXLANG/Text/00c7f1dd.olang	
2	AVD00000	1	0xe34675	12	en	MLG/Text/009c9ea4.olang	
2	AVD00000	1	0xe34675	12	en	EXLANG/Text/00c7f1dd.olang	
2	AVD00000	1	0xe34675	12	es	MLG/Text/009c9ea4.olang	
2	AVD00000	1	0xe34675	12	fr	MLG/Text/009c9ea4.olang	
2	AVD00000	1	0xe34675	12	fr	EXLANG/Text/00c7f1dd.olang	
2	AVD00000	1	0xe34675	12	it	MLG/Text/009c9ea4.olang	
2	AVD00000	1	0xe34675	12	it	EXLANG/Text/00c7f1dd.olang	
2	AVD00000	1	0xe34675	12	ja	MLG/Text/009c9ea4.olang	
2	AVD00000	1	0xe34675	12	ja	EXLANG/Text/00c7f1dd.olang	
2	AVD00000	1	0xe34675	12	pt	EXLANG/Text/00c7f1dd.olang	
2	AVD00000	1	0xe34675	13	de	MLG/Text/009c9ea4.olang	
2	AVD00000	1	0xe34675	13	de	EXLANG/Text/00c7f1dd.olang	
2	AVD00000	1	0xe34675	13	en	MLG/Text/009c9ea4.olang	
2	AVD00000	1	0xe34675	13	en	EXLANG/Text/00c7f1dd.olang	
2	AVD00000	1	0xe34675	13	es	MLG/Text/009c9ea4.olang	
2	AVD00000	1	0xe34675	13	fr	MLG/Text/009c9ea4.olang	
2	AVD00000	1	0xe34675	13	fr	EXLANG/Text/00c7f1dd.olang	
2	AVD00000	1	0xe34675	13	it	MLG/Text/009c9ea4.olang	
2	AVD00000	1	0xe34675	13	it	EXLANG/Text/00c7f1dd.olang	
2	AVD00000	1	0xe34675	13	ja	MLG/Text/009c9ea4.olang	
2	AVD00000	1	0xe34675	13	ja	EXLANG/Text/00c7f1dd.olang	
2	AVD00000	1	0xe34675	13	pt	EXLANG/Text/00c7f1dd.olang	
2	AVD00000	1	0xe34675	14	de	MLG/Text/009c9ea4.olang	
2	AVD00000	1	0xe34675	14	de	EXLANG/Text/00c7f1dd.olang	
2	AVD00000	1	0xe34675	14	en	MLG/Text/009c9ea4.olang	
2	AVD00000	1	0xe34675	14	en	EXLANG/Text/00c7f1dd.olang	
2	AVD00000	1	0xe34675	14	es	MLG/Text/009c9ea4.olang	
2	AVD00000	1	0xe34675	14	fr	MLG/Text/009c9ea4.olang	
2	AVD00000	1	0xe34675	14	fr	EXLANG/Text/00c7f1dd.olang	
2	AVD00000	1	0xe34675	14	it	MLG/Text/009c9ea4.olang	
2	AVD00000	1	0xe34675	14	it	EXLANG/Text/00c7f1dd.olang	
2	AVD00000	1	0xe34675	14	ja	MLG/Text/009c9ea4.olang	
2	AVD00000	1	0xe34675	14	ja	EXLANG/Text/00c7f1dd.olang	
2	AVD00000	1	0xe34675	14	pt	EXLANG/Text/00c7f1dd.olang	
2	AVD00000	1	0xe34675	15	de	MLG/Text/009c9ea4.olang	
2	AVD00000	1	0xe34675	15	de	EXLANG/Text/00c7f1dd.olang	
2	AVD00000	1	0xe34675	15	en	MLG/Text/009c9ea4.olang	
2	AVD00000	1	0xe34675	15	en	EXLANG/Text/00c7f1dd.olang	
2	AVD00000	1	0xe34675	15	es	MLG/Text/009c9ea4.olang	
2	AVD00000	1	0xe34675	15	fr	MLG/Text/009c9ea4.olang	
2	AVD00000	1	0xe34675	15	fr	EXLANG/Text/00c7f1dd.olang	
2	AVD00000	1	0xe34675	15	it	MLG/Text/009c9ea4.olang	
2	AVD00000	1	0xe34675	15	it	EXLANG/Text/00c7f1dd.olang	
2	AVD00000	1	0xe34675	15	ja	MLG/Text/009c9ea4.olang	
2	AVD00000	1	0xe34675	15	ja	EXLANG/Text/00c7f1dd.olang	
2	AVD00000	1	0xe34675	15	pt	EXLANG/Text/00c7f1dd.olang	
2	AVD00000	1	0xe34675	16	de	MLG/Text/009c9ea4.olang	
2	AVD00000	1	0xe34675	16	de	EXLANG/Text/00c7f1dd.olang	
2	AVD00000	1	0xe34675	16	en	MLG/Text/009c9ea4.olang	
2	AVD00000	1	0xe34675	16	en	EXLANG/Text/00c7f1dd.olang	
2	AVD00000	1	0xe34675	16	es	MLG/Text/009c9ea4.olang	
2	AVD00000	1	0xe34675	16	fr	MLG/Text/009c9ea4.olang	
2	AVD00000	1	0xe34675	16	fr	EXLANG/Text/00c7f1dd.olang	
2	AVD00000	1	0xe34675	16	it	MLG/Text/009c9ea4.olang	
2	AVD00000	1	0xe34675	16	it	EXLANG/Text/00c7f1dd.olang	
2	AVD00000	1	0xe34675	16	ja	MLG/Text/009c9ea4.olang	
2	AVD00000	1	0xe34675	16	ja	EXLANG/Text/00c7f1dd.olang	
2	AVD00000	1	0xe34675	16	pt	EXLANG/Text/00c7f1dd.olang	
2	AVD00000	1	0xe34675	17	de	MLG/Text/009c9ea4.olang	
2	AVD00000	1	0xe34675	17	de	EXLANG/Text/00c7f1dd.olang	
2	AVD00000	1	0xe34675	17	en	MLG/Text/009c9ea4.olang	
2	AVD00000	1	0xe34675	17	en	EXLANG/Text/00c7f1dd.olang	
2	AVD00000	1	0xe34675	17	es	MLG/Text/009c9ea4.olang	
2	AVD00000	1	0xe34675	17	fr	MLG/Text/009c9ea4.olang	
2	AVD00000	1	0xe34675	17	fr	EXLANG/Text/00c7f1dd.olang	
2	AVD00000	1	0xe34675	17	it	MLG/Text/009c9ea4.olang	
2	AVD00000	1	0xe34675	17	it	EXLANG/Text/00c7f1dd.olang	
2	AVD00000	1	0xe34675	17	ja	MLG/Text/009c9ea4.olang	
2	AVD00000	1	0xe34675	17	ja	EXLANG/Text/00c7f1dd.olang	
2	AVD00000	1	0xe34675	17	pt	EXLANG/Text/00c7f1dd.olang	
2	AVD00000	1	0xe34675	18	de	MLG/Text/009c9ea4.olang	Sperre gelöst.
2	AVD00000	1	0xe34675	18	de	EXLANG/Text/00c7f1dd.olang	
2	AVD00000	1	0xe34675	18	en	MLG/Text/009c9ea4.olang	Lock disengaged.
2	AVD00000	1	0xe34675	18	en	EXLANG/Text/00c7f1dd.olang	
2	AVD00000	1	0xe34675	18	es	MLG/Text/009c9ea4.olang	Seguro desbloqueado.
2	AVD00000	1	0xe34675	18	fr	MLG/Text/009c9ea4.olang	Verrouillage désengagé.
2	AVD00000	1	0xe34675	18	fr	EXLANG/Text/00c7f1dd.olang	
2	AVD00000	1	0xe34675	18	it	MLG/Text/009c9ea4.olang	Blocco disattivato.
2	AVD00000	1	0xe34675	18	it	EXLANG/Text/00c7f1dd.olang	
2	AVD00000	1	0xe34675	18	ja	MLG/Text/009c9ea4.olang	ロック解除
2	AVD00000	1	0xe34675	18	ja	EXLANG/Text/00c7f1dd.olang	
2	AVD00000	1	0xe34675	18	pt	EXLANG/Text/00c7f1dd.olang	Trava desativada.
2	AVD00000	1	0xe34675	19	de	MLG/Text/009c9ea4.olang	Nimm das!
2	AVD00000	1	0xe34675	19	de	EXLANG/Text/00c7f1dd.olang	
2	AVD00000	1	0xe34675	19	en	MLG/Text/009c9ea4.olang	Take this!!
2	AVD00000	1	0xe34675	19	en	EXLANG/Text/00c7f1dd.olang	
2	AVD00000	1	0xe34675	19	es	MLG/Text/009c9ea4.olang	¡Toma esto!
2	AVD00000	1	0xe34675	19	fr	MLG/Text/009c9ea4.olang	Prends ça !
2	AVD00000	1	0xe34675	19	fr	EXLANG/Text/00c7f1dd.olang	
2	AVD00000	1	0xe34675	19	it	MLG/Text/009c9ea4.olang	Prendi questo!!
2	AVD00000	1	0xe34675	19	it	EXLANG/Text/00c7f1dd.olang	
2	AVD00000	1	0xe34675	19	ja	MLG/Text/009c9ea4.olang	喰らえ！
2	AVD00000	1	0xe34675	19	ja	EXLANG/Text/00c7f1dd.olang	
2	AVD00000	1	0xe34675	19	pt	EXLANG/Text/00c7f1dd.olang	Toma essa!!
2	AVD00000	1	0xe34675	20	de	MLG/Text/009c9ea4.olang	Ich schicke dich in die Hölle!
2	AVD00000	1	0xe34675	20	de	EXLANG/Text/00c7f1dd.olang	
2	AVD00000	1	0xe34675	20	en	MLG/Text/009c9ea4.olang	I'll send you straight to hell!
2	AVD00000	1	0xe34675	20	en	EXLANG/Text/00c7f1dd.olang	
2	AVD00000	1	0xe34675	20	es	MLG/Text/009c9ea4.olang	¡Te enviaré de cabeza al infierno!
2	AVD00000	1	0xe34675	20	fr	MLG/Text/009c9ea4.olang	Je vais t'envoyer droit en enfer !
2	AVD00000	1	0xe34675	20	fr	EXLANG/Text/00c7f1dd.olang	
2	AVD00000	1	0xe34675	20	it	MLG/Text/009c9ea4.olang	Ti spedirò dritto all'inferno!
2	AVD00000	1	0xe34675	20	it	EXLANG/Text/00c7f1dd.olang	
2	AVD00000	1	0xe34675	20	ja	MLG/Text/009c9ea4.olang	地獄に送ってやる！
2	AVD00000	1	0xe34675	20	ja	EXLANG/Text/00c7f1dd.olang	
2	AVD00000	1	0xe34675	20	pt	EXLANG/Text/00c7f1dd.olang	Vou te mandar direto pro inferno!
2	AVD00000	1	0xe34675	21	de	MLG/Text/009c9ea4.olang	Fliegt, Kidnapper!
2	AVD00000	1	0xe34675	21	de	EXLANG/Text/00c7f1dd.olang	
2	AVD00000	1	0xe34675	21	en	MLG/Text/009c9ea4.olang	Fly, my Kidnappers!!
2	AVD00000	1	0xe34675	21	en	EXLANG/Text/00c7f1dd.olang	
2	AVD00000	1	0xe34675	21	es	MLG/Text/009c9ea4.olang	¡Volad, Secuestradores míos!
2	AVD00000	1	0xe34675	21	fr	MLG/Text/009c9ea4.olang	Volez, mes Kidnappers !
2	AVD00000	1	0xe34675	21	fr	EXLANG/Text/00c7f1dd.olang	
2	AVD00000	1	0xe34675	21	it	MLG/Text/009c9ea4.olang	Volate, miei piccoli Kidnapper!
2	AVD00000	1	0xe34675	21	it	EXLANG/Text/00c7f1dd.olang	
2	AVD00000	1	0xe34675	21	ja	MLG/Text/009c9ea4.olang	行け！キッドナッパー
2	AVD00000	1	0xe34675	21	ja	EXLANG/Text/00c7f1dd.olang	
2	AVD00000	1	0xe34675	21	pt	EXLANG/Text/00c7f1dd.olang	Voem, meus Sequestradores!!
2	AVD00000	1	0xe34675	22	de	MLG/Text/009c9ea4.olang	Angriffsmodus.
2	AVD00000	1	0xe34675	22	de	EXLANG/Text/00c7f1dd.olang	
2	AVD00000	1	0xe34675	22	en	MLG/Text/009c9ea4.olang	Attack mode!
2	AVD00000	1	0xe34675	22	en	EXLANG/Text/00c7f1dd.olang	
2	AVD00000	1	0xe34675	22	es	MLG/Text/009c9ea4.olang	Modo de ataque.
2	AVD00000	1	0xe34675	22	fr	MLG/Text/009c9ea4.olang	Mode attaque.
2	AVD00000	1	0xe34675	22	fr	EXLANG/Text/00c7f1dd.olang	
2	AVD00000	1	0xe34675	22	it	MLG/Text/009c9ea4.olang	Modalità attacco.
2	AVD00000	1	0xe34675	22	it	EXLANG/Text/00c7f1dd.olang	
2	AVD00000	1	0xe34675	22	ja	MLG/Text/009c9ea4.olang	攻撃モード！
2	AVD00000	1	0xe34675	22	ja	EXLANG/Text/00c7f1dd.olang	
2	AVD00000	1	0xe34675	22	pt	EXLANG/Text/00c7f1dd.olang	Modo de ataque!
2	AVD00000	1	0xe34675	23	de	MLG/Text/009c9ea4.olang	Normaler Modus.
2	AVD00000	1	0xe34675	23	de	EXLANG/Text/00c7f1dd.olang	
2	AVD00000	1	0xe34675	23	en	MLG/Text/009c9ea4.olang	Normal mode.
2	AVD00000	1	0xe34675	23	en	EXLANG/Text/00c7f1dd.olang	
2	AVD00000	1	0xe34675	23	es	MLG/Text/009c9ea4.olang	Modo normal.
2	AVD00000	1	0xe34675	23	fr	MLG/Text/009c9ea4.olang	Mode normal.
2	AVD00000	1	0xe34675	23	fr	EXLANG/Text/00c7f1dd.olang	
2	AVD00000	1	0xe34675	23	it	MLG/Text/009c9ea4.olang	Modalità normale.
2	AVD00000	1	0xe34675	23	it	EXLANG/Text/00c7f1dd.olang	
2	AVD00000	1	0xe34675	23	ja	MLG/Text/009c9ea4.olang	通常モード
2	AVD00000	1	0xe34675	23	ja	EXLANG/Text/00c7f1dd.olang	
2	AVD00000	1	0xe34675	23	pt	EXLANG/Text/00c7f1dd.olang	Modo normal.
2	AVD00000	1	0xe34675	24	de	MLG/Text/009c9ea4.olang	
2	AVD00000	1	0xe34675	24	de	EXLANG/Text/00c7f1dd.olang	
2	AVD00000	1	0xe34675	24	en	MLG/Text/009c9ea4.olang	
2	AVD00000	1	0xe34675	24	en	EXLANG/Text/00c7f1dd.olang	
2	AVD00000	1	0xe34675	24	es	MLG/Text/009c9ea4.olang	
2	AVD00000	1	0xe34675	24	fr	MLG/Text/009c9ea4.olang	
2	AVD00000	1	0xe34675	24	fr	EXLANG/Text/00c7f1dd.olang	
2	AVD00000	1	0xe34675	24	it	MLG/Text/009c9ea4.olang	
2	AVD00000	1	0xe34675	24	it	EXLANG/Text/00c7f1dd.olang	
2	AVD00000	1	0xe34675	24	ja	MLG/Text/009c9ea4.olang	
2	AVD00000	1	0xe34675	24	ja	EXLANG/Text/00c7f1dd.olang	
2	AVD00000	1	0xe34675	24	pt	EXLANG/Text/00c7f1dd.olang	
2	AVD00000	1	0xe34675	25	de	MLG/Text/009c9ea4.olang	Was?!
2	AVD00000	1	0xe34675	25	de	EXLANG/Text/00c7f1dd.olang	
2	AVD00000	1	0xe34675	25	en	MLG/Text/009c9ea4.olang	What?!
2	AVD00000	1	0xe34675	25	en	EXLANG/Text/00c7f1dd.olang	
2	AVD00000	1	0xe34675	25	es	MLG/Text/009c9ea4.olang	¿Qué?
2	AVD00000	1	0xe34675	25	fr	MLG/Text/009c9ea4.olang	Quoi ?
2	AVD00000	1	0xe34675	25	fr	EXLANG/Text/00c7f1dd.olang	
2	AVD00000	1	0xe34675	25	it	MLG/Text/009c9ea4.olang	Cosa?!
2	AVD00000	1	0xe34675	25	it	EXLANG/Text/00c7f1dd.olang	
2	AVD00000	1	0xe34675	25	ja	MLG/Text/009c9ea4.olang	何を！
2	AVD00000	1	0xe34675	25	ja	EXLANG/Text/00c7f1dd.olang	
2	AVD00000	1	0xe34675	25	pt	EXLANG/Text/00c7f1dd.olang	O quê?!
2	AVD00000	1	0xe34675	26	de	MLG/Text/009c9ea4.olang	Verdammt!
2	AVD00000	1	0xe34675	26	de	EXLANG/Text/00c7f1dd.olang	
2	AVD00000	1	0xe34675	26	en	MLG/Text/009c9ea4.olang	Damn you!
2	AVD00000	1	0xe34675	26	en	EXLANG/Text/00c7f1dd.olang	
2	AVD00000	1	0xe34675	26	es	MLG/Text/009c9ea4.olang	¡Maldita sea!
2	AVD00000	1	0xe34675	26	fr	MLG/Text/009c9ea4.olang	Sois maudit !
2	AVD00000	1	0xe34675	26	fr	EXLANG/Text/00c7f1dd.olang	
2	AVD00000	1	0xe34675	26	it	MLG/Text/009c9ea4.olang	Maledizione!
2	AVD00000	1	0xe34675	26	it	EXLANG/Text/00c7f1dd.olang	
2	AVD00000	1	0xe34675	26	ja	MLG/Text/009c9ea4.olang	くそ！
2	AVD00000	1	0xe34675	26	ja	EXLANG/Text/00c7f1dd.olang	
2	AVD00000	1	0xe34675	26	pt	EXLANG/Text/00c7f1dd.olang	Desgraçado!
2	AVD00000	1	0xe34675	27	de	MLG/Text/009c9ea4.olang	Da bist du!
2	AVD00000	1	0xe34675	27	de	EXLANG/Text/00c7f1dd.olang	
2	AVD00000	1	0xe34675	27	en	MLG/Text/009c9ea4.olang	There you are!
2	AVD00000	1	0xe34675	27	en	EXLANG/Text/00c7f1dd.olang	
2	AVD00000	1	0xe34675	27	es	MLG/Text/009c9ea4.olang	¡Ahí estás!
2	AVD00000	1	0xe34675	27	fr	MLG/Text/009c9ea4.olang	Te voilà !
2	AVD00000	1	0xe34675	27	fr	EXLANG/Text/00c7f1dd.olang	
2	AVD00000	1	0xe34675	27	it	MLG/Text/009c9ea4.olang	Eccoti là!
2	AVD00000	1	0xe34675	27	it	EXLANG/Text/00c7f1dd.olang	
2	AVD00000	1	0xe34675	27	ja	MLG/Text/009c9ea4.olang	そこか！
2	AVD00000	1	0xe34675	27	ja	EXLANG/Text/00c7f1dd.olang	
2	AVD00000	1	0xe34675	27	pt	EXLANG/Text/00c7f1dd.olang	Aí está você!
2	AVD00000	1	0xe34675	28	de	MLG/Text/009c9ea4.olang	Starten wir einen neuen Versuch.
2	AVD00000	1	0xe34675	28	de	EXLANG/Text/00c7f1dd.olang	
2	AVD00000	1	0xe34675	28	en	MLG/Text/009c9ea4.olang	Let's try that again!
2	AVD00000	1	0xe34675	28	en	EXLANG/Text/00c7f1dd.olang	
2	AVD00000	1	0xe34675	28	es	MLG/Text/009c9ea4.olang	Intentémoslo de nuevo.
2	AVD00000	1	0xe34675	28	fr	MLG/Text/009c9ea4.olang	Essayons encore.
2	AVD00000	1	0xe34675	28	fr	EXLANG/Text/00c7f1dd.olang	
2	AVD00000	1	0xe34675	28	it	MLG/Text/009c9ea4.olang	Riproviamo.
2	AVD00000	1	0xe34675	28	it	EXLANG/Text/00c7f1dd.olang	
2	AVD00000	1	0xe34675	28	ja	MLG/Text/009c9ea4.olang	さあ、もう一度行くぞ！
2	AVD00000	1	0xe34675	28	ja	EXLANG/Text/00c7f1dd.olang	
2	AVD00000	1	0xe34675	28	pt	EXLANG/Text/00c7f1dd.olang	Vamos tentar de novo!
2	AVD00000	1	0xe34675	29	de	MLG/Text/009c9ea4.olang	
2	AVD00000	1	0xe34675	29	de	EXLANG/Text/00c7f1dd.olang	
2	AVD00000	1	0xe34675	29	en	MLG/Text/009c9ea4.olang	
2	AVD00000	1	0xe34675	29	en	EXLANG/Text/00c7f1dd.olang	
2	AVD00000	1	0xe34675	29	es	MLG/Text/009c9ea4.olang	
2	AVD00000	1	0xe34675	29	fr	MLG/Text/009c9ea4.olang	
2	AVD00000	1	0xe34675	29	fr	EXLANG/Text/00c7f1dd.olang	
2	AVD00000	1	0xe34675	29	it	MLG/Text/009c9ea4.olang	
2	AVD00000	1	0xe34675	29	it	EXLANG/Text/00c7f1dd.olang	
2	AVD00000	1	0xe34675	29	ja	MLG/Text/009c9ea4.olang	
2	AVD00000	1	0xe34675	29	ja	EXLANG/Text/00c7f1dd.olang	
2	AVD00000	1	0xe34675	29	pt	EXLANG/Text/00c7f1dd.olang	
2	AVD00000	1	0xe34675	30	de	MLG/Text/009c9ea4.olang	
2	AVD00000	1	0xe34675	30	de	EXLANG/Text/00c7f1dd.olang	
2	AVD00000	1	0xe34675	30	en	MLG/Text/009c9ea4.olang	
2	AVD00000	1	0xe34675	30	en	EXLANG/Text/00c7f1dd.olang	
2	AVD00000	1	0xe34675	30	es	MLG/Text/009c9ea4.olang	
2	AVD00000	1	0xe34675	30	fr	MLG/Text/009c9ea4.olang	
2	AVD00000	1	0xe34675	30	fr	EXLANG/Text/00c7f1dd.olang	
2	AVD00000	1	0xe34675	30	it	MLG/Text/009c9ea4.olang	
2	AVD00000	1	0xe34675	30	it	EXLANG/Text/00c7f1dd.olang	
2	AVD00000	1	0xe34675	30	ja	MLG/Text/009c9ea4.olang	
2	AVD00000	1	0xe34675	30	ja	EXLANG/Text/00c7f1dd.olang	
2	AVD00000	1	0xe34675	30	pt	EXLANG/Text/00c7f1dd.olang	
2	AVD00000	1	0xe34675	31	de	MLG/Text/009c9ea4.olang	
2	AVD00000	1	0xe34675	31	de	EXLANG/Text/00c7f1dd.olang	
2	AVD00000	1	0xe34675	31	en	MLG/Text/009c9ea4.olang	
2	AVD00000	1	0xe34675	31	en	EXLANG/Text/00c7f1dd.olang	
2	AVD00000	1	0xe34675	31	es	MLG/Text/009c9ea4.olang	
2	AVD00000	1	0xe34675	31	fr	MLG/Text/009c9ea4.olang	
2	AVD00000	1	0xe34675	31	fr	EXLANG/Text/00c7f1dd.olang	
2	AVD00000	1	0xe34675	31	it	MLG/Text/009c9ea4.olang	
2	AVD00000	1	0xe34675	31	it	EXLANG/Text/00c7f1dd.olang	
2	AVD00000	1	0xe34675	31	ja	MLG/Text/009c9ea4.olang	
2	AVD00000	1	0xe34675	31	ja	EXLANG/Text/00c7f1dd.olang	
2	AVD00000	1	0xe34675	31	pt	EXLANG/Text/00c7f1dd.olang	
2	AVD00000	1	0xe34675	32	de	MLG/Text/009c9ea4.olang	
2	AVD00000	1	0xe34675	32	de	EXLANG/Text/00c7f1dd.olang	
2	AVD00000	1	0xe34675	32	en	MLG/Text/009c9ea4.olang	
2	AVD00000	1	0xe34675	32	en	EXLANG/Text/00c7f1dd.olang	
2	AVD00000	1	0xe34675	32	es	MLG/Text/009c9ea4.olang	
2	AVD00000	1	0xe34675	32	fr	MLG/Text/009c9ea4.olang	
2	AVD00000	1	0xe34675	32	fr	EXLANG/Text/00c7f1dd.olang	
2	AVD00000	1	0xe34675	32	it	MLG/Text/009c9ea4.olang	
2	AVD00000	1	0xe34675	32	it	EXLANG/Text/00c7f1dd.olang	
2	AVD00000	1	0xe34675	32	ja	MLG/Text/009c9ea4.olang	
2	AVD00000	1	0xe34675	32	ja	EXLANG/Text/00c7f1dd.olang	
2	AVD00000	1	0xe34675	32	pt	EXLANG/Text/00c7f1dd.olang	
2	AVD00000	1	0xe34675	33	de	MLG/Text/009c9ea4.olang	
2	AVD00000	1	0xe34675	33	de	EXLANG/Text/00c7f1dd.olang	
2	AVD00000	1	0xe34675	33	en	MLG/Text/009c9ea4.olang	
2	AVD00000	1	0xe34675	33	en	EXLANG/Text/00c7f1dd.olang	
2	AVD00000	1	0xe34675	33	es	MLG/Text/009c9ea4.olang	
2	AVD00000	1	0xe34675	33	fr	MLG/Text/009c9ea4.olang	
2	AVD00000	1	0xe34675	33	fr	EXLANG/Text/00c7f1dd.olang	
2	AVD00000	1	0xe34675	33	it	MLG/Text/009c9ea4.olang	
2	AVD00000	1	0xe34675	33	it	EXLANG/Text/00c7f1dd.olang	
2	AVD00000	1	0xe34675	33	ja	MLG/Text/009c9ea4.olang	
2	AVD00000	1	0xe34675	33	ja	EXLANG/Text/00c7f1dd.olang	
2	AVD00000	1	0xe34675	33	pt	EXLANG/Text/00c7f1dd.olang	
2	AVD00000	1	0xe34675	34	de	MLG/Text/009c9ea4.olang	
2	AVD00000	1	0xe34675	34	de	EXLANG/Text/00c7f1dd.olang	
2	AVD00000	1	0xe34675	34	en	MLG/Text/009c9ea4.olang	
2	AVD00000	1	0xe34675	34	en	EXLANG/Text/00c7f1dd.olang	
2	AVD00000	1	0xe34675	34	es	MLG/Text/009c9ea4.olang	
2	AVD00000	1	0xe34675	34	fr	MLG/Text/009c9ea4.olang	
2	AVD00000	1	0xe34675	34	fr	EXLANG/Text/00c7f1dd.olang	
2	AVD00000	1	0xe34675	34	it	MLG/Text/009c9ea4.olang	
2	AVD00000	1	0xe34675	34	it	EXLANG/Text/00c7f1dd.olang	
2	AVD00000	1	0xe34675	34	ja	MLG/Text/009c9ea4.olang	
2	AVD00000	1	0xe34675	34	ja	EXLANG/Text/00c7f1dd.olang	
2	AVD00000	1	0xe34675	34	pt	EXLANG/Text/00c7f1dd.olang	
2	AVD00000	1	0xe34675	35	de	MLG/Text/009c9ea4.olang	
2	AVD00000	1	0xe34675	35	de	EXLANG/Text/00c7f1dd.olang	
2	AVD00000	1	0xe34675	35	en	MLG/Text/009c9ea4.olang	
2	AVD00000	1	0xe34675	35	en	EXLANG/Text/00c7f1dd.olang	
2	AVD00000	1	0xe34675	35	es	MLG/Text/009c9ea4.olang	
2	AVD00000	1	0xe34675	35	fr	MLG/Text/009c9ea4.olang	
2	AVD00000	1	0xe34675	35	fr	EXLANG/Text/00c7f1dd.olang	
2	AVD00000	1	0xe34675	35	it	MLG/Text/009c9ea4.olang	
2	AVD00000	1	0xe34675	35	it	EXLANG/Text/00c7f1dd.olang	
2	AVD00000	1	0xe34675	35	ja	MLG/Text/009c9ea4.olang	
2	AVD00000	1	0xe34675	35	ja	EXLANG/Text/00c7f1dd.olang	
2	AVD00000	1	0xe34675	35	pt	EXLANG/Text/00c7f1dd.olang	
2	AVD00000	1	0xe34675	36	de	MLG/Text/009c9ea4.olang	Rufe Kidnapper zurück!
2	AVD00000	1	0xe34675	36	de	EXLANG/Text/00c7f1dd.olang	
2	AVD00000	1	0xe34675	36	en	MLG/Text/009c9ea4.olang	Recalling kidnappers!
2	AVD00000	1	0xe34675	36	en	EXLANG/Text/00c7f1dd.olang	
2	AVD00000	1	0xe34675	36	es	MLG/Text/009c9ea4.olang	¡Recuperando secuestradores!
2	AVD00000	1	0xe34675	36	fr	MLG/Text/009c9ea4.olang	Rappel Kidnappers !
2	AVD00000	1	0xe34675	36	fr	EXLANG/Text/00c7f1dd.olang	
2	AVD00000	1	0xe34675	36	it	MLG/Text/009c9ea4.olang	Kidnapper, tornare indietro!
2	AVD00000	1	0xe34675	36	it	EXLANG/Text/00c7f1dd.olang	
2	AVD00000	1	0xe34675	36	ja	MLG/Text/009c9ea4.olang	
2	AVD00000	1	0xe34675	36	ja	EXLANG/Text/00c7f1dd.olang	
2	AVD00000	1	0xe34675	36	pt	EXLANG/Text/00c7f1dd.olang	Chamando sequestradores!
2	AVD00000	1	0xe34675	37	de	MLG/Text/009c9ea4.olang	Kidnapper, zurück!
2	AVD00000	1	0xe34675	37	de	EXLANG/Text/00c7f1dd.olang	
2	AVD00000	1	0xe34675	37	en	MLG/Text/009c9ea4.olang	Kidnappers, come back!
2	AVD00000	1	0xe34675	37	en	EXLANG/Text/00c7f1dd.olang	
2	AVD00000	1	0xe34675	37	es	MLG/Text/009c9ea4.olang	¡Secuestradores, regresad!
2	AVD00000	1	0xe34675	37	fr	MLG/Text/009c9ea4.olang	Kidnappers, revenez !
2	AVD00000	1	0xe34675	37	fr	EXLANG/Text/00c7f1dd.olang	
2	AVD00000	1	0xe34675	37	it	MLG/Text/009c9ea4.olang	Riproviamo.
2	AVD00000	1	0xe34675	37	it	EXLANG/Text/00c7f1dd.olang	
2	AVD00000	1	0xe34675	37	ja	MLG/Text/009c9ea4.olang	
2	AVD00000	1	0xe34675	37	ja	EXLANG/Text/00c7f1dd.olang	
2	AVD00000	1	0xe34675	37	pt	EXLANG/Text/00c7f1dd.olang	Sequestradores, voltem!
2	AVD00000	2	0x29956a	0	de	MLG/Text/009c9ea4.olang	
2	AVD00000	2	0x29956a	0	de	EXLANG/Text/00c7f1dd.olang	
2	AVD00000	2	0x29956a	0	en	MLG/Text/009c9ea4.olang	
2	AVD00000	2	0x29956a	0	en	EXLANG/Text/00c7f1dd.olang	
2	AVD00000	2	0x29956a	0	es	MLG/Text/009c9ea4.olang	
2	AVD00000	2	0x29956a	0	fr	MLG/Text/009c9ea4.olang	
2	AVD00000	2	0x29956a	0	fr	EXLANG/Text/00c7f1dd.olang	
2	AVD00000	2	0x29956a	0	it	MLG/Text/009c9ea4.olang	
2	AVD00000	2	0x29956a	0	it	EXLANG/Text/00c7f1dd.olang	
2	AVD00000	2	0x29956a	0	ja	MLG/Text/009c9ea4.olang	
2	AVD00000	2	0x29956a	0	ja	EXLANG/Text/00c7f1dd.olang	
2	AVD00000	2	0x29956a	0	pt	EXLANG/Text/00c7f1dd.olang	
2	AVD00000	2	0x29956a	1	de	MLG/Text/009c9ea4.olang	
2	AVD00000	2	0x29956a	1	de	EXLANG/Text/00c7f1dd.olang	
2	AVD00000	2	0x29956a	1	en	MLG/Text/009c9ea4.olang	
2	AVD00000	2	0x29956a	1	en	EXLANG/Text/00c7f1dd.olang	
2	AVD00000	2	0x29956a	1	es	MLG/Text/009c9ea4.olang	
2	AVD00000	2	0x29956a	1	fr	MLG/Text/009c9ea4.olang	
2	AVD00000	2	0x29956a	1	fr	EXLANG/Text/00c7f1dd.olang	
2	AVD00000	2	0x29956a	1	it	MLG/Text/009c9ea4.olang	
2	AVD00000	2	0x29956a	1	it	EXLANG/Text/00c7f1dd.olang	
2	AVD00000	2	0x29956a	1	ja	MLG/Text/009c9ea4.olang	どや？　痛いか？
2	AVD00000	2	0x29956a	1	ja	EXLANG/Text/00c7f1dd.olang	
2	AVD00000	2	0x29956a	1	pt	EXLANG/Text/00c7f1dd.olang	
2	AVD00000	2	0x29956a	2	de	MLG/Text/009c9ea4.olang	
2	AVD00000	2	0x29956a	2	de	EXLANG/Text/00c7f1dd.olang	
2	AVD00000	2	0x29956a	2	en	MLG/Text/009c9ea4.olang	
2	AVD00000	2	0x29956a	2	en	EXLANG/Text/00c7f1dd.olang	
2	AVD00000	2	0x29956a	2	es	MLG/Text/009c9ea4.olang	
2	AVD00000	2	0x29956a	2	fr	MLG/Text/009c9ea4.olang	
2	AVD00000	2	0x29956a	2	fr	EXLANG/Text/00c7f1dd.olang	
2	AVD00000	2	0x29956a	2	it	MLG/Text/009c9ea4.olang	
2	AVD00000	2	0x29956a	2	it	EXLANG/Text/00c7f1dd.olang	
2	AVD00000	2	0x29956a	2	ja	MLG/Text/009c9ea4.olang	いくで いくで いくでぇ！
2	AVD00000	2	0x29956a	2	ja	EXLANG/Text/00c7f1dd.olang	
2	AVD00000	2	0x29956a	2	pt	EXLANG/Text/00c7f1dd.olang	
2	AVD00000	2	0x29956a	3	de	MLG/Text/009c9ea4.olang	
2	AVD00000	2	0x29956a	3	de	EXLANG/Text/00c7f1dd.olang	
2	AVD00000	2	0x29956a	3	en	MLG/Text/009c9ea4.olang	
2	AVD00000	2	0x29956a	3	en	EXLANG/Text/00c7f1dd.olang	
2	AVD00000	2	0x29956a	3	es	MLG/Text/009c9ea4.olang	
2	AVD00000	2	0x29956a	3	fr	MLG/Text/009c9ea4.olang	
2	AVD00000	2	0x29956a	3	fr	EXLANG/Text/00c7f1dd.olang	
2	AVD00000	2	0x29956a	3	it	MLG/Text/009c9ea4.olang	
2	AVD00000	2	0x29956a	3	it	EXLANG/Text/00c7f1dd.olang	
2	AVD00000	2	0x29956a	3	ja	MLG/Text/009c9ea4.olang	キッドナッパー　かますで！
2	AVD00000	2	0x29956a	3	ja	EXLANG/Text/00c7f1dd.olang	
2	AVD00000	2	0x29956a	3	pt	EXLANG/Text/00c7f1dd.olang	
2	AVD00000	2	0x29956a	4	de	MLG/Text/009c9ea4.olang	
2	AVD00000	2	0x29956a	4	de	EXLANG/Text/00c7f1dd.olang	
2	AVD00000	2	0x29956a	4	en	MLG/Text/009c9ea4.olang	
2	AVD00000	2	0x29956a	4	en	EXLANG/Text/00c7f1dd.olang	
2	AVD00000	2	0x29956a	4	es	MLG/Text/009c9ea4.olang	
2	AVD00000	2	0x29956a	4	fr	MLG/Text/009c9ea4.olang	
2	AVD00000	2	0x29956a	4	fr	EXLANG/Text/00c7f1dd.olang	
2	AVD00000	2	0x29956a	4	it	MLG/Text/009c9ea4.olang	
2	AVD00000	2	0x29956a	4	it	EXLANG/Text/00c7f1dd.olang	
2	AVD00000	2	0x29956a	4	ja	MLG/Text/009c9ea4.olang	攻撃モード 変形や！
2	AVD00000	2	0x29956a	4	ja	EXLANG/Text/00c7f1dd.olang	
2	AVD00000	2	0x29956a	4	pt	EXLANG/Text/00c7f1dd.olang	
2	AVD00000	2	0x29956a	5	de	MLG/Text/009c9ea4.olang	
2	AVD00000	2	0x29956a	5	de	EXLANG/Text/00c7f1dd.olang	
2	AVD00000	2	0x29956a	5	en	MLG/Text/009c9ea4.olang	
2	AVD00000	2	0x29956a	5	en	EXLANG/Text/00c7f1dd.olang	
2	AVD00000	2	0x29956a	5	es	MLG/Text/009c9ea4.olang	
2	AVD00000	2	0x29956a	5	fr	MLG/Text/009c9ea4.olang	
2	AVD00000	2	0x29956a	5	fr	EXLANG/Text/00c7f1dd.olang	
2	AVD00000	2	0x29956a	5	it	MLG/Text/009c9ea4.olang	
2	AVD00000	2	0x29956a	5	it	EXLANG/Text/00c7f1dd.olang	
2	AVD00000	2	0x29956a	5	ja	MLG/Text/009c9ea4.olang	もうええわ　通常モード！
2	AVD00000	2	0x29956a	5	ja	EXLANG/Text/00c7f1dd.olang	
2	AVD00000	2	0x29956a	5	pt	EXLANG/Text/00c7f1dd.olang	
2	AVD00000	2	0x29956a	6	de	MLG/Text/009c9ea4.olang	
2	AVD00000	2	0x29956a	6	de	EXLANG/Text/00c7f1dd.olang	
2	AVD00000	2	0x29956a	6	en	MLG/Text/009c9ea4.olang	
2	AVD00000	2	0x29956a	6	en	EXLANG/Text/00c7f1dd.olang	
2	AVD00000	2	0x29956a	6	es	MLG/Text/009c9ea4.olang	
2	AVD00000	2	0x29956a	6	fr	MLG/Text/009c9ea4.olang	
2	AVD00000	2	0x29956a	6	fr	EXLANG/Text/00c7f1dd.olang	
2	AVD00000	2	0x29956a	6	it	MLG/Text/009c9ea4.olang	
2	AVD00000	2	0x29956a	6	it	EXLANG/Text/00c7f1dd.olang	
2	AVD00000	2	0x29956a	6	ja	MLG/Text/009c9ea4.olang	
2	AVD00000	2	0x29956a	6	ja	EXLANG/Text/00c7f1dd.olang	
2	AVD00000	2	0x29956a	6	pt	EXLANG/Text/00c7f1dd.olang	
2	AVD00000	2	0x29956a	7	de	MLG/Text/009c9ea4.olang	
2	AVD00000	2	0x29956a	7	de	EXLANG/Text/00c7f1dd.olang	
2	AVD00000	2	0x29956a	7	en	MLG/Text/009c9ea4.olang	
2	AVD00000	2	0x29956a	7	en	EXLANG/Text/00c7f1dd.olang	
2	AVD00000	2	0x29956a	7	es	MLG/Text/009c9ea4.olang	
2	AVD00000	2	0x29956a	7	fr	MLG/Text/009c9ea4.olang	
2	AVD00000	2	0x29956a	7	fr	EXLANG/Text/00c7f1dd.olang	
2	AVD00000	2	0x29956a	7	it	MLG/Text/009c9ea4.olang	
2	AVD00000	2	0x29956a	7	it	EXLANG/Text/00c7f1dd.olang	
2	AVD00000	2	0x29956a	7	ja	MLG/Text/009c9ea4.olang	
2	AVD00000	2	0x29956a	7	ja	EXLANG/Text/00c7f1dd.olang	
2	AVD00000	2	0x29956a	7	pt	EXLANG/Text/00c7f1dd.olang	
2	AVD00000	2	0x29956a	8	de	MLG/Text/009c9ea4.olang	
2	AVD00000	2	0x29956a	8	de	EXLANG/Text/00c7f1dd.olang	
2	AVD00000	2	0x29956a	8	en	MLG/Text/009c9ea4.olang	
2	AVD00000	2	0x29956a	8	en	EXLANG/Text/00c7f1dd.olang	
2	AVD00000	2	0x29956a	8	es	MLG/Text/009c9ea4.olang	
2	AVD00000	2	0x29956a	8	fr	MLG/Text/009c9ea4.olang	
2	AVD00000	2	0x29956a	8	fr	EXLANG/Text/00c7f1dd.olang	
2	AVD00000	2	0x29956a	8	it	MLG/Text/009c9ea4.olang	
2	AVD00000	2	0x29956a	8	it	EXLANG/Text/00c7f1dd.olang	
2	AVD00000	2	0x29956a	8	ja	MLG/Text/009c9ea4.olang	
2	AVD00000	2	0x29956a	8	ja	EXLANG/Text/00c7f1dd.olang	
2	AVD00000	2	0x29956a	8	pt	EXLANG/Text/00c7f1dd.olang	
2	AVD00000	2	0x29956a	9	de	MLG/Text/009c9ea4.olang	
2	AVD00000	2	0x29956a	9	de	EXLANG/Text/00c7f1dd.olang	
2	AVD00000	2	0x29956a	9	en	MLG/Text/009c9ea4.olang	
2	AVD00000	2	0x29956a	9	en	EXLANG/Text/00c7f1dd.olang	
2	AVD00000	2	0x29956a	9	es	MLG/Text/009c9ea4.olang	
2	AVD00000	2	0x29956a	9	fr	MLG/Text/009c9ea4.olang	
2	AVD00000	2	0x29956a	9	fr	EXLANG/Text/00c7f1dd.olang	
2	AVD00000	2	0x29956a	9	it	MLG/Text/009c9ea4.olang	
2	AVD00000	2	0x29956a	9	it	EXLANG/Text/00c7f1dd.olang	
2	AVD00000	2	0x29956a	9	ja	MLG/Text/009c9ea4.olang	あんた　そこやろ
2	AVD00000	2	0x29956a	9	ja	EXLANG/Text/00c7f1dd.olang	
2	AVD00000	2	0x29956a	9	pt	EXLANG/Text/00c7f1dd.olang	
2	AVD00000	2	0x29956a	10	de	MLG/Text/009c9ea4.olang	
2	AVD00000	2	0x29956a	10	de	EXLANG/Text/00c7f1dd.olang	
2	AVD00000	2	0x29956a	10	en	MLG/Text/009c9ea4.olang	
2	AVD00000	2	0x29956a	10	en	EXLANG/Text/00c7f1dd.olang	
2	AVD00000	2	0x29956a	10	es	MLG/Text/009c9ea4.olang	
2	AVD00000	2	0x29956a	10	fr	MLG/Text/009c9ea4.olang	
2	AVD00000	2	0x29956a	10	fr	EXLANG/Text/00c7f1dd.olang	
2	AVD00000	2	0x29956a	10	it	MLG/Text/009c9ea4.olang	
2	AVD00000	2	0x29956a	10	it	EXLANG/Text/00c7f1dd.olang	
2	AVD00000	2	0x29956a	10	ja	MLG/Text/009c9ea4.olang	もういっぺんいくでえ
2	AVD00000	2	0x29956a	10	ja	EXLANG/Text/00c7f1dd.olang	
2	AVD00000	2	0x29956a	10	pt	EXLANG/Text/00c7f1dd.olang	
2	AVD00000	2	0x29956a	11	de	MLG/Text/009c9ea4.olang	
2	AVD00000	2	0x29956a	11	de	EXLANG/Text/00c7f1dd.olang	
2	AVD00000	2	0x29956a	11	en	MLG/Text/009c9ea4.olang	
2	AVD00000	2	0x29956a	11	en	EXLANG/Text/00c7f1dd.olang	
2	AVD00000	2	0x29956a	11	es	MLG/Text/009c9ea4.olang	
2	AVD00000	2	0x29956a	11	fr	MLG/Text/009c9ea4.olang	
2	AVD00000	2	0x29956a	11	fr	EXLANG/Text/00c7f1dd.olang	
2	AVD00000	2	0x29956a	11	it	MLG/Text/009c9ea4.olang	
2	AVD00000	2	0x29956a	11	it	EXLANG/Text/00c7f1dd.olang	
2	AVD00000	2	0x29956a	11	ja	MLG/Text/009c9ea4.olang	
2	AVD00000	2	0x29956a	11	ja	EXLANG/Text/00c7f1dd.olang	
2	AVD00000	2	0x29956a	11	pt	EXLANG/Text/00c7f1dd.olang	
2	AVD00000	2	0x29956a	12	de	MLG/Text/009c9ea4.olang	
2	AVD00000	2	0x29956a	12	de	EXLANG/Text/00c7f1dd.olang	
2	AVD00000	2	0x29956a	12	en	MLG/Text/009c9ea4.olang	
2	AVD00000	2	0x29956a	12	en	EXLANG/Text/00c7f1dd.olang	
2	AVD00000	2	0x29956a	12	es	MLG/Text/009c9ea4.olang	
2	AVD00000	2	0x29956a	12	fr	MLG/Text/009c9ea4.olang	
2	AVD00000	2	0x29956a	12	fr	EXLANG/Text/00c7f1dd.olang	
2	AVD00000	2	0x29956a	12	it	MLG/Text/009c9ea4.olang	
2	AVD00000	2	0x29956a	12	it	EXLANG/Text/00c7f1dd.olang	
2	AVD00000	2	0x29956a	12	ja	MLG/Text/009c9ea4.olang	
2	AVD00000	2	0x29956a	12	ja	EXLANG/Text/00c7f1dd.olang	
2	AVD00000	2	0x29956a	12	pt	EXLANG/Text/00c7f1dd.olang	
2	AVD00000	2	0x29956a	13	de	MLG/Text/009c9ea4.olang	
2	AVD00000	2	0x29956a	13	de	EXLANG/Text/00c7f1dd.olang	
2	AVD00000	2	0x29956a	13	en	MLG/Text/009c9ea4.olang	
2	AVD00000	2	0x29956a	13	en	EXLANG/Text/00c7f1dd.olang	
2	AVD00000	2	0x29956a	13	es	MLG/Text/009c9ea4.olang	
2	AVD00000	2	0x29956a	13	fr	MLG/Text/009c9ea4.olang	
2	AVD00000	2	0x29956a	13	fr	EXLANG/Text/00c7f1dd.olang	
2	AVD00000	2	0x29956a	13	it	MLG/Text/009c9ea4.olang	
2	AVD00000	2	0x29956a	13	it	EXLANG/Text/00c7f1dd.olang	
2	AVD00000	2	0x29956a	13	ja	MLG/Text/009c9ea4.olang	
2	AVD00000	2	0x29956a	13	ja	EXLANG/Text/00c7f1dd.olang	
2	AVD00000	2	0x29956a	13	pt	EXLANG/Text/00c7f1dd.olang	
2	AVD00000	2	0x29956a	14	de	MLG/Text/009c9ea4.olang	
2	AVD00000	2	0x29956a	14	de	EXLANG/Text/00c7f1dd.olang	
2	AVD00000	2	0x29956a	14	en	MLG/Text/009c9ea4.olang	
2	AVD00000	2	0x29956a	14	en	EXLANG/Text/00c7f1dd.olang	
2	AVD00000	2	0x29956a	14	es	MLG/Text/009c9ea4.olang	
2	AVD00000	2	0x29956a	14	fr	MLG/Text/009c9ea4.olang	
2	AVD00000	2	0x29956a	14	fr	EXLANG/Text/00c7f1dd.olang	
2	AVD00000	2	0x29956a	14	it	MLG/Text/009c9ea4.olang	
2	AVD00000	2	0x29956a	14	it	EXLANG/Text/00c7f1dd.olang	
2	AVD00000	2	0x29956a	14	ja	MLG/Text/009c9ea4.olang	
2	AVD00000	2	0x29956a	14	ja	EXLANG/Text/00c7f1dd.olang	
2	AVD00000	2	0x29956a	14	pt	EXLANG/Text/00c7f1dd.olang	
2	AVD00000	2	0x29956a	15	de	MLG/Text/009c9ea4.olang	
2	AVD00000	2	0x29956a	15	de	EXLANG/Text/00c7f1dd.olang	
2	AVD00000	2	0x29956a	15	en	MLG/Text/009c9ea4.olang	
2	AVD00000	2	0x29956a	15	en	EXLANG/Text/00c7f1dd.olang	
2	AVD00000	2	0x29956a	15	es	MLG/Text/009c9ea4.olang	
2	AVD00000	2	0x29956a	15	fr	MLG/Text/009c9ea4.olang	
2	AVD00000	2	0x29956a	15	fr	EXLANG/Text/00c7f1dd.olang	
2	AVD00000	2	0x29956a	15	it	MLG/Text/009c9ea4.olang	
2	AVD00000	2	0x29956a	15	it	EXLANG/Text/00c7f1dd.olang	
2	AVD00000	2	0x29956a	15	ja	MLG/Text/009c9ea4.olang	
2	AVD00000	2	0x29956a	15	ja	EXLANG/Text/00c7f1dd.olang	
2	AVD00000	2	0x29956a	15	pt	EXLANG/Text/00c7f1dd.olang	
2	AVD00000	2	0x29956a	16	de	MLG/Text/009c9ea4.olang	
2	AVD00000	2	0x29956a	16	de	EXLANG/Text/00c7f1dd.olang	
2	AVD00000	2	0x29956a	16	en	MLG/Text/009c9ea4.olang	
2	AVD00000	2	0x29956a	16	en	EXLANG/Text/00c7f1dd.olang	
2	AVD00000	2	0x29956a	16	es	MLG/Text/009c9ea4.olang	
2	AVD00000	2	0x29956a	16	fr	MLG/Text/009c9ea4.olang	
2	AVD00000	2	0x29956a	16	fr	EXLANG/Text/00c7f1dd.olang	
2	AVD00000	2	0x29956a	16	it	MLG/Text/009c9ea4.olang	
2	AVD00000	2	0x29956a	16	it	EXLANG/Text/00c7f1dd.olang	
2	AVD00000	2	0x29956a	16	ja	MLG/Text/009c9ea4.olang	
2	AVD00000	2	0x29956a	16	ja	EXLANG/Text/00c7f1dd.olang	
2	AVD00000	2	0x29956a	16	pt	EXLANG/Text/00c7f1dd.olang	
2	AVD00000	2	0x29956a	17	de	MLG/Text/009c9ea4.olang	
2	AVD00000	2	0x29956a	17	de	EXLANG/Text/00c7f1dd.olang	
2	AVD00000	2	0x29956a	17	en	MLG/Text/009c9ea4.olang	
2	AVD00000	2	0x29956a	17	en	EXLANG/Text/00c7f1dd.olang	
2	AVD00000	2	0x29956a	17	es	MLG/Text/009c9ea4.olang	
2	AVD00000	2	0x29956a	17	fr	MLG/Text/009c9ea4.olang	
2	AVD00000	2	0x29956a	17	fr	EXLANG/Text/00c7f1dd.olang	
2	AVD00000	2	0x29956a	17	it	MLG/Text/009c9ea4.olang	
2	AVD00000	2	0x29956a	17	it	EXLANG/Text/00c7f1dd.olang	
2	AVD00000	2	0x29956a	17	ja	MLG/Text/009c9ea4.olang	
2	AVD00000	2	0x29956a	17	ja	EXLANG/Text/00c7f1dd.olang	
2	AVD00000	2	0x29956a	17	pt	EXLANG/Text/00c7f1dd.olang	
2	AVD00000	2	0x29956a	18	de	MLG/Text/009c9ea4.olang	
2	AVD00000	2	0x29956a	18	de	EXLANG/Text/00c7f1dd.olang	
2	AVD00000	2	0x29956a	18	en	MLG/Text/009c9ea4.olang	
2	AVD00000	2	0x29956a	18	en	EXLANG/Text/00c7f1dd.olang	
2	AVD00000	2	0x29956a	18	es	MLG/Text/009c9ea4.olang	
2	AVD00000	2	0x29956a	18	fr	MLG/Text/009c9ea4.olang	
2	AVD00000	2	0x29956a	18	fr	EXLANG/Text/00c7f1dd.olang	
2	AVD00000	2	0x29956a	18	it	MLG/Text/009c9ea4.olang	
2	AVD00000	2	0x29956a	18	it	EXLANG/Text/00c7f1dd.olang	
2	AVD00000	2	0x29956a	18	ja	MLG/Text/009c9ea4.olang	
2	AVD00000	2	0x29956a	18	ja	EXLANG/Text/00c7f1dd.olang	
2	AVD00000	2	0x29956a	18	pt	EXLANG/Text/00c7f1dd.olang	
2	AVD00000	2	0x29956a	19	de	MLG/Text/009c9ea4.olang	
2	AVD00000	2	0x29956a	19	de	EXLANG/Text/00c7f1dd.olang	
2	AVD00000	2	0x29956a	19	en	MLG/Text/009c9ea4.olang	
2	AVD00000	2	0x29956a	19	en	EXLANG/Text/00c7f1dd.olang	
2	AVD00000	2	0x29956a	19	es	MLG/Text/009c9ea4.olang	
2	AVD00000	2	0x29956a	19	fr	MLG/Text/009c9ea4.olang	
2	AVD00000	2	0x29956a	19	fr	EXLANG/Text/00c7f1dd.olang	
2	AVD00000	2	0x29956a	19	it	MLG/Text/009c9ea4.olang	
2	AVD00000	2	0x29956a	19	it	EXLANG/Text/00c7f1dd.olang	
2	AVD00000	2	0x29956a	19	ja	MLG/Text/009c9ea4.olang	どや？　痛いか？
2	AVD00000	2	0x29956a	19	ja	EXLANG/Text/00c7f1dd.olang	
2	AVD00000	2	0x29956a	19	pt	EXLANG/Text/00c7f1dd.olang	
2	AVD00000	2	0x29956a	20	de	MLG/Text/009c9ea4.olang	
2	AVD00000	2	0x29956a	20	de	EXLANG/Text/00c7f1dd.olang	
2	AVD00000	2	0x29956a	20	en	MLG/Text/009c9ea4.olang	
2	AVD00000	2	0x29956a	20	en	EXLANG/Text/00c7f1dd.olang	
2	AVD00000	2	0x29956a	20	es	MLG/Text/009c9ea4.olang	
2	AVD00000	2	0x29956a	20	fr	MLG/Text/009c9ea4.olang	
2	AVD00000	2	0x29956a	20	fr	EXLANG/Text/00c7f1dd.olang	
2	AVD00000	2	0x29956a	20	it	MLG/Text/009c9ea4.olang	
2	AVD00000	2	0x29956a	20	it	EXLANG/Text/00c7f1dd.olang	
2	AVD00000	2	0x29956a	20	ja	MLG/Text/009c9ea4.olang	いくで いくで いくでぇ！
2	AVD00000	2	0x29956a	20	ja	EXLANG/Text/00c7f1dd.olang	
2	AVD00000	2	0x29956a	20	pt	EXLANG/Text/00c7f1dd.olang	
2	AVD00000	2	0x29956a	21	de	MLG/Text/009c9ea4.olang	
2	AVD00000	2	0x29956a	21	de	EXLANG/Text/00c7f1dd.olang	
2	AVD00000	2	0x29956a	21	en	MLG/Text/009c9ea4.olang	
2	AVD00000	2	0x29956a	21	en	EXLANG/Text/00c7f1dd.olang	
2	AVD00000	2	0x29956a	21	es	MLG/Text/009c9ea4.olang	
2	AVD00000	2	0x29956a	21	fr	MLG/Text/009c9ea4.olang	
2	AVD00000	2	0x29956a	21	fr	EXLANG/Text/00c7f1dd.olang	
2	AVD00000	2	0x29956a	21	it	MLG/Text/009c9ea4.olang	
2	AVD00000	2	0x29956a	21	it	EXLANG/Text/00c7f1dd.olang	
2	AVD00000	2	0x29956a	21	ja	MLG/Text/009c9ea4.olang	キッドナッパー　かますで！
2	AVD00000	2	0x29956a	21	ja	EXLANG/Text/00c7f1dd.olang	
2	AVD00000	2	0x29956a	21	pt	EXLANG/Text/00c7f1dd.olang	
2	AVD00000	2	0x29956a	22	de	MLG/Text/009c9ea4.olang	
2	AVD00000	2	0x29956a	22	de	EXLANG/Text/00c7f1dd.olang	
2	AVD00000	2	0x29956a	22	en	MLG/Text/009c9ea4.olang	
2	AVD00000	2	0x29956a	22	en	EXLANG/Text/00c7f1dd.olang	
2	AVD00000	2	0x29956a	22	es	MLG/Text/009c9ea4.olang	
2	AVD00000	2	0x29956a	22	fr	MLG/Text/009c9ea4.olang	
2	AVD00000	2	0x29956a	22	fr	EXLANG/Text/00c7f1dd.olang	
2	AVD00000	2	0x29956a	22	it	MLG/Text/009c9ea4.olang	
2	AVD00000	2	0x29956a	22	it	EXLANG/Text/00c7f1dd.olang	
2	AVD00000	2	0x29956a	22	ja	MLG/Text/009c9ea4.olang	攻撃モード 変形や！
2	AVD00000	2	0x29956a	22	ja	EXLANG/Text/00c7f1dd.olang	
2	AVD00000	2	0x29956a	22	pt	EXLANG/Text/00c7f1dd.olang	
2	AVD00000	2	0x29956a	23	de	MLG/Text/009c9ea4.olang	
2	AVD00000	2	0x29956a	23	de	EXLANG/Text/00c7f1dd.olang	
2	AVD00000	2	0x29956a	23	en	MLG/Text/009c9ea4.olang	
2	AVD00000	2	0x29956a	23	en	EXLANG/Text/00c7f1dd.olang	
2	AVD00000	2	0x29956a	23	es	MLG/Text/009c9ea4.olang	
2	AVD00000	2	0x29956a	23	fr	MLG/Text/009c9ea4.olang	
2	AVD00000	2	0x29956a	23	fr	EXLANG/Text/00c7f1dd.olang	
2	AVD00000	2	0x29956a	23	it	MLG/Text/009c9ea4.olang	
2	AVD00000	2	0x29956a	23	it	EXLANG/Text/00c7f1dd.olang	
2	AVD00000	2	0x29956a	23	ja	MLG/Text/009c9ea4.olang	もうええわ　通常モード！
2	AVD00000	2	0x29956a	23	ja	EXLANG/Text/00c7f1dd.olang	
2	AVD00000	2	0x29956a	23	pt	EXLANG/Text/00c7f1dd.olang	
2	AVD00000	2	0x29956a	24	de	MLG/Text/009c9ea4.olang	
2	AVD00000	2	0x29956a	24	de	EXLANG/Text/00c7f1dd.olang	
2	AVD00000	2	0x29956a	24	en	MLG/Text/009c9ea4.olang	
2	AVD00000	2	0x29956a	24	en	EXLANG/Text/00c7f1dd.olang	
2	AVD00000	2	0x29956a	24	es	MLG/Text/009c9ea4.olang	
2	AVD00000	2	0x29956a	24	fr	MLG/Text/009c9ea4.olang	
2	AVD00000	2	0x29956a	24	fr	EXLANG/Text/00c7f1dd.olang	
2	AVD00000	2	0x29956a	24	it	MLG/Text/009c9ea4.olang	
2	AVD00000	2	0x29956a	24	it	EXLANG/Text/00c7f1dd.olang	
2	AVD00000	2	0x29956a	24	ja	MLG/Text/009c9ea4.olang	
2	AVD00000	2	0x29956a	24	ja	EXLANG/Text/00c7f1dd.olang	
2	AVD00000	2	0x29956a	24	pt	EXLANG/Text/00c7f1dd.olang	
2	AVD00000	2	0x29956a	25	de	MLG/Text/009c9ea4.olang	
2	AVD00000	2	0x29956a	25	de	EXLANG/Text/00c7f1dd.olang	
2	AVD00000	2	0x29956a	25	en	MLG/Text/009c9ea4.olang	
2	AVD00000	2	0x29956a	25	en	EXLANG/Text/00c7f1dd.olang	
2	AVD00000	2	0x29956a	25	es	MLG/Text/009c9ea4.olang	
2	AVD00000	2	0x29956a	25	fr	MLG/Text/009c9ea4.olang	
2	AVD00000	2	0x29956a	25	fr	EXLANG/Text/00c7f1dd.olang	
2	AVD00000	2	0x29956a	25	it	MLG/Text/009c9ea4.olang	
2	AVD00000	2	0x29956a	25	it	EXLANG/Text/00c7f1dd.olang	
2	AVD00000	2	0x29956a	25	ja	MLG/Text/009c9ea4.olang	
2	AVD00000	2	0x29956a	25	ja	EXLANG/Text/00c7f1dd.olang	
2	AVD00000	2	0x29956a	25	pt	EXLANG/Text/00c7f1dd.olang	
2	AVD00000	2	0x29956a	26	de	MLG/Text/009c9ea4.olang	
2	AVD00000	2	0x29956a	26	de	EXLANG/Text/00c7f1dd.olang	
2	AVD00000	2	0x29956a	26	en	MLG/Text/009c9ea4.olang	
2	AVD00000	2	0x29956a	26	en	EXLANG/Text/00c7f1dd.olang	
2	AVD00000	2	0x29956a	26	es	MLG/Text/009c9ea4.olang	
2	AVD00000	2	0x29956a	26	fr	MLG/Text/009c9ea4.olang	
2	AVD00000	2	0x29956a	26	fr	EXLANG/Text/00c7f1dd.olang	
2	AVD00000	2	0x29956a	26	it	MLG/Text/009c9ea4.olang	
2	AVD00000	2	0x29956a	26	it	EXLANG/Text/00c7f1dd.olang	
2	AVD00000	2	0x29956a	26	ja	MLG/Text/009c9ea4.olang	
2	AVD00000	2	0x29956a	26	ja	EXLANG/Text/00c7f1dd.olang	
2	AVD00000	2	0x29956a	26	pt	EXLANG/Text/00c7f1dd.olang	
2	AVD00000	2	0x29956a	27	de	MLG/Text/009c9ea4.olang	
2	AVD00000	2	0x29956a	27	de	EXLANG/Text/00c7f1dd.olang	
2	AVD00000	2	0x29956a	27	en	MLG/Text/009c9ea4.olang	
2	AVD00000	2	0x29956a	27	en	EXLANG/Text/00c7f1dd.olang	
2	AVD00000	2	0x29956a	27	es	MLG/Text/009c9ea4.olang	
2	AVD00000	2	0x29956a	27	fr	MLG/Text/009c9ea4.olang	
2	AVD00000	2	0x29956a	27	fr	EXLANG/Text/00c7f1dd.olang	
2	AVD00000	2	0x29956a	27	it	MLG/Text/009c9ea4.olang	
2	AVD00000	2	0x29956a	27	it	EXLANG/Text/00c7f1dd.olang	
2	AVD00000	2	0x29956a	27	ja	MLG/Text/009c9ea4.olang	あんた　そこやろ
2	AVD00000	2	0x29956a	27	ja	EXLANG/Text/00c7f1dd.olang	
2	AVD00000	2	0x29956a	27	pt	EXLANG/Text/00c7f1dd.olang	
2	AVD00000	2	0x29956a	28	de	MLG/Text/009c9ea4.olang	
2	AVD00000	2	0x29956a	28	de	EXLANG/Text/00c7f1dd.olang	
2	AVD00000	2	0x29956a	28	en	MLG/Text/009c9ea4.olang	
2	AVD00000	2	0x29956a	28	en	EXLANG/Text/00c7f1dd.olang	
2	AVD00000	2	0x29956a	28	es	MLG/Text/009c9ea4.olang	
2	AVD00000	2	0x29956a	28	fr	MLG/Text/009c9ea4.olang	
2	AVD00000	2	0x29956a	28	fr	EXLANG/Text/00c7f1dd.olang	
2	AVD00000	2	0x29956a	28	it	MLG/Text/009c9ea4.olang	
2	AVD00000	2	0x29956a	28	it	EXLANG/Text/00c7f1dd.olang	
2	AVD00000	2	0x29956a	28	ja	MLG/Text/009c9ea4.olang	もういっぺんいくでえ
2	AVD00000	2	0x29956a	28	ja	EXLANG/Text/00c7f1dd.olang	
2	AVD00000	2	0x29956a	28	pt	EXLANG/Text/00c7f1dd.olang	
2	AVD00000	2	0x29956a	29	de	MLG/Text/009c9ea4.olang	
2	AVD00000	2	0x29956a	29	de	EXLANG/Text/00c7f1dd.olang	
2	AVD00000	2	0x29956a	29	en	MLG/Text/009c9ea4.olang	
2	AVD00000	2	0x29956a	29	en	EXLANG/Text/00c7f1dd.olang	
2	AVD00000	2	0x29956a	29	es	MLG/Text/009c9ea4.olang	
2	AVD00000	2	0x29956a	29	fr	MLG/Text/009c9ea4.olang	
2	AVD00000	2	0x29956a	29	fr	EXLANG/Text/00c7f1dd.olang	
2	AVD00000	2	0x29956a	29	it	MLG/Text/009c9ea4.olang	
2	AVD00000	2	0x29956a	29	it	EXLANG/Text/00c7f1dd.olang	
2	AVD00000	2	0x29956a	29	ja	MLG/Text/009c9ea4.olang	
2	AVD00000	2	0x29956a	29	ja	EXLANG/Text/00c7f1dd.olang	
2	AVD00000	2	0x29956a	29	pt	EXLANG/Text/00c7f1dd.olang	
2	AVD00000	2	0x29956a	30	de	MLG/Text/009c9ea4.olang	
2	AVD00000	2	0x29956a	30	de	EXLANG/Text/00c7f1dd.olang	
2	AVD00000	2	0x29956a	30	en	MLG/Text/009c9ea4.olang	
2	AVD00000	2	0x29956a	30	en	EXLANG/Text/00c7f1dd.olang	
2	AVD00000	2	0x29956a	30	es	MLG/Text/009c9ea4.olang	
2	AVD00000	2	0x29956a	30	fr	MLG/Text/009c9ea4.olang	
2	AVD00000	2	0x29956a	30	fr	EXLANG/Text/00c7f1dd.olang	
2	AVD00000	2	0x29956a	30	it	MLG/Text/009c9ea4.olang	
2	AVD00000	2	0x29956a	30	it	EXLANG/Text/00c7f1dd.olang	
2	AVD00000	2	0x29956a	30	ja	MLG/Text/009c9ea4.olang	
2	AVD00000	2	0x29956a	30	ja	EXLANG/Text/00c7f1dd.olang	
2	AVD00000	2	0x29956a	30	pt	EXLANG/Text/00c7f1dd.olang	
2	AVD00000	2	0x29956a	31	de	MLG/Text/009c9ea4.olang	
2	AVD00000	2	0x29956a	31	de	EXLANG/Text/00c7f1dd.olang	
2	AVD00000	2	0x29956a	31	en	MLG/Text/009c9ea4.olang	
2	AVD00000	2	0x29956a	31	en	EXLANG/Text/00c7f1dd.olang	
2	AVD00000	2	0x29956a	31	es	MLG/Text/009c9ea4.olang	
2	AVD00000	2	0x29956a	31	fr	MLG/Text/009c9ea4.olang	
2	AVD00000	2	0x29956a	31	fr	EXLANG/Text/00c7f1dd.olang	
2	AVD00000	2	0x29956a	31	it	MLG/Text/009c9ea4.olang	
2	AVD00000	2	0x29956a	31	it	EXLANG/Text/00c7f1dd.olang	
2	AVD00000	2	0x29956a	31	ja	MLG/Text/009c9ea4.olang	
2	AVD00000	2	0x29956a	31	ja	EXLANG/Text/00c7f1dd.olang	
2	AVD00000	2	0x29956a	31	pt	EXLANG/Text/00c7f1dd.olang	
2	AVD00000	2	0x29956a	32	de	MLG/Text/009c9ea4.olang	
2	AVD00000	2	0x29956a	32	de	EXLANG/Text/00c7f1dd.olang	
2	AVD00000	2	0x29956a	32	en	MLG/Text/009c9ea4.olang	
2	AVD00000	2	0x29956a	32	en	EXLANG/Text/00c7f1dd.olang	
2	AVD00000	2	0x29956a	32	es	MLG/Text/009c9ea4.olang	
2	AVD00000	2	0x29956a	32	fr	MLG/Text/009c9ea4.olang	
2	AVD00000	2	0x29956a	32	fr	EXLANG/Text/00c7f1dd.olang	
2	AVD00000	2	0x29956a	32	it	MLG/Text/009c9ea4.olang	
2	AVD00000	2	0x29956a	32	it	EXLANG/Text/00c7f1dd.olang	
2	AVD00000	2	0x29956a	32	ja	MLG/Text/009c9ea4.olang	
2	AVD00000	2	0x29956a	32	ja	EXLANG/Text/00c7f1dd.olang	
2	AVD00000	2	0x29956a	32	pt	EXLANG/Text/00c7f1dd.olang	
2	AVD00000	2	0x29956a	33	de	MLG/Text/009c9ea4.olang	
2	AVD00000	2	0x29956a	33	de	EXLANG/Text/00c7f1dd.olang	
2	AVD00000	2	0x29956a	33	en	MLG/Text/009c9ea4.olang	
2	AVD00000	2	0x29956a	33	en	EXLANG/Text/00c7f1dd.olang	
2	AVD00000	2	0x29956a	33	es	MLG/Text/009c9ea4.olang	
2	AVD00000	2	0x29956a	33	fr	MLG/Text/009c9ea4.olang	
2	AVD00000	2	0x29956a	33	fr	EXLANG/Text/00c7f1dd.olang	
2	AVD00000	2	0x29956a	33	it	MLG/Text/009c9ea4.olang	
2	AVD00000	2	0x29956a	33	it	EXLANG/Text/00c7f1dd.olang	
2	AVD00000	2	0x29956a	33	ja	MLG/Text/009c9ea4.olang	
2	AVD00000	2	0x29956a	33	ja	EXLANG/Text/00c7f1dd.olang	
2	AVD00000	2	0x29956a	33	pt	EXLANG/Text/00c7f1dd.olang	
2	AVD00000	2	0x29956a	34	de	MLG/Text/009c9ea4.olang	
2	AVD00000	2	0x29956a	34	de	EXLANG/Text/00c7f1dd.olang	
2	AVD00000	2	0x29956a	34	en	MLG/Text/009c9ea4.olang	
2	AVD00000	2	0x29956a	34	en	EXLANG/Text/00c7f1dd.olang	
2	AVD00000	2	0x29956a	34	es	MLG/Text/009c9ea4.olang	
2	AVD00000	2	0x29956a	34	fr	MLG/Text/009c9ea4.olang	
2	AVD00000	2	0x29956a	34	fr	EXLANG/Text/00c7f1dd.olang	
2	AVD00000	2	0x29956a	34	it	MLG/Text/009c9ea4.olang	
2	AVD00000	2	0x29956a	34	it	EXLANG/Text/00c7f1dd.olang	
2	AVD00000	2	0x29956a	34	ja	MLG/Text/009c9ea4.olang	
2	AVD00000	2	0x29956a	34	ja	EXLANG/Text/00c7f1dd.olang	
2	AVD00000	2	0x29956a	34	pt	EXLANG/Text/00c7f1dd.olang	
2	AVD00000	2	0x29956a	35	de	MLG/Text/009c9ea4.olang	
2	AVD00000	2	0x29956a	35	de	EXLANG/Text/00c7f1dd.olang	
2	AVD00000	2	0x29956a	35	en	MLG/Text/009c9ea4.olang	
2	AVD00000	2	0x29956a	35	en	EXLANG/Text/00c7f1dd.olang	
2	AVD00000	2	0x29956a	35	es	MLG/Text/009c9ea4.olang	
2	AVD00000	2	0x29956a	35	fr	MLG/Text/009c9ea4.olang	
2	AVD00000	2	0x29956a	35	fr	EXLANG/Text/00c7f1dd.olang	
2	AVD00000	2	0x29956a	35	it	MLG/Text/009c9ea4.olang	
2	AVD00000	2	0x29956a	35	it	EXLANG/Text/00c7f1dd.olang	
2	AVD00000	2	0x29956a	35	ja	MLG/Text/009c9ea4.olang	
2	AVD00000	2	0x29956a	35	ja	EXLANG/Text/00c7f1dd.olang	
2	AVD00000	2	0x29956a	35	pt	EXLANG/Text/00c7f1dd.olang	
2	AVD00000	2	0x29956a	36	de	MLG/Text/009c9ea4.olang	
2	AVD00000	2	0x29956a	36	de	EXLANG/Text/00c7f1dd.olang	
2	AVD00000	2	0x29956a	36	en	MLG/Text/009c9ea4.olang	
2	AVD00000	2	0x29956a	36	en	EXLANG/Text/00c7f1dd.olang	
2	AVD00000	2	0x29956a	36	es	MLG/Text/009c9ea4.olang	
2	AVD00000	2	0x29956a	36	fr	MLG/Text/009c9ea4.olang	
2	AVD00000	2	0x29956a	36	fr	EXLANG/Text/00c7f1dd.olang	
2	AVD00000	2	0x29956a	36	it	MLG/Text/009c9ea4.olang	
2	AVD00000	2	0x29956a	36	it	EXLANG/Text/00c7f1dd.olang	
2	AVD00000	2	0x29956a	36	ja	MLG/Text/009c9ea4.olang	
2	AVD00000	2	0x29956a	36	ja	EXLANG/Text/00c7f1dd.olang	
2	AVD00000	2	0x29956a	36	pt	EXLANG/Text/00c7f1dd.olang	
2	AVD00000	2	0x29956a	37	de	MLG/Text/009c9ea4.olang	
2	AVD00000	2	0x29956a	37	de	EXLANG/Text/00c7f1dd.olang	
2	AVD00000	2	0x29956a	37	en	MLG/Text/009c9ea4.olang	
2	AVD00000	2	0x29956a	37	en	EXLANG/Text/00c7f1dd.olang	
2	AVD00000	2	0x29956a	37	es	MLG/Text/009c9ea4.olang	
2	AVD00000	2	0x29956a	37	fr	MLG/Text/009c9ea4.olang	
2	AVD00000	2	0x29956a	37	fr	EXLANG/Text/00c7f1dd.olang	
2	AVD00000	2	0x29956a	37	it	MLG/Text/009c9ea4.olang	
2	AVD00000	2	0x29956a	37	it	EXLANG/Text/00c7f1dd.olang	
2	AVD00000	2	0x29956a	37	ja	MLG/Text/009c9ea4.olang	
2	AVD00000	2	0x29956a	37	ja	EXLANG/Text/00c7f1dd.olang	
2	AVD00000	2	0x29956a	37	pt	EXLANG/Text/00c7f1dd.olang	
3	AVD00001	1	0xe9cbf5	0	de	MLG/Text/009c9ea4.olang	Sperre gelöst.
3	AVD00001	1	0xe9cbf5	0	de	EXLANG/Text/00c7f1dd.olang	
3	AVD00001	1	0xe9cbf5	0	en	MLG/Text/009c9ea4.olang	Lock disengaged.
3	AVD00001	1	0xe9cbf5	0	en	EXLANG/Text/00c7f1dd.olang	
3	AVD00001	1	0xe9cbf5	0	es	MLG/Text/009c9ea4.olang	Seguro desbloqueado.
3	AVD00001	1	0xe9cbf5	0	fr	MLG/Text/009c9ea4.olang	Verrouillage désengagé.
3	AVD00001	1	0xe9cbf5	0	fr	EXLANG/Text/00c7f1dd.olang	
3	AVD00001	1	0xe9cbf5	0	it	MLG/Text/009c9ea4.olang	Blocco disattivato.
3	AVD00001	1	0xe9cbf5	0	it	EXLANG/Text/00c7f1dd.olang	
3	AVD00001	1	0xe9cbf5	0	ja	MLG/Text/009c9ea4.olang	ロック解除
3	AVD00001	1	0xe9cbf5	0	ja	EXLANG/Text/00c7f1dd.olang	
3	AVD00001	1	0xe9cbf5	0	pt	EXLANG/Text/00c7f1dd.olang	Trava desativada.
3	AVD00001	1	0xe9cbf5	1	de	MLG/Text/009c9ea4.olang	Notüberbrückung abgeschlossen. Reinitialisierung.
3	AVD00001	1	0xe9cbf5	1	de	EXLANG/Text/00c7f1dd.olang	
3	AVD00001	1	0xe9cbf5	1	en	MLG/Text/009c9ea4.olang	Emergency override complete. Reinitializing!
3	AVD00001	1	0xe9cbf5	1	en	EXLANG/Text/00c7f1dd.olang	
3	AVD00001	1	0xe9cbf5	1	es	MLG/Text/009c9ea4.olang	Anulación de emergencia completada. Reiniciando.
3	AVD00001	1	0xe9cbf5	1	fr	MLG/Text/009c9ea4.olang	Annulation d'urgence achevée. Réinitialisation.
3	AVD00001	1	0xe9cbf5	1	fr	EXLANG/Text/00c7f1dd.olang	
3	AVD00001	1	0xe9cbf5	1	it	MLG/Text/009c9ea4.olang	Ripristino d'emergenza completato. Riattivazione.
3	AVD00001	1	0xe9cbf5	1	it	EXLANG/Text/00c7f1dd.olang	
3	AVD00001	1	0xe9cbf5	1	ja	MLG/Text/009c9ea4.olang	応急処置完了 再起動！
3	AVD00001	1	0xe9cbf5	1	ja	EXLANG/Text/00c7f1dd.olang	
3	AVD00001	1	0xe9cbf5	1	pt	EXLANG/Text/00c7f1dd.olang	Substituição de emergência concluída. Reinicializando!
3	AVD00001	1	0xe9cbf5	2	de	MLG/Text/009c9ea4.olang	Raketen-Zielerfassung.
3	AVD00001	1	0xe9cbf5	2	de	EXLANG/Text/00c7f1dd.olang	
3	AVD00001	1	0xe9cbf5	2	en	MLG/Text/009c9ea4.olang	Missile target acquired!
3	AVD00001	1	0xe9cbf5	2	en	EXLANG/Text/00c7f1dd.olang	
3	AVD00001	1	0xe9cbf5	2	es	MLG/Text/009c9ea4.olang	¡Obteniendo objetivo del misil!
3	AVD00001	1	0xe9cbf5	2	fr	MLG/Text/009c9ea4.olang	Acquisition cible missile.
3	AVD00001	1	0xe9cbf5	2	fr	EXLANG/Text/00c7f1dd.olang	
3	AVD00001	1	0xe9cbf5	2	it	MLG/Text/009c9ea4.olang	Bersaglio missile acquisito.
3	AVD00001	1	0xe9cbf5	2	it	EXLANG/Text/00c7f1dd.olang	
3	AVD00001	1	0xe9cbf5	2	ja	MLG/Text/009c9ea4.olang	ミサイルターゲット補足！
3	AVD00001	1	0xe9cbf5	2	ja	EXLANG/Text/00c7f1dd.olang	
3	AVD00001	1	0xe9cbf5	2	pt	EXLANG/Text/00c7f1dd.olang	Alvo de míssil selecionado!
3	AVD00001	1	0xe9cbf5	3	de	MLG/Text/009c9ea4.olang	Starte Bereichsangriff!
3	AVD00001	1	0xe9cbf5	3	de	EXLANG/Text/00c7f1dd.olang	
3	AVD00001	1	0xe9cbf5	3	en	MLG/Text/009c9ea4.olang	Commencing area attack!
3	AVD00001	1	0xe9cbf5	3	en	EXLANG/Text/00c7f1dd.olang	
3	AVD00001	1	0xe9cbf5	3	es	MLG/Text/009c9ea4.olang	¡Iniciando ataque en zona!
3	AVD00001	1	0xe9cbf5	3	fr	MLG/Text/009c9ea4.olang	Commencer l'attaque de la zone !
3	AVD00001	1	0xe9cbf5	3	fr	EXLANG/Text/00c7f1dd.olang	
3	AVD00001	1	0xe9cbf5	3	it	MLG/Text/009c9ea4.olang	Inizio attacco mirato!
3	AVD00001	1	0xe9cbf5	3	it	EXLANG/Text/00c7f1dd.olang	
3	AVD00001	1	0xe9cbf5	3	ja	MLG/Text/009c9ea4.olang	範囲攻撃実行！
3	AVD00001	1	0xe9cbf5	3	ja	EXLANG/Text/00c7f1dd.olang	
3	AVD00001	1	0xe9cbf5	3	pt	EXLANG/Text/00c7f1dd.olang	Iniciando ataque de área!
3	AVD00001	1	0xe9cbf5	4	de	MLG/Text/009c9ea4.olang	Hauptkanone geladen.
3	AVD00001	1	0xe9cbf5	4	de	EXLANG/Text/00c7f1dd.olang	
3	AVD00001	1	0xe9cbf5	4	en	MLG/Text/009c9ea4.olang	Main cannon loaded!
3	AVD00001	1	0xe9cbf5	4	en	EXLANG/Text/00c7f1dd.olang	
3	AVD00001	1	0xe9cbf5	4	es	MLG/Text/009c9ea4.olang	Cañón principal cargado.
3	AVD00001	1	0xe9cbf5	4	fr	MLG/Text/009c9ea4.olang	Canon principal chargé.
3	AVD00001	1	0xe9cbf5	4	fr	EXLANG/Text/00c7f1dd.olang	
3	AVD00001	1	0xe9cbf5	4	it	MLG/Text/009c9ea4.olang	Cannone principale caricato.
3	AVD00001	1	0xe9cbf5	4	it	EXLANG/Text/00c7f1dd.olang	
3	AVD00001	1	0xe9cbf5	4	ja	MLG/Text/009c9ea4.olang	主砲装填完了！
3	AVD00001	1	0xe9cbf5	4	ja	EXLANG/Text/00c7f1dd.olang	
3	AVD00001	1	0xe9cbf5	4	pt	EXLANG/Text/00c7f1dd.olang	Canhão principal carregado!
3	AVD00001	1	0xe9cbf5	5	de	MLG/Text/009c9ea4.olang	Führe Fußfeger aus!
3	AVD00001	1	0xe9cbf5	5	de	EXLANG/Text/00c7f1dd.olang	
3	AVD00001	1	0xe9cbf5	5	en	MLG/Text/009c9ea4.olang	Commencing sweep attack!
3	AVD00001	1	0xe9cbf5	5	en	EXLANG/Text/00c7f1dd.olang	
3	AVD00001	1	0xe9cbf5	5	es	MLG/Text/009c9ea4.olang	¡Iniciando ataque de barrido!
3	AVD00001	1	0xe9cbf5	5	fr	MLG/Text/009c9ea4.olang	Commencer le balayage !
3	AVD00001	1	0xe9cbf5	5	fr	EXLANG/Text/00c7f1dd.olang	
3	AVD00001	1	0xe9cbf5	5	it	MLG/Text/009c9ea4.olang	Inizio attacco a tappeto!
3	AVD00001	1	0xe9cbf5	5	it	EXLANG/Text/00c7f1dd.olang	
3	AVD00001	1	0xe9cbf5	5	ja	MLG/Text/009c9ea4.olang	直接攻撃発動！
3	AVD00001	1	0xe9cbf5	5	ja	EXLANG/Text/00c7f1dd.olang	
3	AVD00001	1	0xe9cbf5	5	pt	EXLANG/Text/00c7f1dd.olang	Iniciando ataque de varredura!
3	AVD00001	1	0xe9cbf5	6	de	MLG/Text/009c9ea4.olang	Schalte Bedrohung aus.
3	AVD00001	1	0xe9cbf5	6	de	EXLANG/Text/00c7f1dd.olang	
3	AVD00001	1	0xe9cbf5	6	en	MLG/Text/009c9ea4.olang	Eliminating threat!
3	AVD00001	1	0xe9cbf5	6	en	EXLANG/Text/00c7f1dd.olang	
3	AVD00001	1	0xe9cbf5	6	es	MLG/Text/009c9ea4.olang	¡Eliminando amenaza!
3	AVD00001	1	0xe9cbf5	6	fr	MLG/Text/009c9ea4.olang	Éliminez la menace !
3	AVD00001	1	0xe9cbf5	6	fr	EXLANG/Text/00c7f1dd.olang	
3	AVD00001	1	0xe9cbf5	6	it	MLG/Text/009c9ea4.olang	Eliminazione minaccia.
3	AVD00001	1	0xe9cbf5	6	it	EXLANG/Text/00c7f1dd.olang	
3	AVD00001	1	0xe9cbf5	6	ja	MLG/Text/009c9ea4.olang	腹部脅威排除！
3	AVD00001	1	0xe9cbf5	6	ja	EXLANG/Text/00c7f1dd.olang	
3	AVD00001	1	0xe9cbf5	6	pt	EXLANG/Text/00c7f1dd.olang	Eliminando ameaça!
3	AVD00001	1	0xe9cbf5	7	de	MLG/Text/009c9ea4.olang	Thermostat-Fehlfunktion festgestellt.
3	AVD00001	1	0xe9cbf5	7	de	EXLANG/Text/00c7f1dd.olang	
3	AVD00001	1	0xe9cbf5	7	en	MLG/Text/009c9ea4.olang	Thermostat malfunction detected!
3	AVD00001	1	0xe9cbf5	7	en	EXLANG/Text/00c7f1dd.olang	
3	AVD00001	1	0xe9cbf5	7	es	MLG/Text/009c9ea4.olang	Detectado error del termostato.
3	AVD00001	1	0xe9cbf5	7	fr	MLG/Text/009c9ea4.olang	Dysfonctionnement de thermostat détecté.
3	AVD00001	1	0xe9cbf5	7	fr	EXLANG/Text/00c7f1dd.olang	
3	AVD00001	1	0xe9cbf5	7	it	MLG/Text/009c9ea4.olang	Rilevato malfunzionamento termostato.
3	AVD00001	1	0xe9cbf5	7	it	EXLANG/Text/00c7f1dd.olang	
3	AVD00001	1	0xe9cbf5	7	ja	MLG/Text/009c9ea4.olang	エンジン内温度異常発生！
3	AVD00001	1	0xe9cbf5	7	ja	EXLANG/Text/00c7f1dd.olang	
3	AVD00001	1	0xe9cbf5	7	pt	EXLANG/Text/00c7f1dd.olang	Falha no termostato detectada!
3	AVD00001	1	0xe9cbf5	8	de	MLG/Text/009c9ea4.olang	Abkühlung abgeschlossen. Reinitialisierung.
3	AVD00001	1	0xe9cbf5	8	de	EXLANG/Text/00c7f1dd.olang	
3	AVD00001	1	0xe9cbf5	8	en	MLG/Text/009c9ea4.olang	Cooling complete. Reinitializing!
3	AVD00001	1	0xe9cbf5	8	en	EXLANG/Text/00c7f1dd.olang	
3	AVD00001	1	0xe9cbf5	8	es	MLG/Text/009c9ea4.olang	Enfriamiento concluido. Reiniciando.
3	AVD00001	1	0xe9cbf5	8	fr	MLG/Text/009c9ea4.olang	Refroidissement terminé. Réinitialisation.
3	AVD00001	1	0xe9cbf5	8	fr	EXLANG/Text/00c7f1dd.olang	
3	AVD00001	1	0xe9cbf5	8	it	MLG/Text/009c9ea4.olang	Raffreddamento completato. Riattivazione.
3	AVD00001	1	0xe9cbf5	8	it	EXLANG/Text/00c7f1dd.olang	
3	AVD00001	1	0xe9cbf5	8	ja	MLG/Text/009c9ea4.olang	冷却完了 再起動！
3	AVD00001	1	0xe9cbf5	8	ja	EXLANG/Text/00c7f1dd.olang	
3	AVD00001	1	0xe9cbf5	8	pt	EXLANG/Text/00c7f1dd.olang	Resfriamento concluído. Reinicializando!
3	AVD00001	1	0xe9cbf5	9	de	MLG/Text/009c9ea4.olang	
3	AVD00001	1	0xe9cbf5	9	de	EXLANG/Text/00c7f1dd.olang	
3	AVD00001	1	0xe9cbf5	9	en	MLG/Text/009c9ea4.olang	
3	AVD00001	1	0xe9cbf5	9	en	EXLANG/Text/00c7f1dd.olang	
3	AVD00001	1	0xe9cbf5	9	es	MLG/Text/009c9ea4.olang	
3	AVD00001	1	0xe9cbf5	9	fr	MLG/Text/009c9ea4.olang	
3	AVD00001	1	0xe9cbf5	9	fr	EXLANG/Text/00c7f1dd.olang	
3	AVD00001	1	0xe9cbf5	9	it	MLG/Text/009c9ea4.olang	
3	AVD00001	1	0xe9cbf5	9	it	EXLANG/Text/00c7f1dd.olang	
3	AVD00001	1	0xe9cbf5	9	ja	MLG/Text/009c9ea4.olang	
3	AVD00001	1	0xe9cbf5	9	ja	EXLANG/Text/00c7f1dd.olang	
3	AVD00001	1	0xe9cbf5	9	pt	EXLANG/Text/00c7f1dd.olang	
3	AVD00001	1	0xe9cbf5	10	de	MLG/Text/009c9ea4.olang	
3	AVD00001	1	0xe9cbf5	10	de	EXLANG/Text/00c7f1dd.olang	
3	AVD00001	1	0xe9cbf5	10	en	MLG/Text/009c9ea4.olang	
3	AVD00001	1	0xe9cbf5	10	en	EXLANG/Text/00c7f1dd.olang	
3	AVD00001	1	0xe9cbf5	10	es	MLG/Text/009c9ea4.olang	
3	AVD00001	1	0xe9cbf5	10	fr	MLG/Text/009c9ea4.olang	
3	AVD00001	1	0xe9cbf5	10	fr	EXLANG/Text/00c7f1dd.olang	
3	AVD00001	1	0xe9cbf5	10	it	MLG/Text/009c9ea4.olang	
3	AVD00001	1	0xe9cbf5	10	it	EXLANG/Text/00c7f1dd.olang	
3	AVD00001	1	0xe9cbf5	10	ja	MLG/Text/009c9ea4.olang	
3	AVD00001	1	0xe9cbf5	10	ja	EXLANG/Text/00c7f1dd.olang	
3	AVD00001	1	0xe9cbf5	10	pt	EXLANG/Text/00c7f1dd.olang	
3	AVD00001	1	0xe9cbf5	11	de	MLG/Text/009c9ea4.olang	
3	AVD00001	1	0xe9cbf5	11	de	EXLANG/Text/00c7f1dd.olang	
3	AVD00001	1	0xe9cbf5	11	en	MLG/Text/009c9ea4.olang	
3	AVD00001	1	0xe9cbf5	11	en	EXLANG/Text/00c7f1dd.olang	
3	AVD00001	1	0xe9cbf5	11	es	MLG/Text/009c9ea4.olang	
3	AVD00001	1	0xe9cbf5	11	fr	MLG/Text/009c9ea4.olang	
3	AVD00001	1	0xe9cbf5	11	fr	EXLANG/Text/00c7f1dd.olang	
3	AVD00001	1	0xe9cbf5	11	it	MLG/Text/009c9ea4.olang	
3	AVD00001	1	0xe9cbf5	11	it	EXLANG/Text/00c7f1dd.olang	
3	AVD00001	1	0xe9cbf5	11	ja	MLG/Text/009c9ea4.olang	
3	AVD00001	1	0xe9cbf5	11	ja	EXLANG/Text/00c7f1dd.olang	
3	AVD00001	1	0xe9cbf5	11	pt	EXLANG/Text/00c7f1dd.olang	
3	AVD00001	1	0xe9cbf5	12	de	MLG/Text/009c9ea4.olang	
3	AVD00001	1	0xe9cbf5	12	de	EXLANG/Text/00c7f1dd.olang	
3	AVD00001	1	0xe9cbf5	12	en	MLG/Text/009c9ea4.olang	
3	AVD00001	1	0xe9cbf5	12	en	EXLANG/Text/00c7f1dd.olang	
3	AVD00001	1	0xe9cbf5	12	es	MLG/Text/009c9ea4.olang	
3	AVD00001	1	0xe9cbf5	12	fr	MLG/Text/009c9ea4.olang	
3	AVD00001	1	0xe9cbf5	12	fr	EXLANG/Text/00c7f1dd.olang	
3	AVD00001	1	0xe9cbf5	12	it	MLG/Text/009c9ea4.olang	
3	AVD00001	1	0xe9cbf5	12	it	EXLANG/Text/00c7f1dd.olang	
3	AVD00001	1	0xe9cbf5	12	ja	MLG/Text/009c9ea4.olang	
3	AVD00001	1	0xe9cbf5	12	ja	EXLANG/Text/00c7f1dd.olang	
3	AVD00001	1	0xe9cbf5	12	pt	EXLANG/Text/00c7f1dd.olang	
3	AVD00001	1	0xe9cbf5	13	de	MLG/Text/009c9ea4.olang	
3	AVD00001	1	0xe9cbf5	13	de	EXLANG/Text/00c7f1dd.olang	
3	AVD00001	1	0xe9cbf5	13	en	MLG/Text/009c9ea4.olang	
3	AVD00001	1	0xe9cbf5	13	en	EXLANG/Text/00c7f1dd.olang	
3	AVD00001	1	0xe9cbf5	13	es	MLG/Text/009c9ea4.olang	
3	AVD00001	1	0xe9cbf5	13	fr	MLG/Text/009c9ea4.olang	
3	AVD00001	1	0xe9cbf5	13	fr	EXLANG/Text/00c7f1dd.olang	
3	AVD00001	1	0xe9cbf5	13	it	MLG/Text/009c9ea4.olang	
3	AVD00001	1	0xe9cbf5	13	it	EXLANG/Text/00c7f1dd.olang	
3	AVD00001	1	0xe9cbf5	13	ja	MLG/Text/009c9ea4.olang	
3	AVD00001	1	0xe9cbf5	13	ja	EXLANG/Text/00c7f1dd.olang	
3	AVD00001	1	0xe9cbf5	13	pt	EXLANG/Text/00c7f1dd.olang	
3	AVD00001	1	0xe9cbf5	14	de	MLG/Text/009c9ea4.olang	Sperre gelöst.
3	AVD00001	1	0xe9cbf5	14	de	EXLANG/Text/00c7f1dd.olang	
3	AVD00001	1	0xe9cbf5	14	en	MLG/Text/009c9ea4.olang	Lock disengaged.
3	AVD00001	1	0xe9cbf5	14	en	EXLANG/Text/00c7f1dd.olang	
3	AVD00001	1	0xe9cbf5	14	es	MLG/Text/009c9ea4.olang	Seguro desbloqueado.
3	AVD00001	1	0xe9cbf5	14	fr	MLG/Text/009c9ea4.olang	Verrouillage désengagé.
3	AVD00001	1	0xe9cbf5	14	fr	EXLANG/Text/00c7f1dd.olang	
3	AVD00001	1	0xe9cbf5	14	it	MLG/Text/009c9ea4.olang	Blocco disattivato.
3	AVD00001	1	0xe9cbf5	14	it	EXLANG/Text/00c7f1dd.olang	
3	AVD00001	1	0xe9cbf5	14	ja	MLG/Text/009c9ea4.olang	ロック解除
3	AVD00001	1	0xe9cbf5	14	ja	EXLANG/Text/00c7f1dd.olang	
3	AVD00001	1	0xe9cbf5	14	pt	EXLANG/Text/00c7f1dd.olang	Trava desativada.
3	AVD00001	1	0xe9cbf5	15	de	MLG/Text/009c9ea4.olang	Es ist noch nicht vorbei!
3	AVD00001	1	0xe9cbf5	15	de	EXLANG/Text/00c7f1dd.olang	
3	AVD00001	1	0xe9cbf5	15	en	MLG/Text/009c9ea4.olang	It's not over yet!
3	AVD00001	1	0xe9cbf5	15	en	EXLANG/Text/00c7f1dd.olang	
3	AVD00001	1	0xe9cbf5	15	es	MLG/Text/009c9ea4.olang	¡Esto aún no se ha acabado!
3	AVD00001	1	0xe9cbf5	15	fr	MLG/Text/009c9ea4.olang	Ce n'est pas encore terminé !
3	AVD00001	1	0xe9cbf5	15	fr	EXLANG/Text/00c7f1dd.olang	
3	AVD00001	1	0xe9cbf5	15	it	MLG/Text/009c9ea4.olang	Non è ancora finita!
3	AVD00001	1	0xe9cbf5	15	it	EXLANG/Text/00c7f1dd.olang	
3	AVD00001	1	0xe9cbf5	15	ja	MLG/Text/009c9ea4.olang	まだ終わってない！
3	AVD00001	1	0xe9cbf5	15	ja	EXLANG/Text/00c7f1dd.olang	
3	AVD00001	1	0xe9cbf5	15	pt	EXLANG/Text/00c7f1dd.olang	Ainda não acabou!
3	AVD00001	1	0xe9cbf5	16	de	MLG/Text/009c9ea4.olang	Glaubst du, du kannst entkommen?!
3	AVD00001	1	0xe9cbf5	16	de	EXLANG/Text/00c7f1dd.olang	
3	AVD00001	1	0xe9cbf5	16	en	MLG/Text/009c9ea4.olang	You think I'll let you get away?!
3	AVD00001	1	0xe9cbf5	16	en	EXLANG/Text/00c7f1dd.olang	
3	AVD00001	1	0xe9cbf5	16	es	MLG/Text/009c9ea4.olang	¿Crees que te dejaré huir?
3	AVD00001	1	0xe9cbf5	16	fr	MLG/Text/009c9ea4.olang	Tu crois que je vais te laisser t'enfuir ?
3	AVD00001	1	0xe9cbf5	16	fr	EXLANG/Text/00c7f1dd.olang	
3	AVD00001	1	0xe9cbf5	16	it	MLG/Text/009c9ea4.olang	Credi che ti lascerò andare?
3	AVD00001	1	0xe9cbf5	16	it	EXLANG/Text/00c7f1dd.olang	
3	AVD00001	1	0xe9cbf5	16	ja	MLG/Text/009c9ea4.olang	逃がすものか！
3	AVD00001	1	0xe9cbf5	16	ja	EXLANG/Text/00c7f1dd.olang	
3	AVD00001	1	0xe9cbf5	16	pt	EXLANG/Text/00c7f1dd.olang	Acha que vou deixar você escapar?!
3	AVD00001	1	0xe9cbf5	17	de	MLG/Text/009c9ea4.olang	Stirb!
3	AVD00001	1	0xe9cbf5	17	de	EXLANG/Text/00c7f1dd.olang	
3	AVD00001	1	0xe9cbf5	17	en	MLG/Text/009c9ea4.olang	Die!
3	AVD00001	1	0xe9cbf5	17	en	EXLANG/Text/00c7f1dd.olang	
3	AVD00001	1	0xe9cbf5	17	es	MLG/Text/009c9ea4.olang	¡Muere!
3	AVD00001	1	0xe9cbf5	17	fr	MLG/Text/009c9ea4.olang	Meurs !
3	AVD00001	1	0xe9cbf5	17	fr	EXLANG/Text/00c7f1dd.olang	
3	AVD00001	1	0xe9cbf5	17	it	MLG/Text/009c9ea4.olang	Muori!
3	AVD00001	1	0xe9cbf5	17	it	EXLANG/Text/00c7f1dd.olang	
3	AVD00001	1	0xe9cbf5	17	ja	MLG/Text/009c9ea4.olang	死ねーっ！
3	AVD00001	1	0xe9cbf5	17	ja	EXLANG/Text/00c7f1dd.olang	
3	AVD00001	1	0xe9cbf5	17	pt	EXLANG/Text/00c7f1dd.olang	Morra!
3	AVD00001	1	0xe9cbf5	18	de	MLG/Text/009c9ea4.olang	Das wird wehtun ...!
3	AVD00001	1	0xe9cbf5	18	de	EXLANG/Text/00c7f1dd.olang	
3	AVD00001	1	0xe9cbf5	18	en	MLG/Text/009c9ea4.olang	This is going to hurt...!
3	AVD00001	1	0xe9cbf5	18	en	EXLANG/Text/00c7f1dd.olang	
3	AVD00001	1	0xe9cbf5	18	es	MLG/Text/009c9ea4.olang	¡Esto va a doler!
3	AVD00001	1	0xe9cbf5	18	fr	MLG/Text/009c9ea4.olang	Celui-là va faire mal !
3	AVD00001	1	0xe9cbf5	18	fr	EXLANG/Text/00c7f1dd.olang	
3	AVD00001	1	0xe9cbf5	18	it	MLG/Text/009c9ea4.olang	Questo ti farà un po' male...!
3	AVD00001	1	0xe9cbf5	18	it	EXLANG/Text/00c7f1dd.olang	
3	AVD00001	1	0xe9cbf5	18	ja	MLG/Text/009c9ea4.olang	でかいのを喰らえ！
3	AVD00001	1	0xe9cbf5	18	ja	EXLANG/Text/00c7f1dd.olang	
3	AVD00001	1	0xe9cbf5	18	pt	EXLANG/Text/00c7f1dd.olang	Isso vai doer...!
3	AVD00001	1	0xe9cbf5	19	de	MLG/Text/009c9ea4.olang	Wie gefällt dir DAS?
3	AVD00001	1	0xe9cbf5	19	de	EXLANG/Text/00c7f1dd.olang	
3	AVD00001	1	0xe9cbf5	19	en	MLG/Text/009c9ea4.olang	See how you like THIS!
3	AVD00001	1	0xe9cbf5	19	en	EXLANG/Text/00c7f1dd.olang	
3	AVD00001	1	0xe9cbf5	19	es	MLG/Text/009c9ea4.olang	¡Espero que te guste!
3	AVD00001	1	0xe9cbf5	19	fr	MLG/Text/009c9ea4.olang	Voyons ce que tu dis de ça !
3	AVD00001	1	0xe9cbf5	19	fr	EXLANG/Text/00c7f1dd.olang	
3	AVD00001	1	0xe9cbf5	19	it	MLG/Text/009c9ea4.olang	Mostrami che ne pensi di questo!
3	AVD00001	1	0xe9cbf5	19	it	EXLANG/Text/00c7f1dd.olang	
3	AVD00001	1	0xe9cbf5	19	ja	MLG/Text/009c9ea4.olang	アーム攻撃！
3	AVD00001	1	0xe9cbf5	19	ja	EXLANG/Text/00c7f1dd.olang	
3	AVD00001	1	0xe9cbf5	19	pt	EXLANG/Text/00c7f1dd.olang	Vê se pode com ISSO!
3	AVD00001	1	0xe9cbf5	20	de	MLG/Text/009c9ea4.olang	Ich vernichte dich!
3	AVD00001	1	0xe9cbf5	20	de	EXLANG/Text/00c7f1dd.olang	
3	AVD00001	1	0xe9cbf5	20	en	MLG/Text/009c9ea4.olang	I'll smash you!
3	AVD00001	1	0xe9cbf5	20	en	EXLANG/Text/00c7f1dd.olang	
3	AVD00001	1	0xe9cbf5	20	es	MLG/Text/009c9ea4.olang	¡Te aplastaré!
3	AVD00001	1	0xe9cbf5	20	fr	MLG/Text/009c9ea4.olang	Je te briserai !
3	AVD00001	1	0xe9cbf5	20	fr	EXLANG/Text/00c7f1dd.olang	
3	AVD00001	1	0xe9cbf5	20	it	MLG/Text/009c9ea4.olang	Ti schiaccerò!
3	AVD00001	1	0xe9cbf5	20	it	EXLANG/Text/00c7f1dd.olang	
3	AVD00001	1	0xe9cbf5	20	ja	MLG/Text/009c9ea4.olang	潰してやる！
3	AVD00001	1	0xe9cbf5	20	ja	EXLANG/Text/00c7f1dd.olang	
3	AVD00001	1	0xe9cbf5	20	pt	EXLANG/Text/00c7f1dd.olang	Vou esmagar você!
3	AVD00001	1	0xe9cbf5	21	de	MLG/Text/009c9ea4.olang	Jetzt bin ich wirklich sauer ...
3	AVD00001	1	0xe9cbf5	21	de	EXLANG/Text/00c7f1dd.olang	
3	AVD00001	1	0xe9cbf5	21	en	MLG/Text/009c9ea4.olang	Now I'm really pissed off…
3	AVD00001	1	0xe9cbf5	21	en	EXLANG/Text/00c7f1dd.olang	
3	AVD00001	1	0xe9cbf5	21	es	MLG/Text/009c9ea4.olang	¡Ahora me has enfadado!
3	AVD00001	1	0xe9cbf5	21	fr	MLG/Text/009c9ea4.olang	Là, je suis vraiment en pétard…
3	AVD00001	1	0xe9cbf5	21	fr	EXLANG/Text/00c7f1dd.olang	
3	AVD00001	1	0xe9cbf5	21	it	MLG/Text/009c9ea4.olang	Ora sono davvero fuori di me...
3	AVD00001	1	0xe9cbf5	21	it	EXLANG/Text/00c7f1dd.olang	
3	AVD00001	1	0xe9cbf5	21	ja	MLG/Text/009c9ea4.olang	ブチ切れた！
3	AVD00001	1	0xe9cbf5	21	ja	EXLANG/Text/00c7f1dd.olang	
3	AVD00001	1	0xe9cbf5	21	pt	EXLANG/Text/00c7f1dd.olang	Agora você me tirou do sério...
3	AVD00001	1	0xe9cbf5	22	de	MLG/Text/009c9ea4.olang	Abkühlung abgeschlossen. Reinitialisierung.
3	AVD00001	1	0xe9cbf5	22	de	EXLANG/Text/00c7f1dd.olang	
3	AVD00001	1	0xe9cbf5	22	en	MLG/Text/009c9ea4.olang	Cooling complete. Reinitializing.
3	AVD00001	1	0xe9cbf5	22	en	EXLANG/Text/00c7f1dd.olang	
3	AVD00001	1	0xe9cbf5	22	es	MLG/Text/009c9ea4.olang	Enfriamiento concluido. Reiniciando.
3	AVD00001	1	0xe9cbf5	22	fr	MLG/Text/009c9ea4.olang	Refroidissement terminé. Réinitialisation.
3	AVD00001	1	0xe9cbf5	22	fr	EXLANG/Text/00c7f1dd.olang	
3	AVD00001	1	0xe9cbf5	22	it	MLG/Text/009c9ea4.olang	Raffreddamento completato. Riattivazione.
3	AVD00001	1	0xe9cbf5	22	it	EXLANG/Text/00c7f1dd.olang	
3	AVD00001	1	0xe9cbf5	22	ja	MLG/Text/009c9ea4.olang	冷却完了 再起動！
3	AVD00001	1	0xe9cbf5	22	ja	EXLANG/Text/00c7f1dd.olang	
3	AVD00001	1	0xe9cbf5	22	pt	EXLANG/Text/00c7f1dd.olang	Resfriamento concluído. Reinicializando.
3	AVD00001	1	0xe9cbf5	23	de	MLG/Text/009c9ea4.olang	
3	AVD00001	1	0xe9cbf5	23	de	EXLANG/Text/00c7f1dd.olang	
3	AVD00001	1	0xe9cbf5	23	en	MLG/Text/009c9ea4.olang	
3	AVD00001	1	0xe9cbf5	23	en	EXLANG/Text/00c7f1dd.olang	
3	AVD00001	1	0xe9cbf5	23	es	MLG/Text/009c9ea4.olang	
3	AVD00001	1	0xe9cbf5	23	fr	MLG/Text/009c9ea4.olang	
3	AVD00001	1	0xe9cbf5	23	fr	EXLANG/Text/00c7f1dd.olang	
3	AVD00001	1	0xe9cbf5	23	it	MLG/Text/009c9ea4.olang	
3	AVD00001	1	0xe9cbf5	23	it	EXLANG/Text/00c7f1dd.olang	
3	AVD00001	1	0xe9cbf5	23	ja	MLG/Text/009c9ea4.olang	
3	AVD00001	1	0xe9cbf5	23	ja	EXLANG/Text/00c7f1dd.olang	
3	AVD00001	1	0xe9cbf5	23	pt	EXLANG/Text/00c7f1dd.olang	
3	AVD00001	1	0xe9cbf5	24	de	MLG/Text/009c9ea4.olang	
3	AVD00001	1	0xe9cbf5	24	de	EXLANG/Text/00c7f1dd.olang	
3	AVD00001	1	0xe9cbf5	24	en	MLG/Text/009c9ea4.olang	
3	AVD00001	1	0xe9cbf5	24	en	EXLANG/Text/00c7f1dd.olang	
3	AVD00001	1	0xe9cbf5	24	es	MLG/Text/009c9ea4.olang	
3	AVD00001	1	0xe9cbf5	24	fr	MLG/Text/009c9ea4.olang	
3	AVD00001	1	0xe9cbf5	24	fr	EXLANG/Text/00c7f1dd.olang	
3	AVD00001	1	0xe9cbf5	24	it	MLG/Text/009c9ea4.olang	
3	AVD00001	1	0xe9cbf5	24	it	EXLANG/Text/00c7f1dd.olang	
3	AVD00001	1	0xe9cbf5	24	ja	MLG/Text/009c9ea4.olang	
3	AVD00001	1	0xe9cbf5	24	ja	EXLANG/Text/00c7f1dd.olang	
3	AVD00001	1	0xe9cbf5	24	pt	EXLANG/Text/00c7f1dd.olang	
3	AVD00001	1	0xe9cbf5	25	de	MLG/Text/009c9ea4.olang	
3	AVD00001	1	0xe9cbf5	25	de	EXLANG/Text/00c7f1dd.olang	
3	AVD00001	1	0xe9cbf5	25	en	MLG/Text/009c9ea4.olang	
3	AVD00001	1	0xe9cbf5	25	en	EXLANG/Text/00c7f1dd.olang	
3	AVD00001	1	0xe9cbf5	25	es	MLG/Text/009c9ea4.olang	
3	AVD00001	1	0xe9cbf5	25	fr	MLG/Text/009c9ea4.olang	
3	AVD00001	1	0xe9cbf5	25	fr	EXLANG/Text/00c7f1dd.olang	
3	AVD00001	1	0xe9cbf5	25	it	MLG/Text/009c9ea4.olang	
3	AVD00001	1	0xe9cbf5	25	it	EXLANG/Text/00c7f1dd.olang	
3	AVD00001	1	0xe9cbf5	25	ja	MLG/Text/009c9ea4.olang	
3	AVD00001	1	0xe9cbf5	25	ja	EXLANG/Text/00c7f1dd.olang	
3	AVD00001	1	0xe9cbf5	25	pt	EXLANG/Text/00c7f1dd.olang	
3	AVD00001	1	0xe9cbf5	26	de	MLG/Text/009c9ea4.olang	
3	AVD00001	1	0xe9cbf5	26	de	EXLANG/Text/00c7f1dd.olang	
3	AVD00001	1	0xe9cbf5	26	en	MLG/Text/009c9ea4.olang	
3	AVD00001	1	0xe9cbf5	26	en	EXLANG/Text/00c7f1dd.olang	
3	AVD00001	1	0xe9cbf5	26	es	MLG/Text/009c9ea4.olang	
3	AVD00001	1	0xe9cbf5	26	fr	MLG/Text/009c9ea4.olang	
3	AVD00001	1	0xe9cbf5	26	fr	EXLANG/Text/00c7f1dd.olang	
3	AVD00001	1	0xe9cbf5	26	it	MLG/Text/009c9ea4.olang	
3	AVD00001	1	0xe9cbf5	26	it	EXLANG/Text/00c7f1dd.olang	
3	AVD00001	1	0xe9cbf5	26	ja	MLG/Text/009c9ea4.olang	
3	AVD00001	1	0xe9cbf5	26	ja	EXLANG/Text/00c7f1dd.olang	
3	AVD00001	1	0xe9cbf5	26	pt	EXLANG/Text/00c7f1dd.olang	
3	AVD00001	1	0xe9cbf5	27	de	MLG/Text/009c9ea4.olang	
3	AVD00001	1	0xe9cbf5	27	de	EXLANG/Text/00c7f1dd.olang	
3	AVD00001	1	0xe9cbf5	27	en	MLG/Text/009c9ea4.olang	
3	AVD00001	1	0xe9cbf5	27	en	EXLANG/Text/00c7f1dd.olang	
3	AVD00001	1	0xe9cbf5	27	es	MLG/Text/009c9ea4.olang	
3	AVD00001	1	0xe9cbf5	27	fr	MLG/Text/009c9ea4.olang	
3	AVD00001	1	0xe9cbf5	27	fr	EXLANG/Text/00c7f1dd.olang	
3	AVD00001	1	0xe9cbf5	27	it	MLG/Text/009c9ea4.olang	
3	AVD00001	1	0xe9cbf5	27	it	EXLANG/Text/00c7f1dd.olang	
3	AVD00001	1	0xe9cbf5	27	ja	MLG/Text/009c9ea4.olang	
3	AVD00001	1	0xe9cbf5	27	ja	EXLANG/Text/00c7f1dd.olang	
3	AVD00001	1	0xe9cbf5	27	pt	EXLANG/Text/00c7f1dd.olang	
3	AVD00001	2	0xd36bfc	0	de	MLG/Text/009c9ea4.olang	
3	AVD00001	2	0xd36bfc	0	de	EXLANG/Text/00c7f1dd.olang	
3	AVD00001	2	0xd36bfc	0	en	MLG/Text/009c9ea4.olang	
3	AVD00001	2	0xd36bfc	0	en	EXLANG/Text/00c7f1dd.olang	
3	AVD00001	2	0xd36bfc	0	es	MLG/Text/009c9ea4.olang	
3	AVD00001	2	0xd36bfc	0	fr	MLG/Text/009c9ea4.olang	
3	AVD00001	2	0xd36bfc	0	fr	EXLANG/Text/00c7f1dd.olang	
3	AVD00001	2	0xd36bfc	0	it	MLG/Text/009c9ea4.olang	
3	AVD00001	2	0xd36bfc	0	it	EXLANG/Text/00c7f1dd.olang	
3	AVD00001	2	0xd36bfc	0	ja	MLG/Text/009c9ea4.olang	
3	AVD00001	2	0xd36bfc	0	ja	EXLANG/Text/00c7f1dd.olang	
3	AVD00001	2	0xd36bfc	0	pt	EXLANG/Text/00c7f1dd.olang	
3	AVD00001	2	0xd36bfc	1	de	MLG/Text/009c9ea4.olang	
3	AVD00001	2	0xd36bfc	1	de	EXLANG/Text/00c7f1dd.olang	
3	AVD00001	2	0xd36bfc	1	en	MLG/Text/009c9ea4.olang	
3	AVD00001	2	0xd36bfc	1	en	EXLANG/Text/00c7f1dd.olang	
3	AVD00001	2	0xd36bfc	1	es	MLG/Text/009c9ea4.olang	
3	AVD00001	2	0xd36bfc	1	fr	MLG/Text/009c9ea4.olang	
3	AVD00001	2	0xd36bfc	1	fr	EXLANG/Text/00c7f1dd.olang	
3	AVD00001	2	0xd36bfc	1	it	MLG/Text/009c9ea4.olang	
3	AVD00001	2	0xd36bfc	1	it	EXLANG/Text/00c7f1dd.olang	
3	AVD00001	2	0xd36bfc	1	ja	MLG/Text/009c9ea4.olang	おわっちょらんわいのぉ
3	AVD00001	2	0xd36bfc	1	ja	EXLANG/Text/00c7f1dd.olang	
3	AVD00001	2	0xd36bfc	1	pt	EXLANG/Text/00c7f1dd.olang	
3	AVD00001	2	0xd36bfc	2	de	MLG/Text/009c9ea4.olang	
3	AVD00001	2	0xd36bfc	2	de	EXLANG/Text/00c7f1dd.olang	
3	AVD00001	2	0xd36bfc	2	en	MLG/Text/009c9ea4.olang	
3	AVD00001	2	0xd36bfc	2	en	EXLANG/Text/00c7f1dd.olang	
3	AVD00001	2	0xd36bfc	2	es	MLG/Text/009c9ea4.olang	
3	AVD00001	2	0xd36bfc	2	fr	MLG/Text/009c9ea4.olang	
3	AVD00001	2	0xd36bfc	2	fr	EXLANG/Text/00c7f1dd.olang	
3	AVD00001	2	0xd36bfc	2	it	MLG/Text/009c9ea4.olang	
3	AVD00001	2	0xd36bfc	2	it	EXLANG/Text/00c7f1dd.olang	
3	AVD00001	2	0xd36bfc	2	ja	MLG/Text/009c9ea4.olang	にがしゃーせんわいね
3	AVD00001	2	0xd36bfc	2	ja	EXLANG/Text/00c7f1dd.olang	
3	AVD00001	2	0xd36bfc	2	pt	EXLANG/Text/00c7f1dd.olang	
3	AVD00001	2	0xd36bfc	3	de	MLG/Text/009c9ea4.olang	
3	AVD00001	2	0xd36bfc	3	de	EXLANG/Text/00c7f1dd.olang	
3	AVD00001	2	0xd36bfc	3	en	MLG/Text/009c9ea4.olang	
3	AVD00001	2	0xd36bfc	3	en	EXLANG/Text/00c7f1dd.olang	
3	AVD00001	2	0xd36bfc	3	es	MLG/Text/009c9ea4.olang	
3	AVD00001	2	0xd36bfc	3	fr	MLG/Text/009c9ea4.olang	
3	AVD00001	2	0xd36bfc	3	fr	EXLANG/Text/00c7f1dd.olang	
3	AVD00001	2	0xd36bfc	3	it	MLG/Text/009c9ea4.olang	
3	AVD00001	2	0xd36bfc	3	it	EXLANG/Text/00c7f1dd.olang	
3	AVD00001	2	0xd36bfc	3	ja	MLG/Text/009c9ea4.olang	しねぇーや
3	AVD00001	2	0xd36bfc	3	ja	EXLANG/Text/00c7f1dd.olang	
3	AVD00001	2	0xd36bfc	3	pt	EXLANG/Text/00c7f1dd.olang	
3	AVD00001	2	0xd36bfc	4	de	MLG/Text/009c9ea4.olang	
3	AVD00001	2	0xd36bfc	4	de	EXLANG/Text/00c7f1dd.olang	
3	AVD00001	2	0xd36bfc	4	en	MLG/Text/009c9ea4.olang	
3	AVD00001	2	0xd36bfc	4	en	EXLANG/Text/00c7f1dd.olang	
3	AVD00001	2	0xd36bfc	4	es	MLG/Text/009c9ea4.olang	
3	AVD00001	2	0xd36bfc	4	fr	MLG/Text/009c9ea4.olang	
3	AVD00001	2	0xd36bfc	4	fr	EXLANG/Text/00c7f1dd.olang	
3	AVD00001	2	0xd36bfc	4	it	MLG/Text/009c9ea4.olang	
3	AVD00001	2	0xd36bfc	4	it	EXLANG/Text/00c7f1dd.olang	
3	AVD00001	2	0xd36bfc	4	ja	MLG/Text/009c9ea4.olang	くらいんさい
3	AVD00001	2	0xd36bfc	4	ja	EXLANG/Text/00c7f1dd.olang	
3	AVD00001	2	0xd36bfc	4	pt	EXLANG/Text/00c7f1dd.olang	
3	AVD00001	2	0xd36bfc	5	de	MLG/Text/009c9ea4.olang	
3	AVD00001	2	0xd36bfc	5	de	EXLANG/Text/00c7f1dd.olang	
3	AVD00001	2	0xd36bfc	5	en	MLG/Text/009c9ea4.olang	
3	AVD00001	2	0xd36bfc	5	en	EXLANG/Text/00c7f1dd.olang	
3	AVD00001	2	0xd36bfc	5	es	MLG/Text/009c9ea4.olang	
3	AVD00001	2	0xd36bfc	5	fr	MLG/Text/009c9ea4.olang	
3	AVD00001	2	0xd36bfc	5	fr	EXLANG/Text/00c7f1dd.olang	
3	AVD00001	2	0xd36bfc	5	it	MLG/Text/009c9ea4.olang	
3	AVD00001	2	0xd36bfc	5	it	EXLANG/Text/00c7f1dd.olang	
3	AVD00001	2	0xd36bfc	5	ja	MLG/Text/009c9ea4.olang	なかしちゃろぉかいのぉ
3	AVD00001	2	0xd36bfc	5	ja	EXLANG/Text/00c7f1dd.olang	
3	AVD00001	2	0xd36bfc	5	pt	EXLANG/Text/00c7f1dd.olang	
3	AVD00001	2	0xd36bfc	6	de	MLG/Text/009c9ea4.olang	
3	AVD00001	2	0xd36bfc	6	de	EXLANG/Text/00c7f1dd.olang	
3	AVD00001	2	0xd36bfc	6	en	MLG/Text/009c9ea4.olang	
3	AVD00001	2	0xd36bfc	6	en	EXLANG/Text/00c7f1dd.olang	
3	AVD00001	2	0xd36bfc	6	es	MLG/Text/009c9ea4.olang	
3	AVD00001	2	0xd36bfc	6	fr	MLG/Text/009c9ea4.olang	
3	AVD00001	2	0xd36bfc	6	fr	EXLANG/Text/00c7f1dd.olang	
3	AVD00001	2	0xd36bfc	6	it	MLG/Text/009c9ea4.olang	
3	AVD00001	2	0xd36bfc	6	it	EXLANG/Text/00c7f1dd.olang	
3	AVD00001	2	0xd36bfc	6	ja	MLG/Text/009c9ea4.olang	もうつぶれーや
3	AVD00001	2	0xd36bfc	6	ja	EXLANG/Text/00c7f1dd.olang	
3	AVD00001	2	0xd36bfc	6	pt	EXLANG/Text/00c7f1dd.olang	
3	AVD00001	2	0xd36bfc	7	de	MLG/Text/009c9ea4.olang	
3	AVD00001	2	0xd36bfc	7	de	EXLANG/Text/00c7f1dd.olang	
3	AVD00001	2	0xd36bfc	7	en	MLG/Text/009c9ea4.olang	
3	AVD00001	2	0xd36bfc	7	en	EXLANG/Text/00c7f1dd.olang	
3	AVD00001	2	0xd36bfc	7	es	MLG/Text/009c9ea4.olang	
3	AVD00001	2	0xd36bfc	7	fr	MLG/Text/009c9ea4.olang	
3	AVD00001	2	0xd36bfc	7	fr	EXLANG/Text/00c7f1dd.olang	
3	AVD00001	2	0xd36bfc	7	it	MLG/Text/009c9ea4.olang	
3	AVD00001	2	0xd36bfc	7	it	EXLANG/Text/00c7f1dd.olang	
3	AVD00001	2	0xd36bfc	7	ja	MLG/Text/009c9ea4.olang	なんしょんなぁ
3	AVD00001	2	0xd36bfc	7	ja	EXLANG/Text/00c7f1dd.olang	
3	AVD00001	2	0xd36bfc	7	pt	EXLANG/Text/00c7f1dd.olang	
3	AVD00001	2	0xd36bfc	8	de	MLG/Text/009c9ea4.olang	
3	AVD00001	2	0xd36bfc	8	de	EXLANG/Text/00c7f1dd.olang	
3	AVD00001	2	0xd36bfc	8	en	MLG/Text/009c9ea4.olang	
3	AVD00001	2	0xd36bfc	8	en	EXLANG/Text/00c7f1dd.olang	
3	AVD00001	2	0xd36bfc	8	es	MLG/Text/009c9ea4.olang	
3	AVD00001	2	0xd36bfc	8	fr	MLG/Text/009c9ea4.olang	
3	AVD00001	2	0xd36bfc	8	fr	EXLANG/Text/00c7f1dd.olang	
3	AVD00001	2	0xd36bfc	8	it	MLG/Text/009c9ea4.olang	
3	AVD00001	2	0xd36bfc	8	it	EXLANG/Text/00c7f1dd.olang	
3	AVD00001	2	0xd36bfc	8	ja	MLG/Text/009c9ea4.olang	
3	AVD00001	2	0xd36bfc	8	ja	EXLANG/Text/00c7f1dd.olang	
3	AVD00001	2	0xd36bfc	8	pt	EXLANG/Text/00c7f1dd.olang	
3	AVD00001	2	0xd36bfc	9	de	MLG/Text/009c9ea4.olang	
3	AVD00001	2	0xd36bfc	9	de	EXLANG/Text/00c7f1dd.olang	
3	AVD00001	2	0xd36bfc	9	en	MLG/Text/009c9ea4.olang	
3	AVD00001	2	0xd36bfc	9	en	EXLANG/Text/00c7f1dd.olang	
3	AVD00001	2	0xd36bfc	9	es	MLG/Text/009c9ea4.olang	
3	AVD00001	2	0xd36bfc	9	fr	MLG/Text/009c9ea4.olang	
3	AVD00001	2	0xd36bfc	9	fr	EXLANG/Text/00c7f1dd.olang	
3	AVD00001	2	0xd36bfc	9	it	MLG/Text/009c9ea4.olang	
3	AVD00001	2	0xd36bfc	9	it	EXLANG/Text/00c7f1dd.olang	
3	AVD00001	2	0xd36bfc	9	ja	MLG/Text/009c9ea4.olang	
3	AVD00001	2	0xd36bfc	9	ja	EXLANG/Text/00c7f1dd.olang	
3	AVD00001	2	0xd36bfc	9	pt	EXLANG/Text/00c7f1dd.olang	
3	AVD00001	2	0xd36bfc	10	de	MLG/Text/009c9ea4.olang	
3	AVD00001	2	0xd36bfc	10	de	EXLANG/Text/00c7f1dd.olang	
3	AVD00001	2	0xd36bfc	10	en	MLG/Text/009c9ea4.olang	
3	AVD00001	2	0xd36bfc	10	en	EXLANG/Text/00c7f1dd.olang	
3	AVD00001	2	0xd36bfc	10	es	MLG/Text/009c9ea4.olang	
3	AVD00001	2	0xd36bfc	10	fr	MLG/Text/009c9ea4.olang	
3	AVD00001	2	0xd36bfc	10	fr	EXLANG/Text/00c7f1dd.olang	
3	AVD00001	2	0xd36bfc	10	it	MLG/Text/009c9ea4.olang	
3	AVD00001	2	0xd36bfc	10	it	EXLANG/Text/00c7f1dd.olang	
3	AVD00001	2	0xd36bfc	10	ja	MLG/Text/009c9ea4.olang	
3	AVD00001	2	0xd36bfc	10	ja	EXLANG/Text/00c7f1dd.olang	
3	AVD00001	2	0xd36bfc	10	pt	EXLANG/Text/00c7f1dd.olang	
3	AVD00001	2	0xd36bfc	11	de	MLG/Text/009c9ea4.olang	
3	AVD00001	2	0xd36bfc	11	de	EXLANG/Text/00c7f1dd.olang	
3	AVD00001	2	0xd36bfc	11	en	MLG/Text/009c9ea4.olang	
3	AVD00001	2	0xd36bfc	11	en	EXLANG/Text/00c7f1dd.olang	
3	AVD00001	2	0xd36bfc	11	es	MLG/Text/009c9ea4.olang	
3	AVD00001	2	0xd36bfc	11	fr	MLG/Text/009c9ea4.olang	
3	AVD00001	2	0xd36bfc	11	fr	EXLANG/Text/00c7f1dd.olang	
3	AVD00001	2	0xd36bfc	11	it	MLG/Text/009c9ea4.olang	
3	AVD00001	2	0xd36bfc	11	it	EXLANG/Text/00c7f1dd.olang	
3	AVD00001	2	0xd36bfc	11	ja	MLG/Text/009c9ea4.olang	
3	AVD00001	2	0xd36bfc	11	ja	EXLANG/Text/00c7f1dd.olang	
3	AVD00001	2	0xd36bfc	11	pt	EXLANG/Text/00c7f1dd.olang	
3	AVD00001	2	0xd36bfc	12	de	MLG/Text/009c9ea4.olang	
3	AVD00001	2	0xd36bfc	12	de	EXLANG/Text/00c7f1dd.olang	
3	AVD00001	2	0xd36bfc	12	en	MLG/Text/009c9ea4.olang	
3	AVD00001	2	0xd36bfc	12	en	EXLANG/Text/00c7f1dd.olang	
3	AVD00001	2	0xd36bfc	12	es	MLG/Text/009c9ea4.olang	
3	AVD00001	2	0xd36bfc	12	fr	MLG/Text/009c9ea4.olang	
3	AVD00001	2	0xd36bfc	12	fr	EXLANG/Text/00c7f1dd.olang	
3	AVD00001	2	0xd36bfc	12	it	MLG/Text/009c9ea4.olang	
3	AVD00001	2	0xd36bfc	12	it	EXLANG/Text/00c7f1dd.olang	
3	AVD00001	2	0xd36bfc	12	ja	MLG/Text/009c9ea4.olang	
3	AVD00001	2	0xd36bfc	12	ja	EXLANG/Text/00c7f1dd.olang	
3	AVD00001	2	0xd36bfc	12	pt	EXLANG/Text/00c7f1dd.olang	
3	AVD00001	2	0xd36bfc	13	de	MLG/Text/009c9ea4.olang	
3	AVD00001	2	0xd36bfc	13	de	EXLANG/Text/00c7f1dd.olang	
3	AVD00001	2	0xd36bfc	13	en	MLG/Text/009c9ea4.olang	
3	AVD00001	2	0xd36bfc	13	en	EXLANG/Text/00c7f1dd.olang	
3	AVD00001	2	0xd36bfc	13	es	MLG/Text/009c9ea4.olang	
3	AVD00001	2	0xd36bfc	13	fr	MLG/Text/009c9ea4.olang	
3	AVD00001	2	0xd36bfc	13	fr	EXLANG/Text/00c7f1dd.olang	
3	AVD00001	2	0xd36bfc	13	it	MLG/Text/009c9ea4.olang	
3	AVD00001	2	0xd36bfc	13	it	EXLANG/Text/00c7f1dd.olang	
3	AVD00001	2	0xd36bfc	13	ja	MLG/Text/009c9ea4.olang	
3	AVD00001	2	0xd36bfc	13	ja	EXLANG/Text/00c7f1dd.olang	
3	AVD00001	2	0xd36bfc	13	pt	EXLANG/Text/00c7f1dd.olang	
3	AVD00001	2	0xd36bfc	14	de	MLG/Text/009c9ea4.olang	
3	AVD00001	2	0xd36bfc	14	de	EXLANG/Text/00c7f1dd.olang	
3	AVD00001	2	0xd36bfc	14	en	MLG/Text/009c9ea4.olang	
3	AVD00001	2	0xd36bfc	14	en	EXLANG/Text/00c7f1dd.olang	
3	AVD00001	2	0xd36bfc	14	es	MLG/Text/009c9ea4.olang	
3	AVD00001	2	0xd36bfc	14	fr	MLG/Text/009c9ea4.olang	
3	AVD00001	2	0xd36bfc	14	fr	EXLANG/Text/00c7f1dd.olang	
3	AVD00001	2	0xd36bfc	14	it	MLG/Text/009c9ea4.olang	
3	AVD00001	2	0xd36bfc	14	it	EXLANG/Text/00c7f1dd.olang	
3	AVD00001	2	0xd36bfc	14	ja	MLG/Text/009c9ea4.olang	
3	AVD00001	2	0xd36bfc	14	ja	EXLANG/Text/00c7f1dd.olang	
3	AVD00001	2	0xd36bfc	14	pt	EXLANG/Text/00c7f1dd.olang	
3	AVD00001	2	0xd36bfc	15	de	MLG/Text/009c9ea4.olang	
3	AVD00001	2	0xd36bfc	15	de	EXLANG/Text/00c7f1dd.olang	
3	AVD00001	2	0xd36bfc	15	en	MLG/Text/009c9ea4.olang	
3	AVD00001	2	0xd36bfc	15	en	EXLANG/Text/00c7f1dd.olang	
3	AVD00001	2	0xd36bfc	15	es	MLG/Text/009c9ea4.olang	
3	AVD00001	2	0xd36bfc	15	fr	MLG/Text/009c9ea4.olang	
3	AVD00001	2	0xd36bfc	15	fr	EXLANG/Text/00c7f1dd.olang	
3	AVD00001	2	0xd36bfc	15	it	MLG/Text/009c9ea4.olang	
3	AVD00001	2	0xd36bfc	15	it	EXLANG/Text/00c7f1dd.olang	
3	AVD00001	2	0xd36bfc	15	ja	MLG/Text/009c9ea4.olang	おわっちょらんわいのぉ
3	AVD00001	2	0xd36bfc	15	ja	EXLANG/Text/00c7f1dd.olang	
3	AVD00001	2	0xd36bfc	15	pt	EXLANG/Text/00c7f1dd.olang	
3	AVD00001	2	0xd36bfc	16	de	MLG/Text/009c9ea4.olang	
3	AVD00001	2	0xd36bfc	16	de	EXLANG/Text/00c7f1dd.olang	
3	AVD00001	2	0xd36bfc	16	en	MLG/Text/009c9ea4.olang	
3	AVD00001	2	0xd36bfc	16	en	EXLANG/Text/00c7f1dd.olang	
3	AVD00001	2	0xd36bfc	16	es	MLG/Text/009c9ea4.olang	
3	AVD00001	2	0xd36bfc	16	fr	MLG/Text/009c9ea4.olang	
3	AVD00001	2	0xd36bfc	16	fr	EXLANG/Text/00c7f1dd.olang	
3	AVD00001	2	0xd36bfc	16	it	MLG/Text/009c9ea4.olang	
3	AVD00001	2	0xd36bfc	16	it	EXLANG/Text/00c7f1dd.olang	
3	AVD00001	2	0xd36bfc	16	ja	MLG/Text/009c9ea4.olang	にがしゃーせんわいね
3	AVD00001	2	0xd36bfc	16	ja	EXLANG/Text/00c7f1dd.olang	
3	AVD00001	2	0xd36bfc	16	pt	EXLANG/Text/00c7f1dd.olang	
3	AVD00001	2	0xd36bfc	17	de	MLG/Text/009c9ea4.olang	
3	AVD00001	2	0xd36bfc	17	de	EXLANG/Text/00c7f1dd.olang	
3	AVD00001	2	0xd36bfc	17	en	MLG/Text/009c9ea4.olang	
3	AVD00001	2	0xd36bfc	17	en	EXLANG/Text/00c7f1dd.olang	
3	AVD00001	2	0xd36bfc	17	es	MLG/Text/009c9ea4.olang	
3	AVD00001	2	0xd36bfc	17	fr	MLG/Text/009c9ea4.olang	
3	AVD00001	2	0xd36bfc	17	fr	EXLANG/Text/00c7f1dd.olang	
3	AVD00001	2	0xd36bfc	17	it	MLG/Text/009c9ea4.olang	
3	AVD00001	2	0xd36bfc	17	it	EXLANG/Text/00c7f1dd.olang	
3	AVD00001	2	0xd36bfc	17	ja	MLG/Text/009c9ea4.olang	しねぇーや
3	AVD00001	2	0xd36bfc	17	ja	EXLANG/Text/00c7f1dd.olang	
3	AVD00001	2	0xd36bfc	17	pt	EXLANG/Text/00c7f1dd.olang	
3	AVD00001	2	0xd36bfc	18	de	MLG/Text/009c9ea4.olang	
3	AVD00001	2	0xd36bfc	18	de	EXLANG/Text/00c7f1dd.olang	
3	AVD00001	2	0xd36bfc	18	en	MLG/Text/009c9ea4.olang	
3	AVD00001	2	0xd36bfc	18	en	EXLANG/Text/00c7f1dd.olang	
3	AVD00001	2	0xd36bfc	18	es	MLG/Text/009c9ea4.olang	
3	AVD00001	2	0xd36bfc	18	fr	MLG/Text/009c9ea4.olang	
3	AVD00001	2	0xd36bfc	18	fr	EXLANG/Text/00c7f1dd.olang	
3	AVD00001	2	0xd36bfc	18	it	MLG/Text/009c9ea4.olang	
3	AVD00001	2	0xd36bfc	18	it	EXLANG/Text/00c7f1dd.olang	
3	AVD00001	2	0xd36bfc	18	ja	MLG/Text/009c9ea4.olang	くらいんさい
3	AVD00001	2	0xd36bfc	18	ja	EXLANG/Text/00c7f1dd.olang	
3	AVD00001	2	0xd36bfc	18	pt	EXLANG/Text/00c7f1dd.olang	
3	AVD00001	2	0xd36bfc	19	de	MLG/Text/009c9ea4.olang	
3	AVD00001	2	0xd36bfc	19	de	EXLANG/Text/00c7f1dd.olang	
3	AVD00001	2	0xd36bfc	19	en	MLG/Text/009c9ea4.olang	
3	AVD00001	2	0xd36bfc	19	en	EXLANG/Text/00c7f1dd.olang	
3	AVD00001	2	0xd36bfc	19	es	MLG/Text/009c9ea4.olang	
3	AVD00001	2	0xd36bfc	19	fr	MLG/Text/009c9ea4.olang	
3	AVD00001	2	0xd36bfc	19	fr	EXLANG/Text/00c7f1dd.olang	
3	AVD00001	2	0xd36bfc	19	it	MLG/Text/009c9ea4.olang	
3	AVD00001	2	0xd36bfc	19	it	EXLANG/Text/00c7f1dd.olang	
3	AVD00001	2	0xd36bfc	19	ja	MLG/Text/009c9ea4.olang	なかしちゃろぉかいのぉ
3	AVD00001	2	0xd36bfc	19	ja	EXLANG/Text/00c7f1dd.olang	
3	AVD00001	2	0xd36bfc	19	pt	EXLANG/Text/00c7f1dd.olang	
3	AVD00001	2	0xd36bfc	20	de	MLG/Text/009c9ea4.olang	
3	AVD00001	2	0xd36bfc	20	de	EXLANG/Text/00c7f1dd.olang	
3	AVD00001	2	0xd36bfc	20	en	MLG/Text/009c9ea4.olang	
3	AVD00001	2	0xd36bfc	20	en	EXLANG/Text/00c7f1dd.olang	
3	AVD00001	2	0xd36bfc	20	es	MLG/Text/009c9ea4.olang	
3	AVD00001	2	0xd36bfc	20	fr	MLG/Text/009c9ea4.olang	
3	AVD00001	2	0xd36bfc	20	fr	EXLANG/Text/00c7f1dd.olang	
3	AVD00001	2	0xd36bfc	20	it	MLG/Text/009c9ea4.olang	
3	AVD00001	2	0xd36bfc	20	it	EXLANG/Text/00c7f1dd.olang	
3	AVD00001	2	0xd36bfc	20	ja	MLG/Text/009c9ea4.olang	もうつぶれーや
3	AVD00001	2	0xd36bfc	20	ja	EXLANG/Text/00c7f1dd.olang	
3	AVD00001	2	0xd36bfc	20	pt	EXLANG/Text/00c7f1dd.olang	
3	AVD00001	2	0xd36bfc	21	de	MLG/Text/009c9ea4.olang	
3	AVD00001	2	0xd36bfc	21	de	EXLANG/Text/00c7f1dd.olang	
3	AVD00001	2	0xd36bfc	21	en	MLG/Text/009c9ea4.olang	
3	AVD00001	2	0xd36bfc	21	en	EXLANG/Text/00c7f1dd.olang	
3	AVD00001	2	0xd36bfc	21	es	MLG/Text/009c9ea4.olang	
3	AVD00001	2	0xd36bfc	21	fr	MLG/Text/009c9ea4.olang	
3	AVD00001	2	0xd36bfc	21	fr	EXLANG/Text/00c7f1dd.olang	
3	AVD00001	2	0xd36bfc	21	it	MLG/Text/009c9ea4.olang	
3	AVD00001	2	0xd36bfc	21	it	EXLANG/Text/00c7f1dd.olang	
3	AVD00001	2	0xd36bfc	21	ja	MLG/Text/009c9ea4.olang	なんしょんなぁ
3	AVD00001	2	0xd36bfc	21	ja	EXLANG/Text/00c7f1dd.olang	
3	AVD00001	2	0xd36bfc	21	pt	EXLANG/Text/00c7f1dd.olang	
3	AVD00001	2	0xd36bfc	22	de	MLG/Text/009c9ea4.olang	
3	AVD00001	2	0xd36bfc	22	de	EXLANG/Text/00c7f1dd.olang	
3	AVD00001	2	0xd36bfc	22	en	MLG/Text/009c9ea4.olang	
3	AVD00001	2	0xd36bfc	22	en	EXLANG/Text/00c7f1dd.olang	
3	AVD00001	2	0xd36bfc	22	es	MLG/Text/009c9ea4.olang	
3	AVD00001	2	0xd36bfc	22	fr	MLG/Text/009c9ea4.olang	
3	AVD00001	2	0xd36bfc	22	fr	EXLANG/Text/00c7f1dd.olang	
3	AVD00001	2	0xd36bfc	22	it	MLG/Text/009c9ea4.olang	
3	AVD00001	2	0xd36bfc	22	it	EXLANG/Text/00c7f1dd.olang	
3	AVD00001	2	0xd36bfc	22	ja	MLG/Text/009c9ea4.olang	
3	AVD00001	2	0xd36bfc	22	ja	EXLANG/Text/00c7f1dd.olang	
3	AVD00001	2	0xd36bfc	22	pt	EXLANG/Text/00c7f1dd.olang	
3	AVD00001	2	0xd36bfc	23	de	MLG/Text/009c9ea4.olang	
3	AVD00001	2	0xd36bfc	23	de	EXLANG/Text/00c7f1dd.olang	
3	AVD00001	2	0xd36bfc	23	en	MLG/Text/009c9ea4.olang	
3	AVD00001	2	0xd36bfc	23	en	EXLANG/Text/00c7f1dd.olang	
3	AVD00001	2	0xd36bfc	23	es	MLG/Text/009c9ea4.olang	
3	AVD00001	2	0xd36bfc	23	fr	MLG/Text/009c9ea4.olang	
3	AVD00001	2	0xd36bfc	23	fr	EXLANG/Text/00c7f1dd.olang	
3	AVD00001	2	0xd36bfc	23	it	MLG/Text/009c9ea4.olang	
3	AVD00001	2	0xd36bfc	23	it	EXLANG/Text/00c7f1dd.olang	
3	AVD00001	2	0xd36bfc	23	ja	MLG/Text/009c9ea4.olang	
3	AVD00001	2	0xd36bfc	23	ja	EXLANG/Text/00c7f1dd.olang	
3	AVD00001	2	0xd36bfc	23	pt	EXLANG/Text/00c7f1dd.olang	
3	AVD00001	2	0xd36bfc	24	de	MLG/Text/009c9ea4.olang	
3	AVD00001	2	0xd36bfc	24	de	EXLANG/Text/00c7f1dd.olang	
3	AVD00001	2	0xd36bfc	24	en	MLG/Text/009c9ea4.olang	
3	AVD00001	2	0xd36bfc	24	en	EXLANG/Text/00c7f1dd.olang	
3	AVD00001	2	0xd36bfc	24	es	MLG/Text/009c9ea4.olang	
3	AVD00001	2	0xd36bfc	24	fr	MLG/Text/009c9ea4.olang	
3	AVD00001	2	0xd36bfc	24	fr	EXLANG/Text/00c7f1dd.olang	
3	AVD00001	2	0xd36bfc	24	it	MLG/Text/009c9ea4.olang	
3	AVD00001	2	0xd36bfc	24	it	EXLANG/Text/00c7f1dd.olang	
3	AVD00001	2	0xd36bfc	24	ja	MLG/Text/009c9ea4.olang	
3	AVD00001	2	0xd36bfc	24	ja	EXLANG/Text/00c7f1dd.olang	
3	AVD00001	2	0xd36bfc	24	pt	EXLANG/Text/00c7f1dd.olang	
3	AVD00001	2	0xd36bfc	25	de	MLG/Text/009c9ea4.olang	
3	AVD00001	2	0xd36bfc	25	de	EXLANG/Text/00c7f1dd.olang	
3	AVD00001	2	0xd36bfc	25	en	MLG/Text/009c9ea4.olang	
3	AVD00001	2	0xd36bfc	25	en	EXLANG/Text/00c7f1dd.olang	
3	AVD00001	2	0xd36bfc	25	es	MLG/Text/009c9ea4.olang	
3	AVD00001	2	0xd36bfc	25	fr	MLG/Text/009c9ea4.olang	
3	AVD00001	2	0xd36bfc	25	fr	EXLANG/Text/00c7f1dd.olang	
3	AVD00001	2	0xd36bfc	25	it	MLG/Text/009c9ea4.olang	
3	AVD00001	2	0xd36bfc	25	it	EXLANG/Text/00c7f1dd.olang	
3	AVD00001	2	0xd36bfc	25	ja	MLG/Text/009c9ea4.olang	
3	AVD00001	2	0xd36bfc	25	ja	EXLANG/Text/00c7f1dd.olang	
3	AVD00001	2	0xd36bfc	25	pt	EXLANG/Text/00c7f1dd.olang	
3	AVD00001	2	0xd36bfc	26	de	MLG/Text/009c9ea4.olang	
3	AVD00001	2	0xd36bfc	26	de	EXLANG/Text/00c7f1dd.olang	
3	AVD00001	2	0xd36bfc	26	en	MLG/Text/009c9ea4.olang	
3	AVD00001	2	0xd36bfc	26	en	EXLANG/Text/00c7f1dd.olang	
3	AVD00001	2	0xd36bfc	26	es	MLG/Text/009c9ea4.olang	
3	AVD00001	2	0xd36bfc	26	fr	MLG/Text/009c9ea4.olang	
3	AVD00001	2	0xd36bfc	26	fr	EXLANG/Text/00c7f1dd.olang	
3	AVD00001	2	0xd36bfc	26	it	MLG/Text/009c9ea4.olang	
3	AVD00001	2	0xd36bfc	26	it	EXLANG/Text/00c7f1dd.olang	
3	AVD00001	2	0xd36bfc	26	ja	MLG/Text/009c9ea4.olang	
3	AVD00001	2	0xd36bfc	26	ja	EXLANG/Text/00c7f1dd.olang	
3	AVD00001	2	0xd36bfc	26	pt	EXLANG/Text/00c7f1dd.olang	
3	AVD00001	2	0xd36bfc	27	de	MLG/Text/009c9ea4.olang	
3	AVD00001	2	0xd36bfc	27	de	EXLANG/Text/00c7f1dd.olang	
3	AVD00001	2	0xd36bfc	27	en	MLG/Text/009c9ea4.olang	
3	AVD00001	2	0xd36bfc	27	en	EXLANG/Text/00c7f1dd.olang	
3	AVD00001	2	0xd36bfc	27	es	MLG/Text/009c9ea4.olang	
3	AVD00001	2	0xd36bfc	27	fr	MLG/Text/009c9ea4.olang	
3	AVD00001	2	0xd36bfc	27	fr	EXLANG/Text/00c7f1dd.olang	
3	AVD00001	2	0xd36bfc	27	it	MLG/Text/009c9ea4.olang	
3	AVD00001	2	0xd36bfc	27	it	EXLANG/Text/00c7f1dd.olang	
3	AVD00001	2	0xd36bfc	27	ja	MLG/Text/009c9ea4.olang	
3	AVD00001	2	0xd36bfc	27	ja	EXLANG/Text/00c7f1dd.olang	
3	AVD00001	2	0xd36bfc	27	pt	EXLANG/Text/00c7f1dd.olang	
4	AVD00002	1	0x903077	0	de	MLG/Text/009c9ea4.olang	Sperre gelöst.
4	AVD00002	1	0x903077	0	de	EXLANG/Text/00c7f1dd.olang	
4	AVD00002	1	0x903077	0	en	MLG/Text/009c9ea4.olang	Lock disengaged.
4	AVD00002	1	0x903077	0	en	EXLANG/Text/00c7f1dd.olang	
4	AVD00002	1	0x903077	0	es	MLG/Text/009c9ea4.olang	Seguro desbloqueado.
4	AVD00002	1	0x903077	0	fr	MLG/Text/009c9ea4.olang	Verrouillage désengagé.
4	AVD00002	1	0x903077	0	fr	EXLANG/Text/00c7f1dd.olang	
4	AVD00002	1	0x903077	0	it	MLG/Text/009c9ea4.olang	Blocco disattivato.
4	AVD00002	1	0x903077	0	it	EXLANG/Text/00c7f1dd.olang	
4	AVD00002	1	0x903077	0	ja	MLG/Text/009c9ea4.olang	ロック解除
4	AVD00002	1	0x903077	0	ja	EXLANG/Text/00c7f1dd.olang	
4	AVD00002	1	0x903077	0	pt	EXLANG/Text/00c7f1dd.olang	Trava desativada.
4	AVD00002	1	0x903077	1	de	MLG/Text/009c9ea4.olang	Schock-Maximum erreicht.
4	AVD00002	1	0x903077	1	de	EXLANG/Text/00c7f1dd.olang	
4	AVD00002	1	0x903077	1	en	MLG/Text/009c9ea4.olang	Shock output at maximum!
4	AVD00002	1	0x903077	1	en	EXLANG/Text/00c7f1dd.olang	
4	AVD00002	1	0x903077	1	es	MLG/Text/009c9ea4.olang	Descarga al máximo.
4	AVD00002	1	0x903077	1	fr	MLG/Text/009c9ea4.olang	Décharge maximum.
4	AVD00002	1	0x903077	1	fr	EXLANG/Text/00c7f1dd.olang	
4	AVD00002	1	0x903077	1	it	MLG/Text/009c9ea4.olang	Livello scarica al massimo.
4	AVD00002	1	0x903077	1	it	EXLANG/Text/00c7f1dd.olang	
4	AVD00002	1	0x903077	1	ja	MLG/Text/009c9ea4.olang	電撃出力最大！
4	AVD00002	1	0x903077	1	ja	EXLANG/Text/00c7f1dd.olang	
4	AVD00002	1	0x903077	1	pt	EXLANG/Text/00c7f1dd.olang	Saída de choque no máximo!
4	AVD00002	1	0x903077	2	de	MLG/Text/009c9ea4.olang	Ziel erfasst.
4	AVD00002	1	0x903077	2	de	EXLANG/Text/00c7f1dd.olang	
4	AVD00002	1	0x903077	2	en	MLG/Text/009c9ea4.olang	Target locked!
4	AVD00002	1	0x903077	2	en	EXLANG/Text/00c7f1dd.olang	
4	AVD00002	1	0x903077	2	es	MLG/Text/009c9ea4.olang	Objetivo fijado.
4	AVD00002	1	0x903077	2	fr	MLG/Text/009c9ea4.olang	Verrouillage cible.
4	AVD00002	1	0x903077	2	fr	EXLANG/Text/00c7f1dd.olang	
4	AVD00002	1	0x903077	2	it	MLG/Text/009c9ea4.olang	Bersaglio agganciato.
4	AVD00002	1	0x903077	2	it	EXLANG/Text/00c7f1dd.olang	
4	AVD00002	1	0x903077	2	ja	MLG/Text/009c9ea4.olang	ターゲットロックオン！
4	AVD00002	1	0x903077	2	ja	EXLANG/Text/00c7f1dd.olang	
4	AVD00002	1	0x903077	2	pt	EXLANG/Text/00c7f1dd.olang	Alvo travado!
4	AVD00002	1	0x903077	3	de	MLG/Text/009c9ea4.olang	Starte Schockeinheiten.
4	AVD00002	1	0x903077	3	de	EXLANG/Text/00c7f1dd.olang	
4	AVD00002	1	0x903077	3	en	MLG/Text/009c9ea4.olang	Engaging shock units!
4	AVD00002	1	0x903077	3	en	EXLANG/Text/00c7f1dd.olang	
4	AVD00002	1	0x903077	3	es	MLG/Text/009c9ea4.olang	Activación de unidades de descarga.
4	AVD00002	1	0x903077	3	fr	MLG/Text/009c9ea4.olang	Engager les unités de décharge électrique.
4	AVD00002	1	0x903077	3	fr	EXLANG/Text/00c7f1dd.olang	
4	AVD00002	1	0x903077	3	it	MLG/Text/009c9ea4.olang	Attivazione unità scarica.
4	AVD00002	1	0x903077	3	it	EXLANG/Text/00c7f1dd.olang	
4	AVD00002	1	0x903077	3	ja	MLG/Text/009c9ea4.olang	放電開始！
4	AVD00002	1	0x903077	3	ja	EXLANG/Text/00c7f1dd.olang	
4	AVD00002	1	0x903077	3	pt	EXLANG/Text/00c7f1dd.olang	Ativando unidades de choque!
4	AVD00002	1	0x903077	4	de	MLG/Text/009c9ea4.olang	Feuere Booster ab.
4	AVD00002	1	0x903077	4	de	EXLANG/Text/00c7f1dd.olang	
4	AVD00002	1	0x903077	4	en	MLG/Text/009c9ea4.olang	Firing boosters!
4	AVD00002	1	0x903077	4	en	EXLANG/Text/00c7f1dd.olang	
4	AVD00002	1	0x903077	4	es	MLG/Text/009c9ea4.olang	Iniciando potenciadores.
4	AVD00002	1	0x903077	4	fr	MLG/Text/009c9ea4.olang	Allumage des fusées.
4	AVD00002	1	0x903077	4	fr	EXLANG/Text/00c7f1dd.olang	
4	AVD00002	1	0x903077	4	it	MLG/Text/009c9ea4.olang	Attivazione razzi.
4	AVD00002	1	0x903077	4	it	EXLANG/Text/00c7f1dd.olang	
4	AVD00002	1	0x903077	4	ja	MLG/Text/009c9ea4.olang	ブースター点火！
4	AVD00002	1	0x903077	4	ja	EXLANG/Text/00c7f1dd.olang	
4	AVD00002	1	0x903077	4	pt	EXLANG/Text/00c7f1dd.olang	Ativando propulsores!
4	AVD00002	1	0x903077	5	de	MLG/Text/009c9ea4.olang	Führe Sprung aus.
4	AVD00002	1	0x903077	5	de	EXLANG/Text/00c7f1dd.olang	
4	AVD00002	1	0x903077	5	en	MLG/Text/009c9ea4.olang	Commencing jump!
4	AVD00002	1	0x903077	5	en	EXLANG/Text/00c7f1dd.olang	
4	AVD00002	1	0x903077	5	es	MLG/Text/009c9ea4.olang	Iniciando salto.
4	AVD00002	1	0x903077	5	fr	MLG/Text/009c9ea4.olang	Commencer le saut.
4	AVD00002	1	0x903077	5	fr	EXLANG/Text/00c7f1dd.olang	
4	AVD00002	1	0x903077	5	it	MLG/Text/009c9ea4.olang	Inizio salto.
4	AVD00002	1	0x903077	5	it	EXLANG/Text/00c7f1dd.olang	
4	AVD00002	1	0x903077	5	ja	MLG/Text/009c9ea4.olang	跳躍準備！
4	AVD00002	1	0x903077	5	ja	EXLANG/Text/00c7f1dd.olang	
4	AVD00002	1	0x903077	5	pt	EXLANG/Text/00c7f1dd.olang	Iniciando salto!
4	AVD00002	1	0x903077	6	de	MLG/Text/009c9ea4.olang	Ziel wird erneut angegriffen.
4	AVD00002	1	0x903077	6	de	EXLANG/Text/00c7f1dd.olang	
4	AVD00002	1	0x903077	6	en	MLG/Text/009c9ea4.olang	Re-engaging target!
4	AVD00002	1	0x903077	6	en	EXLANG/Text/00c7f1dd.olang	
4	AVD00002	1	0x903077	6	es	MLG/Text/009c9ea4.olang	Volviendo a atacar objetivo.
4	AVD00002	1	0x903077	6	fr	MLG/Text/009c9ea4.olang	Réengager la cible.
4	AVD00002	1	0x903077	6	fr	EXLANG/Text/00c7f1dd.olang	
4	AVD00002	1	0x903077	6	it	MLG/Text/009c9ea4.olang	Ingaggio nuovamente il bersaglio.
4	AVD00002	1	0x903077	6	it	EXLANG/Text/00c7f1dd.olang	
4	AVD00002	1	0x903077	6	ja	MLG/Text/009c9ea4.olang	戦闘再開！
4	AVD00002	1	0x903077	6	ja	EXLANG/Text/00c7f1dd.olang	
4	AVD00002	1	0x903077	6	pt	EXLANG/Text/00c7f1dd.olang	Reabordando o alvo!
4	AVD00002	1	0x903077	7	de	MLG/Text/009c9ea4.olang	Reparatur abgeschlossen. Reinitialisierung.
4	AVD00002	1	0x903077	7	de	EXLANG/Text/00c7f1dd.olang	
4	AVD00002	1	0x903077	7	en	MLG/Text/009c9ea4.olang	Auto-repair complete. Reinitializing.
4	AVD00002	1	0x903077	7	en	EXLANG/Text/00c7f1dd.olang	
4	AVD00002	1	0x903077	7	es	MLG/Text/009c9ea4.olang	Autorreparación completa. Reiniciando.
4	AVD00002	1	0x903077	7	fr	MLG/Text/009c9ea4.olang	Auto-réparation terminée. Réinitialisation en cours.
4	AVD00002	1	0x903077	7	fr	EXLANG/Text/00c7f1dd.olang	
4	AVD00002	1	0x903077	7	it	MLG/Text/009c9ea4.olang	Autoriparazione completata. Riattivazione.
4	AVD00002	1	0x903077	7	it	EXLANG/Text/00c7f1dd.olang	
4	AVD00002	1	0x903077	7	ja	MLG/Text/009c9ea4.olang	自己修復完了 再起動！
4	AVD00002	1	0x903077	7	ja	EXLANG/Text/00c7f1dd.olang	
4	AVD00002	1	0x903077	7	pt	EXLANG/Text/00c7f1dd.olang	Autorreparo concluído. Reinicializando.
4	AVD00002	1	0x903077	8	de	MLG/Text/009c9ea4.olang	
4	AVD00002	1	0x903077	8	de	EXLANG/Text/00c7f1dd.olang	
4	AVD00002	1	0x903077	8	en	MLG/Text/009c9ea4.olang	
4	AVD00002	1	0x903077	8	en	EXLANG/Text/00c7f1dd.olang	
4	AVD00002	1	0x903077	8	es	MLG/Text/009c9ea4.olang	
4	AVD00002	1	0x903077	8	fr	MLG/Text/009c9ea4.olang	
4	AVD00002	1	0x903077	8	fr	EXLANG/Text/00c7f1dd.olang	
4	AVD00002	1	0x903077	8	it	MLG/Text/009c9ea4.olang	
4	AVD00002	1	0x903077	8	it	EXLANG/Text/00c7f1dd.olang	
4	AVD00002	1	0x903077	8	ja	MLG/Text/009c9ea4.olang	
4	AVD00002	1	0x903077	8	ja	EXLANG/Text/00c7f1dd.olang	
4	AVD00002	1	0x903077	8	pt	EXLANG/Text/00c7f1dd.olang	
4	AVD00002	1	0x903077	9	de	MLG/Text/009c9ea4.olang	
4	AVD00002	1	0x903077	9	de	EXLANG/Text/00c7f1dd.olang	
4	AVD00002	1	0x903077	9	en	MLG/Text/009c9ea4.olang	
4	AVD00002	1	0x903077	9	en	EXLANG/Text/00c7f1dd.olang	
4	AVD00002	1	0x903077	9	es	MLG/Text/009c9ea4.olang	
4	AVD00002	1	0x903077	9	fr	MLG/Text/009c9ea4.olang	
4	AVD00002	1	0x903077	9	fr	EXLANG/Text/00c7f1dd.olang	
4	AVD00002	1	0x903077	9	it	MLG/Text/009c9ea4.olang	
4	AVD00002	1	0x903077	9	it	EXLANG/Text/00c7f1dd.olang	
4	AVD00002	1	0x903077	9	ja	MLG/Text/009c9ea4.olang	
4	AVD00002	1	0x903077	9	ja	EXLANG/Text/00c7f1dd.olang	
4	AVD00002	1	0x903077	9	pt	EXLANG/Text/00c7f1dd.olang	
4	AVD00002	1	0x903077	10	de	MLG/Text/009c9ea4.olang	
4	AVD00002	1	0x903077	10	de	EXLANG/Text/00c7f1dd.olang	
4	AVD00002	1	0x903077	10	en	MLG/Text/009c9ea4.olang	
4	AVD00002	1	0x903077	10	en	EXLANG/Text/00c7f1dd.olang	
4	AVD00002	1	0x903077	10	es	MLG/Text/009c9ea4.olang	
4	AVD00002	1	0x903077	10	fr	MLG/Text/009c9ea4.olang	
4	AVD00002	1	0x903077	10	fr	EXLANG/Text/00c7f1dd.olang	
4	AVD00002	1	0x903077	10	it	MLG/Text/009c9ea4.olang	
4	AVD00002	1	0x903077	10	it	EXLANG/Text/00c7f1dd.olang	
4	AVD00002	1	0x903077	10	ja	MLG/Text/009c9ea4.olang	
4	AVD00002	1	0x903077	10	ja	EXLANG/Text/00c7f1dd.olang	
4	AVD00002	1	0x903077	10	pt	EXLANG/Text/00c7f1dd.olang	
4	AVD00002	1	0x903077	11	de	MLG/Text/009c9ea4.olang	
4	AVD00002	1	0x903077	11	de	EXLANG/Text/00c7f1dd.olang	
4	AVD00002	1	0x903077	11	en	MLG/Text/009c9ea4.olang	
4	AVD00002	1	0x903077	11	en	EXLANG/Text/00c7f1dd.olang	
4	AVD00002	1	0x903077	11	es	MLG/Text/009c9ea4.olang	
4	AVD00002	1	0x903077	11	fr	MLG/Text/009c9ea4.olang	
4	AVD00002	1	0x903077	11	fr	EXLANG/Text/00c7f1dd.olang	
4	AVD00002	1	0x903077	11	it	MLG/Text/009c9ea4.olang	
4	AVD00002	1	0x903077	11	it	EXLANG/Text/00c7f1dd.olang	
4	AVD00002	1	0x903077	11	ja	MLG/Text/009c9ea4.olang	
4	AVD00002	1	0x903077	11	ja	EXLANG/Text/00c7f1dd.olang	
4	AVD00002	1	0x903077	11	pt	EXLANG/Text/00c7f1dd.olang	
4	AVD00002	1	0x903077	12	de	MLG/Text/009c9ea4.olang	
4	AVD00002	1	0x903077	12	de	EXLANG/Text/00c7f1dd.olang	
4	AVD00002	1	0x903077	12	en	MLG/Text/009c9ea4.olang	
4	AVD00002	1	0x903077	12	en	EXLANG/Text/00c7f1dd.olang	
4	AVD00002	1	0x903077	12	es	MLG/Text/009c9ea4.olang	
4	AVD00002	1	0x903077	12	fr	MLG/Text/009c9ea4.olang	
4	AVD00002	1	0x903077	12	fr	EXLANG/Text/00c7f1dd.olang	
4	AVD00002	1	0x903077	12	it	MLG/Text/009c9ea4.olang	
4	AVD00002	1	0x903077	12	it	EXLANG/Text/00c7f1dd.olang	
4	AVD00002	1	0x903077	12	ja	MLG/Text/009c9ea4.olang	
4	AVD00002	1	0x903077	12	ja	EXLANG/Text/00c7f1dd.olang	
4	AVD00002	1	0x903077	12	pt	EXLANG/Text/00c7f1dd.olang	
4	AVD00002	1	0x903077	13	de	MLG/Text/009c9ea4.olang	
4	AVD00002	1	0x903077	13	de	EXLANG/Text/00c7f1dd.olang	
4	AVD00002	1	0x903077	13	en	MLG/Text/009c9ea4.olang	
4	AVD00002	1	0x903077	13	en	EXLANG/Text/00c7f1dd.olang	
4	AVD00002	1	0x903077	13	es	MLG/Text/009c9ea4.olang	
4	AVD00002	1	0x903077	13	fr	MLG/Text/009c9ea4.olang	
4	AVD00002	1	0x903077	13	fr	EXLANG/Text/00c7f1dd.olang	
4	AVD00002	1	0x903077	13	it	MLG/Text/009c9ea4.olang	
4	AVD00002	1	0x903077	13	it	EXLANG/Text/00c7f1dd.olang	
4	AVD00002	1	0x903077	13	ja	MLG/Text/009c9ea4.olang	
4	AVD00002	1	0x903077	13	ja	EXLANG/Text/00c7f1dd.olang	
4	AVD00002	1	0x903077	13	pt	EXLANG/Text/00c7f1dd.olang	
4	AVD00002	1	0x903077	14	de	MLG/Text/009c9ea4.olang	
4	AVD00002	1	0x903077	14	de	EXLANG/Text/00c7f1dd.olang	
4	AVD00002	1	0x903077	14	en	MLG/Text/009c9ea4.olang	
4	AVD00002	1	0x903077	14	en	EXLANG/Text/00c7f1dd.olang	
4	AVD00002	1	0x903077	14	es	MLG/Text/009c9ea4.olang	
4	AVD00002	1	0x903077	14	fr	MLG/Text/009c9ea4.olang	
4	AVD00002	1	0x903077	14	fr	EXLANG/Text/00c7f1dd.olang	
4	AVD00002	1	0x903077	14	it	MLG/Text/009c9ea4.olang	
4	AVD00002	1	0x903077	14	it	EXLANG/Text/00c7f1dd.olang	
4	AVD00002	1	0x903077	14	ja	MLG/Text/009c9ea4.olang	
4	AVD00002	1	0x903077	14	ja	EXLANG/Text/00c7f1dd.olang	
4	AVD00002	1	0x903077	14	pt	EXLANG/Text/00c7f1dd.olang	
4	AVD00002	1	0x903077	15	de	MLG/Text/009c9ea4.olang	
4	AVD00002	1	0x903077	15	de	EXLANG/Text/00c7f1dd.olang	
4	AVD00002	1	0x903077	15	en	MLG/Text/009c9ea4.olang	
4	AVD00002	1	0x903077	15	en	EXLANG/Text/00c7f1dd.olang	
4	AVD00002	1	0x903077	15	es	MLG/Text/009c9ea4.olang	
4	AVD00002	1	0x903077	15	fr	MLG/Text/009c9ea4.olang	
4	AVD00002	1	0x903077	15	fr	EXLANG/Text/00c7f1dd.olang	
4	AVD00002	1	0x903077	15	it	MLG/Text/009c9ea4.olang	
4	AVD00002	1	0x903077	15	it	EXLANG/Text/00c7f1dd.olang	
4	AVD00002	1	0x903077	15	ja	MLG/Text/009c9ea4.olang	
4	AVD00002	1	0x903077	15	ja	EXLANG/Text/00c7f1dd.olang	
4	AVD00002	1	0x903077	15	pt	EXLANG/Text/00c7f1dd.olang	
4	AVD00002	1	0x903077	16	de	MLG/Text/009c9ea4.olang	Sperre gelöst.
4	AVD00002	1	0x903077	16	de	EXLANG/Text/00c7f1dd.olang	
4	AVD00002	1	0x903077	16	en	MLG/Text/009c9ea4.olang	Lock disengaged.
4	AVD00002	1	0x903077	16	en	EXLANG/Text/00c7f1dd.olang	
4	AVD00002	1	0x903077	16	es	MLG/Text/009c9ea4.olang	Seguro desbloqueado.
4	AVD00002	1	0x903077	16	fr	MLG/Text/009c9ea4.olang	Verrouillage désengagé.
4	AVD00002	1	0x903077	16	fr	EXLANG/Text/00c7f1dd.olang	
4	AVD00002	1	0x903077	16	it	MLG/Text/009c9ea4.olang	Blocco disattivato.
4	AVD00002	1	0x903077	16	it	EXLANG/Text/00c7f1dd.olang	
4	AVD00002	1	0x903077	16	ja	MLG/Text/009c9ea4.olang	ロック解除
4	AVD00002	1	0x903077	16	ja	EXLANG/Text/00c7f1dd.olang	
4	AVD00002	1	0x903077	16	pt	EXLANG/Text/00c7f1dd.olang	Trava desativada.
4	AVD00002	1	0x903077	17	de	MLG/Text/009c9ea4.olang	Es wird Zeit, zu STERBEN!
4	AVD00002	1	0x903077	17	de	EXLANG/Text/00c7f1dd.olang	
4	AVD00002	1	0x903077	17	en	MLG/Text/009c9ea4.olang	Time for you to DIE!
4	AVD00002	1	0x903077	17	en	EXLANG/Text/00c7f1dd.olang	
4	AVD00002	1	0x903077	17	es	MLG/Text/009c9ea4.olang	¡Es hora de morir!
4	AVD00002	1	0x903077	17	fr	MLG/Text/009c9ea4.olang	Il est temps pour toi de mourir !
4	AVD00002	1	0x903077	17	fr	EXLANG/Text/00c7f1dd.olang	
4	AVD00002	1	0x903077	17	it	MLG/Text/009c9ea4.olang	È arrivata la tua ora!
4	AVD00002	1	0x903077	17	it	EXLANG/Text/00c7f1dd.olang	
4	AVD00002	1	0x903077	17	ja	MLG/Text/009c9ea4.olang	これでトドメだ！
4	AVD00002	1	0x903077	17	ja	EXLANG/Text/00c7f1dd.olang	
4	AVD00002	1	0x903077	17	pt	EXLANG/Text/00c7f1dd.olang	Hora de você MORRER!
4	AVD00002	1	0x903077	18	de	MLG/Text/009c9ea4.olang	Glaubst du, du kannst entkommen?!
4	AVD00002	1	0x903077	18	de	EXLANG/Text/00c7f1dd.olang	
4	AVD00002	1	0x903077	18	en	MLG/Text/009c9ea4.olang	You think I'll let you get away?!
4	AVD00002	1	0x903077	18	en	EXLANG/Text/00c7f1dd.olang	
4	AVD00002	1	0x903077	18	es	MLG/Text/009c9ea4.olang	¿Crees que te dejaré huir?
4	AVD00002	1	0x903077	18	fr	MLG/Text/009c9ea4.olang	Tu crois que je vais te laisser t'enfuir ?
4	AVD00002	1	0x903077	18	fr	EXLANG/Text/00c7f1dd.olang	
4	AVD00002	1	0x903077	18	it	MLG/Text/009c9ea4.olang	Credi che ti lascerò andare?!
4	AVD00002	1	0x903077	18	it	EXLANG/Text/00c7f1dd.olang	
4	AVD00002	1	0x903077	18	ja	MLG/Text/009c9ea4.olang	逃がすものか！
4	AVD00002	1	0x903077	18	ja	EXLANG/Text/00c7f1dd.olang	
4	AVD00002	1	0x903077	18	pt	EXLANG/Text/00c7f1dd.olang	Acha que vou deixar você escapar?!
4	AVD00002	1	0x903077	19	de	MLG/Text/009c9ea4.olang	Stirb!
4	AVD00002	1	0x903077	19	de	EXLANG/Text/00c7f1dd.olang	
4	AVD00002	1	0x903077	19	en	MLG/Text/009c9ea4.olang	Die!
4	AVD00002	1	0x903077	19	en	EXLANG/Text/00c7f1dd.olang	
4	AVD00002	1	0x903077	19	es	MLG/Text/009c9ea4.olang	¡Muere!
4	AVD00002	1	0x903077	19	fr	MLG/Text/009c9ea4.olang	Meurs !
4	AVD00002	1	0x903077	19	fr	EXLANG/Text/00c7f1dd.olang	
4	AVD00002	1	0x903077	19	it	MLG/Text/009c9ea4.olang	Muori!
4	AVD00002	1	0x903077	19	it	EXLANG/Text/00c7f1dd.olang	
4	AVD00002	1	0x903077	19	ja	MLG/Text/009c9ea4.olang	痺れろ！
4	AVD00002	1	0x903077	19	ja	EXLANG/Text/00c7f1dd.olang	
4	AVD00002	1	0x903077	19	pt	EXLANG/Text/00c7f1dd.olang	Morra!
4	AVD00002	1	0x903077	20	de	MLG/Text/009c9ea4.olang	Stehenbleiben!
4	AVD00002	1	0x903077	20	de	EXLANG/Text/00c7f1dd.olang	
4	AVD00002	1	0x903077	20	en	MLG/Text/009c9ea4.olang	Freeze!
4	AVD00002	1	0x903077	20	en	EXLANG/Text/00c7f1dd.olang	
4	AVD00002	1	0x903077	20	es	MLG/Text/009c9ea4.olang	¡Alto!
4	AVD00002	1	0x903077	20	fr	MLG/Text/009c9ea4.olang	Ne bouge pas !
4	AVD00002	1	0x903077	20	fr	EXLANG/Text/00c7f1dd.olang	
4	AVD00002	1	0x903077	20	it	MLG/Text/009c9ea4.olang	Fermati!
4	AVD00002	1	0x903077	20	it	EXLANG/Text/00c7f1dd.olang	
4	AVD00002	1	0x903077	20	ja	MLG/Text/009c9ea4.olang	動くな！
4	AVD00002	1	0x903077	20	ja	EXLANG/Text/00c7f1dd.olang	
4	AVD00002	1	0x903077	20	pt	EXLANG/Text/00c7f1dd.olang	Não se mexa!
4	AVD00002	1	0x903077	21	de	MLG/Text/009c9ea4.olang	Ich zerquetsche dich wie ein Insekt!
4	AVD00002	1	0x903077	21	de	EXLANG/Text/00c7f1dd.olang	
4	AVD00002	1	0x903077	21	en	MLG/Text/009c9ea4.olang	I'll crush you like an insect!
4	AVD00002	1	0x903077	21	en	EXLANG/Text/00c7f1dd.olang	
4	AVD00002	1	0x903077	21	es	MLG/Text/009c9ea4.olang	¡Te aplastaré como a un insecto!
4	AVD00002	1	0x903077	21	fr	MLG/Text/009c9ea4.olang	Je t'écraserai comme un insecte !
4	AVD00002	1	0x903077	21	fr	EXLANG/Text/00c7f1dd.olang	
4	AVD00002	1	0x903077	21	it	MLG/Text/009c9ea4.olang	Ti schiaccerò come un insetto!
4	AVD00002	1	0x903077	21	it	EXLANG/Text/00c7f1dd.olang	
4	AVD00002	1	0x903077	21	ja	MLG/Text/009c9ea4.olang	踏み潰してやる！
4	AVD00002	1	0x903077	21	ja	EXLANG/Text/00c7f1dd.olang	
4	AVD00002	1	0x903077	21	pt	EXLANG/Text/00c7f1dd.olang	Vou esmagar você como um inseto!
4	AVD00002	1	0x903077	22	de	MLG/Text/009c9ea4.olang	Dann mal los.
4	AVD00002	1	0x903077	22	de	EXLANG/Text/00c7f1dd.olang	
4	AVD00002	1	0x903077	22	en	MLG/Text/009c9ea4.olang	Bring it on!
4	AVD00002	1	0x903077	22	en	EXLANG/Text/00c7f1dd.olang	
4	AVD00002	1	0x903077	22	es	MLG/Text/009c9ea4.olang	Adelante.
4	AVD00002	1	0x903077	22	fr	MLG/Text/009c9ea4.olang	Allez.
4	AVD00002	1	0x903077	22	fr	EXLANG/Text/00c7f1dd.olang	
4	AVD00002	1	0x903077	22	it	MLG/Text/009c9ea4.olang	Forza.
4	AVD00002	1	0x903077	22	it	EXLANG/Text/00c7f1dd.olang	
4	AVD00002	1	0x903077	22	ja	MLG/Text/009c9ea4.olang	行くぞ！
4	AVD00002	1	0x903077	22	ja	EXLANG/Text/00c7f1dd.olang	
4	AVD00002	1	0x903077	22	pt	EXLANG/Text/00c7f1dd.olang	Pode vir!
4	AVD00002	1	0x903077	23	de	MLG/Text/009c9ea4.olang	Es ist noch nicht vorbei!
4	AVD00002	1	0x903077	23	de	EXLANG/Text/00c7f1dd.olang	
4	AVD00002	1	0x903077	23	en	MLG/Text/009c9ea4.olang	It's not over yet!
4	AVD00002	1	0x903077	23	en	EXLANG/Text/00c7f1dd.olang	
4	AVD00002	1	0x903077	23	es	MLG/Text/009c9ea4.olang	¡Esto aún no se ha acabado!
4	AVD00002	1	0x903077	23	fr	MLG/Text/009c9ea4.olang	Ce n'est pas encore fini !
4	AVD00002	1	0x903077	23	fr	EXLANG/Text/00c7f1dd.olang	
4	AVD00002	1	0x903077	23	it	MLG/Text/009c9ea4.olang	Non è ancora finita!
4	AVD00002	1	0x903077	23	it	EXLANG/Text/00c7f1dd.olang	
4	AVD00002	1	0x903077	23	ja	MLG/Text/009c9ea4.olang	まだ終わってない！
4	AVD00002	1	0x903077	23	ja	EXLANG/Text/00c7f1dd.olang	
4	AVD00002	1	0x903077	23	pt	EXLANG/Text/00c7f1dd.olang	Ainda não acabou!
4	AVD00002	1	0x903077	24	de	MLG/Text/009c9ea4.olang	
4	AVD00002	1	0x903077	24	de	EXLANG/Text/00c7f1dd.olang	
4	AVD00002	1	0x903077	24	en	MLG/Text/009c9ea4.olang	
4	AVD00002	1	0x903077	24	en	EXLANG/Text/00c7f1dd.olang	
4	AVD00002	1	0x903077	24	es	MLG/Text/009c9ea4.olang	
4	AVD00002	1	0x903077	24	fr	MLG/Text/009c9ea4.olang	
4	AVD00002	1	0x903077	24	fr	EXLANG/Text/00c7f1dd.olang	
4	AVD00002	1	0x903077	24	it	MLG/Text/009c9ea4.olang	
4	AVD00002	1	0x903077	24	it	EXLANG/Text/00c7f1dd.olang	
4	AVD00002	1	0x903077	24	ja	MLG/Text/009c9ea4.olang	
4	AVD00002	1	0x903077	24	ja	EXLANG/Text/00c7f1dd.olang	
4	AVD00002	1	0x903077	24	pt	EXLANG/Text/00c7f1dd.olang	
4	AVD00002	1	0x903077	25	de	MLG/Text/009c9ea4.olang	
4	AVD00002	1	0x903077	25	de	EXLANG/Text/00c7f1dd.olang	
4	AVD00002	1	0x903077	25	en	MLG/Text/009c9ea4.olang	
4	AVD00002	1	0x903077	25	en	EXLANG/Text/00c7f1dd.olang	
4	AVD00002	1	0x903077	25	es	MLG/Text/009c9ea4.olang	
4	AVD00002	1	0x903077	25	fr	MLG/Text/009c9ea4.olang	
4	AVD00002	1	0x903077	25	fr	EXLANG/Text/00c7f1dd.olang	
4	AVD00002	1	0x903077	25	it	MLG/Text/009c9ea4.olang	
4	AVD00002	1	0x903077	25	it	EXLANG/Text/00c7f1dd.olang	
4	AVD00002	1	0x903077	25	ja	MLG/Text/009c9ea4.olang	
4	AVD00002	1	0x903077	25	ja	EXLANG/Text/00c7f1dd.olang	
4	AVD00002	1	0x903077	25	pt	EXLANG/Text/00c7f1dd.olang	
4	AVD00002	1	0x903077	26	de	MLG/Text/009c9ea4.olang	
4	AVD00002	1	0x903077	26	de	EXLANG/Text/00c7f1dd.olang	
4	AVD00002	1	0x903077	26	en	MLG/Text/009c9ea4.olang	
4	AVD00002	1	0x903077	26	en	EXLANG/Text/00c7f1dd.olang	
4	AVD00002	1	0x903077	26	es	MLG/Text/009c9ea4.olang	
4	AVD00002	1	0x903077	26	fr	MLG/Text/009c9ea4.olang	
4	AVD00002	1	0x903077	26	fr	EXLANG/Text/00c7f1dd.olang	
4	AVD00002	1	0x903077	26	it	MLG/Text/009c9ea4.olang	
4	AVD00002	1	0x903077	26	it	EXLANG/Text/00c7f1dd.olang	
4	AVD00002	1	0x903077	26	ja	MLG/Text/009c9ea4.olang	
4	AVD00002	1	0x903077	26	ja	EXLANG/Text/00c7f1dd.olang	
4	AVD00002	1	0x903077	26	pt	EXLANG/Text/00c7f1dd.olang	
4	AVD00002	1	0x903077	27	de	MLG/Text/009c9ea4.olang	
4	AVD00002	1	0x903077	27	de	EXLANG/Text/00c7f1dd.olang	
4	AVD00002	1	0x903077	27	en	MLG/Text/009c9ea4.olang	
4	AVD00002	1	0x903077	27	en	EXLANG/Text/00c7f1dd.olang	
4	AVD00002	1	0x903077	27	es	MLG/Text/009c9ea4.olang	
4	AVD00002	1	0x903077	27	fr	MLG/Text/009c9ea4.olang	
4	AVD00002	1	0x903077	27	fr	EXLANG/Text/00c7f1dd.olang	
4	AVD00002	1	0x903077	27	it	MLG/Text/009c9ea4.olang	
4	AVD00002	1	0x903077	27	it	EXLANG/Text/00c7f1dd.olang	
4	AVD00002	1	0x903077	27	ja	MLG/Text/009c9ea4.olang	
4	AVD00002	1	0x903077	27	ja	EXLANG/Text/00c7f1dd.olang	
4	AVD00002	1	0x903077	27	pt	EXLANG/Text/00c7f1dd.olang	
4	AVD00002	1	0x903077	28	de	MLG/Text/009c9ea4.olang	
4	AVD00002	1	0x903077	28	de	EXLANG/Text/00c7f1dd.olang	
4	AVD00002	1	0x903077	28	en	MLG/Text/009c9ea4.olang	
4	AVD00002	1	0x903077	28	en	EXLANG/Text/00c7f1dd.olang	
4	AVD00002	1	0x903077	28	es	MLG/Text/009c9ea4.olang	
4	AVD00002	1	0x903077	28	fr	MLG/Text/009c9ea4.olang	
4	AVD00002	1	0x903077	28	fr	EXLANG/Text/00c7f1dd.olang	
4	AVD00002	1	0x903077	28	it	MLG/Text/009c9ea4.olang	
4	AVD00002	1	0x903077	28	it	EXLANG/Text/00c7f1dd.olang	
4	AVD00002	1	0x903077	28	ja	MLG/Text/009c9ea4.olang	
4	AVD00002	1	0x903077	28	ja	EXLANG/Text/00c7f1dd.olang	
4	AVD00002	1	0x903077	28	pt	EXLANG/Text/00c7f1dd.olang	
4	AVD00002	1	0x903077	29	de	MLG/Text/009c9ea4.olang	
4	AVD00002	1	0x903077	29	de	EXLANG/Text/00c7f1dd.olang	
4	AVD00002	1	0x903077	29	en	MLG/Text/009c9ea4.olang	
4	AVD00002	1	0x903077	29	en	EXLANG/Text/00c7f1dd.olang	
4	AVD00002	1	0x903077	29	es	MLG/Text/009c9ea4.olang	
4	AVD00002	1	0x903077	29	fr	MLG/Text/009c9ea4.olang	
4	AVD00002	1	0x903077	29	fr	EXLANG/Text/00c7f1dd.olang	
4	AVD00002	1	0x903077	29	it	MLG/Text/009c9ea4.olang	
4	AVD00002	1	0x903077	29	it	EXLANG/Text/00c7f1dd.olang	
4	AVD00002	1	0x903077	29	ja	MLG/Text/009c9ea4.olang	
4	AVD00002	1	0x903077	29	ja	EXLANG/Text/00c7f1dd.olang	
4	AVD00002	1	0x903077	29	pt	EXLANG/Text/00c7f1dd.olang	
4	AVD00002	1	0x903077	30	de	MLG/Text/009c9ea4.olang	
4	AVD00002	1	0x903077	30	de	EXLANG/Text/00c7f1dd.olang	
4	AVD00002	1	0x903077	30	en	MLG/Text/009c9ea4.olang	
4	AVD00002	1	0x903077	30	en	EXLANG/Text/00c7f1dd.olang	
4	AVD00002	1	0x903077	30	es	MLG/Text/009c9ea4.olang	
4	AVD00002	1	0x903077	30	fr	MLG/Text/009c9ea4.olang	
4	AVD00002	1	0x903077	30	fr	EXLANG/Text/00c7f1dd.olang	
4	AVD00002	1	0x903077	30	it	MLG/Text/009c9ea4.olang	
4	AVD00002	1	0x903077	30	it	EXLANG/Text/00c7f1dd.olang	
4	AVD00002	1	0x903077	30	ja	MLG/Text/009c9ea4.olang	
4	AVD00002	1	0x903077	30	ja	EXLANG/Text/00c7f1dd.olang	
4	AVD00002	1	0x903077	30	pt	EXLANG/Text/00c7f1dd.olang	
4	AVD00002	1	0x903077	31	de	MLG/Text/009c9ea4.olang	
4	AVD00002	1	0x903077	31	de	EXLANG/Text/00c7f1dd.olang	
4	AVD00002	1	0x903077	31	en	MLG/Text/009c9ea4.olang	
4	AVD00002	1	0x903077	31	en	EXLANG/Text/00c7f1dd.olang	
4	AVD00002	1	0x903077	31	es	MLG/Text/009c9ea4.olang	
4	AVD00002	1	0x903077	31	fr	MLG/Text/009c9ea4.olang	
4	AVD00002	1	0x903077	31	fr	EXLANG/Text/00c7f1dd.olang	
4	AVD00002	1	0x903077	31	it	MLG/Text/009c9ea4.olang	
4	AVD00002	1	0x903077	31	it	EXLANG/Text/00c7f1dd.olang	
4	AVD00002	1	0x903077	31	ja	MLG/Text/009c9ea4.olang	
4	AVD00002	1	0x903077	31	ja	EXLANG/Text/00c7f1dd.olang	
4	AVD00002	1	0x903077	31	pt	EXLANG/Text/00c7f1dd.olang	
4	AVD00002	2	0x430ffe	0	de	MLG/Text/009c9ea4.olang	
4	AVD00002	2	0x430ffe	0	de	EXLANG/Text/00c7f1dd.olang	
4	AVD00002	2	0x430ffe	0	en	MLG/Text/009c9ea4.olang	
4	AVD00002	2	0x430ffe	0	en	EXLANG/Text/00c7f1dd.olang	
4	AVD00002	2	0x430ffe	0	es	MLG/Text/009c9ea4.olang	
4	AVD00002	2	0x430ffe	0	fr	MLG/Text/009c9ea4.olang	
4	AVD00002	2	0x430ffe	0	fr	EXLANG/Text/00c7f1dd.olang	
4	AVD00002	2	0x430ffe	0	it	MLG/Text/009c9ea4.olang	
4	AVD00002	2	0x430ffe	0	it	EXLANG/Text/00c7f1dd.olang	
4	AVD00002	2	0x430ffe	0	ja	MLG/Text/009c9ea4.olang	
4	AVD00002	2	0x430ffe	0	ja	EXLANG/Text/00c7f1dd.olang	
4	AVD00002	2	0x430ffe	0	pt	EXLANG/Text/00c7f1dd.olang	
4	AVD00002	2	0x430ffe	1	de	MLG/Text/009c9ea4.olang	
4	AVD00002	2	0x430ffe	1	de	EXLANG/Text/00c7f1dd.olang	
4	AVD00002	2	0x430ffe	1	en	MLG/Text/009c9ea4.olang	
4	AVD00002	2	0x430ffe	1	en	EXLANG/Text/00c7f1dd.olang	
4	AVD00002	2	0x430ffe	1	es	MLG/Text/009c9ea4.olang	
4	AVD00002	2	0x430ffe	1	fr	MLG/Text/009c9ea4.olang	
4	AVD00002	2	0x430ffe	1	fr	EXLANG/Text/00c7f1dd.olang	
4	AVD00002	2	0x430ffe	1	it	MLG/Text/009c9ea4.olang	
4	AVD00002	2	0x430ffe	1	it	EXLANG/Text/00c7f1dd.olang	
4	AVD00002	2	0x430ffe	1	ja	MLG/Text/009c9ea4.olang	このがんでぼっこす
4	AVD00002	2	0x430ffe	1	ja	EXLANG/Text/00c7f1dd.olang	
4	AVD00002	2	0x430ffe	1	pt	EXLANG/Text/00c7f1dd.olang	
4	AVD00002	2	0x430ffe	2	de	MLG/Text/009c9ea4.olang	
4	AVD00002	2	0x430ffe	2	de	EXLANG/Text/00c7f1dd.olang	
4	AVD00002	2	0x430ffe	2	en	MLG/Text/009c9ea4.olang	
4	AVD00002	2	0x430ffe	2	en	EXLANG/Text/00c7f1dd.olang	
4	AVD00002	2	0x430ffe	2	es	MLG/Text/009c9ea4.olang	
4	AVD00002	2	0x430ffe	2	fr	MLG/Text/009c9ea4.olang	
4	AVD00002	2	0x430ffe	2	fr	EXLANG/Text/00c7f1dd.olang	
4	AVD00002	2	0x430ffe	2	it	MLG/Text/009c9ea4.olang	
4	AVD00002	2	0x430ffe	2	it	EXLANG/Text/00c7f1dd.olang	
4	AVD00002	2	0x430ffe	2	ja	MLG/Text/009c9ea4.olang	ばかいいあんべだ
4	AVD00002	2	0x430ffe	2	ja	EXLANG/Text/00c7f1dd.olang	
4	AVD00002	2	0x430ffe	2	pt	EXLANG/Text/00c7f1dd.olang	
4	AVD00002	2	0x430ffe	3	de	MLG/Text/009c9ea4.olang	
4	AVD00002	2	0x430ffe	3	de	EXLANG/Text/00c7f1dd.olang	
4	AVD00002	2	0x430ffe	3	en	MLG/Text/009c9ea4.olang	
4	AVD00002	2	0x430ffe	3	en	EXLANG/Text/00c7f1dd.olang	
4	AVD00002	2	0x430ffe	3	es	MLG/Text/009c9ea4.olang	
4	AVD00002	2	0x430ffe	3	fr	MLG/Text/009c9ea4.olang	
4	AVD00002	2	0x430ffe	3	fr	EXLANG/Text/00c7f1dd.olang	
4	AVD00002	2	0x430ffe	3	it	MLG/Text/009c9ea4.olang	
4	AVD00002	2	0x430ffe	3	it	EXLANG/Text/00c7f1dd.olang	
4	AVD00002	2	0x430ffe	3	ja	MLG/Text/009c9ea4.olang	ひんでぞお
4	AVD00002	2	0x430ffe	3	ja	EXLANG/Text/00c7f1dd.olang	
4	AVD00002	2	0x430ffe	3	pt	EXLANG/Text/00c7f1dd.olang	
4	AVD00002	2	0x430ffe	4	de	MLG/Text/009c9ea4.olang	
4	AVD00002	2	0x430ffe	4	de	EXLANG/Text/00c7f1dd.olang	
4	AVD00002	2	0x430ffe	4	en	MLG/Text/009c9ea4.olang	
4	AVD00002	2	0x430ffe	4	en	EXLANG/Text/00c7f1dd.olang	
4	AVD00002	2	0x430ffe	4	es	MLG/Text/009c9ea4.olang	
4	AVD00002	2	0x430ffe	4	fr	MLG/Text/009c9ea4.olang	
4	AVD00002	2	0x430ffe	4	fr	EXLANG/Text/00c7f1dd.olang	
4	AVD00002	2	0x430ffe	4	it	MLG/Text/009c9ea4.olang	
4	AVD00002	2	0x430ffe	4	it	EXLANG/Text/00c7f1dd.olang	
4	AVD00002	2	0x430ffe	4	ja	MLG/Text/009c9ea4.olang	うごくんでねーやー
4	AVD00002	2	0x430ffe	4	ja	EXLANG/Text/00c7f1dd.olang	
4	AVD00002	2	0x430ffe	4	pt	EXLANG/Text/00c7f1dd.olang	
4	AVD00002	2	0x430ffe	5	de	MLG/Text/009c9ea4.olang	
4	AVD00002	2	0x430ffe	5	de	EXLANG/Text/00c7f1dd.olang	
4	AVD00002	2	0x430ffe	5	en	MLG/Text/009c9ea4.olang	
4	AVD00002	2	0x430ffe	5	en	EXLANG/Text/00c7f1dd.olang	
4	AVD00002	2	0x430ffe	5	es	MLG/Text/009c9ea4.olang	
4	AVD00002	2	0x430ffe	5	fr	MLG/Text/009c9ea4.olang	
4	AVD00002	2	0x430ffe	5	fr	EXLANG/Text/00c7f1dd.olang	
4	AVD00002	2	0x430ffe	5	it	MLG/Text/009c9ea4.olang	
4	AVD00002	2	0x430ffe	5	it	EXLANG/Text/00c7f1dd.olang	
4	AVD00002	2	0x430ffe	5	ja	MLG/Text/009c9ea4.olang	ながまってれ
4	AVD00002	2	0x430ffe	5	ja	EXLANG/Text/00c7f1dd.olang	
4	AVD00002	2	0x430ffe	5	pt	EXLANG/Text/00c7f1dd.olang	
4	AVD00002	2	0x430ffe	6	de	MLG/Text/009c9ea4.olang	
4	AVD00002	2	0x430ffe	6	de	EXLANG/Text/00c7f1dd.olang	
4	AVD00002	2	0x430ffe	6	en	MLG/Text/009c9ea4.olang	
4	AVD00002	2	0x430ffe	6	en	EXLANG/Text/00c7f1dd.olang	
4	AVD00002	2	0x430ffe	6	es	MLG/Text/009c9ea4.olang	
4	AVD00002	2	0x430ffe	6	fr	MLG/Text/009c9ea4.olang	
4	AVD00002	2	0x430ffe	6	fr	EXLANG/Text/00c7f1dd.olang	
4	AVD00002	2	0x430ffe	6	it	MLG/Text/009c9ea4.olang	
4	AVD00002	2	0x430ffe	6	it	EXLANG/Text/00c7f1dd.olang	
4	AVD00002	2	0x430ffe	6	ja	MLG/Text/009c9ea4.olang	まってなせ
4	AVD00002	2	0x430ffe	6	ja	EXLANG/Text/00c7f1dd.olang	
4	AVD00002	2	0x430ffe	6	pt	EXLANG/Text/00c7f1dd.olang	
4	AVD00002	2	0x430ffe	7	de	MLG/Text/009c9ea4.olang	
4	AVD00002	2	0x430ffe	7	de	EXLANG/Text/00c7f1dd.olang	
4	AVD00002	2	0x430ffe	7	en	MLG/Text/009c9ea4.olang	
4	AVD00002	2	0x430ffe	7	en	EXLANG/Text/00c7f1dd.olang	
4	AVD00002	2	0x430ffe	7	es	MLG/Text/009c9ea4.olang	
4	AVD00002	2	0x430ffe	7	fr	MLG/Text/009c9ea4.olang	
4	AVD00002	2	0x430ffe	7	fr	EXLANG/Text/00c7f1dd.olang	
4	AVD00002	2	0x430ffe	7	it	MLG/Text/009c9ea4.olang	
4	AVD00002	2	0x430ffe	7	it	EXLANG/Text/00c7f1dd.olang	
4	AVD00002	2	0x430ffe	7	ja	MLG/Text/009c9ea4.olang	んなみてながんあったもんじゃねえ
4	AVD00002	2	0x430ffe	7	ja	EXLANG/Text/00c7f1dd.olang	
4	AVD00002	2	0x430ffe	7	pt	EXLANG/Text/00c7f1dd.olang	
4	AVD00002	2	0x430ffe	8	de	MLG/Text/009c9ea4.olang	
4	AVD00002	2	0x430ffe	8	de	EXLANG/Text/00c7f1dd.olang	
4	AVD00002	2	0x430ffe	8	en	MLG/Text/009c9ea4.olang	
4	AVD00002	2	0x430ffe	8	en	EXLANG/Text/00c7f1dd.olang	
4	AVD00002	2	0x430ffe	8	es	MLG/Text/009c9ea4.olang	
4	AVD00002	2	0x430ffe	8	fr	MLG/Text/009c9ea4.olang	
4	AVD00002	2	0x430ffe	8	fr	EXLANG/Text/00c7f1dd.olang	
4	AVD00002	2	0x430ffe	8	it	MLG/Text/009c9ea4.olang	
4	AVD00002	2	0x430ffe	8	it	EXLANG/Text/00c7f1dd.olang	
4	AVD00002	2	0x430ffe	8	ja	MLG/Text/009c9ea4.olang	
4	AVD00002	2	0x430ffe	8	ja	EXLANG/Text/00c7f1dd.olang	
4	AVD00002	2	0x430ffe	8	pt	EXLANG/Text/00c7f1dd.olang	
4	AVD00002	2	0x430ffe	9	de	MLG/Text/009c9ea4.olang	
4	AVD00002	2	0x430ffe	9	de	EXLANG/Text/00c7f1dd.olang	
4	AVD00002	2	0x430ffe	9	en	MLG/Text/009c9ea4.olang	
4	AVD00002	2	0x430ffe	9	en	EXLANG/Text/00c7f1dd.olang	
4	AVD00002	2	0x430ffe	9	es	MLG/Text/009c9ea4.olang	
4	AVD00002	2	0x430ffe	9	fr	MLG/Text/009c9ea4.olang	
4	AVD00002	2	0x430ffe	9	fr	EXLANG/Text/00c7f1dd.olang	
4	AVD00002	2	0x430ffe	9	it	MLG/Text/009c9ea4.olang	
4	AVD00002	2	0x430ffe	9	it	EXLANG/Text/00c7f1dd.olang	
4	AVD00002	2	0x430ffe	9	ja	MLG/Text/009c9ea4.olang	
4	AVD00002	2	0x430ffe	9	ja	EXLANG/Text/00c7f1dd.olang	
4	AVD00002	2	0x430ffe	9	pt	EXLANG/Text/00c7f1dd.olang	
4	AVD00002	2	0x430ffe	10	de	MLG/Text/009c9ea4.olang	
4	AVD00002	2	0x430ffe	10	de	EXLANG/Text/00c7f1dd.olang	
4	AVD00002	2	0x430ffe	10	en	MLG/Text/009c9ea4.olang	
4	AVD00002	2	0x430ffe	10	en	EXLANG/Text/00c7f1dd.olang	
4	AVD00002	2	0x430ffe	10	es	MLG/Text/009c9ea4.olang	
4	AVD00002	2	0x430ffe	10	fr	MLG/Text/009c9ea4.olang	
4	AVD00002	2	0x430ffe	10	fr	EXLANG/Text/00c7f1dd.olang	
4	AVD00002	2	0x430ffe	10	it	MLG/Text/009c9ea4.olang	
4	AVD00002	2	0x430ffe	10	it	EXLANG/Text/00c7f1dd.olang	
4	AVD00002	2	0x430ffe	10	ja	MLG/Text/009c9ea4.olang	
4	AVD00002	2	0x430ffe	10	ja	EXLANG/Text/00c7f1dd.olang	
4	AVD00002	2	0x430ffe	10	pt	EXLANG/Text/00c7f1dd.olang	
4	AVD00002	2	0x430ffe	11	de	MLG/Text/009c9ea4.olang	
4	AVD00002	2	0x430ffe	11	de	EXLANG/Text/00c7f1dd.olang	
4	AVD00002	2	0x430ffe	11	en	MLG/Text/009c9ea4.olang	
4	AVD00002	2	0x430ffe	11	en	EXLANG/Text/00c7f1dd.olang	
4	AVD00002	2	0x430ffe	11	es	MLG/Text/009c9ea4.olang	
4	AVD00002	2	0x430ffe	11	fr	MLG/Text/009c9ea4.olang	
4	AVD00002	2	0x430ffe	11	fr	EXLANG/Text/00c7f1dd.olang	
4	AVD00002	2	0x430ffe	11	it	MLG/Text/009c9ea4.olang	
4	AVD00002	2	0x430ffe	11	it	EXLANG/Text/00c7f1dd.olang	
4	AVD00002	2	0x430ffe	11	ja	MLG/Text/009c9ea4.olang	
4	AVD00002	2	0x430ffe	11	ja	EXLANG/Text/00c7f1dd.olang	
4	AVD00002	2	0x430ffe	11	pt	EXLANG/Text/00c7f1dd.olang	
4	AVD00002	2	0x430ffe	12	de	MLG/Text/009c9ea4.olang	
4	AVD00002	2	0x430ffe	12	de	EXLANG/Text/00c7f1dd.olang	
4	AVD00002	2	0x430ffe	12	en	MLG/Text/009c9ea4.olang	
4	AVD00002	2	0x430ffe	12	en	EXLANG/Text/00c7f1dd.olang	
4	AVD00002	2	0x430ffe	12	es	MLG/Text/009c9ea4.olang	
4	AVD00002	2	0x430ffe	12	fr	MLG/Text/009c9ea4.olang	
4	AVD00002	2	0x430ffe	12	fr	EXLANG/Text/00c7f1dd.olang	
4	AVD00002	2	0x430ffe	12	it	MLG/Text/009c9ea4.olang	
4	AVD00002	2	0x430ffe	12	it	EXLANG/Text/00c7f1dd.olang	
4	AVD00002	2	0x430ffe	12	ja	MLG/Text/009c9ea4.olang	
4	AVD00002	2	0x430ffe	12	ja	EXLANG/Text/00c7f1dd.olang	
4	AVD00002	2	0x430ffe	12	pt	EXLANG/Text/00c7f1dd.olang	
4	AVD00002	2	0x430ffe	13	de	MLG/Text/009c9ea4.olang	
4	AVD00002	2	0x430ffe	13	de	EXLANG/Text/00c7f1dd.olang	
4	AVD00002	2	0x430ffe	13	en	MLG/Text/009c9ea4.olang	
4	AVD00002	2	0x430ffe	13	en	EXLANG/Text/00c7f1dd.olang	
4	AVD00002	2	0x430ffe	13	es	MLG/Text/009c9ea4.olang	
4	AVD00002	2	0x430ffe	13	fr	MLG/Text/009c9ea4.olang	
4	AVD00002	2	0x430ffe	13	fr	EXLANG/Text/00c7f1dd.olang	
4	AVD00002	2	0x430ffe	13	it	MLG/Text/009c9ea4.olang	
4	AVD00002	2	0x430ffe	13	it	EXLANG/Text/00c7f1dd.olang	
4	AVD00002	2	0x430ffe	13	ja	MLG/Text/009c9ea4.olang	
4	AVD00002	2	0x430ffe	13	ja	EXLANG/Text/00c7f1dd.olang	
4	AVD00002	2	0x430ffe	13	pt	EXLANG/Text/00c7f1dd.olang	
4	AVD00002	2	0x430ffe	14	de	MLG/Text/009c9ea4.olang	
4	AVD00002	2	0x430ffe	14	de	EXLANG/Text/00c7f1dd.olang	
4	AVD00002	2	0x430ffe	14	en	MLG/Text/009c9ea4.olang	
4	AVD00002	2	0x430ffe	14	en	EXLANG/Text/00c7f1dd.olang	
4	AVD00002	2	0x430ffe	14	es	MLG/Text/009c9ea4.olang	
4	AVD00002	2	0x430ffe	14	fr	MLG/Text/009c9ea4.olang	
4	AVD00002	2	0x430ffe	14	fr	EXLANG/Text/00c7f1dd.olang	
4	AVD00002	2	0x430ffe	14	it	MLG/Text/009c9ea4.olang	
4	AVD00002	2	0x430ffe	14	it	EXLANG/Text/00c7f1dd.olang	
4	AVD00002	2	0x430ffe	14	ja	MLG/Text/009c9ea4.olang	
4	AVD00002	2	0x430ffe	14	ja	EXLANG/Text/00c7f1dd.olang	
4	AVD00002	2	0x430ffe	14	pt	EXLANG/Text/00c7f1dd.olang	
4	AVD00002	2	0x430ffe	15	de	MLG/Text/009c9ea4.olang	
4	AVD00002	2	0x430ffe	15	de	EXLANG/Text/00c7f1dd.olang	
4	AVD00002	2	0x430ffe	15	en	MLG/Text/009c9ea4.olang	
4	AVD00002	2	0x430ffe	15	en	EXLANG/Text/00c7f1dd.olang	
4	AVD00002	2	0x430ffe	15	es	MLG/Text/009c9ea4.olang	
4	AVD00002	2	0x430ffe	15	fr	MLG/Text/009c9ea4.olang	
4	AVD00002	2	0x430ffe	15	fr	EXLANG/Text/00c7f1dd.olang	
4	AVD00002	2	0x430ffe	15	it	MLG/Text/009c9ea4.olang	
4	AVD00002	2	0x430ffe	15	it	EXLANG/Text/00c7f1dd.olang	
4	AVD00002	2	0x430ffe	15	ja	MLG/Text/009c9ea4.olang	
4	AVD00002	2	0x430ffe	15	ja	EXLANG/Text/00c7f1dd.olang	
4	AVD00002	2	0x430ffe	15	pt	EXLANG/Text/00c7f1dd.olang	
4	AVD00002	2	0x430ffe	16	de	MLG/Text/009c9ea4.olang	
4	AVD00002	2	0x430ffe	16	de	EXLANG/Text/00c7f1dd.olang	
4	AVD00002	2	0x430ffe	16	en	MLG/Text/009c9ea4.olang	
4	AVD00002	2	0x430ffe	16	en	EXLANG/Text/00c7f1dd.olang	
4	AVD00002	2	0x430ffe	16	es	MLG/Text/009c9ea4.olang	
4	AVD00002	2	0x430ffe	16	fr	MLG/Text/009c9ea4.olang	
4	AVD00002	2	0x430ffe	16	fr	EXLANG/Text/00c7f1dd.olang	
4	AVD00002	2	0x430ffe	16	it	MLG/Text/009c9ea4.olang	
4	AVD00002	2	0x430ffe	16	it	EXLANG/Text/00c7f1dd.olang	
4	AVD00002	2	0x430ffe	16	ja	MLG/Text/009c9ea4.olang	
4	AVD00002	2	0x430ffe	16	ja	EXLANG/Text/00c7f1dd.olang	
4	AVD00002	2	0x430ffe	16	pt	EXLANG/Text/00c7f1dd.olang	
4	AVD00002	2	0x430ffe	17	de	MLG/Text/009c9ea4.olang	
4	AVD00002	2	0x430ffe	17	de	EXLANG/Text/00c7f1dd.olang	
4	AVD00002	2	0x430ffe	17	en	MLG/Text/009c9ea4.olang	
4	AVD00002	2	0x430ffe	17	en	EXLANG/Text/00c7f1dd.olang	
4	AVD00002	2	0x430ffe	17	es	MLG/Text/009c9ea4.olang	
4	AVD00002	2	0x430ffe	17	fr	MLG/Text/009c9ea4.olang	
4	AVD00002	2	0x430ffe	17	fr	EXLANG/Text/00c7f1dd.olang	
4	AVD00002	2	0x430ffe	17	it	MLG/Text/009c9ea4.olang	
4	AVD00002	2	0x430ffe	17	it	EXLANG/Text/00c7f1dd.olang	
4	AVD00002	2	0x430ffe	17	ja	MLG/Text/009c9ea4.olang	このがんでぼっこす
4	AVD00002	2	0x430ffe	17	ja	EXLANG/Text/00c7f1dd.olang	
4	AVD00002	2	0x430ffe	17	pt	EXLANG/Text/00c7f1dd.olang	
4	AVD00002	2	0x430ffe	18	de	MLG/Text/009c9ea4.olang	
4	AVD00002	2	0x430ffe	18	de	EXLANG/Text/00c7f1dd.olang	
4	AVD00002	2	0x430ffe	18	en	MLG/Text/009c9ea4.olang	
4	AVD00002	2	0x430ffe	18	en	EXLANG/Text/00c7f1dd.olang	
4	AVD00002	2	0x430ffe	18	es	MLG/Text/009c9ea4.olang	
4	AVD00002	2	0x430ffe	18	fr	MLG/Text/009c9ea4.olang	
4	AVD00002	2	0x430ffe	18	fr	EXLANG/Text/00c7f1dd.olang	
4	AVD00002	2	0x430ffe	18	it	MLG/Text/009c9ea4.olang	
4	AVD00002	2	0x430ffe	18	it	EXLANG/Text/00c7f1dd.olang	
4	AVD00002	2	0x430ffe	18	ja	MLG/Text/009c9ea4.olang	ばかいいあんべだ
4	AVD00002	2	0x430ffe	18	ja	EXLANG/Text/00c7f1dd.olang	
4	AVD00002	2	0x430ffe	18	pt	EXLANG/Text/00c7f1dd.olang	
4	AVD00002	2	0x430ffe	19	de	MLG/Text/009c9ea4.olang	
4	AVD00002	2	0x430ffe	19	de	EXLANG/Text/00c7f1dd.olang	
4	AVD00002	2	0x430ffe	19	en	MLG/Text/009c9ea4.olang	
4	AVD00002	2	0x430ffe	19	en	EXLANG/Text/00c7f1dd.olang	
4	AVD00002	2	0x430ffe	19	es	MLG/Text/009c9ea4.olang	
4	AVD00002	2	0x430ffe	19	fr	MLG/Text/009c9ea4.olang	
4	AVD00002	2	0x430ffe	19	fr	EXLANG/Text/00c7f1dd.olang	
4	AVD00002	2	0x430ffe	19	it	MLG/Text/009c9ea4.olang	
4	AVD00002	2	0x430ffe	19	it	EXLANG/Text/00c7f1dd.olang	
4	AVD00002	2	0x430ffe	19	ja	MLG/Text/009c9ea4.olang	ひんでぞお
4	AVD00002	2	0x430ffe	19	ja	EXLANG/Text/00c7f1dd.olang	
4	AVD00002	2	0x430ffe	19	pt	EXLANG/Text/00c7f1dd.olang	
4	AVD00002	2	0x430ffe	20	de	MLG/Text/009c9ea4.olang	
4	AVD00002	2	0x430ffe	20	de	EXLANG/Text/00c7f1dd.olang	
4	AVD00002	2	0x430ffe	20	en	MLG/Text/009c9ea4.olang	
4	AVD00002	2	0x430ffe	20	en	EXLANG/Text/00c7f1dd.olang	
4	AVD00002	2	0x430ffe	20	es	MLG/Text/009c9ea4.olang	
4	AVD00002	2	0x430ffe	20	fr	MLG/Text/009c9ea4.olang	
4	AVD00002	2	0x430ffe	20	fr	EXLANG/Text/00c7f1dd.olang	
4	AVD00002	2	0x430ffe	20	it	MLG/Text/009c9ea4.olang	
4	AVD00002	2	0x430ffe	20	it	EXLANG/Text/00c7f1dd.olang	
4	AVD00002	2	0x430ffe	20	ja	MLG/Text/009c9ea4.olang	うごくんでねーやー
4	AVD00002	2	0x430ffe	20	ja	EXLANG/Text/00c7f1dd.olang	
4	AVD00002	2	0x430ffe	20	pt	EXLANG/Text/00c7f1dd.olang	
4	AVD00002	2	0x430ffe	21	de	MLG/Text/009c9ea4.olang	
4	AVD00002	2	0x430ffe	21	de	EXLANG/Text/00c7f1dd.olang	
4	AVD00002	2	0x430ffe	21	en	MLG/Text/009c9ea4.olang	
4	AVD00002	2	0x430ffe	21	en	EXLANG/Text/00c7f1dd.olang	
4	AVD00002	2	0x430ffe	21	es	MLG/Text/009c9ea4.olang	
4	AVD00002	2	0x430ffe	21	fr	MLG/Text/009c9ea4.olang	
4	AVD00002	2	0x430ffe	21	fr	EXLANG/Text/00c7f1dd.olang	
4	AVD00002	2	0x430ffe	21	it	MLG/Text/009c9ea4.olang	
4	AVD00002	2	0x430ffe	21	it	EXLANG/Text/00c7f1dd.olang	
4	AVD00002	2	0x430ffe	21	ja	MLG/Text/009c9ea4.olang	ながまってれ
4	AVD00002	2	0x430ffe	21	ja	EXLANG/Text/00c7f1dd.olang	
4	AVD00002	2	0x430ffe	21	pt	EXLANG/Text/00c7f1dd.olang	
4	AVD00002	2	0x430ffe	22	de	MLG/Text/009c9ea4.olang	
4	AVD00002	2	0x430ffe	22	de	EXLANG/Text/00c7f1dd.olang	
4	AVD00002	2	0x430ffe	22	en	MLG/Text/009c9ea4.olang	
4	AVD00002	2	0x430ffe	22	en	EXLANG/Text/00c7f1dd.olang	
4	AVD00002	2	0x430ffe	22	es	MLG/Text/009c9ea4.olang	
4	AVD00002	2	0x430ffe	22	fr	MLG/Text/009c9ea4.olang	
4	AVD00002	2	0x430ffe	22	fr	EXLANG/Text/00c7f1dd.olang	
4	AVD00002	2	0x430ffe	22	it	MLG/Text/009c9ea4.olang	
4	AVD00002	2	0x430ffe	22	it	EXLANG/Text/00c7f1dd.olang	
4	AVD00002	2	0x430ffe	22	ja	MLG/Text/009c9ea4.olang	まってなせ
4	AVD00002	2	0x430ffe	22	ja	EXLANG/Text/00c7f1dd.olang	
4	AVD00002	2	0x430ffe	22	pt	EXLANG/Text/00c7f1dd.olang	
4	AVD00002	2	0x430ffe	23	de	MLG/Text/009c9ea4.olang	
4	AVD00002	2	0x430ffe	23	de	EXLANG/Text/00c7f1dd.olang	
4	AVD00002	2	0x430ffe	23	en	MLG/Text/009c9ea4.olang	
4	AVD00002	2	0x430ffe	23	en	EXLANG/Text/00c7f1dd.olang	
4	AVD00002	2	0x430ffe	23	es	MLG/Text/009c9ea4.olang	
4	AVD00002	2	0x430ffe	23	fr	MLG/Text/009c9ea4.olang	
4	AVD00002	2	0x430ffe	23	fr	EXLANG/Text/00c7f1dd.olang	
4	AVD00002	2	0x430ffe	23	it	MLG/Text/009c9ea4.olang	
4	AVD00002	2	0x430ffe	23	it	EXLANG/Text/00c7f1dd.olang	
4	AVD00002	2	0x430ffe	23	ja	MLG/Text/009c9ea4.olang	んなみてながんあったもんじゃねえ
4	AVD00002	2	0x430ffe	23	ja	EXLANG/Text/00c7f1dd.olang	
4	AVD00002	2	0x430ffe	23	pt	EXLANG/Text/00c7f1dd.olang	
4	AVD00002	2	0x430ffe	24	de	MLG/Text/009c9ea4.olang	
4	AVD00002	2	0x430ffe	24	de	EXLANG/Text/00c7f1dd.olang	
4	AVD00002	2	0x430ffe	24	en	MLG/Text/009c9ea4.olang	
4	AVD00002	2	0x430ffe	24	en	EXLANG/Text/00c7f1dd.olang	
4	AVD00002	2	0x430ffe	24	es	MLG/Text/009c9ea4.olang	
4	AVD00002	2	0x430ffe	24	fr	MLG/Text/009c9ea4.olang	
4	AVD00002	2	0x430ffe	24	fr	EXLANG/Text/00c7f1dd.olang	
4	AVD00002	2	0x430ffe	24	it	MLG/Text/009c9ea4.olang	
4	AVD00002	2	0x430ffe	24	it	EXLANG/Text/00c7f1dd.olang	
4	AVD00002	2	0x430ffe	24	ja	MLG/Text/009c9ea4.olang	
4	AVD00002	2	0x430ffe	24	ja	EXLANG/Text/00c7f1dd.olang	
4	AVD00002	2	0x430ffe	24	pt	EXLANG/Text/00c7f1dd.olang	
4	AVD00002	2	0x430ffe	25	de	MLG/Text/009c9ea4.olang	
4	AVD00002	2	0x430ffe	25	de	EXLANG/Text/00c7f1dd.olang	
4	AVD00002	2	0x430ffe	25	en	MLG/Text/009c9ea4.olang	
4	AVD00002	2	0x430ffe	25	en	EXLANG/Text/00c7f1dd.olang	
4	AVD00002	2	0x430ffe	25	es	MLG/Text/009c9ea4.olang	
4	AVD00002	2	0x430ffe	25	fr	MLG/Text/009c9ea4.olang	
4	AVD00002	2	0x430ffe	25	fr	EXLANG/Text/00c7f1dd.olang	
4	AVD00002	2	0x430ffe	25	it	MLG/Text/009c9ea4.olang	
4	AVD00002	2	0x430ffe	25	it	EXLANG/Text/00c7f1dd.olang	
4	AVD00002	2	0x430ffe	25	ja	MLG/Text/009c9ea4.olang	
4	AVD00002	2	0x430ffe	25	ja	EXLANG/Text/00c7f1dd.olang	
4	AVD00002	2	0x430ffe	25	pt	EXLANG/Text/00c7f1dd.olang	
4	AVD00002	2	0x430ffe	26	de	MLG/Text/009c9ea4.olang	
4	AVD00002	2	0x430ffe	26	de	EXLANG/Text/00c7f1dd.olang	
4	AVD00002	2	0x430ffe	26	en	MLG/Text/009c9ea4.olang	
4	AVD00002	2	0x430ffe	26	en	EXLANG/Text/00c7f1dd.olang	
4	AVD00002	2	0x430ffe	26	es	MLG/Text/009c9ea4.olang	
4	AVD00002	2	0x430ffe	26	fr	MLG/Text/009c9ea4.olang	
4	AVD00002	2	0x430ffe	26	fr	EXLANG/Text/00c7f1dd.olang	
4	AVD00002	2	0x430ffe	26	it	MLG/Text/009c9ea4.olang	
4	AVD00002	2	0x430ffe	26	it	EXLANG/Text/00c7f1dd.olang	
4	AVD00002	2	0x430ffe	26	ja	MLG/Text/009c9ea4.olang	
4	AVD00002	2	0x430ffe	26	ja	EXLANG/Text/00c7f1dd.olang	
4	AVD00002	2	0x430ffe	26	pt	EXLANG/Text/00c7f1dd.olang	
4	AVD00002	2	0x430ffe	27	de	MLG/Text/009c9ea4.olang	
4	AVD00002	2	0x430ffe	27	de	EXLANG/Text/00c7f1dd.olang	
4	AVD00002	2	0x430ffe	27	en	MLG/Text/009c9ea4.olang	
4	AVD00002	2	0x430ffe	27	en	EXLANG/Text/00c7f1dd.olang	
4	AVD00002	2	0x430ffe	27	es	MLG/Text/009c9ea4.olang	
4	AVD00002	2	0x430ffe	27	fr	MLG/Text/009c9ea4.olang	
4	AVD00002	2	0x430ffe	27	fr	EXLANG/Text/00c7f1dd.olang	
4	AVD00002	2	0x430ffe	27	it	MLG/Text/009c9ea4.olang	
4	AVD00002	2	0x430ffe	27	it	EXLANG/Text/00c7f1dd.olang	
4	AVD00002	2	0x430ffe	27	ja	MLG/Text/009c9ea4.olang	
4	AVD00002	2	0x430ffe	27	ja	EXLANG/Text/00c7f1dd.olang	
4	AVD00002	2	0x430ffe	27	pt	EXLANG/Text/00c7f1dd.olang	
4	AVD00002	2	0x430ffe	28	de	MLG/Text/009c9ea4.olang	
4	AVD00002	2	0x430ffe	28	de	EXLANG/Text/00c7f1dd.olang	
4	AVD00002	2	0x430ffe	28	en	MLG/Text/009c9ea4.olang	
4	AVD00002	2	0x430ffe	28	en	EXLANG/Text/00c7f1dd.olang	
4	AVD00002	2	0x430ffe	28	es	MLG/Text/009c9ea4.olang	
4	AVD00002	2	0x430ffe	28	fr	MLG/Text/009c9ea4.olang	
4	AVD00002	2	0x430ffe	28	fr	EXLANG/Text/00c7f1dd.olang	
4	AVD00002	2	0x430ffe	28	it	MLG/Text/009c9ea4.olang	
4	AVD00002	2	0x430ffe	28	it	EXLANG/Text/00c7f1dd.olang	
4	AVD00002	2	0x430ffe	28	ja	MLG/Text/009c9ea4.olang	
4	AVD00002	2	0x430ffe	28	ja	EXLANG/Text/00c7f1dd.olang	
4	AVD00002	2	0x430ffe	28	pt	EXLANG/Text/00c7f1dd.olang	
4	AVD00002	2	0x430ffe	29	de	MLG/Text/009c9ea4.olang	
4	AVD00002	2	0x430ffe	29	de	EXLANG/Text/00c7f1dd.olang	
4	AVD00002	2	0x430ffe	29	en	MLG/Text/009c9ea4.olang	
4	AVD00002	2	0x430ffe	29	en	EXLANG/Text/00c7f1dd.olang	
4	AVD00002	2	0x430ffe	29	es	MLG/Text/009c9ea4.olang	
4	AVD00002	2	0x430ffe	29	fr	MLG/Text/009c9ea4.olang	
4	AVD00002	2	0x430ffe	29	fr	EXLANG/Text/00c7f1dd.olang	
4	AVD00002	2	0x430ffe	29	it	MLG/Text/009c9ea4.olang	
4	AVD00002	2	0x430ffe	29	it	EXLANG/Text/00c7f1dd.olang	
4	AVD00002	2	0x430ffe	29	ja	MLG/Text/009c9ea4.olang	
4	AVD00002	2	0x430ffe	29	ja	EXLANG/Text/00c7f1dd.olang	
4	AVD00002	2	0x430ffe	29	pt	EXLANG/Text/00c7f1dd.olang	
4	AVD00002	2	0x430ffe	30	de	MLG/Text/009c9ea4.olang	
4	AVD00002	2	0x430ffe	30	de	EXLANG/Text/00c7f1dd.olang	
4	AVD00002	2	0x430ffe	30	en	MLG/Text/009c9ea4.olang	
4	AVD00002	2	0x430ffe	30	en	EXLANG/Text/00c7f1dd.olang	
4	AVD00002	2	0x430ffe	30	es	MLG/Text/009c9ea4.olang	
4	AVD00002	2	0x430ffe	30	fr	MLG/Text/009c9ea4.olang	
4	AVD00002	2	0x430ffe	30	fr	EXLANG/Text/00c7f1dd.olang	
4	AVD00002	2	0x430ffe	30	it	MLG/Text/009c9ea4.olang	
4	AVD00002	2	0x430ffe	30	it	EXLANG/Text/00c7f1dd.olang	
4	AVD00002	2	0x430ffe	30	ja	MLG/Text/009c9ea4.olang	
4	AVD00002	2	0x430ffe	30	ja	EXLANG/Text/00c7f1dd.olang	
4	AVD00002	2	0x430ffe	30	pt	EXLANG/Text/00c7f1dd.olang	
4	AVD00002	2	0x430ffe	31	de	MLG/Text/009c9ea4.olang	
4	AVD00002	2	0x430ffe	31	de	EXLANG/Text/00c7f1dd.olang	
4	AVD00002	2	0x430ffe	31	en	MLG/Text/009c9ea4.olang	
4	AVD00002	2	0x430ffe	31	en	EXLANG/Text/00c7f1dd.olang	
4	AVD00002	2	0x430ffe	31	es	MLG/Text/009c9ea4.olang	
4	AVD00002	2	0x430ffe	31	fr	MLG/Text/009c9ea4.olang	
4	AVD00002	2	0x430ffe	31	fr	EXLANG/Text/00c7f1dd.olang	
4	AVD00002	2	0x430ffe	31	it	MLG/Text/009c9ea4.olang	
4	AVD00002	2	0x430ffe	31	it	EXLANG/Text/00c7f1dd.olang	
4	AVD00002	2	0x430ffe	31	ja	MLG/Text/009c9ea4.olang	
4	AVD00002	2	0x430ffe	31	ja	EXLANG/Text/00c7f1dd.olang	
4	AVD00002	2	0x430ffe	31	pt	EXLANG/Text/00c7f1dd.olang	
